path,class,label
prepared_liveness_data\raw\spoof\kaggle_37_frame365.jpg,spoof,0
prepared_liveness_data\raw\spoof\kaggle_26_frame215.jpg,spoof,0
prepared_liveness_data\raw\spoof\kaggle_42_frame280.jpg,spoof,0
prepared_liveness_data\raw\real\kaggle_4_frame225.jpg,real,1
prepared_liveness_data\raw\real\kaggle_21_frame255.jpg,real,1
prepared_liveness_data\raw\real\kaggle_13_frame60.jpg,real,1
prepared_liveness_data\raw\real\kaggle_61_frame35.jpg,real,1
prepared_liveness_data\raw\real\kaggle_46_frame330.jpg,real,1
prepared_liveness_data\raw\real\kaggle_33_frame120.jpg,real,1
prepared_liveness_data\raw\spoof\kaggle_62_frame410.jpg,spoof,0
prepared_liveness_data\raw\spoof\kaggle_77_frame420.jpg,spoof,0
prepared_liveness_data\raw\spoof\kaggle_12_frame370.jpg,spoof,0
prepared_liveness_data\raw\real\kaggle_78_frame30.jpg,real,1
prepared_liveness_data\raw\real\kaggle_61_frame335.jpg,real,1
prepared_liveness_data\raw\real\kaggle_69_frame225.jpg,real,1
prepared_liveness_data\raw\spoof\kaggle_52_frame35.jpg,spoof,0
prepared_liveness_data\raw\real\kaggle_73_frame225.jpg,real,1
prepared_liveness_data\raw\spoof\kaggle_5_frame180.jpg,spoof,0
prepared_liveness_data\raw\real\kaggle_50_frame220.jpg,real,1
prepared_liveness_data\raw\spoof\kaggle_8_frame250.jpg,spoof,0
prepared_liveness_data\raw\spoof\kaggle_70_frame185.jpg,spoof,0
prepared_liveness_data\raw\real\kaggle_32_frame75.jpg,real,1
prepared_liveness_data\raw\real\kaggle_31_frame155.jpg,real,1
prepared_liveness_data\raw\spoof\kaggle_25_frame325.jpg,spoof,0
prepared_liveness_data\raw\real\kaggle_14_frame40.jpg,real,1
prepared_liveness_data\raw\real\kaggle_65_frame195.jpg,real,1
prepared_liveness_data\raw\spoof\kaggle_45_frame25.jpg,spoof,0
prepared_liveness_data\raw\real\kaggle_72_frame175.jpg,real,1
prepared_liveness_data\raw\spoof\kaggle_12_frame430.jpg,spoof,0
prepared_liveness_data\raw\real\kaggle_65_frame30.jpg,real,1
prepared_liveness_data\raw\real\kaggle_47_frame90.jpg,real,1
prepared_liveness_data\raw\real\kaggle_67_frame40.jpg,real,1
prepared_liveness_data\raw\real\kaggle_52_frame415.jpg,real,1
prepared_liveness_data\raw\real\kaggle_49_frame30.jpg,real,1
prepared_liveness_data\raw\spoof\kaggle_65_frame200.jpg,spoof,0
prepared_liveness_data\raw\spoof\kaggle_39_frame190.jpg,spoof,0
prepared_liveness_data\raw\real\kaggle_70_frame95.jpg,real,1
prepared_liveness_data\raw\spoof\kaggle_52_frame195.jpg,spoof,0
prepared_liveness_data\raw\spoof\kaggle_33_frame50.jpg,spoof,0
prepared_liveness_data\raw\spoof\kaggle_45_frame80.jpg,spoof,0
prepared_liveness_data\raw\spoof\kaggle_41_frame130.jpg,spoof,0
prepared_liveness_data\raw\spoof\kaggle_70_frame470.jpg,spoof,0
prepared_liveness_data\raw\real\kaggle_32_frame40.jpg,real,1
prepared_liveness_data\raw\spoof\kaggle_16_frame390.jpg,spoof,0
prepared_liveness_data\raw\spoof\kaggle_68_frame130.jpg,spoof,0
prepared_liveness_data\raw\real\kaggle_7_frame225.jpg,real,1
prepared_liveness_data\raw\spoof\kaggle_58_frame20.jpg,spoof,0
prepared_liveness_data\raw\real\kaggle_53_frame35.jpg,real,1
prepared_liveness_data\raw\spoof\kaggle_15_frame310.jpg,spoof,0
prepared_liveness_data\raw\spoof\kaggle_66_frame50.jpg,spoof,0
prepared_liveness_data\raw\real\kaggle_50_frame45.jpg,real,1
prepared_liveness_data\raw\spoof\kaggle_37_frame25.jpg,spoof,0
prepared_liveness_data\raw\real\kaggle_41_frame175.jpg,real,1
prepared_liveness_data\raw\real\kaggle_3_frame120.jpg,real,1
prepared_liveness_data\raw\real\kaggle_54_frame65.jpg,real,1
prepared_liveness_data\raw\real\kaggle_11_frame60.jpg,real,1
prepared_liveness_data\raw\real\kaggle_69_frame185.jpg,real,1
prepared_liveness_data\raw\spoof\kaggle_41_frame290.jpg,spoof,0
prepared_liveness_data\raw\spoof\kaggle_71_frame260.jpg,spoof,0
prepared_liveness_data\raw\spoof\kaggle_4_frame10.jpg,spoof,0
prepared_liveness_data\raw\real\kaggle_35_frame350.jpg,real,1
prepared_liveness_data\raw\real\kaggle_6_frame175.jpg,real,1
prepared_liveness_data\raw\spoof\kaggle_46_frame330.jpg,spoof,0
prepared_liveness_data\raw\spoof\kaggle_16_frame325.jpg,spoof,0
prepared_liveness_data\raw\spoof\kaggle_47_frame315.jpg,spoof,0
prepared_liveness_data\raw\spoof\kaggle_62_frame165.jpg,spoof,0
prepared_liveness_data\raw\spoof\kaggle_9_frame325.jpg,spoof,0
prepared_liveness_data\raw\spoof\kaggle_26_frame135.jpg,spoof,0
prepared_liveness_data\raw\spoof\kaggle_61_frame150.jpg,spoof,0
prepared_liveness_data\raw\spoof\kaggle_79_frame90.jpg,spoof,0
prepared_liveness_data\raw\spoof\kaggle_49_frame220.jpg,spoof,0
prepared_liveness_data\raw\spoof\kaggle_64_frame225.jpg,spoof,0
prepared_liveness_data\raw\spoof\kaggle_70_frame430.jpg,spoof,0
prepared_liveness_data\raw\spoof\kaggle_74_frame225.jpg,spoof,0
prepared_liveness_data\raw\spoof\kaggle_63_frame165.jpg,spoof,0
prepared_liveness_data\raw\real\kaggle_69_frame175.jpg,real,1
prepared_liveness_data\raw\spoof\kaggle_44_frame110.jpg,spoof,0
prepared_liveness_data\raw\real\kaggle_11_frame30.jpg,real,1
prepared_liveness_data\raw\real\kaggle_23_frame110.jpg,real,1
prepared_liveness_data\raw\real\kaggle_51_frame5.jpg,real,1
prepared_liveness_data\raw\spoof\kaggle_11_frame530.jpg,spoof,0
prepared_liveness_data\raw\spoof\kaggle_45_frame40.jpg,spoof,0
prepared_liveness_data\raw\spoof\kaggle_65_frame80.jpg,spoof,0
prepared_liveness_data\raw\spoof\kaggle_18_frame165.jpg,spoof,0
prepared_liveness_data\raw\spoof\kaggle_21_frame335.jpg,spoof,0
prepared_liveness_data\raw\spoof\kaggle_76_frame330.jpg,spoof,0
prepared_liveness_data\raw\real\kaggle_40_frame30.jpg,real,1
prepared_liveness_data\raw\spoof\kaggle_41_frame155.jpg,spoof,0
prepared_liveness_data\raw\real\kaggle_76_frame255.jpg,real,1
prepared_liveness_data\raw\spoof\kaggle_56_frame105.jpg,spoof,0
prepared_liveness_data\raw\spoof\kaggle_49_frame400.jpg,spoof,0
prepared_liveness_data\raw\real\kaggle_61_frame120.jpg,real,1
prepared_liveness_data\raw\spoof\kaggle_49_frame0.jpg,spoof,0
prepared_liveness_data\raw\real\kaggle_0_frame260.jpg,real,1
prepared_liveness_data\raw\spoof\kaggle_72_frame5.jpg,spoof,0
prepared_liveness_data\raw\spoof\kaggle_9_frame135.jpg,spoof,0
prepared_liveness_data\raw\real\kaggle_31_frame210.jpg,real,1
prepared_liveness_data\raw\spoof\kaggle_28_frame185.jpg,spoof,0
prepared_liveness_data\raw\real\kaggle_32_frame30.jpg,real,1
prepared_liveness_data\raw\spoof\kaggle_67_frame45.jpg,spoof,0
prepared_liveness_data\raw\real\kaggle_49_frame170.jpg,real,1
prepared_liveness_data\raw\spoof\kaggle_52_frame355.jpg,spoof,0
prepared_liveness_data\raw\real\kaggle_41_frame160.jpg,real,1
prepared_liveness_data\raw\real\kaggle_58_frame415.jpg,real,1
prepared_liveness_data\raw\real\kaggle_28_frame400.jpg,real,1
prepared_liveness_data\raw\real\kaggle_57_frame305.jpg,real,1
prepared_liveness_data\raw\spoof\kaggle_11_frame535.jpg,spoof,0
prepared_liveness_data\raw\spoof\kaggle_18_frame140.jpg,spoof,0
prepared_liveness_data\raw\spoof\kaggle_66_frame170.jpg,spoof,0
prepared_liveness_data\raw\real\kaggle_47_frame0.jpg,real,1
prepared_liveness_data\raw\spoof\kaggle_25_frame60.jpg,spoof,0
prepared_liveness_data\raw\real\kaggle_77_frame285.jpg,real,1
prepared_liveness_data\raw\spoof\kaggle_79_frame310.jpg,spoof,0
prepared_liveness_data\raw\real\kaggle_37_frame190.jpg,real,1
prepared_liveness_data\raw\spoof\kaggle_18_frame25.jpg,spoof,0
prepared_liveness_data\raw\spoof\kaggle_58_frame235.jpg,spoof,0
prepared_liveness_data\raw\real\kaggle_66_frame80.jpg,real,1
prepared_liveness_data\raw\real\kaggle_28_frame110.jpg,real,1
prepared_liveness_data\raw\real\kaggle_15_frame65.jpg,real,1
prepared_liveness_data\raw\real\kaggle_14_frame55.jpg,real,1
prepared_liveness_data\raw\real\kaggle_16_frame130.jpg,real,1
prepared_liveness_data\raw\spoof\kaggle_79_frame330.jpg,spoof,0
prepared_liveness_data\raw\spoof\kaggle_46_frame205.jpg,spoof,0
prepared_liveness_data\raw\spoof\kaggle_74_frame50.jpg,spoof,0
prepared_liveness_data\raw\spoof\kaggle_7_frame35.jpg,spoof,0
prepared_liveness_data\raw\real\kaggle_76_frame110.jpg,real,1
prepared_liveness_data\raw\spoof\kaggle_53_frame330.jpg,spoof,0
prepared_liveness_data\raw\spoof\kaggle_6_frame15.jpg,spoof,0
prepared_liveness_data\raw\spoof\kaggle_14_frame55.jpg,spoof,0
prepared_liveness_data\raw\spoof\kaggle_77_frame190.jpg,spoof,0
prepared_liveness_data\raw\spoof\kaggle_55_frame120.jpg,spoof,0
prepared_liveness_data\raw\spoof\kaggle_79_frame80.jpg,spoof,0
prepared_liveness_data\raw\real\kaggle_4_frame195.jpg,real,1
prepared_liveness_data\raw\spoof\kaggle_5_frame115.jpg,spoof,0
prepared_liveness_data\raw\spoof\kaggle_62_frame330.jpg,spoof,0
prepared_liveness_data\raw\real\kaggle_61_frame205.jpg,real,1
prepared_liveness_data\raw\spoof\kaggle_67_frame125.jpg,spoof,0
prepared_liveness_data\raw\spoof\kaggle_3_frame160.jpg,spoof,0
prepared_liveness_data\raw\spoof\kaggle_57_frame55.jpg,spoof,0
prepared_liveness_data\raw\spoof\kaggle_9_frame350.jpg,spoof,0
prepared_liveness_data\raw\real\kaggle_35_frame305.jpg,real,1
prepared_liveness_data\raw\spoof\kaggle_28_frame60.jpg,spoof,0
prepared_liveness_data\raw\spoof\kaggle_27_frame170.jpg,spoof,0
prepared_liveness_data\raw\real\kaggle_10_frame230.jpg,real,1
prepared_liveness_data\raw\real\kaggle_49_frame340.jpg,real,1
prepared_liveness_data\raw\spoof\kaggle_68_frame430.jpg,spoof,0
prepared_liveness_data\raw\spoof\kaggle_71_frame0.jpg,spoof,0
prepared_liveness_data\raw\spoof\kaggle_70_frame100.jpg,spoof,0
prepared_liveness_data\raw\spoof\kaggle_54_frame180.jpg,spoof,0
prepared_liveness_data\raw\real\kaggle_10_frame180.jpg,real,1
prepared_liveness_data\raw\real\kaggle_67_frame55.jpg,real,1
prepared_liveness_data\raw\real\kaggle_44_frame210.jpg,real,1
prepared_liveness_data\raw\real\kaggle_28_frame50.jpg,real,1
prepared_liveness_data\raw\spoof\kaggle_72_frame230.jpg,spoof,0
prepared_liveness_data\raw\spoof\kaggle_21_frame345.jpg,spoof,0
prepared_liveness_data\raw\spoof\kaggle_47_frame30.jpg,spoof,0
prepared_liveness_data\raw\real\kaggle_14_frame5.jpg,real,1
prepared_liveness_data\raw\spoof\kaggle_68_frame35.jpg,spoof,0
prepared_liveness_data\raw\spoof\kaggle_49_frame330.jpg,spoof,0
prepared_liveness_data\raw\real\kaggle_74_frame295.jpg,real,1
prepared_liveness_data\raw\real\kaggle_66_frame200.jpg,real,1
prepared_liveness_data\raw\real\kaggle_76_frame190.jpg,real,1
prepared_liveness_data\raw\spoof\kaggle_55_frame350.jpg,spoof,0
prepared_liveness_data\raw\spoof\kaggle_59_frame315.jpg,spoof,0
prepared_liveness_data\raw\spoof\kaggle_53_frame15.jpg,spoof,0
prepared_liveness_data\raw\real\kaggle_43_frame10.jpg,real,1
prepared_liveness_data\raw\real\kaggle_68_frame260.jpg,real,1
prepared_liveness_data\raw\real\kaggle_17_frame0.jpg,real,1
prepared_liveness_data\raw\real\kaggle_66_frame30.jpg,real,1
prepared_liveness_data\raw\real\kaggle_35_frame445.jpg,real,1
prepared_liveness_data\raw\real\kaggle_51_frame0.jpg,real,1
prepared_liveness_data\raw\real\kaggle_27_frame120.jpg,real,1
prepared_liveness_data\raw\spoof\kaggle_22_frame85.jpg,spoof,0
prepared_liveness_data\raw\real\kaggle_38_frame55.jpg,real,1
prepared_liveness_data\raw\spoof\kaggle_55_frame175.jpg,spoof,0
prepared_liveness_data\raw\spoof\kaggle_19_frame45.jpg,spoof,0
prepared_liveness_data\raw\spoof\kaggle_77_frame215.jpg,spoof,0
prepared_liveness_data\raw\spoof\kaggle_60_frame235.jpg,spoof,0
prepared_liveness_data\raw\real\kaggle_16_frame50.jpg,real,1
prepared_liveness_data\raw\spoof\kaggle_45_frame70.jpg,spoof,0
prepared_liveness_data\raw\spoof\kaggle_64_frame55.jpg,spoof,0
prepared_liveness_data\raw\real\kaggle_78_frame150.jpg,real,1
prepared_liveness_data\raw\spoof\kaggle_69_frame315.jpg,spoof,0
prepared_liveness_data\raw\real\kaggle_33_frame160.jpg,real,1
prepared_liveness_data\raw\real\kaggle_10_frame430.jpg,real,1
prepared_liveness_data\raw\real\kaggle_7_frame265.jpg,real,1
prepared_liveness_data\raw\spoof\kaggle_66_frame35.jpg,spoof,0
prepared_liveness_data\raw\real\kaggle_15_frame155.jpg,real,1
prepared_liveness_data\raw\spoof\kaggle_69_frame285.jpg,spoof,0
prepared_liveness_data\raw\spoof\kaggle_5_frame315.jpg,spoof,0
prepared_liveness_data\raw\spoof\kaggle_75_frame155.jpg,spoof,0
prepared_liveness_data\raw\spoof\kaggle_27_frame165.jpg,spoof,0
prepared_liveness_data\raw\spoof\kaggle_19_frame85.jpg,spoof,0
prepared_liveness_data\raw\real\kaggle_3_frame165.jpg,real,1
prepared_liveness_data\raw\spoof\kaggle_67_frame120.jpg,spoof,0
prepared_liveness_data\raw\spoof\kaggle_76_frame265.jpg,spoof,0
prepared_liveness_data\raw\real\kaggle_19_frame165.jpg,real,1
prepared_liveness_data\raw\spoof\kaggle_30_frame640.jpg,spoof,0
prepared_liveness_data\raw\real\kaggle_73_frame270.jpg,real,1
prepared_liveness_data\raw\spoof\kaggle_38_frame275.jpg,spoof,0
prepared_liveness_data\raw\real\kaggle_0_frame290.jpg,real,1
prepared_liveness_data\raw\real\kaggle_13_frame100.jpg,real,1
prepared_liveness_data\raw\real\kaggle_76_frame305.jpg,real,1
prepared_liveness_data\raw\real\kaggle_1_frame85.jpg,real,1
prepared_liveness_data\raw\real\kaggle_10_frame90.jpg,real,1
prepared_liveness_data\raw\spoof\kaggle_50_frame35.jpg,spoof,0
prepared_liveness_data\raw\spoof\kaggle_38_frame70.jpg,spoof,0
prepared_liveness_data\raw\real\kaggle_49_frame400.jpg,real,1
prepared_liveness_data\raw\spoof\kaggle_30_frame440.jpg,spoof,0
prepared_liveness_data\raw\spoof\kaggle_55_frame240.jpg,spoof,0
prepared_liveness_data\raw\spoof\kaggle_45_frame95.jpg,spoof,0
prepared_liveness_data\raw\spoof\kaggle_11_frame230.jpg,spoof,0
prepared_liveness_data\raw\spoof\kaggle_75_frame325.jpg,spoof,0
prepared_liveness_data\raw\spoof\kaggle_52_frame180.jpg,spoof,0
prepared_liveness_data\raw\spoof\kaggle_57_frame50.jpg,spoof,0
prepared_liveness_data\raw\real\kaggle_40_frame75.jpg,real,1
prepared_liveness_data\raw\real\kaggle_18_frame20.jpg,real,1
prepared_liveness_data\raw\spoof\kaggle_42_frame265.jpg,spoof,0
prepared_liveness_data\raw\spoof\kaggle_11_frame40.jpg,spoof,0
prepared_liveness_data\raw\real\kaggle_43_frame120.jpg,real,1
prepared_liveness_data\raw\spoof\kaggle_64_frame140.jpg,spoof,0
prepared_liveness_data\raw\spoof\kaggle_4_frame190.jpg,spoof,0
prepared_liveness_data\raw\spoof\kaggle_72_frame170.jpg,spoof,0
prepared_liveness_data\raw\spoof\kaggle_22_frame180.jpg,spoof,0
prepared_liveness_data\raw\spoof\kaggle_58_frame310.jpg,spoof,0
prepared_liveness_data\raw\spoof\kaggle_48_frame130.jpg,spoof,0
prepared_liveness_data\raw\spoof\kaggle_79_frame285.jpg,spoof,0
prepared_liveness_data\raw\spoof\kaggle_76_frame25.jpg,spoof,0
prepared_liveness_data\raw\real\kaggle_37_frame300.jpg,real,1
prepared_liveness_data\raw\real\kaggle_40_frame180.jpg,real,1
prepared_liveness_data\raw\spoof\kaggle_57_frame5.jpg,spoof,0
prepared_liveness_data\raw\real\kaggle_61_frame400.jpg,real,1
prepared_liveness_data\raw\spoof\kaggle_71_frame5.jpg,spoof,0
prepared_liveness_data\raw\real\kaggle_26_frame140.jpg,real,1
prepared_liveness_data\raw\real\kaggle_24_frame120.jpg,real,1
prepared_liveness_data\raw\real\kaggle_52_frame115.jpg,real,1
prepared_liveness_data\raw\spoof\kaggle_12_frame515.jpg,spoof,0
prepared_liveness_data\raw\spoof\kaggle_18_frame515.jpg,spoof,0
prepared_liveness_data\raw\real\kaggle_2_frame75.jpg,real,1
prepared_liveness_data\raw\spoof\kaggle_72_frame50.jpg,spoof,0
prepared_liveness_data\raw\real\kaggle_46_frame315.jpg,real,1
prepared_liveness_data\raw\real\kaggle_44_frame30.jpg,real,1
prepared_liveness_data\raw\spoof\kaggle_45_frame220.jpg,spoof,0
prepared_liveness_data\raw\spoof\kaggle_45_frame185.jpg,spoof,0
prepared_liveness_data\raw\spoof\kaggle_74_frame45.jpg,spoof,0
prepared_liveness_data\raw\real\kaggle_11_frame25.jpg,real,1
prepared_liveness_data\raw\spoof\kaggle_5_frame385.jpg,spoof,0
prepared_liveness_data\raw\real\kaggle_74_frame285.jpg,real,1
prepared_liveness_data\raw\real\kaggle_58_frame75.jpg,real,1
prepared_liveness_data\raw\spoof\kaggle_49_frame420.jpg,spoof,0
prepared_liveness_data\raw\spoof\kaggle_35_frame95.jpg,spoof,0
prepared_liveness_data\raw\real\kaggle_44_frame160.jpg,real,1
prepared_liveness_data\raw\spoof\kaggle_25_frame450.jpg,spoof,0
prepared_liveness_data\raw\spoof\kaggle_25_frame145.jpg,spoof,0
prepared_liveness_data\raw\real\kaggle_45_frame50.jpg,real,1
prepared_liveness_data\raw\spoof\kaggle_59_frame280.jpg,spoof,0
prepared_liveness_data\raw\spoof\kaggle_23_frame20.jpg,spoof,0
prepared_liveness_data\raw\real\kaggle_13_frame295.jpg,real,1
prepared_liveness_data\raw\spoof\kaggle_30_frame50.jpg,spoof,0
prepared_liveness_data\raw\real\kaggle_17_frame60.jpg,real,1
prepared_liveness_data\raw\real\kaggle_28_frame135.jpg,real,1
prepared_liveness_data\raw\real\kaggle_61_frame430.jpg,real,1
prepared_liveness_data\raw\spoof\kaggle_14_frame180.jpg,spoof,0
prepared_liveness_data\raw\spoof\kaggle_58_frame220.jpg,spoof,0
prepared_liveness_data\raw\real\kaggle_34_frame275.jpg,real,1
prepared_liveness_data\raw\real\kaggle_1_frame140.jpg,real,1
prepared_liveness_data\raw\real\kaggle_63_frame235.jpg,real,1
prepared_liveness_data\raw\spoof\kaggle_55_frame5.jpg,spoof,0
prepared_liveness_data\raw\real\kaggle_23_frame450.jpg,real,1
prepared_liveness_data\raw\spoof\kaggle_61_frame200.jpg,spoof,0
prepared_liveness_data\raw\spoof\kaggle_22_frame160.jpg,spoof,0
prepared_liveness_data\raw\spoof\kaggle_23_frame30.jpg,spoof,0
prepared_liveness_data\raw\spoof\kaggle_46_frame435.jpg,spoof,0
prepared_liveness_data\raw\spoof\kaggle_5_frame45.jpg,spoof,0
prepared_liveness_data\raw\spoof\kaggle_18_frame60.jpg,spoof,0
prepared_liveness_data\raw\spoof\kaggle_66_frame215.jpg,spoof,0
prepared_liveness_data\raw\spoof\kaggle_11_frame595.jpg,spoof,0
prepared_liveness_data\raw\real\kaggle_28_frame115.jpg,real,1
prepared_liveness_data\raw\real\kaggle_37_frame100.jpg,real,1
prepared_liveness_data\raw\spoof\kaggle_2_frame370.jpg,spoof,0
prepared_liveness_data\raw\spoof\kaggle_19_frame385.jpg,spoof,0
prepared_liveness_data\raw\real\kaggle_30_frame235.jpg,real,1
prepared_liveness_data\raw\spoof\kaggle_44_frame205.jpg,spoof,0
prepared_liveness_data\raw\spoof\kaggle_47_frame215.jpg,spoof,0
prepared_liveness_data\raw\spoof\kaggle_31_frame270.jpg,spoof,0
prepared_liveness_data\raw\spoof\kaggle_18_frame220.jpg,spoof,0
prepared_liveness_data\raw\spoof\kaggle_11_frame80.jpg,spoof,0
prepared_liveness_data\raw\spoof\kaggle_1_frame165.jpg,spoof,0
prepared_liveness_data\raw\real\kaggle_74_frame360.jpg,real,1
prepared_liveness_data\raw\spoof\kaggle_42_frame160.jpg,spoof,0
prepared_liveness_data\raw\spoof\kaggle_21_frame70.jpg,spoof,0
prepared_liveness_data\raw\real\kaggle_13_frame90.jpg,real,1
prepared_liveness_data\raw\spoof\kaggle_66_frame65.jpg,spoof,0
prepared_liveness_data\raw\spoof\kaggle_0_frame55.jpg,spoof,0
prepared_liveness_data\raw\spoof\kaggle_45_frame45.jpg,spoof,0
prepared_liveness_data\raw\spoof\kaggle_2_frame350.jpg,spoof,0
prepared_liveness_data\raw\spoof\kaggle_55_frame155.jpg,spoof,0
prepared_liveness_data\raw\spoof\kaggle_10_frame10.jpg,spoof,0
prepared_liveness_data\raw\spoof\kaggle_23_frame330.jpg,spoof,0
prepared_liveness_data\raw\spoof\kaggle_36_frame305.jpg,spoof,0
prepared_liveness_data\raw\spoof\kaggle_13_frame300.jpg,spoof,0
prepared_liveness_data\raw\real\kaggle_41_frame5.jpg,real,1
prepared_liveness_data\raw\real\kaggle_73_frame55.jpg,real,1
prepared_liveness_data\raw\real\kaggle_77_frame65.jpg,real,1
prepared_liveness_data\raw\real\kaggle_41_frame135.jpg,real,1
prepared_liveness_data\raw\spoof\kaggle_73_frame175.jpg,spoof,0
prepared_liveness_data\raw\spoof\kaggle_74_frame370.jpg,spoof,0
prepared_liveness_data\raw\spoof\kaggle_28_frame170.jpg,spoof,0
prepared_liveness_data\raw\spoof\kaggle_52_frame460.jpg,spoof,0
prepared_liveness_data\raw\real\kaggle_44_frame65.jpg,real,1
prepared_liveness_data\raw\real\kaggle_27_frame30.jpg,real,1
prepared_liveness_data\raw\spoof\kaggle_28_frame390.jpg,spoof,0
prepared_liveness_data\raw\real\kaggle_66_frame90.jpg,real,1
prepared_liveness_data\raw\spoof\kaggle_74_frame215.jpg,spoof,0
prepared_liveness_data\raw\spoof\kaggle_63_frame10.jpg,spoof,0
prepared_liveness_data\raw\real\kaggle_21_frame345.jpg,real,1
prepared_liveness_data\raw\real\kaggle_34_frame205.jpg,real,1
prepared_liveness_data\raw\spoof\kaggle_37_frame0.jpg,spoof,0
prepared_liveness_data\raw\spoof\kaggle_4_frame140.jpg,spoof,0
prepared_liveness_data\raw\spoof\kaggle_16_frame5.jpg,spoof,0
prepared_liveness_data\raw\spoof\kaggle_76_frame40.jpg,spoof,0
prepared_liveness_data\raw\spoof\kaggle_76_frame180.jpg,spoof,0
prepared_liveness_data\raw\spoof\kaggle_22_frame5.jpg,spoof,0
prepared_liveness_data\raw\spoof\kaggle_58_frame80.jpg,spoof,0
prepared_liveness_data\raw\spoof\kaggle_34_frame270.jpg,spoof,0
prepared_liveness_data\raw\spoof\kaggle_44_frame190.jpg,spoof,0
prepared_liveness_data\raw\real\kaggle_16_frame160.jpg,real,1
prepared_liveness_data\raw\spoof\kaggle_49_frame300.jpg,spoof,0
prepared_liveness_data\raw\real\kaggle_35_frame460.jpg,real,1
prepared_liveness_data\raw\real\kaggle_31_frame215.jpg,real,1
prepared_liveness_data\raw\real\kaggle_42_frame165.jpg,real,1
prepared_liveness_data\raw\spoof\kaggle_74_frame540.jpg,spoof,0
prepared_liveness_data\raw\spoof\kaggle_28_frame460.jpg,spoof,0
prepared_liveness_data\raw\real\kaggle_8_frame160.jpg,real,1
prepared_liveness_data\raw\spoof\kaggle_76_frame230.jpg,spoof,0
prepared_liveness_data\raw\spoof\kaggle_3_frame140.jpg,spoof,0
prepared_liveness_data\raw\spoof\kaggle_34_frame275.jpg,spoof,0
prepared_liveness_data\raw\spoof\kaggle_43_frame395.jpg,spoof,0
prepared_liveness_data\raw\spoof\kaggle_25_frame15.jpg,spoof,0
prepared_liveness_data\raw\real\kaggle_3_frame295.jpg,real,1
prepared_liveness_data\raw\spoof\kaggle_74_frame460.jpg,spoof,0
prepared_liveness_data\raw\spoof\kaggle_52_frame490.jpg,spoof,0
prepared_liveness_data\raw\real\kaggle_46_frame250.jpg,real,1
prepared_liveness_data\raw\spoof\kaggle_9_frame30.jpg,spoof,0
prepared_liveness_data\raw\real\kaggle_35_frame300.jpg,real,1
prepared_liveness_data\raw\spoof\kaggle_12_frame85.jpg,spoof,0
prepared_liveness_data\raw\spoof\kaggle_14_frame375.jpg,spoof,0
prepared_liveness_data\raw\real\kaggle_59_frame230.jpg,real,1
prepared_liveness_data\raw\spoof\kaggle_53_frame125.jpg,spoof,0
prepared_liveness_data\raw\real\kaggle_30_frame105.jpg,real,1
prepared_liveness_data\raw\real\kaggle_65_frame20.jpg,real,1
prepared_liveness_data\raw\spoof\kaggle_40_frame225.jpg,spoof,0
prepared_liveness_data\raw\spoof\kaggle_42_frame195.jpg,spoof,0
prepared_liveness_data\raw\real\kaggle_58_frame10.jpg,real,1
prepared_liveness_data\raw\real\kaggle_46_frame415.jpg,real,1
prepared_liveness_data\raw\real\kaggle_79_frame155.jpg,real,1
prepared_liveness_data\raw\spoof\kaggle_30_frame370.jpg,spoof,0
prepared_liveness_data\raw\real\kaggle_6_frame165.jpg,real,1
prepared_liveness_data\raw\spoof\kaggle_34_frame150.jpg,spoof,0
prepared_liveness_data\raw\spoof\kaggle_77_frame120.jpg,spoof,0
prepared_liveness_data\raw\real\kaggle_45_frame25.jpg,real,1
prepared_liveness_data\raw\spoof\kaggle_30_frame140.jpg,spoof,0
prepared_liveness_data\raw\spoof\kaggle_5_frame40.jpg,spoof,0
prepared_liveness_data\raw\real\kaggle_61_frame500.jpg,real,1
prepared_liveness_data\raw\spoof\kaggle_9_frame215.jpg,spoof,0
prepared_liveness_data\raw\spoof\kaggle_55_frame425.jpg,spoof,0
prepared_liveness_data\raw\spoof\kaggle_34_frame250.jpg,spoof,0
prepared_liveness_data\raw\real\kaggle_70_frame345.jpg,real,1
prepared_liveness_data\raw\spoof\kaggle_50_frame175.jpg,spoof,0
prepared_liveness_data\raw\spoof\kaggle_35_frame165.jpg,spoof,0
prepared_liveness_data\raw\real\kaggle_12_frame485.jpg,real,1
prepared_liveness_data\raw\real\kaggle_3_frame45.jpg,real,1
prepared_liveness_data\raw\spoof\kaggle_74_frame185.jpg,spoof,0
prepared_liveness_data\raw\spoof\kaggle_49_frame205.jpg,spoof,0
prepared_liveness_data\raw\spoof\kaggle_60_frame70.jpg,spoof,0
prepared_liveness_data\raw\real\kaggle_22_frame60.jpg,real,1
prepared_liveness_data\raw\spoof\kaggle_40_frame45.jpg,spoof,0
prepared_liveness_data\raw\spoof\kaggle_18_frame185.jpg,spoof,0
prepared_liveness_data\raw\spoof\kaggle_19_frame205.jpg,spoof,0
prepared_liveness_data\raw\real\kaggle_11_frame100.jpg,real,1
prepared_liveness_data\raw\real\kaggle_15_frame70.jpg,real,1
prepared_liveness_data\raw\spoof\kaggle_17_frame100.jpg,spoof,0
prepared_liveness_data\raw\real\kaggle_73_frame30.jpg,real,1
prepared_liveness_data\raw\spoof\kaggle_37_frame210.jpg,spoof,0
prepared_liveness_data\raw\spoof\kaggle_18_frame45.jpg,spoof,0
prepared_liveness_data\raw\real\kaggle_67_frame35.jpg,real,1
prepared_liveness_data\raw\real\kaggle_21_frame295.jpg,real,1
prepared_liveness_data\raw\spoof\kaggle_68_frame15.jpg,spoof,0
prepared_liveness_data\raw\spoof\kaggle_72_frame360.jpg,spoof,0
prepared_liveness_data\raw\spoof\kaggle_53_frame320.jpg,spoof,0
prepared_liveness_data\raw\real\kaggle_78_frame220.jpg,real,1
prepared_liveness_data\raw\real\kaggle_75_frame130.jpg,real,1
prepared_liveness_data\raw\real\kaggle_72_frame35.jpg,real,1
prepared_liveness_data\raw\spoof\kaggle_59_frame160.jpg,spoof,0
prepared_liveness_data\raw\real\kaggle_71_frame175.jpg,real,1
prepared_liveness_data\raw\real\kaggle_11_frame230.jpg,real,1
prepared_liveness_data\raw\spoof\kaggle_3_frame190.jpg,spoof,0
prepared_liveness_data\raw\spoof\kaggle_63_frame205.jpg,spoof,0
prepared_liveness_data\raw\real\kaggle_35_frame440.jpg,real,1
prepared_liveness_data\raw\real\kaggle_31_frame220.jpg,real,1
prepared_liveness_data\raw\real\kaggle_68_frame125.jpg,real,1
prepared_liveness_data\raw\real\kaggle_66_frame135.jpg,real,1
prepared_liveness_data\raw\real\kaggle_28_frame375.jpg,real,1
prepared_liveness_data\raw\spoof\kaggle_50_frame245.jpg,spoof,0
prepared_liveness_data\raw\real\kaggle_65_frame115.jpg,real,1
prepared_liveness_data\raw\spoof\kaggle_15_frame270.jpg,spoof,0
prepared_liveness_data\raw\spoof\kaggle_40_frame5.jpg,spoof,0
prepared_liveness_data\raw\spoof\kaggle_68_frame5.jpg,spoof,0
prepared_liveness_data\raw\real\kaggle_14_frame290.jpg,real,1
prepared_liveness_data\raw\spoof\kaggle_35_frame330.jpg,spoof,0
prepared_liveness_data\raw\real\kaggle_64_frame210.jpg,real,1
prepared_liveness_data\raw\spoof\kaggle_75_frame425.jpg,spoof,0
prepared_liveness_data\raw\real\kaggle_59_frame125.jpg,real,1
prepared_liveness_data\raw\real\kaggle_55_frame180.jpg,real,1
prepared_liveness_data\raw\spoof\kaggle_18_frame170.jpg,spoof,0
prepared_liveness_data\raw\real\kaggle_10_frame415.jpg,real,1
prepared_liveness_data\raw\real\kaggle_47_frame350.jpg,real,1
prepared_liveness_data\raw\real\kaggle_10_frame65.jpg,real,1
prepared_liveness_data\raw\real\kaggle_24_frame85.jpg,real,1
prepared_liveness_data\raw\real\kaggle_5_frame250.jpg,real,1
prepared_liveness_data\raw\real\kaggle_19_frame30.jpg,real,1
prepared_liveness_data\raw\spoof\kaggle_24_frame180.jpg,spoof,0
prepared_liveness_data\raw\spoof\kaggle_70_frame240.jpg,spoof,0
prepared_liveness_data\raw\real\kaggle_19_frame225.jpg,real,1
prepared_liveness_data\raw\real\kaggle_28_frame20.jpg,real,1
prepared_liveness_data\raw\real\kaggle_15_frame375.jpg,real,1
prepared_liveness_data\raw\real\kaggle_53_frame145.jpg,real,1
prepared_liveness_data\raw\spoof\kaggle_48_frame255.jpg,spoof,0
prepared_liveness_data\raw\spoof\kaggle_6_frame230.jpg,spoof,0
prepared_liveness_data\raw\spoof\kaggle_52_frame70.jpg,spoof,0
prepared_liveness_data\raw\spoof\kaggle_34_frame70.jpg,spoof,0
prepared_liveness_data\raw\spoof\kaggle_70_frame420.jpg,spoof,0
prepared_liveness_data\raw\spoof\kaggle_28_frame30.jpg,spoof,0
prepared_liveness_data\raw\spoof\kaggle_57_frame90.jpg,spoof,0
prepared_liveness_data\raw\spoof\kaggle_5_frame85.jpg,spoof,0
prepared_liveness_data\raw\real\kaggle_62_frame355.jpg,real,1
prepared_liveness_data\raw\real\kaggle_44_frame140.jpg,real,1
prepared_liveness_data\raw\spoof\kaggle_77_frame145.jpg,spoof,0
prepared_liveness_data\raw\real\kaggle_13_frame275.jpg,real,1
prepared_liveness_data\raw\spoof\kaggle_47_frame405.jpg,spoof,0
prepared_liveness_data\raw\spoof\kaggle_51_frame210.jpg,spoof,0
prepared_liveness_data\raw\real\kaggle_58_frame510.jpg,real,1
prepared_liveness_data\raw\spoof\kaggle_62_frame160.jpg,spoof,0
prepared_liveness_data\raw\spoof\kaggle_72_frame285.jpg,spoof,0
prepared_liveness_data\raw\spoof\kaggle_58_frame410.jpg,spoof,0
prepared_liveness_data\raw\real\kaggle_47_frame110.jpg,real,1
prepared_liveness_data\raw\spoof\kaggle_33_frame215.jpg,spoof,0
prepared_liveness_data\raw\real\kaggle_51_frame35.jpg,real,1
prepared_liveness_data\raw\real\kaggle_71_frame205.jpg,real,1
prepared_liveness_data\raw\spoof\kaggle_49_frame30.jpg,spoof,0
prepared_liveness_data\raw\spoof\kaggle_16_frame335.jpg,spoof,0
prepared_liveness_data\raw\spoof\kaggle_5_frame320.jpg,spoof,0
prepared_liveness_data\raw\spoof\kaggle_41_frame220.jpg,spoof,0
prepared_liveness_data\raw\spoof\kaggle_68_frame175.jpg,spoof,0
prepared_liveness_data\raw\spoof\kaggle_72_frame195.jpg,spoof,0
prepared_liveness_data\raw\spoof\kaggle_54_frame145.jpg,spoof,0
prepared_liveness_data\raw\spoof\kaggle_7_frame205.jpg,spoof,0
prepared_liveness_data\raw\real\kaggle_23_frame120.jpg,real,1
prepared_liveness_data\raw\spoof\kaggle_74_frame395.jpg,spoof,0
prepared_liveness_data\raw\real\kaggle_20_frame60.jpg,real,1
prepared_liveness_data\raw\spoof\kaggle_35_frame405.jpg,spoof,0
prepared_liveness_data\raw\spoof\kaggle_13_frame190.jpg,spoof,0
prepared_liveness_data\raw\real\kaggle_25_frame5.jpg,real,1
prepared_liveness_data\raw\real\kaggle_49_frame555.jpg,real,1
prepared_liveness_data\raw\spoof\kaggle_2_frame400.jpg,spoof,0
prepared_liveness_data\raw\real\kaggle_49_frame570.jpg,real,1
prepared_liveness_data\raw\spoof\kaggle_5_frame345.jpg,spoof,0
prepared_liveness_data\raw\spoof\kaggle_6_frame120.jpg,spoof,0
prepared_liveness_data\raw\spoof\kaggle_28_frame430.jpg,spoof,0
prepared_liveness_data\raw\real\kaggle_23_frame285.jpg,real,1
prepared_liveness_data\raw\spoof\kaggle_58_frame165.jpg,spoof,0
prepared_liveness_data\raw\real\kaggle_72_frame100.jpg,real,1
prepared_liveness_data\raw\spoof\kaggle_11_frame485.jpg,spoof,0
prepared_liveness_data\raw\spoof\kaggle_9_frame115.jpg,spoof,0
prepared_liveness_data\raw\real\kaggle_25_frame0.jpg,real,1
prepared_liveness_data\raw\spoof\kaggle_44_frame140.jpg,spoof,0
prepared_liveness_data\raw\real\kaggle_25_frame315.jpg,real,1
prepared_liveness_data\raw\spoof\kaggle_5_frame230.jpg,spoof,0
prepared_liveness_data\raw\spoof\kaggle_61_frame10.jpg,spoof,0
prepared_liveness_data\raw\real\kaggle_47_frame15.jpg,real,1
prepared_liveness_data\raw\real\kaggle_28_frame365.jpg,real,1
prepared_liveness_data\raw\spoof\kaggle_70_frame295.jpg,spoof,0
prepared_liveness_data\raw\real\kaggle_74_frame310.jpg,real,1
prepared_liveness_data\raw\real\kaggle_1_frame100.jpg,real,1
prepared_liveness_data\raw\real\kaggle_73_frame205.jpg,real,1
prepared_liveness_data\raw\spoof\kaggle_1_frame325.jpg,spoof,0
prepared_liveness_data\raw\spoof\kaggle_42_frame100.jpg,spoof,0
prepared_liveness_data\raw\real\kaggle_5_frame200.jpg,real,1
prepared_liveness_data\raw\spoof\kaggle_16_frame95.jpg,spoof,0
prepared_liveness_data\raw\spoof\kaggle_10_frame275.jpg,spoof,0
prepared_liveness_data\raw\spoof\kaggle_72_frame235.jpg,spoof,0
prepared_liveness_data\raw\real\kaggle_5_frame140.jpg,real,1
prepared_liveness_data\raw\real\kaggle_68_frame350.jpg,real,1
prepared_liveness_data\raw\spoof\kaggle_67_frame80.jpg,spoof,0
prepared_liveness_data\raw\spoof\kaggle_58_frame295.jpg,spoof,0
prepared_liveness_data\raw\real\kaggle_34_frame35.jpg,real,1
prepared_liveness_data\raw\real\kaggle_26_frame65.jpg,real,1
prepared_liveness_data\raw\real\kaggle_38_frame35.jpg,real,1
prepared_liveness_data\raw\real\kaggle_43_frame80.jpg,real,1
prepared_liveness_data\raw\real\kaggle_43_frame85.jpg,real,1
prepared_liveness_data\raw\spoof\kaggle_37_frame95.jpg,spoof,0
prepared_liveness_data\raw\spoof\kaggle_30_frame245.jpg,spoof,0
prepared_liveness_data\raw\spoof\kaggle_59_frame205.jpg,spoof,0
prepared_liveness_data\raw\spoof\kaggle_13_frame60.jpg,spoof,0
prepared_liveness_data\raw\real\kaggle_2_frame15.jpg,real,1
prepared_liveness_data\raw\real\kaggle_7_frame210.jpg,real,1
prepared_liveness_data\raw\real\kaggle_58_frame675.jpg,real,1
prepared_liveness_data\raw\spoof\kaggle_23_frame465.jpg,spoof,0
prepared_liveness_data\raw\spoof\kaggle_30_frame130.jpg,spoof,0
prepared_liveness_data\raw\spoof\kaggle_68_frame370.jpg,spoof,0
prepared_liveness_data\raw\real\kaggle_0_frame125.jpg,real,1
prepared_liveness_data\raw\real\kaggle_15_frame40.jpg,real,1
prepared_liveness_data\raw\real\kaggle_26_frame40.jpg,real,1
prepared_liveness_data\raw\spoof\kaggle_70_frame405.jpg,spoof,0
prepared_liveness_data\raw\spoof\kaggle_57_frame230.jpg,spoof,0
prepared_liveness_data\raw\real\kaggle_77_frame295.jpg,real,1
prepared_liveness_data\raw\spoof\kaggle_68_frame180.jpg,spoof,0
prepared_liveness_data\raw\spoof\kaggle_18_frame400.jpg,spoof,0
prepared_liveness_data\raw\real\kaggle_14_frame90.jpg,real,1
prepared_liveness_data\raw\spoof\kaggle_43_frame290.jpg,spoof,0
prepared_liveness_data\raw\real\kaggle_18_frame360.jpg,real,1
prepared_liveness_data\raw\spoof\kaggle_52_frame210.jpg,spoof,0
prepared_liveness_data\raw\spoof\kaggle_64_frame315.jpg,spoof,0
prepared_liveness_data\raw\real\kaggle_74_frame335.jpg,real,1
prepared_liveness_data\raw\real\kaggle_49_frame475.jpg,real,1
prepared_liveness_data\raw\spoof\kaggle_76_frame5.jpg,spoof,0
prepared_liveness_data\raw\real\kaggle_33_frame200.jpg,real,1
prepared_liveness_data\raw\spoof\kaggle_22_frame100.jpg,spoof,0
prepared_liveness_data\raw\spoof\kaggle_32_frame75.jpg,spoof,0
prepared_liveness_data\raw\real\kaggle_15_frame50.jpg,real,1
prepared_liveness_data\raw\real\kaggle_5_frame5.jpg,real,1
prepared_liveness_data\raw\spoof\kaggle_48_frame125.jpg,spoof,0
prepared_liveness_data\raw\real\kaggle_36_frame225.jpg,real,1
prepared_liveness_data\raw\spoof\kaggle_10_frame245.jpg,spoof,0
prepared_liveness_data\raw\spoof\kaggle_18_frame310.jpg,spoof,0
prepared_liveness_data\raw\spoof\kaggle_75_frame90.jpg,spoof,0
prepared_liveness_data\raw\spoof\kaggle_30_frame570.jpg,spoof,0
prepared_liveness_data\raw\real\kaggle_44_frame200.jpg,real,1
prepared_liveness_data\raw\spoof\kaggle_44_frame360.jpg,spoof,0
prepared_liveness_data\raw\spoof\kaggle_77_frame135.jpg,spoof,0
prepared_liveness_data\raw\spoof\kaggle_78_frame210.jpg,spoof,0
prepared_liveness_data\raw\spoof\kaggle_49_frame365.jpg,spoof,0
prepared_liveness_data\raw\real\kaggle_23_frame240.jpg,real,1
prepared_liveness_data\raw\real\kaggle_48_frame25.jpg,real,1
prepared_liveness_data\raw\real\kaggle_58_frame685.jpg,real,1
prepared_liveness_data\raw\spoof\kaggle_11_frame160.jpg,spoof,0
prepared_liveness_data\raw\spoof\kaggle_23_frame115.jpg,spoof,0
prepared_liveness_data\raw\real\kaggle_54_frame130.jpg,real,1
prepared_liveness_data\raw\real\kaggle_71_frame120.jpg,real,1
prepared_liveness_data\raw\spoof\kaggle_49_frame765.jpg,spoof,0
prepared_liveness_data\raw\real\kaggle_52_frame295.jpg,real,1
prepared_liveness_data\raw\real\kaggle_32_frame55.jpg,real,1
prepared_liveness_data\raw\real\kaggle_67_frame325.jpg,real,1
prepared_liveness_data\raw\spoof\kaggle_8_frame160.jpg,spoof,0
prepared_liveness_data\raw\real\kaggle_37_frame225.jpg,real,1
prepared_liveness_data\raw\spoof\kaggle_9_frame320.jpg,spoof,0
prepared_liveness_data\raw\spoof\kaggle_51_frame305.jpg,spoof,0
prepared_liveness_data\raw\spoof\kaggle_28_frame15.jpg,spoof,0
prepared_liveness_data\raw\spoof\kaggle_74_frame405.jpg,spoof,0
prepared_liveness_data\raw\spoof\kaggle_6_frame180.jpg,spoof,0
prepared_liveness_data\raw\real\kaggle_71_frame200.jpg,real,1
prepared_liveness_data\raw\spoof\kaggle_64_frame265.jpg,spoof,0
prepared_liveness_data\raw\real\kaggle_21_frame30.jpg,real,1
prepared_liveness_data\raw\real\kaggle_6_frame130.jpg,real,1
prepared_liveness_data\raw\real\kaggle_13_frame290.jpg,real,1
prepared_liveness_data\raw\spoof\kaggle_29_frame205.jpg,spoof,0
prepared_liveness_data\raw\real\kaggle_61_frame110.jpg,real,1
prepared_liveness_data\raw\real\kaggle_49_frame405.jpg,real,1
prepared_liveness_data\raw\spoof\kaggle_54_frame130.jpg,spoof,0
prepared_liveness_data\raw\spoof\kaggle_21_frame250.jpg,spoof,0
prepared_liveness_data\raw\real\kaggle_27_frame0.jpg,real,1
prepared_liveness_data\raw\real\kaggle_10_frame360.jpg,real,1
prepared_liveness_data\raw\real\kaggle_17_frame75.jpg,real,1
prepared_liveness_data\raw\real\kaggle_35_frame285.jpg,real,1
prepared_liveness_data\raw\spoof\kaggle_7_frame155.jpg,spoof,0
prepared_liveness_data\raw\spoof\kaggle_25_frame395.jpg,spoof,0
prepared_liveness_data\raw\spoof\kaggle_37_frame135.jpg,spoof,0
prepared_liveness_data\raw\real\kaggle_55_frame90.jpg,real,1
prepared_liveness_data\raw\spoof\kaggle_28_frame310.jpg,spoof,0
prepared_liveness_data\raw\spoof\kaggle_74_frame415.jpg,spoof,0
prepared_liveness_data\raw\real\kaggle_12_frame315.jpg,real,1
prepared_liveness_data\raw\spoof\kaggle_65_frame60.jpg,spoof,0
prepared_liveness_data\raw\spoof\kaggle_11_frame265.jpg,spoof,0
prepared_liveness_data\raw\spoof\kaggle_74_frame190.jpg,spoof,0
prepared_liveness_data\raw\spoof\kaggle_4_frame245.jpg,spoof,0
prepared_liveness_data\raw\spoof\kaggle_59_frame230.jpg,spoof,0
prepared_liveness_data\raw\real\kaggle_79_frame15.jpg,real,1
prepared_liveness_data\raw\spoof\kaggle_46_frame450.jpg,spoof,0
prepared_liveness_data\raw\spoof\kaggle_35_frame220.jpg,spoof,0
prepared_liveness_data\raw\real\kaggle_2_frame235.jpg,real,1
prepared_liveness_data\raw\spoof\kaggle_16_frame75.jpg,spoof,0
prepared_liveness_data\raw\real\kaggle_3_frame65.jpg,real,1
prepared_liveness_data\raw\real\kaggle_47_frame260.jpg,real,1
prepared_liveness_data\raw\spoof\kaggle_36_frame45.jpg,spoof,0
prepared_liveness_data\raw\real\kaggle_0_frame100.jpg,real,1
prepared_liveness_data\raw\spoof\kaggle_66_frame15.jpg,spoof,0
prepared_liveness_data\raw\spoof\kaggle_33_frame70.jpg,spoof,0
prepared_liveness_data\raw\spoof\kaggle_60_frame200.jpg,spoof,0
prepared_liveness_data\raw\real\kaggle_73_frame150.jpg,real,1
prepared_liveness_data\raw\spoof\kaggle_19_frame320.jpg,spoof,0
prepared_liveness_data\raw\spoof\kaggle_55_frame310.jpg,spoof,0
prepared_liveness_data\raw\real\kaggle_58_frame230.jpg,real,1
prepared_liveness_data\raw\spoof\kaggle_76_frame170.jpg,spoof,0
prepared_liveness_data\raw\spoof\kaggle_66_frame240.jpg,spoof,0
prepared_liveness_data\raw\real\kaggle_79_frame295.jpg,real,1
prepared_liveness_data\raw\spoof\kaggle_33_frame25.jpg,spoof,0
prepared_liveness_data\raw\real\kaggle_57_frame270.jpg,real,1
prepared_liveness_data\raw\real\kaggle_8_frame110.jpg,real,1
prepared_liveness_data\raw\real\kaggle_64_frame35.jpg,real,1
prepared_liveness_data\raw\real\kaggle_72_frame125.jpg,real,1
prepared_liveness_data\raw\spoof\kaggle_54_frame195.jpg,spoof,0
prepared_liveness_data\raw\real\kaggle_76_frame290.jpg,real,1
prepared_liveness_data\raw\spoof\kaggle_65_frame355.jpg,spoof,0
prepared_liveness_data\raw\spoof\kaggle_79_frame45.jpg,spoof,0
prepared_liveness_data\raw\real\kaggle_0_frame45.jpg,real,1
prepared_liveness_data\raw\real\kaggle_77_frame0.jpg,real,1
prepared_liveness_data\raw\real\kaggle_73_frame240.jpg,real,1
prepared_liveness_data\raw\real\kaggle_49_frame325.jpg,real,1
prepared_liveness_data\raw\real\kaggle_10_frame190.jpg,real,1
prepared_liveness_data\raw\spoof\kaggle_29_frame125.jpg,spoof,0
prepared_liveness_data\raw\real\kaggle_34_frame235.jpg,real,1
prepared_liveness_data\raw\spoof\kaggle_2_frame95.jpg,spoof,0
prepared_liveness_data\raw\real\kaggle_76_frame40.jpg,real,1
prepared_liveness_data\raw\real\kaggle_62_frame335.jpg,real,1
prepared_liveness_data\raw\spoof\kaggle_2_frame315.jpg,spoof,0
prepared_liveness_data\raw\spoof\kaggle_19_frame295.jpg,spoof,0
prepared_liveness_data\raw\spoof\kaggle_6_frame150.jpg,spoof,0
prepared_liveness_data\raw\spoof\kaggle_54_frame175.jpg,spoof,0
prepared_liveness_data\raw\real\kaggle_21_frame230.jpg,real,1
prepared_liveness_data\raw\spoof\kaggle_31_frame185.jpg,spoof,0
prepared_liveness_data\raw\real\kaggle_25_frame295.jpg,real,1
prepared_liveness_data\raw\real\kaggle_30_frame75.jpg,real,1
prepared_liveness_data\raw\real\kaggle_0_frame155.jpg,real,1
prepared_liveness_data\raw\spoof\kaggle_10_frame400.jpg,spoof,0
prepared_liveness_data\raw\spoof\kaggle_11_frame655.jpg,spoof,0
prepared_liveness_data\raw\spoof\kaggle_0_frame345.jpg,spoof,0
prepared_liveness_data\raw\real\kaggle_75_frame295.jpg,real,1
prepared_liveness_data\raw\spoof\kaggle_46_frame265.jpg,spoof,0
prepared_liveness_data\raw\real\kaggle_12_frame480.jpg,real,1
prepared_liveness_data\raw\real\kaggle_18_frame165.jpg,real,1
prepared_liveness_data\raw\real\kaggle_23_frame160.jpg,real,1
prepared_liveness_data\raw\spoof\kaggle_23_frame230.jpg,spoof,0
prepared_liveness_data\raw\real\kaggle_28_frame200.jpg,real,1
prepared_liveness_data\raw\spoof\kaggle_74_frame390.jpg,spoof,0
prepared_liveness_data\raw\spoof\kaggle_16_frame410.jpg,spoof,0
prepared_liveness_data\raw\spoof\kaggle_39_frame250.jpg,spoof,0
prepared_liveness_data\raw\spoof\kaggle_18_frame175.jpg,spoof,0
prepared_liveness_data\raw\spoof\kaggle_37_frame70.jpg,spoof,0
prepared_liveness_data\raw\spoof\kaggle_35_frame415.jpg,spoof,0
prepared_liveness_data\raw\real\kaggle_72_frame25.jpg,real,1
prepared_liveness_data\raw\spoof\kaggle_43_frame30.jpg,spoof,0
prepared_liveness_data\raw\real\kaggle_75_frame285.jpg,real,1
prepared_liveness_data\raw\real\kaggle_16_frame105.jpg,real,1
prepared_liveness_data\raw\real\kaggle_37_frame240.jpg,real,1
prepared_liveness_data\raw\spoof\kaggle_53_frame315.jpg,spoof,0
prepared_liveness_data\raw\real\kaggle_73_frame140.jpg,real,1
prepared_liveness_data\raw\real\kaggle_49_frame20.jpg,real,1
prepared_liveness_data\raw\spoof\kaggle_1_frame240.jpg,spoof,0
prepared_liveness_data\raw\spoof\kaggle_16_frame130.jpg,spoof,0
prepared_liveness_data\raw\real\kaggle_77_frame265.jpg,real,1
prepared_liveness_data\raw\real\kaggle_47_frame380.jpg,real,1
prepared_liveness_data\raw\spoof\kaggle_25_frame75.jpg,spoof,0
prepared_liveness_data\raw\spoof\kaggle_10_frame435.jpg,spoof,0
prepared_liveness_data\raw\spoof\kaggle_15_frame210.jpg,spoof,0
prepared_liveness_data\raw\real\kaggle_49_frame160.jpg,real,1
prepared_liveness_data\raw\spoof\kaggle_28_frame275.jpg,spoof,0
prepared_liveness_data\raw\spoof\kaggle_57_frame265.jpg,spoof,0
prepared_liveness_data\raw\spoof\kaggle_7_frame270.jpg,spoof,0
prepared_liveness_data\raw\spoof\kaggle_18_frame205.jpg,spoof,0
prepared_liveness_data\raw\spoof\kaggle_73_frame285.jpg,spoof,0
prepared_liveness_data\raw\spoof\kaggle_61_frame445.jpg,spoof,0
prepared_liveness_data\raw\spoof\kaggle_40_frame100.jpg,spoof,0
prepared_liveness_data\raw\spoof\kaggle_21_frame90.jpg,spoof,0
prepared_liveness_data\raw\spoof\kaggle_76_frame380.jpg,spoof,0
prepared_liveness_data\raw\spoof\kaggle_76_frame285.jpg,spoof,0
prepared_liveness_data\raw\spoof\kaggle_42_frame55.jpg,spoof,0
prepared_liveness_data\raw\real\kaggle_39_frame210.jpg,real,1
prepared_liveness_data\raw\spoof\kaggle_16_frame0.jpg,spoof,0
prepared_liveness_data\raw\spoof\kaggle_13_frame200.jpg,spoof,0
prepared_liveness_data\raw\spoof\kaggle_1_frame85.jpg,spoof,0
prepared_liveness_data\raw\real\kaggle_1_frame90.jpg,real,1
prepared_liveness_data\raw\real\kaggle_5_frame255.jpg,real,1
prepared_liveness_data\raw\real\kaggle_58_frame560.jpg,real,1
prepared_liveness_data\raw\real\kaggle_62_frame125.jpg,real,1
prepared_liveness_data\raw\real\kaggle_0_frame195.jpg,real,1
prepared_liveness_data\raw\spoof\kaggle_4_frame250.jpg,spoof,0
prepared_liveness_data\raw\spoof\kaggle_15_frame375.jpg,spoof,0
prepared_liveness_data\raw\real\kaggle_46_frame245.jpg,real,1
prepared_liveness_data\raw\spoof\kaggle_53_frame235.jpg,spoof,0
prepared_liveness_data\raw\spoof\kaggle_66_frame230.jpg,spoof,0
prepared_liveness_data\raw\spoof\kaggle_75_frame275.jpg,spoof,0
prepared_liveness_data\raw\spoof\kaggle_12_frame365.jpg,spoof,0
prepared_liveness_data\raw\spoof\kaggle_28_frame225.jpg,spoof,0
prepared_liveness_data\raw\real\kaggle_28_frame295.jpg,real,1
prepared_liveness_data\raw\spoof\kaggle_77_frame35.jpg,spoof,0
prepared_liveness_data\raw\real\kaggle_20_frame75.jpg,real,1
prepared_liveness_data\raw\spoof\kaggle_49_frame110.jpg,spoof,0
prepared_liveness_data\raw\spoof\kaggle_30_frame400.jpg,spoof,0
prepared_liveness_data\raw\spoof\kaggle_57_frame100.jpg,spoof,0
prepared_liveness_data\raw\real\kaggle_61_frame425.jpg,real,1
prepared_liveness_data\raw\spoof\kaggle_28_frame420.jpg,spoof,0
prepared_liveness_data\raw\real\kaggle_44_frame125.jpg,real,1
prepared_liveness_data\raw\spoof\kaggle_64_frame15.jpg,spoof,0
prepared_liveness_data\raw\spoof\kaggle_31_frame150.jpg,spoof,0
prepared_liveness_data\raw\spoof\kaggle_60_frame100.jpg,spoof,0
prepared_liveness_data\raw\spoof\kaggle_0_frame180.jpg,spoof,0
prepared_liveness_data\raw\spoof\kaggle_72_frame405.jpg,spoof,0
prepared_liveness_data\raw\real\kaggle_67_frame245.jpg,real,1
prepared_liveness_data\raw\real\kaggle_8_frame200.jpg,real,1
prepared_liveness_data\raw\spoof\kaggle_0_frame110.jpg,spoof,0
prepared_liveness_data\raw\spoof\kaggle_15_frame170.jpg,spoof,0
prepared_liveness_data\raw\real\kaggle_74_frame325.jpg,real,1
prepared_liveness_data\raw\spoof\kaggle_23_frame190.jpg,spoof,0
prepared_liveness_data\raw\real\kaggle_24_frame35.jpg,real,1
prepared_liveness_data\raw\real\kaggle_44_frame35.jpg,real,1
prepared_liveness_data\raw\spoof\kaggle_18_frame90.jpg,spoof,0
prepared_liveness_data\raw\spoof\kaggle_62_frame20.jpg,spoof,0
prepared_liveness_data\raw\spoof\kaggle_25_frame440.jpg,spoof,0
prepared_liveness_data\raw\spoof\kaggle_63_frame25.jpg,spoof,0
prepared_liveness_data\raw\spoof\kaggle_75_frame15.jpg,spoof,0
prepared_liveness_data\raw\spoof\kaggle_13_frame45.jpg,spoof,0
prepared_liveness_data\raw\spoof\kaggle_48_frame190.jpg,spoof,0
prepared_liveness_data\raw\real\kaggle_9_frame90.jpg,real,1
prepared_liveness_data\raw\spoof\kaggle_49_frame370.jpg,spoof,0
prepared_liveness_data\raw\spoof\kaggle_9_frame10.jpg,spoof,0
prepared_liveness_data\raw\real\kaggle_25_frame80.jpg,real,1
prepared_liveness_data\raw\real\kaggle_32_frame35.jpg,real,1
prepared_liveness_data\raw\spoof\kaggle_14_frame285.jpg,spoof,0
prepared_liveness_data\raw\real\kaggle_13_frame135.jpg,real,1
prepared_liveness_data\raw\spoof\kaggle_31_frame0.jpg,spoof,0
prepared_liveness_data\raw\real\kaggle_49_frame335.jpg,real,1
prepared_liveness_data\raw\real\kaggle_59_frame355.jpg,real,1
prepared_liveness_data\raw\spoof\kaggle_13_frame70.jpg,spoof,0
prepared_liveness_data\raw\real\kaggle_38_frame185.jpg,real,1
prepared_liveness_data\raw\real\kaggle_14_frame315.jpg,real,1
prepared_liveness_data\raw\spoof\kaggle_22_frame190.jpg,spoof,0
prepared_liveness_data\raw\real\kaggle_29_frame40.jpg,real,1
prepared_liveness_data\raw\real\kaggle_65_frame305.jpg,real,1
prepared_liveness_data\raw\real\kaggle_16_frame75.jpg,real,1
prepared_liveness_data\raw\spoof\kaggle_52_frame295.jpg,spoof,0
prepared_liveness_data\raw\real\kaggle_19_frame175.jpg,real,1
prepared_liveness_data\raw\real\kaggle_21_frame365.jpg,real,1
prepared_liveness_data\raw\real\kaggle_28_frame40.jpg,real,1
prepared_liveness_data\raw\spoof\kaggle_17_frame120.jpg,spoof,0
prepared_liveness_data\raw\spoof\kaggle_19_frame345.jpg,spoof,0
prepared_liveness_data\raw\spoof\kaggle_46_frame385.jpg,spoof,0
prepared_liveness_data\raw\real\kaggle_47_frame355.jpg,real,1
prepared_liveness_data\raw\real\kaggle_50_frame30.jpg,real,1
prepared_liveness_data\raw\spoof\kaggle_2_frame305.jpg,spoof,0
prepared_liveness_data\raw\spoof\kaggle_14_frame320.jpg,spoof,0
prepared_liveness_data\raw\real\kaggle_40_frame55.jpg,real,1
prepared_liveness_data\raw\real\kaggle_37_frame290.jpg,real,1
prepared_liveness_data\raw\spoof\kaggle_72_frame460.jpg,spoof,0
prepared_liveness_data\raw\spoof\kaggle_5_frame160.jpg,spoof,0
prepared_liveness_data\raw\spoof\kaggle_70_frame350.jpg,spoof,0
prepared_liveness_data\raw\spoof\kaggle_11_frame210.jpg,spoof,0
prepared_liveness_data\raw\spoof\kaggle_60_frame180.jpg,spoof,0
prepared_liveness_data\raw\spoof\kaggle_11_frame85.jpg,spoof,0
prepared_liveness_data\raw\real\kaggle_71_frame190.jpg,real,1
prepared_liveness_data\raw\real\kaggle_37_frame5.jpg,real,1
prepared_liveness_data\raw\spoof\kaggle_79_frame15.jpg,spoof,0
prepared_liveness_data\raw\spoof\kaggle_33_frame10.jpg,spoof,0
prepared_liveness_data\raw\spoof\kaggle_49_frame105.jpg,spoof,0
prepared_liveness_data\raw\spoof\kaggle_26_frame35.jpg,spoof,0
prepared_liveness_data\raw\real\kaggle_3_frame175.jpg,real,1
prepared_liveness_data\raw\spoof\kaggle_12_frame180.jpg,spoof,0
prepared_liveness_data\raw\real\kaggle_12_frame75.jpg,real,1
prepared_liveness_data\raw\spoof\kaggle_2_frame110.jpg,spoof,0
prepared_liveness_data\raw\spoof\kaggle_9_frame265.jpg,spoof,0
prepared_liveness_data\raw\spoof\kaggle_48_frame305.jpg,spoof,0
prepared_liveness_data\raw\real\kaggle_43_frame145.jpg,real,1
prepared_liveness_data\raw\spoof\kaggle_43_frame375.jpg,spoof,0
prepared_liveness_data\raw\spoof\kaggle_8_frame200.jpg,spoof,0
prepared_liveness_data\raw\spoof\kaggle_43_frame190.jpg,spoof,0
prepared_liveness_data\raw\spoof\kaggle_32_frame15.jpg,spoof,0
prepared_liveness_data\raw\real\kaggle_13_frame120.jpg,real,1
prepared_liveness_data\raw\spoof\kaggle_14_frame65.jpg,spoof,0
prepared_liveness_data\raw\spoof\kaggle_0_frame460.jpg,spoof,0
prepared_liveness_data\raw\spoof\kaggle_62_frame335.jpg,spoof,0
prepared_liveness_data\raw\real\kaggle_64_frame230.jpg,real,1
prepared_liveness_data\raw\spoof\kaggle_59_frame120.jpg,spoof,0
prepared_liveness_data\raw\real\kaggle_9_frame25.jpg,real,1
prepared_liveness_data\raw\real\kaggle_5_frame240.jpg,real,1
prepared_liveness_data\raw\spoof\kaggle_12_frame435.jpg,spoof,0
prepared_liveness_data\raw\spoof\kaggle_41_frame70.jpg,spoof,0
prepared_liveness_data\raw\spoof\kaggle_64_frame360.jpg,spoof,0
prepared_liveness_data\raw\spoof\kaggle_47_frame465.jpg,spoof,0
prepared_liveness_data\raw\real\kaggle_73_frame135.jpg,real,1
prepared_liveness_data\raw\real\kaggle_49_frame90.jpg,real,1
prepared_liveness_data\raw\real\kaggle_48_frame90.jpg,real,1
prepared_liveness_data\raw\spoof\kaggle_47_frame25.jpg,spoof,0
prepared_liveness_data\raw\real\kaggle_10_frame375.jpg,real,1
prepared_liveness_data\raw\spoof\kaggle_71_frame75.jpg,spoof,0
prepared_liveness_data\raw\real\kaggle_75_frame440.jpg,real,1
prepared_liveness_data\raw\real\kaggle_54_frame30.jpg,real,1
prepared_liveness_data\raw\real\kaggle_69_frame280.jpg,real,1
prepared_liveness_data\raw\spoof\kaggle_46_frame175.jpg,spoof,0
prepared_liveness_data\raw\real\kaggle_44_frame165.jpg,real,1
prepared_liveness_data\raw\real\kaggle_71_frame65.jpg,real,1
prepared_liveness_data\raw\real\kaggle_45_frame180.jpg,real,1
prepared_liveness_data\raw\spoof\kaggle_2_frame100.jpg,spoof,0
prepared_liveness_data\raw\real\kaggle_13_frame10.jpg,real,1
prepared_liveness_data\raw\spoof\kaggle_45_frame135.jpg,spoof,0
prepared_liveness_data\raw\real\kaggle_42_frame70.jpg,real,1
prepared_liveness_data\raw\spoof\kaggle_52_frame165.jpg,spoof,0
prepared_liveness_data\raw\spoof\kaggle_36_frame175.jpg,spoof,0
prepared_liveness_data\raw\spoof\kaggle_72_frame15.jpg,spoof,0
prepared_liveness_data\raw\spoof\kaggle_12_frame5.jpg,spoof,0
prepared_liveness_data\raw\spoof\kaggle_58_frame10.jpg,spoof,0
prepared_liveness_data\raw\spoof\kaggle_72_frame165.jpg,spoof,0
prepared_liveness_data\raw\spoof\kaggle_38_frame305.jpg,spoof,0
prepared_liveness_data\raw\real\kaggle_65_frame280.jpg,real,1
prepared_liveness_data\raw\spoof\kaggle_35_frame135.jpg,spoof,0
prepared_liveness_data\raw\spoof\kaggle_0_frame410.jpg,spoof,0
prepared_liveness_data\raw\real\kaggle_48_frame185.jpg,real,1
prepared_liveness_data\raw\spoof\kaggle_58_frame265.jpg,spoof,0
prepared_liveness_data\raw\real\kaggle_47_frame75.jpg,real,1
prepared_liveness_data\raw\spoof\kaggle_21_frame190.jpg,spoof,0
prepared_liveness_data\raw\spoof\kaggle_61_frame390.jpg,spoof,0
prepared_liveness_data\raw\real\kaggle_63_frame75.jpg,real,1
prepared_liveness_data\raw\spoof\kaggle_10_frame415.jpg,spoof,0
prepared_liveness_data\raw\spoof\kaggle_21_frame265.jpg,spoof,0
prepared_liveness_data\raw\real\kaggle_33_frame35.jpg,real,1
prepared_liveness_data\raw\spoof\kaggle_24_frame150.jpg,spoof,0
prepared_liveness_data\raw\real\kaggle_73_frame330.jpg,real,1
prepared_liveness_data\raw\real\kaggle_11_frame195.jpg,real,1
prepared_liveness_data\raw\spoof\kaggle_76_frame100.jpg,spoof,0
prepared_liveness_data\raw\spoof\kaggle_28_frame175.jpg,spoof,0
prepared_liveness_data\raw\spoof\kaggle_35_frame305.jpg,spoof,0
prepared_liveness_data\raw\real\kaggle_59_frame305.jpg,real,1
prepared_liveness_data\raw\real\kaggle_9_frame190.jpg,real,1
prepared_liveness_data\raw\real\kaggle_28_frame220.jpg,real,1
prepared_liveness_data\raw\spoof\kaggle_2_frame405.jpg,spoof,0
prepared_liveness_data\raw\real\kaggle_57_frame215.jpg,real,1
prepared_liveness_data\raw\spoof\kaggle_44_frame180.jpg,spoof,0
prepared_liveness_data\raw\spoof\kaggle_70_frame170.jpg,spoof,0
prepared_liveness_data\raw\spoof\kaggle_49_frame775.jpg,spoof,0
prepared_liveness_data\raw\real\kaggle_31_frame110.jpg,real,1
prepared_liveness_data\raw\spoof\kaggle_59_frame385.jpg,spoof,0
prepared_liveness_data\raw\real\kaggle_59_frame455.jpg,real,1
prepared_liveness_data\raw\spoof\kaggle_18_frame35.jpg,spoof,0
prepared_liveness_data\raw\spoof\kaggle_52_frame455.jpg,spoof,0
prepared_liveness_data\raw\real\kaggle_76_frame260.jpg,real,1
prepared_liveness_data\raw\spoof\kaggle_67_frame170.jpg,spoof,0
prepared_liveness_data\raw\real\kaggle_70_frame250.jpg,real,1
prepared_liveness_data\raw\real\kaggle_58_frame195.jpg,real,1
prepared_liveness_data\raw\spoof\kaggle_25_frame140.jpg,spoof,0
prepared_liveness_data\raw\spoof\kaggle_76_frame270.jpg,spoof,0
prepared_liveness_data\raw\real\kaggle_33_frame50.jpg,real,1
prepared_liveness_data\raw\spoof\kaggle_1_frame260.jpg,spoof,0
prepared_liveness_data\raw\real\kaggle_29_frame20.jpg,real,1
prepared_liveness_data\raw\spoof\kaggle_40_frame15.jpg,spoof,0
prepared_liveness_data\raw\real\kaggle_33_frame150.jpg,real,1
prepared_liveness_data\raw\real\kaggle_54_frame125.jpg,real,1
prepared_liveness_data\raw\real\kaggle_37_frame295.jpg,real,1
prepared_liveness_data\raw\real\kaggle_75_frame120.jpg,real,1
prepared_liveness_data\raw\real\kaggle_76_frame115.jpg,real,1
prepared_liveness_data\raw\real\kaggle_74_frame350.jpg,real,1
prepared_liveness_data\raw\real\kaggle_24_frame40.jpg,real,1
prepared_liveness_data\raw\spoof\kaggle_21_frame165.jpg,spoof,0
prepared_liveness_data\raw\real\kaggle_8_frame255.jpg,real,1
prepared_liveness_data\raw\real\kaggle_30_frame180.jpg,real,1
prepared_liveness_data\raw\spoof\kaggle_74_frame130.jpg,spoof,0
prepared_liveness_data\raw\spoof\kaggle_53_frame180.jpg,spoof,0
prepared_liveness_data\raw\spoof\kaggle_59_frame180.jpg,spoof,0
prepared_liveness_data\raw\real\kaggle_23_frame375.jpg,real,1
prepared_liveness_data\raw\spoof\kaggle_64_frame160.jpg,spoof,0
prepared_liveness_data\raw\spoof\kaggle_38_frame265.jpg,spoof,0
prepared_liveness_data\raw\spoof\kaggle_28_frame290.jpg,spoof,0
prepared_liveness_data\raw\real\kaggle_18_frame235.jpg,real,1
prepared_liveness_data\raw\spoof\kaggle_16_frame45.jpg,spoof,0
prepared_liveness_data\raw\real\kaggle_1_frame60.jpg,real,1
prepared_liveness_data\raw\real\kaggle_43_frame75.jpg,real,1
prepared_liveness_data\raw\spoof\kaggle_38_frame90.jpg,spoof,0
prepared_liveness_data\raw\real\kaggle_61_frame435.jpg,real,1
prepared_liveness_data\raw\spoof\kaggle_68_frame415.jpg,spoof,0
prepared_liveness_data\raw\spoof\kaggle_73_frame210.jpg,spoof,0
prepared_liveness_data\raw\real\kaggle_72_frame10.jpg,real,1
prepared_liveness_data\raw\spoof\kaggle_61_frame185.jpg,spoof,0
prepared_liveness_data\raw\spoof\kaggle_8_frame0.jpg,spoof,0
prepared_liveness_data\raw\spoof\kaggle_36_frame30.jpg,spoof,0
prepared_liveness_data\raw\real\kaggle_2_frame220.jpg,real,1
prepared_liveness_data\raw\spoof\kaggle_29_frame150.jpg,spoof,0
prepared_liveness_data\raw\real\kaggle_68_frame330.jpg,real,1
prepared_liveness_data\raw\real\kaggle_46_frame110.jpg,real,1
prepared_liveness_data\raw\spoof\kaggle_43_frame240.jpg,spoof,0
prepared_liveness_data\raw\real\kaggle_23_frame155.jpg,real,1
prepared_liveness_data\raw\spoof\kaggle_61_frame320.jpg,spoof,0
prepared_liveness_data\raw\real\kaggle_2_frame110.jpg,real,1
prepared_liveness_data\raw\spoof\kaggle_11_frame260.jpg,spoof,0
prepared_liveness_data\raw\spoof\kaggle_59_frame395.jpg,spoof,0
prepared_liveness_data\raw\spoof\kaggle_55_frame165.jpg,spoof,0
prepared_liveness_data\raw\real\kaggle_70_frame365.jpg,real,1
prepared_liveness_data\raw\spoof\kaggle_25_frame295.jpg,spoof,0
prepared_liveness_data\raw\spoof\kaggle_42_frame165.jpg,spoof,0
prepared_liveness_data\raw\real\kaggle_35_frame415.jpg,real,1
prepared_liveness_data\raw\real\kaggle_68_frame240.jpg,real,1
prepared_liveness_data\raw\real\kaggle_55_frame100.jpg,real,1
prepared_liveness_data\raw\real\kaggle_28_frame65.jpg,real,1
prepared_liveness_data\raw\real\kaggle_6_frame50.jpg,real,1
prepared_liveness_data\raw\spoof\kaggle_55_frame370.jpg,spoof,0
prepared_liveness_data\raw\real\kaggle_69_frame90.jpg,real,1
prepared_liveness_data\raw\spoof\kaggle_57_frame10.jpg,spoof,0
prepared_liveness_data\raw\spoof\kaggle_28_frame45.jpg,spoof,0
prepared_liveness_data\raw\real\kaggle_31_frame40.jpg,real,1
prepared_liveness_data\raw\real\kaggle_47_frame125.jpg,real,1
prepared_liveness_data\raw\spoof\kaggle_52_frame435.jpg,spoof,0
prepared_liveness_data\raw\real\kaggle_22_frame130.jpg,real,1
prepared_liveness_data\raw\spoof\kaggle_11_frame280.jpg,spoof,0
prepared_liveness_data\raw\real\kaggle_52_frame195.jpg,real,1
prepared_liveness_data\raw\spoof\kaggle_28_frame295.jpg,spoof,0
prepared_liveness_data\raw\spoof\kaggle_35_frame295.jpg,spoof,0
prepared_liveness_data\raw\real\kaggle_60_frame80.jpg,real,1
prepared_liveness_data\raw\real\kaggle_11_frame55.jpg,real,1
prepared_liveness_data\raw\spoof\kaggle_52_frame30.jpg,spoof,0
prepared_liveness_data\raw\spoof\kaggle_5_frame175.jpg,spoof,0
prepared_liveness_data\raw\spoof\kaggle_47_frame290.jpg,spoof,0
prepared_liveness_data\raw\spoof\kaggle_39_frame215.jpg,spoof,0
prepared_liveness_data\raw\real\kaggle_73_frame210.jpg,real,1
prepared_liveness_data\raw\real\kaggle_48_frame195.jpg,real,1
prepared_liveness_data\raw\real\kaggle_8_frame175.jpg,real,1
prepared_liveness_data\raw\spoof\kaggle_16_frame385.jpg,spoof,0
prepared_liveness_data\raw\real\kaggle_68_frame325.jpg,real,1
prepared_liveness_data\raw\real\kaggle_61_frame150.jpg,real,1
prepared_liveness_data\raw\real\kaggle_8_frame145.jpg,real,1
prepared_liveness_data\raw\spoof\kaggle_8_frame65.jpg,spoof,0
prepared_liveness_data\raw\real\kaggle_52_frame420.jpg,real,1
prepared_liveness_data\raw\spoof\kaggle_71_frame40.jpg,spoof,0
prepared_liveness_data\raw\real\kaggle_12_frame460.jpg,real,1
prepared_liveness_data\raw\real\kaggle_49_frame60.jpg,real,1
prepared_liveness_data\raw\real\kaggle_5_frame170.jpg,real,1
prepared_liveness_data\raw\spoof\kaggle_51_frame70.jpg,spoof,0
prepared_liveness_data\raw\real\kaggle_15_frame35.jpg,real,1
prepared_liveness_data\raw\real\kaggle_53_frame150.jpg,real,1
prepared_liveness_data\raw\real\kaggle_38_frame180.jpg,real,1
prepared_liveness_data\raw\spoof\kaggle_56_frame110.jpg,spoof,0
prepared_liveness_data\raw\real\kaggle_57_frame15.jpg,real,1
prepared_liveness_data\raw\spoof\kaggle_49_frame350.jpg,spoof,0
prepared_liveness_data\raw\spoof\kaggle_29_frame145.jpg,spoof,0
prepared_liveness_data\raw\spoof\kaggle_35_frame290.jpg,spoof,0
prepared_liveness_data\raw\spoof\kaggle_4_frame240.jpg,spoof,0
prepared_liveness_data\raw\real\kaggle_18_frame385.jpg,real,1
prepared_liveness_data\raw\spoof\kaggle_71_frame325.jpg,spoof,0
prepared_liveness_data\raw\real\kaggle_68_frame140.jpg,real,1
prepared_liveness_data\raw\real\kaggle_40_frame5.jpg,real,1
prepared_liveness_data\raw\real\kaggle_0_frame355.jpg,real,1
prepared_liveness_data\raw\spoof\kaggle_12_frame305.jpg,spoof,0
prepared_liveness_data\raw\spoof\kaggle_53_frame20.jpg,spoof,0
prepared_liveness_data\raw\spoof\kaggle_53_frame10.jpg,spoof,0
prepared_liveness_data\raw\spoof\kaggle_25_frame330.jpg,spoof,0
prepared_liveness_data\raw\spoof\kaggle_46_frame105.jpg,spoof,0
prepared_liveness_data\raw\real\kaggle_63_frame215.jpg,real,1
prepared_liveness_data\raw\real\kaggle_25_frame135.jpg,real,1
prepared_liveness_data\raw\real\kaggle_49_frame255.jpg,real,1
prepared_liveness_data\raw\spoof\kaggle_7_frame40.jpg,spoof,0
prepared_liveness_data\raw\real\kaggle_39_frame145.jpg,real,1
prepared_liveness_data\raw\spoof\kaggle_47_frame55.jpg,spoof,0
prepared_liveness_data\raw\spoof\kaggle_5_frame195.jpg,spoof,0
prepared_liveness_data\raw\spoof\kaggle_12_frame60.jpg,spoof,0
prepared_liveness_data\raw\spoof\kaggle_13_frame265.jpg,spoof,0
prepared_liveness_data\raw\spoof\kaggle_78_frame175.jpg,spoof,0
prepared_liveness_data\raw\spoof\kaggle_17_frame240.jpg,spoof,0
prepared_liveness_data\raw\spoof\kaggle_77_frame5.jpg,spoof,0
prepared_liveness_data\raw\spoof\kaggle_27_frame10.jpg,spoof,0
prepared_liveness_data\raw\real\kaggle_16_frame65.jpg,real,1
prepared_liveness_data\raw\spoof\kaggle_64_frame415.jpg,spoof,0
prepared_liveness_data\raw\spoof\kaggle_61_frame450.jpg,spoof,0
prepared_liveness_data\raw\spoof\kaggle_6_frame80.jpg,spoof,0
prepared_liveness_data\raw\real\kaggle_46_frame185.jpg,real,1
prepared_liveness_data\raw\real\kaggle_67_frame150.jpg,real,1
prepared_liveness_data\raw\real\kaggle_69_frame255.jpg,real,1
prepared_liveness_data\raw\spoof\kaggle_63_frame195.jpg,spoof,0
prepared_liveness_data\raw\spoof\kaggle_59_frame350.jpg,spoof,0
prepared_liveness_data\raw\real\kaggle_46_frame270.jpg,real,1
prepared_liveness_data\raw\spoof\kaggle_9_frame185.jpg,spoof,0
prepared_liveness_data\raw\real\kaggle_34_frame220.jpg,real,1
prepared_liveness_data\raw\spoof\kaggle_75_frame495.jpg,spoof,0
prepared_liveness_data\raw\real\kaggle_44_frame75.jpg,real,1
prepared_liveness_data\raw\spoof\kaggle_75_frame620.jpg,spoof,0
prepared_liveness_data\raw\spoof\kaggle_75_frame205.jpg,spoof,0
prepared_liveness_data\raw\spoof\kaggle_53_frame25.jpg,spoof,0
prepared_liveness_data\raw\real\kaggle_39_frame35.jpg,real,1
prepared_liveness_data\raw\spoof\kaggle_61_frame75.jpg,spoof,0
prepared_liveness_data\raw\real\kaggle_49_frame290.jpg,real,1
prepared_liveness_data\raw\real\kaggle_59_frame220.jpg,real,1
prepared_liveness_data\raw\spoof\kaggle_30_frame515.jpg,spoof,0
prepared_liveness_data\raw\spoof\kaggle_18_frame405.jpg,spoof,0
prepared_liveness_data\raw\real\kaggle_75_frame350.jpg,real,1
prepared_liveness_data\raw\spoof\kaggle_12_frame350.jpg,spoof,0
prepared_liveness_data\raw\real\kaggle_36_frame135.jpg,real,1
prepared_liveness_data\raw\real\kaggle_23_frame405.jpg,real,1
prepared_liveness_data\raw\spoof\kaggle_11_frame455.jpg,spoof,0
prepared_liveness_data\raw\real\kaggle_58_frame275.jpg,real,1
prepared_liveness_data\raw\real\kaggle_0_frame285.jpg,real,1
prepared_liveness_data\raw\spoof\kaggle_61_frame365.jpg,spoof,0
prepared_liveness_data\raw\real\kaggle_71_frame240.jpg,real,1
prepared_liveness_data\raw\real\kaggle_1_frame200.jpg,real,1
prepared_liveness_data\raw\real\kaggle_35_frame340.jpg,real,1
prepared_liveness_data\raw\real\kaggle_14_frame30.jpg,real,1
prepared_liveness_data\raw\real\kaggle_58_frame105.jpg,real,1
prepared_liveness_data\raw\spoof\kaggle_46_frame540.jpg,spoof,0
prepared_liveness_data\raw\spoof\kaggle_8_frame155.jpg,spoof,0
prepared_liveness_data\raw\real\kaggle_46_frame255.jpg,real,1
prepared_liveness_data\raw\spoof\kaggle_6_frame185.jpg,spoof,0
prepared_liveness_data\raw\real\kaggle_58_frame720.jpg,real,1
prepared_liveness_data\raw\real\kaggle_47_frame35.jpg,real,1
prepared_liveness_data\raw\spoof\kaggle_73_frame85.jpg,spoof,0
prepared_liveness_data\raw\real\kaggle_11_frame235.jpg,real,1
prepared_liveness_data\raw\spoof\kaggle_17_frame265.jpg,spoof,0
prepared_liveness_data\raw\spoof\kaggle_15_frame190.jpg,spoof,0
prepared_liveness_data\raw\real\kaggle_64_frame30.jpg,real,1
prepared_liveness_data\raw\spoof\kaggle_59_frame415.jpg,spoof,0
prepared_liveness_data\raw\spoof\kaggle_64_frame0.jpg,spoof,0
prepared_liveness_data\raw\real\kaggle_76_frame245.jpg,real,1
prepared_liveness_data\raw\spoof\kaggle_65_frame30.jpg,spoof,0
prepared_liveness_data\raw\spoof\kaggle_17_frame285.jpg,spoof,0
prepared_liveness_data\raw\real\kaggle_73_frame305.jpg,real,1
prepared_liveness_data\raw\spoof\kaggle_4_frame230.jpg,spoof,0
prepared_liveness_data\raw\real\kaggle_11_frame70.jpg,real,1
prepared_liveness_data\raw\real\kaggle_13_frame165.jpg,real,1
prepared_liveness_data\raw\real\kaggle_50_frame155.jpg,real,1
prepared_liveness_data\raw\real\kaggle_78_frame285.jpg,real,1
prepared_liveness_data\raw\real\kaggle_60_frame0.jpg,real,1
prepared_liveness_data\raw\real\kaggle_62_frame220.jpg,real,1
prepared_liveness_data\raw\spoof\kaggle_52_frame505.jpg,spoof,0
prepared_liveness_data\raw\spoof\kaggle_45_frame100.jpg,spoof,0
prepared_liveness_data\raw\spoof\kaggle_45_frame195.jpg,spoof,0
prepared_liveness_data\raw\real\kaggle_62_frame45.jpg,real,1
prepared_liveness_data\raw\real\kaggle_31_frame55.jpg,real,1
prepared_liveness_data\raw\spoof\kaggle_76_frame0.jpg,spoof,0
prepared_liveness_data\raw\spoof\kaggle_1_frame310.jpg,spoof,0
prepared_liveness_data\raw\real\kaggle_8_frame45.jpg,real,1
prepared_liveness_data\raw\real\kaggle_18_frame285.jpg,real,1
prepared_liveness_data\raw\real\kaggle_76_frame300.jpg,real,1
prepared_liveness_data\raw\spoof\kaggle_68_frame365.jpg,spoof,0
prepared_liveness_data\raw\spoof\kaggle_28_frame280.jpg,spoof,0
prepared_liveness_data\raw\spoof\kaggle_1_frame230.jpg,spoof,0
prepared_liveness_data\raw\spoof\kaggle_71_frame175.jpg,spoof,0
prepared_liveness_data\raw\spoof\kaggle_32_frame180.jpg,spoof,0
prepared_liveness_data\raw\spoof\kaggle_73_frame155.jpg,spoof,0
prepared_liveness_data\raw\spoof\kaggle_51_frame295.jpg,spoof,0
prepared_liveness_data\raw\spoof\kaggle_53_frame100.jpg,spoof,0
prepared_liveness_data\raw\spoof\kaggle_39_frame5.jpg,spoof,0
prepared_liveness_data\raw\spoof\kaggle_68_frame445.jpg,spoof,0
prepared_liveness_data\raw\spoof\kaggle_36_frame300.jpg,spoof,0
prepared_liveness_data\raw\spoof\kaggle_59_frame20.jpg,spoof,0
prepared_liveness_data\raw\real\kaggle_14_frame10.jpg,real,1
prepared_liveness_data\raw\real\kaggle_79_frame35.jpg,real,1
prepared_liveness_data\raw\real\kaggle_78_frame90.jpg,real,1
prepared_liveness_data\raw\spoof\kaggle_75_frame625.jpg,spoof,0
prepared_liveness_data\raw\real\kaggle_55_frame175.jpg,real,1
prepared_liveness_data\raw\real\kaggle_70_frame25.jpg,real,1
prepared_liveness_data\raw\spoof\kaggle_19_frame40.jpg,spoof,0
prepared_liveness_data\raw\spoof\kaggle_27_frame20.jpg,spoof,0
prepared_liveness_data\raw\spoof\kaggle_61_frame35.jpg,spoof,0
prepared_liveness_data\raw\spoof\kaggle_13_frame40.jpg,spoof,0
prepared_liveness_data\raw\real\kaggle_28_frame105.jpg,real,1
prepared_liveness_data\raw\spoof\kaggle_28_frame220.jpg,spoof,0
prepared_liveness_data\raw\real\kaggle_16_frame40.jpg,real,1
prepared_liveness_data\raw\spoof\kaggle_38_frame95.jpg,spoof,0
prepared_liveness_data\raw\spoof\kaggle_26_frame30.jpg,spoof,0
prepared_liveness_data\raw\spoof\kaggle_8_frame205.jpg,spoof,0
prepared_liveness_data\raw\spoof\kaggle_78_frame180.jpg,spoof,0
prepared_liveness_data\raw\real\kaggle_49_frame410.jpg,real,1
prepared_liveness_data\raw\spoof\kaggle_15_frame150.jpg,spoof,0
prepared_liveness_data\raw\real\kaggle_75_frame405.jpg,real,1
prepared_liveness_data\raw\spoof\kaggle_25_frame85.jpg,spoof,0
prepared_liveness_data\raw\spoof\kaggle_17_frame165.jpg,spoof,0
prepared_liveness_data\raw\spoof\kaggle_29_frame30.jpg,spoof,0
prepared_liveness_data\raw\spoof\kaggle_65_frame240.jpg,spoof,0
prepared_liveness_data\raw\spoof\kaggle_74_frame260.jpg,spoof,0
prepared_liveness_data\raw\real\kaggle_31_frame60.jpg,real,1
prepared_liveness_data\raw\real\kaggle_41_frame150.jpg,real,1
prepared_liveness_data\raw\real\kaggle_10_frame335.jpg,real,1
prepared_liveness_data\raw\spoof\kaggle_68_frame405.jpg,spoof,0
prepared_liveness_data\raw\real\kaggle_58_frame690.jpg,real,1
prepared_liveness_data\raw\spoof\kaggle_47_frame90.jpg,spoof,0
prepared_liveness_data\raw\real\kaggle_25_frame250.jpg,real,1
prepared_liveness_data\raw\spoof\kaggle_53_frame285.jpg,spoof,0
prepared_liveness_data\raw\real\kaggle_67_frame85.jpg,real,1
prepared_liveness_data\raw\spoof\kaggle_50_frame20.jpg,spoof,0
prepared_liveness_data\raw\spoof\kaggle_29_frame200.jpg,spoof,0
prepared_liveness_data\raw\spoof\kaggle_9_frame85.jpg,spoof,0
prepared_liveness_data\raw\real\kaggle_69_frame155.jpg,real,1
prepared_liveness_data\raw\real\kaggle_8_frame90.jpg,real,1
prepared_liveness_data\raw\real\kaggle_78_frame155.jpg,real,1
prepared_liveness_data\raw\spoof\kaggle_61_frame525.jpg,spoof,0
prepared_liveness_data\raw\real\kaggle_35_frame425.jpg,real,1
prepared_liveness_data\raw\spoof\kaggle_53_frame70.jpg,spoof,0
prepared_liveness_data\raw\spoof\kaggle_59_frame375.jpg,spoof,0
prepared_liveness_data\raw\real\kaggle_52_frame455.jpg,real,1
prepared_liveness_data\raw\spoof\kaggle_52_frame350.jpg,spoof,0
prepared_liveness_data\raw\spoof\kaggle_46_frame325.jpg,spoof,0
prepared_liveness_data\raw\spoof\kaggle_76_frame235.jpg,spoof,0
prepared_liveness_data\raw\real\kaggle_77_frame250.jpg,real,1
prepared_liveness_data\raw\spoof\kaggle_11_frame270.jpg,spoof,0
prepared_liveness_data\raw\spoof\kaggle_58_frame115.jpg,spoof,0
prepared_liveness_data\raw\real\kaggle_45_frame190.jpg,real,1
prepared_liveness_data\raw\real\kaggle_12_frame0.jpg,real,1
prepared_liveness_data\raw\spoof\kaggle_43_frame55.jpg,spoof,0
prepared_liveness_data\raw\spoof\kaggle_3_frame25.jpg,spoof,0
prepared_liveness_data\raw\spoof\kaggle_76_frame300.jpg,spoof,0
prepared_liveness_data\raw\real\kaggle_79_frame275.jpg,real,1
prepared_liveness_data\raw\real\kaggle_51_frame215.jpg,real,1
prepared_liveness_data\raw\spoof\kaggle_8_frame45.jpg,spoof,0
prepared_liveness_data\raw\spoof\kaggle_56_frame55.jpg,spoof,0
prepared_liveness_data\raw\real\kaggle_41_frame80.jpg,real,1
prepared_liveness_data\raw\real\kaggle_45_frame15.jpg,real,1
prepared_liveness_data\raw\spoof\kaggle_37_frame165.jpg,spoof,0
prepared_liveness_data\raw\spoof\kaggle_57_frame130.jpg,spoof,0
prepared_liveness_data\raw\spoof\kaggle_0_frame260.jpg,spoof,0
prepared_liveness_data\raw\real\kaggle_75_frame110.jpg,real,1
prepared_liveness_data\raw\spoof\kaggle_30_frame580.jpg,spoof,0
prepared_liveness_data\raw\spoof\kaggle_43_frame95.jpg,spoof,0
prepared_liveness_data\raw\real\kaggle_68_frame250.jpg,real,1
prepared_liveness_data\raw\spoof\kaggle_39_frame315.jpg,spoof,0
prepared_liveness_data\raw\real\kaggle_49_frame190.jpg,real,1
prepared_liveness_data\raw\real\kaggle_63_frame45.jpg,real,1
prepared_liveness_data\raw\real\kaggle_64_frame225.jpg,real,1
prepared_liveness_data\raw\spoof\kaggle_14_frame35.jpg,spoof,0
prepared_liveness_data\raw\real\kaggle_72_frame260.jpg,real,1
prepared_liveness_data\raw\spoof\kaggle_1_frame10.jpg,spoof,0
prepared_liveness_data\raw\real\kaggle_55_frame75.jpg,real,1
prepared_liveness_data\raw\spoof\kaggle_30_frame560.jpg,spoof,0
prepared_liveness_data\raw\spoof\kaggle_25_frame150.jpg,spoof,0
prepared_liveness_data\raw\real\kaggle_28_frame265.jpg,real,1
prepared_liveness_data\raw\real\kaggle_52_frame375.jpg,real,1
prepared_liveness_data\raw\spoof\kaggle_35_frame410.jpg,spoof,0
prepared_liveness_data\raw\real\kaggle_69_frame235.jpg,real,1
prepared_liveness_data\raw\spoof\kaggle_9_frame15.jpg,spoof,0
prepared_liveness_data\raw\spoof\kaggle_74_frame485.jpg,spoof,0
prepared_liveness_data\raw\spoof\kaggle_16_frame350.jpg,spoof,0
prepared_liveness_data\raw\real\kaggle_58_frame0.jpg,real,1
prepared_liveness_data\raw\real\kaggle_64_frame45.jpg,real,1
prepared_liveness_data\raw\real\kaggle_69_frame190.jpg,real,1
prepared_liveness_data\raw\spoof\kaggle_57_frame165.jpg,spoof,0
prepared_liveness_data\raw\spoof\kaggle_24_frame205.jpg,spoof,0
prepared_liveness_data\raw\spoof\kaggle_9_frame260.jpg,spoof,0
prepared_liveness_data\raw\spoof\kaggle_75_frame185.jpg,spoof,0
prepared_liveness_data\raw\spoof\kaggle_41_frame55.jpg,spoof,0
prepared_liveness_data\raw\real\kaggle_28_frame170.jpg,real,1
prepared_liveness_data\raw\spoof\kaggle_7_frame245.jpg,spoof,0
prepared_liveness_data\raw\real\kaggle_28_frame165.jpg,real,1
prepared_liveness_data\raw\spoof\kaggle_35_frame380.jpg,spoof,0
prepared_liveness_data\raw\real\kaggle_10_frame400.jpg,real,1
prepared_liveness_data\raw\real\kaggle_11_frame10.jpg,real,1
prepared_liveness_data\raw\spoof\kaggle_13_frame260.jpg,spoof,0
prepared_liveness_data\raw\real\kaggle_61_frame360.jpg,real,1
prepared_liveness_data\raw\spoof\kaggle_77_frame310.jpg,spoof,0
prepared_liveness_data\raw\real\kaggle_23_frame390.jpg,real,1
prepared_liveness_data\raw\spoof\kaggle_44_frame195.jpg,spoof,0
prepared_liveness_data\raw\spoof\kaggle_39_frame195.jpg,spoof,0
prepared_liveness_data\raw\spoof\kaggle_74_frame165.jpg,spoof,0
prepared_liveness_data\raw\spoof\kaggle_31_frame280.jpg,spoof,0
prepared_liveness_data\raw\spoof\kaggle_51_frame310.jpg,spoof,0
prepared_liveness_data\raw\spoof\kaggle_43_frame75.jpg,spoof,0
prepared_liveness_data\raw\spoof\kaggle_59_frame485.jpg,spoof,0
prepared_liveness_data\raw\spoof\kaggle_5_frame95.jpg,spoof,0
prepared_liveness_data\raw\spoof\kaggle_65_frame410.jpg,spoof,0
prepared_liveness_data\raw\real\kaggle_24_frame80.jpg,real,1
prepared_liveness_data\raw\spoof\kaggle_75_frame290.jpg,spoof,0
prepared_liveness_data\raw\real\kaggle_17_frame150.jpg,real,1
prepared_liveness_data\raw\real\kaggle_67_frame230.jpg,real,1
prepared_liveness_data\raw\spoof\kaggle_60_frame110.jpg,spoof,0
prepared_liveness_data\raw\spoof\kaggle_66_frame220.jpg,spoof,0
prepared_liveness_data\raw\real\kaggle_78_frame180.jpg,real,1
prepared_liveness_data\raw\spoof\kaggle_78_frame220.jpg,spoof,0
prepared_liveness_data\raw\spoof\kaggle_35_frame25.jpg,spoof,0
prepared_liveness_data\raw\spoof\kaggle_7_frame75.jpg,spoof,0
prepared_liveness_data\raw\spoof\kaggle_49_frame780.jpg,spoof,0
prepared_liveness_data\raw\spoof\kaggle_10_frame300.jpg,spoof,0
prepared_liveness_data\raw\spoof\kaggle_69_frame290.jpg,spoof,0
prepared_liveness_data\raw\real\kaggle_43_frame35.jpg,real,1
prepared_liveness_data\raw\real\kaggle_25_frame150.jpg,real,1
prepared_liveness_data\raw\real\kaggle_75_frame530.jpg,real,1
prepared_liveness_data\raw\spoof\kaggle_69_frame320.jpg,spoof,0
prepared_liveness_data\raw\spoof\kaggle_75_frame410.jpg,spoof,0
prepared_liveness_data\raw\real\kaggle_30_frame165.jpg,real,1
prepared_liveness_data\raw\spoof\kaggle_11_frame180.jpg,spoof,0
prepared_liveness_data\raw\real\kaggle_42_frame255.jpg,real,1
prepared_liveness_data\raw\real\kaggle_34_frame100.jpg,real,1
prepared_liveness_data\raw\spoof\kaggle_15_frame5.jpg,spoof,0
prepared_liveness_data\raw\spoof\kaggle_15_frame330.jpg,spoof,0
prepared_liveness_data\raw\spoof\kaggle_60_frame115.jpg,spoof,0
prepared_liveness_data\raw\real\kaggle_18_frame35.jpg,real,1
prepared_liveness_data\raw\spoof\kaggle_50_frame205.jpg,spoof,0
prepared_liveness_data\raw\spoof\kaggle_26_frame140.jpg,spoof,0
prepared_liveness_data\raw\real\kaggle_63_frame160.jpg,real,1
prepared_liveness_data\raw\spoof\kaggle_78_frame245.jpg,spoof,0
prepared_liveness_data\raw\spoof\kaggle_52_frame155.jpg,spoof,0
prepared_liveness_data\raw\real\kaggle_78_frame80.jpg,real,1
prepared_liveness_data\raw\real\kaggle_56_frame95.jpg,real,1
prepared_liveness_data\raw\spoof\kaggle_44_frame85.jpg,spoof,0
prepared_liveness_data\raw\spoof\kaggle_17_frame10.jpg,spoof,0
prepared_liveness_data\raw\spoof\kaggle_57_frame110.jpg,spoof,0
prepared_liveness_data\raw\spoof\kaggle_56_frame5.jpg,spoof,0
prepared_liveness_data\raw\real\kaggle_47_frame225.jpg,real,1
prepared_liveness_data\raw\real\kaggle_12_frame130.jpg,real,1
prepared_liveness_data\raw\real\kaggle_73_frame255.jpg,real,1
prepared_liveness_data\raw\real\kaggle_0_frame200.jpg,real,1
prepared_liveness_data\raw\real\kaggle_10_frame145.jpg,real,1
prepared_liveness_data\raw\real\kaggle_23_frame410.jpg,real,1
prepared_liveness_data\raw\spoof\kaggle_23_frame60.jpg,spoof,0
prepared_liveness_data\raw\real\kaggle_10_frame150.jpg,real,1
prepared_liveness_data\raw\real\kaggle_19_frame180.jpg,real,1
prepared_liveness_data\raw\spoof\kaggle_59_frame270.jpg,spoof,0
prepared_liveness_data\raw\spoof\kaggle_14_frame230.jpg,spoof,0
prepared_liveness_data\raw\spoof\kaggle_55_frame235.jpg,spoof,0
prepared_liveness_data\raw\spoof\kaggle_3_frame265.jpg,spoof,0
prepared_liveness_data\raw\spoof\kaggle_30_frame620.jpg,spoof,0
prepared_liveness_data\raw\spoof\kaggle_67_frame180.jpg,spoof,0
prepared_liveness_data\raw\real\kaggle_8_frame245.jpg,real,1
prepared_liveness_data\raw\real\kaggle_37_frame255.jpg,real,1
prepared_liveness_data\raw\spoof\kaggle_62_frame140.jpg,spoof,0
prepared_liveness_data\raw\real\kaggle_14_frame245.jpg,real,1
prepared_liveness_data\raw\spoof\kaggle_23_frame395.jpg,spoof,0
prepared_liveness_data\raw\real\kaggle_52_frame450.jpg,real,1
prepared_liveness_data\raw\real\kaggle_51_frame25.jpg,real,1
prepared_liveness_data\raw\spoof\kaggle_62_frame280.jpg,spoof,0
prepared_liveness_data\raw\spoof\kaggle_10_frame215.jpg,spoof,0
prepared_liveness_data\raw\spoof\kaggle_23_frame380.jpg,spoof,0
prepared_liveness_data\raw\spoof\kaggle_16_frame195.jpg,spoof,0
prepared_liveness_data\raw\real\kaggle_64_frame185.jpg,real,1
prepared_liveness_data\raw\real\kaggle_58_frame460.jpg,real,1
prepared_liveness_data\raw\real\kaggle_54_frame90.jpg,real,1
prepared_liveness_data\raw\real\kaggle_42_frame80.jpg,real,1
prepared_liveness_data\raw\real\kaggle_35_frame125.jpg,real,1
prepared_liveness_data\raw\real\kaggle_71_frame25.jpg,real,1
prepared_liveness_data\raw\spoof\kaggle_35_frame275.jpg,spoof,0
prepared_liveness_data\raw\spoof\kaggle_24_frame120.jpg,spoof,0
prepared_liveness_data\raw\real\kaggle_52_frame160.jpg,real,1
prepared_liveness_data\raw\real\kaggle_46_frame350.jpg,real,1
prepared_liveness_data\raw\real\kaggle_23_frame400.jpg,real,1
prepared_liveness_data\raw\spoof\kaggle_33_frame155.jpg,spoof,0
prepared_liveness_data\raw\spoof\kaggle_11_frame555.jpg,spoof,0
prepared_liveness_data\raw\real\kaggle_44_frame70.jpg,real,1
prepared_liveness_data\raw\real\kaggle_35_frame30.jpg,real,1
prepared_liveness_data\raw\spoof\kaggle_43_frame50.jpg,spoof,0
prepared_liveness_data\raw\spoof\kaggle_78_frame60.jpg,spoof,0
prepared_liveness_data\raw\spoof\kaggle_64_frame420.jpg,spoof,0
prepared_liveness_data\raw\spoof\kaggle_49_frame355.jpg,spoof,0
prepared_liveness_data\raw\real\kaggle_49_frame550.jpg,real,1
prepared_liveness_data\raw\spoof\kaggle_62_frame350.jpg,spoof,0
prepared_liveness_data\raw\real\kaggle_7_frame15.jpg,real,1
prepared_liveness_data\raw\spoof\kaggle_65_frame85.jpg,spoof,0
prepared_liveness_data\raw\real\kaggle_10_frame155.jpg,real,1
prepared_liveness_data\raw\spoof\kaggle_59_frame355.jpg,spoof,0
prepared_liveness_data\raw\spoof\kaggle_9_frame130.jpg,spoof,0
prepared_liveness_data\raw\spoof\kaggle_73_frame185.jpg,spoof,0
prepared_liveness_data\raw\real\kaggle_43_frame125.jpg,real,1
prepared_liveness_data\raw\real\kaggle_36_frame175.jpg,real,1
prepared_liveness_data\raw\real\kaggle_26_frame90.jpg,real,1
prepared_liveness_data\raw\real\kaggle_78_frame0.jpg,real,1
prepared_liveness_data\raw\spoof\kaggle_46_frame90.jpg,spoof,0
prepared_liveness_data\raw\real\kaggle_4_frame60.jpg,real,1
prepared_liveness_data\raw\real\kaggle_9_frame255.jpg,real,1
prepared_liveness_data\raw\real\kaggle_23_frame245.jpg,real,1
prepared_liveness_data\raw\real\kaggle_69_frame180.jpg,real,1
prepared_liveness_data\raw\real\kaggle_69_frame5.jpg,real,1
prepared_liveness_data\raw\real\kaggle_69_frame195.jpg,real,1
prepared_liveness_data\raw\real\kaggle_77_frame120.jpg,real,1
prepared_liveness_data\raw\real\kaggle_58_frame310.jpg,real,1
prepared_liveness_data\raw\spoof\kaggle_69_frame90.jpg,spoof,0
prepared_liveness_data\raw\real\kaggle_25_frame160.jpg,real,1
prepared_liveness_data\raw\spoof\kaggle_51_frame190.jpg,spoof,0
prepared_liveness_data\raw\spoof\kaggle_58_frame370.jpg,spoof,0
prepared_liveness_data\raw\real\kaggle_49_frame350.jpg,real,1
prepared_liveness_data\raw\spoof\kaggle_4_frame235.jpg,spoof,0
prepared_liveness_data\raw\real\kaggle_49_frame540.jpg,real,1
prepared_liveness_data\raw\real\kaggle_71_frame45.jpg,real,1
prepared_liveness_data\raw\spoof\kaggle_26_frame185.jpg,spoof,0
prepared_liveness_data\raw\spoof\kaggle_68_frame395.jpg,spoof,0
prepared_liveness_data\raw\real\kaggle_75_frame115.jpg,real,1
prepared_liveness_data\raw\spoof\kaggle_19_frame235.jpg,spoof,0
prepared_liveness_data\raw\spoof\kaggle_53_frame250.jpg,spoof,0
prepared_liveness_data\raw\real\kaggle_44_frame80.jpg,real,1
prepared_liveness_data\raw\spoof\kaggle_0_frame245.jpg,spoof,0
prepared_liveness_data\raw\real\kaggle_12_frame400.jpg,real,1
prepared_liveness_data\raw\spoof\kaggle_74_frame340.jpg,spoof,0
prepared_liveness_data\raw\spoof\kaggle_10_frame180.jpg,spoof,0
prepared_liveness_data\raw\real\kaggle_53_frame260.jpg,real,1
prepared_liveness_data\raw\spoof\kaggle_43_frame25.jpg,spoof,0
prepared_liveness_data\raw\real\kaggle_12_frame530.jpg,real,1
prepared_liveness_data\raw\spoof\kaggle_72_frame160.jpg,spoof,0
prepared_liveness_data\raw\spoof\kaggle_43_frame160.jpg,spoof,0
prepared_liveness_data\raw\spoof\kaggle_46_frame260.jpg,spoof,0
prepared_liveness_data\raw\spoof\kaggle_2_frame320.jpg,spoof,0
prepared_liveness_data\raw\real\kaggle_46_frame385.jpg,real,1
prepared_liveness_data\raw\real\kaggle_58_frame20.jpg,real,1
prepared_liveness_data\raw\spoof\kaggle_44_frame75.jpg,spoof,0
prepared_liveness_data\raw\real\kaggle_69_frame220.jpg,real,1
prepared_liveness_data\raw\spoof\kaggle_41_frame185.jpg,spoof,0
prepared_liveness_data\raw\real\kaggle_0_frame15.jpg,real,1
prepared_liveness_data\raw\spoof\kaggle_43_frame315.jpg,spoof,0
prepared_liveness_data\raw\real\kaggle_14_frame220.jpg,real,1
prepared_liveness_data\raw\real\kaggle_17_frame85.jpg,real,1
prepared_liveness_data\raw\real\kaggle_2_frame85.jpg,real,1
prepared_liveness_data\raw\real\kaggle_47_frame245.jpg,real,1
prepared_liveness_data\raw\real\kaggle_0_frame65.jpg,real,1
prepared_liveness_data\raw\real\kaggle_76_frame15.jpg,real,1
prepared_liveness_data\raw\spoof\kaggle_58_frame65.jpg,spoof,0
prepared_liveness_data\raw\spoof\kaggle_25_frame160.jpg,spoof,0
prepared_liveness_data\raw\real\kaggle_23_frame205.jpg,real,1
prepared_liveness_data\raw\spoof\kaggle_1_frame195.jpg,spoof,0
prepared_liveness_data\raw\real\kaggle_78_frame95.jpg,real,1
prepared_liveness_data\raw\spoof\kaggle_47_frame340.jpg,spoof,0
prepared_liveness_data\raw\spoof\kaggle_31_frame15.jpg,spoof,0
prepared_liveness_data\raw\real\kaggle_72_frame60.jpg,real,1
prepared_liveness_data\raw\spoof\kaggle_69_frame75.jpg,spoof,0
prepared_liveness_data\raw\spoof\kaggle_18_frame360.jpg,spoof,0
prepared_liveness_data\raw\spoof\kaggle_38_frame185.jpg,spoof,0
prepared_liveness_data\raw\spoof\kaggle_7_frame115.jpg,spoof,0
prepared_liveness_data\raw\spoof\kaggle_76_frame295.jpg,spoof,0
prepared_liveness_data\raw\real\kaggle_67_frame105.jpg,real,1
prepared_liveness_data\raw\real\kaggle_23_frame40.jpg,real,1
prepared_liveness_data\raw\spoof\kaggle_73_frame100.jpg,spoof,0
prepared_liveness_data\raw\real\kaggle_23_frame195.jpg,real,1
prepared_liveness_data\raw\spoof\kaggle_20_frame270.jpg,spoof,0
prepared_liveness_data\raw\spoof\kaggle_77_frame180.jpg,spoof,0
prepared_liveness_data\raw\real\kaggle_58_frame565.jpg,real,1
prepared_liveness_data\raw\spoof\kaggle_2_frame115.jpg,spoof,0
prepared_liveness_data\raw\real\kaggle_69_frame160.jpg,real,1
prepared_liveness_data\raw\spoof\kaggle_59_frame190.jpg,spoof,0
prepared_liveness_data\raw\real\kaggle_58_frame520.jpg,real,1
prepared_liveness_data\raw\real\kaggle_69_frame0.jpg,real,1
prepared_liveness_data\raw\spoof\kaggle_65_frame285.jpg,spoof,0
prepared_liveness_data\raw\real\kaggle_12_frame175.jpg,real,1
prepared_liveness_data\raw\spoof\kaggle_44_frame300.jpg,spoof,0
prepared_liveness_data\raw\spoof\kaggle_48_frame180.jpg,spoof,0
prepared_liveness_data\raw\spoof\kaggle_47_frame275.jpg,spoof,0
prepared_liveness_data\raw\spoof\kaggle_33_frame150.jpg,spoof,0
prepared_liveness_data\raw\real\kaggle_70_frame195.jpg,real,1
prepared_liveness_data\raw\spoof\kaggle_50_frame150.jpg,spoof,0
prepared_liveness_data\raw\real\kaggle_34_frame315.jpg,real,1
prepared_liveness_data\raw\spoof\kaggle_46_frame360.jpg,spoof,0
prepared_liveness_data\raw\real\kaggle_78_frame75.jpg,real,1
prepared_liveness_data\raw\spoof\kaggle_27_frame150.jpg,spoof,0
prepared_liveness_data\raw\real\kaggle_23_frame440.jpg,real,1
prepared_liveness_data\raw\spoof\kaggle_23_frame215.jpg,spoof,0
prepared_liveness_data\raw\spoof\kaggle_77_frame30.jpg,spoof,0
prepared_liveness_data\raw\spoof\kaggle_7_frame305.jpg,spoof,0
prepared_liveness_data\raw\real\kaggle_58_frame330.jpg,real,1
prepared_liveness_data\raw\spoof\kaggle_30_frame375.jpg,spoof,0
prepared_liveness_data\raw\spoof\kaggle_46_frame270.jpg,spoof,0
prepared_liveness_data\raw\real\kaggle_14_frame140.jpg,real,1
prepared_liveness_data\raw\real\kaggle_48_frame230.jpg,real,1
prepared_liveness_data\raw\real\kaggle_33_frame30.jpg,real,1
prepared_liveness_data\raw\real\kaggle_47_frame170.jpg,real,1
prepared_liveness_data\raw\spoof\kaggle_71_frame225.jpg,spoof,0
prepared_liveness_data\raw\spoof\kaggle_32_frame85.jpg,spoof,0
prepared_liveness_data\raw\real\kaggle_37_frame15.jpg,real,1
prepared_liveness_data\raw\spoof\kaggle_52_frame270.jpg,spoof,0
prepared_liveness_data\raw\spoof\kaggle_40_frame175.jpg,spoof,0
prepared_liveness_data\raw\real\kaggle_61_frame390.jpg,real,1
prepared_liveness_data\raw\real\kaggle_39_frame0.jpg,real,1
prepared_liveness_data\raw\real\kaggle_46_frame210.jpg,real,1
prepared_liveness_data\raw\real\kaggle_65_frame265.jpg,real,1
prepared_liveness_data\raw\real\kaggle_52_frame400.jpg,real,1
prepared_liveness_data\raw\spoof\kaggle_10_frame130.jpg,spoof,0
prepared_liveness_data\raw\real\kaggle_75_frame620.jpg,real,1
prepared_liveness_data\raw\real\kaggle_12_frame120.jpg,real,1
prepared_liveness_data\raw\spoof\kaggle_79_frame175.jpg,spoof,0
prepared_liveness_data\raw\real\kaggle_58_frame360.jpg,real,1
prepared_liveness_data\raw\real\kaggle_66_frame230.jpg,real,1
prepared_liveness_data\raw\spoof\kaggle_36_frame205.jpg,spoof,0
prepared_liveness_data\raw\spoof\kaggle_31_frame140.jpg,spoof,0
prepared_liveness_data\raw\real\kaggle_44_frame185.jpg,real,1
prepared_liveness_data\raw\real\kaggle_12_frame325.jpg,real,1
prepared_liveness_data\raw\real\kaggle_65_frame5.jpg,real,1
prepared_liveness_data\raw\spoof\kaggle_49_frame760.jpg,spoof,0
prepared_liveness_data\raw\spoof\kaggle_51_frame20.jpg,spoof,0
prepared_liveness_data\raw\real\kaggle_66_frame185.jpg,real,1
prepared_liveness_data\raw\spoof\kaggle_74_frame325.jpg,spoof,0
prepared_liveness_data\raw\real\kaggle_23_frame115.jpg,real,1
prepared_liveness_data\raw\spoof\kaggle_79_frame225.jpg,spoof,0
prepared_liveness_data\raw\spoof\kaggle_65_frame265.jpg,spoof,0
prepared_liveness_data\raw\spoof\kaggle_76_frame135.jpg,spoof,0
prepared_liveness_data\raw\spoof\kaggle_78_frame140.jpg,spoof,0
prepared_liveness_data\raw\spoof\kaggle_19_frame160.jpg,spoof,0
prepared_liveness_data\raw\real\kaggle_40_frame110.jpg,real,1
prepared_liveness_data\raw\real\kaggle_7_frame75.jpg,real,1
prepared_liveness_data\raw\real\kaggle_8_frame120.jpg,real,1
prepared_liveness_data\raw\spoof\kaggle_50_frame350.jpg,spoof,0
prepared_liveness_data\raw\spoof\kaggle_49_frame635.jpg,spoof,0
prepared_liveness_data\raw\spoof\kaggle_64_frame345.jpg,spoof,0
prepared_liveness_data\raw\real\kaggle_77_frame280.jpg,real,1
prepared_liveness_data\raw\real\kaggle_64_frame170.jpg,real,1
prepared_liveness_data\raw\spoof\kaggle_28_frame455.jpg,spoof,0
prepared_liveness_data\raw\spoof\kaggle_28_frame360.jpg,spoof,0
prepared_liveness_data\raw\real\kaggle_48_frame110.jpg,real,1
prepared_liveness_data\raw\real\kaggle_68_frame30.jpg,real,1
prepared_liveness_data\raw\spoof\kaggle_2_frame360.jpg,spoof,0
prepared_liveness_data\raw\real\kaggle_53_frame135.jpg,real,1
prepared_liveness_data\raw\spoof\kaggle_72_frame120.jpg,spoof,0
prepared_liveness_data\raw\spoof\kaggle_54_frame100.jpg,spoof,0
prepared_liveness_data\raw\spoof\kaggle_36_frame55.jpg,spoof,0
prepared_liveness_data\raw\real\kaggle_23_frame340.jpg,real,1
prepared_liveness_data\raw\spoof\kaggle_48_frame160.jpg,spoof,0
prepared_liveness_data\raw\real\kaggle_2_frame205.jpg,real,1
prepared_liveness_data\raw\real\kaggle_53_frame5.jpg,real,1
prepared_liveness_data\raw\real\kaggle_26_frame125.jpg,real,1
prepared_liveness_data\raw\real\kaggle_52_frame305.jpg,real,1
prepared_liveness_data\raw\spoof\kaggle_46_frame485.jpg,spoof,0
prepared_liveness_data\raw\spoof\kaggle_61_frame355.jpg,spoof,0
prepared_liveness_data\raw\spoof\kaggle_48_frame220.jpg,spoof,0
prepared_liveness_data\raw\spoof\kaggle_5_frame145.jpg,spoof,0
prepared_liveness_data\raw\spoof\kaggle_14_frame160.jpg,spoof,0
prepared_liveness_data\raw\spoof\kaggle_52_frame305.jpg,spoof,0
prepared_liveness_data\raw\spoof\kaggle_21_frame300.jpg,spoof,0
prepared_liveness_data\raw\real\kaggle_48_frame60.jpg,real,1
prepared_liveness_data\raw\spoof\kaggle_49_frame95.jpg,spoof,0
prepared_liveness_data\raw\spoof\kaggle_68_frame255.jpg,spoof,0
prepared_liveness_data\raw\real\kaggle_1_frame135.jpg,real,1
prepared_liveness_data\raw\real\kaggle_56_frame110.jpg,real,1
prepared_liveness_data\raw\spoof\kaggle_14_frame370.jpg,spoof,0
prepared_liveness_data\raw\spoof\kaggle_47_frame190.jpg,spoof,0
prepared_liveness_data\raw\real\kaggle_29_frame155.jpg,real,1
prepared_liveness_data\raw\real\kaggle_15_frame0.jpg,real,1
prepared_liveness_data\raw\spoof\kaggle_44_frame155.jpg,spoof,0
prepared_liveness_data\raw\spoof\kaggle_10_frame80.jpg,spoof,0
prepared_liveness_data\raw\spoof\kaggle_25_frame275.jpg,spoof,0
prepared_liveness_data\raw\real\kaggle_77_frame370.jpg,real,1
prepared_liveness_data\raw\real\kaggle_50_frame95.jpg,real,1
prepared_liveness_data\raw\real\kaggle_37_frame110.jpg,real,1
prepared_liveness_data\raw\spoof\kaggle_29_frame110.jpg,spoof,0
prepared_liveness_data\raw\real\kaggle_73_frame35.jpg,real,1
prepared_liveness_data\raw\spoof\kaggle_57_frame290.jpg,spoof,0
prepared_liveness_data\raw\real\kaggle_56_frame80.jpg,real,1
prepared_liveness_data\raw\spoof\kaggle_21_frame355.jpg,spoof,0
prepared_liveness_data\raw\real\kaggle_65_frame85.jpg,real,1
prepared_liveness_data\raw\spoof\kaggle_10_frame55.jpg,spoof,0
prepared_liveness_data\raw\real\kaggle_57_frame225.jpg,real,1
prepared_liveness_data\raw\spoof\kaggle_3_frame65.jpg,spoof,0
prepared_liveness_data\raw\spoof\kaggle_35_frame185.jpg,spoof,0
prepared_liveness_data\raw\real\kaggle_0_frame360.jpg,real,1
prepared_liveness_data\raw\real\kaggle_14_frame165.jpg,real,1
prepared_liveness_data\raw\real\kaggle_11_frame150.jpg,real,1
prepared_liveness_data\raw\spoof\kaggle_62_frame55.jpg,spoof,0
prepared_liveness_data\raw\real\kaggle_23_frame265.jpg,real,1
prepared_liveness_data\raw\real\kaggle_75_frame225.jpg,real,1
prepared_liveness_data\raw\real\kaggle_62_frame290.jpg,real,1
prepared_liveness_data\raw\spoof\kaggle_7_frame180.jpg,spoof,0
prepared_liveness_data\raw\real\kaggle_45_frame30.jpg,real,1
prepared_liveness_data\raw\spoof\kaggle_30_frame595.jpg,spoof,0
prepared_liveness_data\raw\real\kaggle_46_frame130.jpg,real,1
prepared_liveness_data\raw\real\kaggle_20_frame200.jpg,real,1
prepared_liveness_data\raw\spoof\kaggle_78_frame45.jpg,spoof,0
prepared_liveness_data\raw\real\kaggle_51_frame75.jpg,real,1
prepared_liveness_data\raw\spoof\kaggle_12_frame120.jpg,spoof,0
prepared_liveness_data\raw\spoof\kaggle_18_frame155.jpg,spoof,0
prepared_liveness_data\raw\spoof\kaggle_27_frame75.jpg,spoof,0
prepared_liveness_data\raw\spoof\kaggle_52_frame230.jpg,spoof,0
prepared_liveness_data\raw\real\kaggle_5_frame100.jpg,real,1
prepared_liveness_data\raw\spoof\kaggle_53_frame335.jpg,spoof,0
prepared_liveness_data\raw\real\kaggle_46_frame295.jpg,real,1
prepared_liveness_data\raw\spoof\kaggle_22_frame150.jpg,spoof,0
prepared_liveness_data\raw\real\kaggle_41_frame140.jpg,real,1
prepared_liveness_data\raw\spoof\kaggle_76_frame290.jpg,spoof,0
prepared_liveness_data\raw\spoof\kaggle_55_frame315.jpg,spoof,0
prepared_liveness_data\raw\real\kaggle_32_frame110.jpg,real,1
prepared_liveness_data\raw\spoof\kaggle_41_frame5.jpg,spoof,0
prepared_liveness_data\raw\spoof\kaggle_11_frame525.jpg,spoof,0
prepared_liveness_data\raw\spoof\kaggle_72_frame90.jpg,spoof,0
prepared_liveness_data\raw\spoof\kaggle_18_frame315.jpg,spoof,0
prepared_liveness_data\raw\real\kaggle_68_frame285.jpg,real,1
prepared_liveness_data\raw\spoof\kaggle_44_frame70.jpg,spoof,0
prepared_liveness_data\raw\real\kaggle_34_frame110.jpg,real,1
prepared_liveness_data\raw\real\kaggle_58_frame665.jpg,real,1
prepared_liveness_data\raw\spoof\kaggle_51_frame40.jpg,spoof,0
prepared_liveness_data\raw\real\kaggle_1_frame245.jpg,real,1
prepared_liveness_data\raw\real\kaggle_58_frame5.jpg,real,1
prepared_liveness_data\raw\spoof\kaggle_73_frame60.jpg,spoof,0
prepared_liveness_data\raw\real\kaggle_60_frame90.jpg,real,1
prepared_liveness_data\raw\spoof\kaggle_43_frame420.jpg,spoof,0
prepared_liveness_data\raw\spoof\kaggle_75_frame505.jpg,spoof,0
prepared_liveness_data\raw\spoof\kaggle_8_frame100.jpg,spoof,0
prepared_liveness_data\raw\real\kaggle_35_frame110.jpg,real,1
prepared_liveness_data\raw\real\kaggle_15_frame95.jpg,real,1
prepared_liveness_data\raw\spoof\kaggle_74_frame520.jpg,spoof,0
prepared_liveness_data\raw\real\kaggle_37_frame20.jpg,real,1
prepared_liveness_data\raw\spoof\kaggle_10_frame60.jpg,spoof,0
prepared_liveness_data\raw\spoof\kaggle_0_frame465.jpg,spoof,0
prepared_liveness_data\raw\spoof\kaggle_19_frame275.jpg,spoof,0
prepared_liveness_data\raw\real\kaggle_63_frame50.jpg,real,1
prepared_liveness_data\raw\spoof\kaggle_7_frame320.jpg,spoof,0
prepared_liveness_data\raw\real\kaggle_10_frame75.jpg,real,1
prepared_liveness_data\raw\spoof\kaggle_77_frame450.jpg,spoof,0
prepared_liveness_data\raw\real\kaggle_65_frame455.jpg,real,1
prepared_liveness_data\raw\real\kaggle_27_frame65.jpg,real,1
prepared_liveness_data\raw\real\kaggle_75_frame540.jpg,real,1
prepared_liveness_data\raw\real\kaggle_28_frame255.jpg,real,1
prepared_liveness_data\raw\spoof\kaggle_79_frame100.jpg,spoof,0
prepared_liveness_data\raw\real\kaggle_28_frame90.jpg,real,1
prepared_liveness_data\raw\spoof\kaggle_11_frame390.jpg,spoof,0
prepared_liveness_data\raw\real\kaggle_12_frame70.jpg,real,1
prepared_liveness_data\raw\real\kaggle_9_frame270.jpg,real,1
prepared_liveness_data\raw\real\kaggle_31_frame115.jpg,real,1
prepared_liveness_data\raw\spoof\kaggle_33_frame180.jpg,spoof,0
prepared_liveness_data\raw\real\kaggle_49_frame195.jpg,real,1
prepared_liveness_data\raw\real\kaggle_59_frame175.jpg,real,1
prepared_liveness_data\raw\real\kaggle_13_frame20.jpg,real,1
prepared_liveness_data\raw\real\kaggle_14_frame0.jpg,real,1
prepared_liveness_data\raw\spoof\kaggle_14_frame240.jpg,spoof,0
prepared_liveness_data\raw\real\kaggle_70_frame65.jpg,real,1
prepared_liveness_data\raw\real\kaggle_70_frame320.jpg,real,1
prepared_liveness_data\raw\spoof\kaggle_46_frame315.jpg,spoof,0
prepared_liveness_data\raw\real\kaggle_47_frame410.jpg,real,1
prepared_liveness_data\raw\real\kaggle_46_frame390.jpg,real,1
prepared_liveness_data\raw\spoof\kaggle_78_frame25.jpg,spoof,0
prepared_liveness_data\raw\spoof\kaggle_67_frame130.jpg,spoof,0
prepared_liveness_data\raw\spoof\kaggle_57_frame105.jpg,spoof,0
prepared_liveness_data\raw\spoof\kaggle_34_frame25.jpg,spoof,0
prepared_liveness_data\raw\spoof\kaggle_18_frame320.jpg,spoof,0
prepared_liveness_data\raw\spoof\kaggle_79_frame185.jpg,spoof,0
prepared_liveness_data\raw\spoof\kaggle_52_frame370.jpg,spoof,0
prepared_liveness_data\raw\spoof\kaggle_60_frame130.jpg,spoof,0
prepared_liveness_data\raw\spoof\kaggle_55_frame150.jpg,spoof,0
prepared_liveness_data\raw\real\kaggle_62_frame250.jpg,real,1
prepared_liveness_data\raw\spoof\kaggle_72_frame155.jpg,spoof,0
prepared_liveness_data\raw\spoof\kaggle_69_frame65.jpg,spoof,0
prepared_liveness_data\raw\real\kaggle_51_frame180.jpg,real,1
prepared_liveness_data\raw\real\kaggle_3_frame150.jpg,real,1
prepared_liveness_data\raw\real\kaggle_69_frame205.jpg,real,1
prepared_liveness_data\raw\real\kaggle_56_frame10.jpg,real,1
prepared_liveness_data\raw\real\kaggle_64_frame195.jpg,real,1
prepared_liveness_data\raw\real\kaggle_68_frame115.jpg,real,1
prepared_liveness_data\raw\spoof\kaggle_53_frame95.jpg,spoof,0
prepared_liveness_data\raw\real\kaggle_68_frame205.jpg,real,1
prepared_liveness_data\raw\spoof\kaggle_31_frame110.jpg,spoof,0
prepared_liveness_data\raw\spoof\kaggle_49_frame735.jpg,spoof,0
prepared_liveness_data\raw\real\kaggle_37_frame45.jpg,real,1
prepared_liveness_data\raw\spoof\kaggle_12_frame510.jpg,spoof,0
prepared_liveness_data\raw\spoof\kaggle_25_frame50.jpg,spoof,0
prepared_liveness_data\raw\spoof\kaggle_26_frame20.jpg,spoof,0
prepared_liveness_data\raw\spoof\kaggle_0_frame425.jpg,spoof,0
prepared_liveness_data\raw\spoof\kaggle_20_frame60.jpg,spoof,0
prepared_liveness_data\raw\real\kaggle_2_frame100.jpg,real,1
prepared_liveness_data\raw\spoof\kaggle_46_frame80.jpg,spoof,0
prepared_liveness_data\raw\spoof\kaggle_43_frame70.jpg,spoof,0
prepared_liveness_data\raw\spoof\kaggle_55_frame295.jpg,spoof,0
prepared_liveness_data\raw\spoof\kaggle_72_frame295.jpg,spoof,0
prepared_liveness_data\raw\real\kaggle_41_frame70.jpg,real,1
prepared_liveness_data\raw\spoof\kaggle_25_frame180.jpg,spoof,0
prepared_liveness_data\raw\spoof\kaggle_79_frame210.jpg,spoof,0
prepared_liveness_data\raw\spoof\kaggle_78_frame200.jpg,spoof,0
prepared_liveness_data\raw\spoof\kaggle_76_frame30.jpg,spoof,0
prepared_liveness_data\raw\spoof\kaggle_17_frame35.jpg,spoof,0
prepared_liveness_data\raw\real\kaggle_65_frame145.jpg,real,1
prepared_liveness_data\raw\spoof\kaggle_71_frame365.jpg,spoof,0
prepared_liveness_data\raw\spoof\kaggle_46_frame40.jpg,spoof,0
prepared_liveness_data\raw\spoof\kaggle_62_frame305.jpg,spoof,0
prepared_liveness_data\raw\spoof\kaggle_72_frame95.jpg,spoof,0
prepared_liveness_data\raw\spoof\kaggle_39_frame115.jpg,spoof,0
prepared_liveness_data\raw\spoof\kaggle_66_frame80.jpg,spoof,0
prepared_liveness_data\raw\real\kaggle_8_frame95.jpg,real,1
prepared_liveness_data\raw\spoof\kaggle_58_frame155.jpg,spoof,0
prepared_liveness_data\raw\real\kaggle_57_frame75.jpg,real,1
prepared_liveness_data\raw\spoof\kaggle_47_frame200.jpg,spoof,0
prepared_liveness_data\raw\spoof\kaggle_20_frame165.jpg,spoof,0
prepared_liveness_data\raw\spoof\kaggle_16_frame65.jpg,spoof,0
prepared_liveness_data\raw\real\kaggle_44_frame0.jpg,real,1
prepared_liveness_data\raw\spoof\kaggle_5_frame270.jpg,spoof,0
prepared_liveness_data\raw\spoof\kaggle_12_frame90.jpg,spoof,0
prepared_liveness_data\raw\real\kaggle_63_frame200.jpg,real,1
prepared_liveness_data\raw\spoof\kaggle_11_frame405.jpg,spoof,0
prepared_liveness_data\raw\real\kaggle_15_frame45.jpg,real,1
prepared_liveness_data\raw\real\kaggle_1_frame45.jpg,real,1
prepared_liveness_data\raw\real\kaggle_65_frame285.jpg,real,1
prepared_liveness_data\raw\spoof\kaggle_1_frame235.jpg,spoof,0
prepared_liveness_data\raw\real\kaggle_52_frame370.jpg,real,1
prepared_liveness_data\raw\spoof\kaggle_75_frame170.jpg,spoof,0
prepared_liveness_data\raw\spoof\kaggle_61_frame5.jpg,spoof,0
prepared_liveness_data\raw\spoof\kaggle_49_frame695.jpg,spoof,0
prepared_liveness_data\raw\spoof\kaggle_50_frame95.jpg,spoof,0
prepared_liveness_data\raw\real\kaggle_15_frame205.jpg,real,1
prepared_liveness_data\raw\spoof\kaggle_22_frame40.jpg,spoof,0
prepared_liveness_data\raw\spoof\kaggle_62_frame315.jpg,spoof,0
prepared_liveness_data\raw\real\kaggle_12_frame405.jpg,real,1
prepared_liveness_data\raw\spoof\kaggle_75_frame285.jpg,spoof,0
prepared_liveness_data\raw\spoof\kaggle_10_frame155.jpg,spoof,0
prepared_liveness_data\raw\real\kaggle_72_frame290.jpg,real,1
prepared_liveness_data\raw\real\kaggle_58_frame585.jpg,real,1
prepared_liveness_data\raw\real\kaggle_41_frame190.jpg,real,1
prepared_liveness_data\raw\real\kaggle_65_frame240.jpg,real,1
prepared_liveness_data\raw\real\kaggle_11_frame135.jpg,real,1
prepared_liveness_data\raw\spoof\kaggle_15_frame40.jpg,spoof,0
prepared_liveness_data\raw\spoof\kaggle_60_frame195.jpg,spoof,0
prepared_liveness_data\raw\spoof\kaggle_0_frame60.jpg,spoof,0
prepared_liveness_data\raw\real\kaggle_50_frame145.jpg,real,1
prepared_liveness_data\raw\real\kaggle_78_frame260.jpg,real,1
prepared_liveness_data\raw\spoof\kaggle_16_frame175.jpg,spoof,0
prepared_liveness_data\raw\real\kaggle_65_frame180.jpg,real,1
prepared_liveness_data\raw\spoof\kaggle_66_frame5.jpg,spoof,0
prepared_liveness_data\raw\real\kaggle_20_frame140.jpg,real,1
prepared_liveness_data\raw\real\kaggle_35_frame420.jpg,real,1
prepared_liveness_data\raw\real\kaggle_41_frame40.jpg,real,1
prepared_liveness_data\raw\real\kaggle_53_frame265.jpg,real,1
prepared_liveness_data\raw\real\kaggle_72_frame350.jpg,real,1
prepared_liveness_data\raw\spoof\kaggle_7_frame230.jpg,spoof,0
prepared_liveness_data\raw\real\kaggle_35_frame60.jpg,real,1
prepared_liveness_data\raw\real\kaggle_74_frame155.jpg,real,1
prepared_liveness_data\raw\spoof\kaggle_25_frame420.jpg,spoof,0
prepared_liveness_data\raw\real\kaggle_46_frame30.jpg,real,1
prepared_liveness_data\raw\real\kaggle_76_frame250.jpg,real,1
prepared_liveness_data\raw\real\kaggle_66_frame160.jpg,real,1
prepared_liveness_data\raw\real\kaggle_72_frame130.jpg,real,1
prepared_liveness_data\raw\real\kaggle_31_frame190.jpg,real,1
prepared_liveness_data\raw\spoof\kaggle_53_frame295.jpg,spoof,0
prepared_liveness_data\raw\real\kaggle_5_frame65.jpg,real,1
prepared_liveness_data\raw\real\kaggle_31_frame85.jpg,real,1
prepared_liveness_data\raw\real\kaggle_35_frame35.jpg,real,1
prepared_liveness_data\raw\real\kaggle_6_frame140.jpg,real,1
prepared_liveness_data\raw\spoof\kaggle_43_frame320.jpg,spoof,0
prepared_liveness_data\raw\spoof\kaggle_60_frame190.jpg,spoof,0
prepared_liveness_data\raw\spoof\kaggle_55_frame515.jpg,spoof,0
prepared_liveness_data\raw\real\kaggle_49_frame480.jpg,real,1
prepared_liveness_data\raw\real\kaggle_35_frame205.jpg,real,1
prepared_liveness_data\raw\spoof\kaggle_36_frame265.jpg,spoof,0
prepared_liveness_data\raw\real\kaggle_45_frame135.jpg,real,1
prepared_liveness_data\raw\spoof\kaggle_3_frame170.jpg,spoof,0
prepared_liveness_data\raw\real\kaggle_48_frame210.jpg,real,1
prepared_liveness_data\raw\spoof\kaggle_44_frame135.jpg,spoof,0
prepared_liveness_data\raw\real\kaggle_49_frame70.jpg,real,1
prepared_liveness_data\raw\spoof\kaggle_74_frame10.jpg,spoof,0
prepared_liveness_data\raw\spoof\kaggle_3_frame250.jpg,spoof,0
prepared_liveness_data\raw\spoof\kaggle_34_frame160.jpg,spoof,0
prepared_liveness_data\raw\spoof\kaggle_46_frame25.jpg,spoof,0
prepared_liveness_data\raw\real\kaggle_63_frame130.jpg,real,1
prepared_liveness_data\raw\real\kaggle_22_frame90.jpg,real,1
prepared_liveness_data\raw\spoof\kaggle_74_frame80.jpg,spoof,0
prepared_liveness_data\raw\spoof\kaggle_3_frame240.jpg,spoof,0
prepared_liveness_data\raw\spoof\kaggle_73_frame295.jpg,spoof,0
prepared_liveness_data\raw\spoof\kaggle_11_frame575.jpg,spoof,0
prepared_liveness_data\raw\real\kaggle_66_frame180.jpg,real,1
prepared_liveness_data\raw\spoof\kaggle_1_frame320.jpg,spoof,0
prepared_liveness_data\raw\spoof\kaggle_25_frame365.jpg,spoof,0
prepared_liveness_data\raw\spoof\kaggle_70_frame355.jpg,spoof,0
prepared_liveness_data\raw\spoof\kaggle_73_frame25.jpg,spoof,0
prepared_liveness_data\raw\real\kaggle_34_frame135.jpg,real,1
prepared_liveness_data\raw\real\kaggle_4_frame35.jpg,real,1
prepared_liveness_data\raw\real\kaggle_59_frame115.jpg,real,1
prepared_liveness_data\raw\spoof\kaggle_24_frame115.jpg,spoof,0
prepared_liveness_data\raw\real\kaggle_25_frame60.jpg,real,1
prepared_liveness_data\raw\real\kaggle_75_frame485.jpg,real,1
prepared_liveness_data\raw\spoof\kaggle_21_frame200.jpg,spoof,0
prepared_liveness_data\raw\spoof\kaggle_25_frame95.jpg,spoof,0
prepared_liveness_data\raw\spoof\kaggle_70_frame290.jpg,spoof,0
prepared_liveness_data\raw\spoof\kaggle_49_frame175.jpg,spoof,0
prepared_liveness_data\raw\spoof\kaggle_15_frame195.jpg,spoof,0
prepared_liveness_data\raw\spoof\kaggle_13_frame35.jpg,spoof,0
prepared_liveness_data\raw\real\kaggle_15_frame190.jpg,real,1
prepared_liveness_data\raw\real\kaggle_65_frame235.jpg,real,1
prepared_liveness_data\raw\spoof\kaggle_42_frame25.jpg,spoof,0
prepared_liveness_data\raw\spoof\kaggle_53_frame75.jpg,spoof,0
prepared_liveness_data\raw\spoof\kaggle_22_frame25.jpg,spoof,0
prepared_liveness_data\raw\real\kaggle_22_frame65.jpg,real,1
prepared_liveness_data\raw\real\kaggle_52_frame125.jpg,real,1
prepared_liveness_data\raw\spoof\kaggle_5_frame365.jpg,spoof,0
prepared_liveness_data\raw\real\kaggle_55_frame15.jpg,real,1
prepared_liveness_data\raw\spoof\kaggle_50_frame125.jpg,spoof,0
prepared_liveness_data\raw\spoof\kaggle_65_frame180.jpg,spoof,0
prepared_liveness_data\raw\real\kaggle_57_frame135.jpg,real,1
prepared_liveness_data\raw\spoof\kaggle_72_frame265.jpg,spoof,0
prepared_liveness_data\raw\real\kaggle_12_frame100.jpg,real,1
prepared_liveness_data\raw\spoof\kaggle_55_frame190.jpg,spoof,0
prepared_liveness_data\raw\real\kaggle_32_frame65.jpg,real,1
prepared_liveness_data\raw\real\kaggle_24_frame50.jpg,real,1
prepared_liveness_data\raw\spoof\kaggle_33_frame190.jpg,spoof,0
prepared_liveness_data\raw\real\kaggle_30_frame70.jpg,real,1
prepared_liveness_data\raw\real\kaggle_57_frame355.jpg,real,1
prepared_liveness_data\raw\spoof\kaggle_75_frame445.jpg,spoof,0
prepared_liveness_data\raw\spoof\kaggle_65_frame340.jpg,spoof,0
prepared_liveness_data\raw\spoof\kaggle_59_frame425.jpg,spoof,0
prepared_liveness_data\raw\spoof\kaggle_42_frame215.jpg,spoof,0
prepared_liveness_data\raw\spoof\kaggle_38_frame310.jpg,spoof,0
prepared_liveness_data\raw\spoof\kaggle_56_frame45.jpg,spoof,0
prepared_liveness_data\raw\spoof\kaggle_0_frame230.jpg,spoof,0
prepared_liveness_data\raw\real\kaggle_21_frame300.jpg,real,1
prepared_liveness_data\raw\real\kaggle_64_frame165.jpg,real,1
prepared_liveness_data\raw\spoof\kaggle_12_frame440.jpg,spoof,0
prepared_liveness_data\raw\spoof\kaggle_15_frame85.jpg,spoof,0
prepared_liveness_data\raw\real\kaggle_23_frame100.jpg,real,1
prepared_liveness_data\raw\spoof\kaggle_77_frame355.jpg,spoof,0
prepared_liveness_data\raw\spoof\kaggle_37_frame180.jpg,spoof,0
prepared_liveness_data\raw\spoof\kaggle_33_frame115.jpg,spoof,0
prepared_liveness_data\raw\spoof\kaggle_44_frame280.jpg,spoof,0
prepared_liveness_data\raw\spoof\kaggle_3_frame260.jpg,spoof,0
prepared_liveness_data\raw\spoof\kaggle_49_frame380.jpg,spoof,0
prepared_liveness_data\raw\spoof\kaggle_53_frame40.jpg,spoof,0
prepared_liveness_data\raw\real\kaggle_0_frame250.jpg,real,1
prepared_liveness_data\raw\real\kaggle_14_frame125.jpg,real,1
prepared_liveness_data\raw\spoof\kaggle_0_frame375.jpg,spoof,0
prepared_liveness_data\raw\spoof\kaggle_36_frame270.jpg,spoof,0
prepared_liveness_data\raw\real\kaggle_61_frame115.jpg,real,1
prepared_liveness_data\raw\real\kaggle_12_frame275.jpg,real,1
prepared_liveness_data\raw\real\kaggle_62_frame505.jpg,real,1
prepared_liveness_data\raw\spoof\kaggle_42_frame255.jpg,spoof,0
prepared_liveness_data\raw\spoof\kaggle_24_frame30.jpg,spoof,0
prepared_liveness_data\raw\spoof\kaggle_31_frame170.jpg,spoof,0
prepared_liveness_data\raw\spoof\kaggle_52_frame110.jpg,spoof,0
prepared_liveness_data\raw\spoof\kaggle_75_frame260.jpg,spoof,0
prepared_liveness_data\raw\real\kaggle_27_frame45.jpg,real,1
prepared_liveness_data\raw\real\kaggle_77_frame20.jpg,real,1
prepared_liveness_data\raw\real\kaggle_23_frame125.jpg,real,1
prepared_liveness_data\raw\spoof\kaggle_59_frame60.jpg,spoof,0
prepared_liveness_data\raw\spoof\kaggle_27_frame25.jpg,spoof,0
prepared_liveness_data\raw\spoof\kaggle_36_frame215.jpg,spoof,0
prepared_liveness_data\raw\real\kaggle_49_frame245.jpg,real,1
prepared_liveness_data\raw\real\kaggle_14_frame100.jpg,real,1
prepared_liveness_data\raw\real\kaggle_54_frame85.jpg,real,1
prepared_liveness_data\raw\real\kaggle_4_frame75.jpg,real,1
prepared_liveness_data\raw\spoof\kaggle_18_frame460.jpg,spoof,0
prepared_liveness_data\raw\spoof\kaggle_78_frame300.jpg,spoof,0
prepared_liveness_data\raw\spoof\kaggle_60_frame80.jpg,spoof,0
prepared_liveness_data\raw\spoof\kaggle_61_frame15.jpg,spoof,0
prepared_liveness_data\raw\spoof\kaggle_77_frame270.jpg,spoof,0
prepared_liveness_data\raw\spoof\kaggle_72_frame185.jpg,spoof,0
prepared_liveness_data\raw\spoof\kaggle_2_frame70.jpg,spoof,0
prepared_liveness_data\raw\real\kaggle_5_frame15.jpg,real,1
prepared_liveness_data\raw\real\kaggle_5_frame135.jpg,real,1
prepared_liveness_data\raw\spoof\kaggle_12_frame480.jpg,spoof,0
prepared_liveness_data\raw\spoof\kaggle_13_frame335.jpg,spoof,0
prepared_liveness_data\raw\real\kaggle_0_frame370.jpg,real,1
prepared_liveness_data\raw\real\kaggle_4_frame175.jpg,real,1
prepared_liveness_data\raw\spoof\kaggle_52_frame255.jpg,spoof,0
prepared_liveness_data\raw\real\kaggle_30_frame210.jpg,real,1
prepared_liveness_data\raw\spoof\kaggle_43_frame235.jpg,spoof,0
prepared_liveness_data\raw\spoof\kaggle_10_frame35.jpg,spoof,0
prepared_liveness_data\raw\real\kaggle_28_frame290.jpg,real,1
prepared_liveness_data\raw\real\kaggle_52_frame175.jpg,real,1
prepared_liveness_data\raw\spoof\kaggle_70_frame235.jpg,spoof,0
prepared_liveness_data\raw\spoof\kaggle_74_frame275.jpg,spoof,0
prepared_liveness_data\raw\spoof\kaggle_54_frame140.jpg,spoof,0
prepared_liveness_data\raw\spoof\kaggle_26_frame180.jpg,spoof,0
prepared_liveness_data\raw\real\kaggle_65_frame95.jpg,real,1
prepared_liveness_data\raw\real\kaggle_18_frame120.jpg,real,1
prepared_liveness_data\raw\real\kaggle_75_frame70.jpg,real,1
prepared_liveness_data\raw\real\kaggle_65_frame420.jpg,real,1
prepared_liveness_data\raw\spoof\kaggle_79_frame425.jpg,spoof,0
prepared_liveness_data\raw\real\kaggle_30_frame140.jpg,real,1
prepared_liveness_data\raw\spoof\kaggle_51_frame270.jpg,spoof,0
prepared_liveness_data\raw\real\kaggle_59_frame340.jpg,real,1
prepared_liveness_data\raw\spoof\kaggle_38_frame210.jpg,spoof,0
prepared_liveness_data\raw\real\kaggle_42_frame25.jpg,real,1
prepared_liveness_data\raw\real\kaggle_59_frame365.jpg,real,1
prepared_liveness_data\raw\spoof\kaggle_15_frame260.jpg,spoof,0
prepared_liveness_data\raw\real\kaggle_13_frame315.jpg,real,1
prepared_liveness_data\raw\real\kaggle_43_frame70.jpg,real,1
prepared_liveness_data\raw\spoof\kaggle_38_frame0.jpg,spoof,0
prepared_liveness_data\raw\real\kaggle_65_frame410.jpg,real,1
prepared_liveness_data\raw\real\kaggle_72_frame270.jpg,real,1
prepared_liveness_data\raw\spoof\kaggle_0_frame30.jpg,spoof,0
prepared_liveness_data\raw\real\kaggle_28_frame180.jpg,real,1
prepared_liveness_data\raw\real\kaggle_8_frame55.jpg,real,1
prepared_liveness_data\raw\spoof\kaggle_21_frame390.jpg,spoof,0
prepared_liveness_data\raw\real\kaggle_37_frame150.jpg,real,1
prepared_liveness_data\raw\real\kaggle_35_frame365.jpg,real,1
prepared_liveness_data\raw\real\kaggle_78_frame265.jpg,real,1
prepared_liveness_data\raw\spoof\kaggle_47_frame430.jpg,spoof,0
prepared_liveness_data\raw\real\kaggle_8_frame165.jpg,real,1
prepared_liveness_data\raw\spoof\kaggle_46_frame430.jpg,spoof,0
prepared_liveness_data\raw\spoof\kaggle_75_frame60.jpg,spoof,0
prepared_liveness_data\raw\real\kaggle_74_frame270.jpg,real,1
prepared_liveness_data\raw\real\kaggle_7_frame35.jpg,real,1
prepared_liveness_data\raw\spoof\kaggle_43_frame400.jpg,spoof,0
prepared_liveness_data\raw\real\kaggle_29_frame165.jpg,real,1
prepared_liveness_data\raw\spoof\kaggle_28_frame400.jpg,spoof,0
prepared_liveness_data\raw\real\kaggle_8_frame75.jpg,real,1
prepared_liveness_data\raw\spoof\kaggle_15_frame410.jpg,spoof,0
prepared_liveness_data\raw\real\kaggle_14_frame190.jpg,real,1
prepared_liveness_data\raw\real\kaggle_9_frame205.jpg,real,1
prepared_liveness_data\raw\real\kaggle_42_frame235.jpg,real,1
prepared_liveness_data\raw\real\kaggle_18_frame15.jpg,real,1
prepared_liveness_data\raw\spoof\kaggle_79_frame265.jpg,spoof,0
prepared_liveness_data\raw\spoof\kaggle_70_frame155.jpg,spoof,0
prepared_liveness_data\raw\real\kaggle_44_frame50.jpg,real,1
prepared_liveness_data\raw\spoof\kaggle_23_frame130.jpg,spoof,0
prepared_liveness_data\raw\real\kaggle_1_frame225.jpg,real,1
prepared_liveness_data\raw\real\kaggle_6_frame30.jpg,real,1
prepared_liveness_data\raw\spoof\kaggle_65_frame50.jpg,spoof,0
prepared_liveness_data\raw\spoof\kaggle_28_frame440.jpg,spoof,0
prepared_liveness_data\raw\real\kaggle_17_frame5.jpg,real,1
prepared_liveness_data\raw\spoof\kaggle_30_frame35.jpg,spoof,0
prepared_liveness_data\raw\spoof\kaggle_20_frame65.jpg,spoof,0
prepared_liveness_data\raw\spoof\kaggle_49_frame310.jpg,spoof,0
prepared_liveness_data\raw\spoof\kaggle_49_frame615.jpg,spoof,0
prepared_liveness_data\raw\spoof\kaggle_55_frame125.jpg,spoof,0
prepared_liveness_data\raw\real\kaggle_53_frame170.jpg,real,1
prepared_liveness_data\raw\spoof\kaggle_11_frame645.jpg,spoof,0
prepared_liveness_data\raw\spoof\kaggle_5_frame350.jpg,spoof,0
prepared_liveness_data\raw\real\kaggle_7_frame45.jpg,real,1
prepared_liveness_data\raw\spoof\kaggle_19_frame220.jpg,spoof,0
prepared_liveness_data\raw\spoof\kaggle_73_frame240.jpg,spoof,0
prepared_liveness_data\raw\real\kaggle_37_frame35.jpg,real,1
prepared_liveness_data\raw\spoof\kaggle_31_frame135.jpg,spoof,0
prepared_liveness_data\raw\spoof\kaggle_68_frame20.jpg,spoof,0
prepared_liveness_data\raw\spoof\kaggle_6_frame20.jpg,spoof,0
prepared_liveness_data\raw\real\kaggle_23_frame370.jpg,real,1
prepared_liveness_data\raw\spoof\kaggle_6_frame40.jpg,spoof,0
prepared_liveness_data\raw\real\kaggle_52_frame100.jpg,real,1
prepared_liveness_data\raw\spoof\kaggle_21_frame405.jpg,spoof,0
prepared_liveness_data\raw\spoof\kaggle_77_frame65.jpg,spoof,0
prepared_liveness_data\raw\spoof\kaggle_77_frame395.jpg,spoof,0
prepared_liveness_data\raw\spoof\kaggle_68_frame350.jpg,spoof,0
prepared_liveness_data\raw\real\kaggle_57_frame95.jpg,real,1
prepared_liveness_data\raw\spoof\kaggle_10_frame325.jpg,spoof,0
prepared_liveness_data\raw\real\kaggle_18_frame270.jpg,real,1
prepared_liveness_data\raw\real\kaggle_28_frame145.jpg,real,1
prepared_liveness_data\raw\real\kaggle_58_frame625.jpg,real,1
prepared_liveness_data\raw\spoof\kaggle_52_frame20.jpg,spoof,0
prepared_liveness_data\raw\spoof\kaggle_12_frame245.jpg,spoof,0
prepared_liveness_data\raw\spoof\kaggle_16_frame210.jpg,spoof,0
prepared_liveness_data\raw\real\kaggle_21_frame200.jpg,real,1
prepared_liveness_data\raw\spoof\kaggle_47_frame60.jpg,spoof,0
prepared_liveness_data\raw\real\kaggle_1_frame155.jpg,real,1
prepared_liveness_data\raw\spoof\kaggle_68_frame40.jpg,spoof,0
prepared_liveness_data\raw\real\kaggle_69_frame125.jpg,real,1
prepared_liveness_data\raw\real\kaggle_20_frame15.jpg,real,1
prepared_liveness_data\raw\spoof\kaggle_45_frame180.jpg,spoof,0
prepared_liveness_data\raw\real\kaggle_32_frame150.jpg,real,1
prepared_liveness_data\raw\real\kaggle_23_frame305.jpg,real,1
prepared_liveness_data\raw\spoof\kaggle_13_frame160.jpg,spoof,0
prepared_liveness_data\raw\spoof\kaggle_50_frame130.jpg,spoof,0
prepared_liveness_data\raw\spoof\kaggle_12_frame425.jpg,spoof,0
prepared_liveness_data\raw\real\kaggle_15_frame340.jpg,real,1
prepared_liveness_data\raw\spoof\kaggle_73_frame0.jpg,spoof,0
prepared_liveness_data\raw\real\kaggle_8_frame40.jpg,real,1
prepared_liveness_data\raw\real\kaggle_62_frame300.jpg,real,1
prepared_liveness_data\raw\real\kaggle_16_frame30.jpg,real,1
prepared_liveness_data\raw\spoof\kaggle_62_frame285.jpg,spoof,0
prepared_liveness_data\raw\spoof\kaggle_40_frame60.jpg,spoof,0
prepared_liveness_data\raw\spoof\kaggle_39_frame340.jpg,spoof,0
prepared_liveness_data\raw\real\kaggle_79_frame80.jpg,real,1
prepared_liveness_data\raw\spoof\kaggle_70_frame345.jpg,spoof,0
prepared_liveness_data\raw\spoof\kaggle_39_frame120.jpg,spoof,0
prepared_liveness_data\raw\real\kaggle_22_frame85.jpg,real,1
prepared_liveness_data\raw\real\kaggle_12_frame495.jpg,real,1
prepared_liveness_data\raw\spoof\kaggle_46_frame45.jpg,spoof,0
prepared_liveness_data\raw\real\kaggle_0_frame270.jpg,real,1
prepared_liveness_data\raw\spoof\kaggle_18_frame250.jpg,spoof,0
prepared_liveness_data\raw\real\kaggle_25_frame145.jpg,real,1
prepared_liveness_data\raw\real\kaggle_59_frame440.jpg,real,1
prepared_liveness_data\raw\real\kaggle_15_frame60.jpg,real,1
prepared_liveness_data\raw\spoof\kaggle_7_frame195.jpg,spoof,0
prepared_liveness_data\raw\spoof\kaggle_51_frame125.jpg,spoof,0
prepared_liveness_data\raw\spoof\kaggle_28_frame340.jpg,spoof,0
prepared_liveness_data\raw\spoof\kaggle_57_frame255.jpg,spoof,0
prepared_liveness_data\raw\spoof\kaggle_5_frame80.jpg,spoof,0
prepared_liveness_data\raw\spoof\kaggle_69_frame35.jpg,spoof,0
prepared_liveness_data\raw\real\kaggle_38_frame200.jpg,real,1
prepared_liveness_data\raw\spoof\kaggle_69_frame200.jpg,spoof,0
prepared_liveness_data\raw\spoof\kaggle_28_frame35.jpg,spoof,0
prepared_liveness_data\raw\real\kaggle_57_frame285.jpg,real,1
prepared_liveness_data\raw\spoof\kaggle_61_frame475.jpg,spoof,0
prepared_liveness_data\raw\spoof\kaggle_35_frame420.jpg,spoof,0
prepared_liveness_data\raw\spoof\kaggle_30_frame185.jpg,spoof,0
prepared_liveness_data\raw\real\kaggle_54_frame50.jpg,real,1
prepared_liveness_data\raw\spoof\kaggle_63_frame150.jpg,spoof,0
prepared_liveness_data\raw\real\kaggle_57_frame325.jpg,real,1
prepared_liveness_data\raw\real\kaggle_35_frame245.jpg,real,1
prepared_liveness_data\raw\spoof\kaggle_22_frame125.jpg,spoof,0
prepared_liveness_data\raw\real\kaggle_71_frame105.jpg,real,1
prepared_liveness_data\raw\real\kaggle_42_frame210.jpg,real,1
prepared_liveness_data\raw\spoof\kaggle_11_frame515.jpg,spoof,0
prepared_liveness_data\raw\real\kaggle_52_frame140.jpg,real,1
prepared_liveness_data\raw\spoof\kaggle_26_frame210.jpg,spoof,0
prepared_liveness_data\raw\spoof\kaggle_6_frame90.jpg,spoof,0
prepared_liveness_data\raw\real\kaggle_18_frame365.jpg,real,1
prepared_liveness_data\raw\spoof\kaggle_16_frame300.jpg,spoof,0
prepared_liveness_data\raw\spoof\kaggle_53_frame45.jpg,spoof,0
prepared_liveness_data\raw\spoof\kaggle_21_frame290.jpg,spoof,0
prepared_liveness_data\raw\real\kaggle_63_frame190.jpg,real,1
prepared_liveness_data\raw\spoof\kaggle_55_frame245.jpg,spoof,0
prepared_liveness_data\raw\spoof\kaggle_32_frame55.jpg,spoof,0
prepared_liveness_data\raw\real\kaggle_0_frame130.jpg,real,1
prepared_liveness_data\raw\spoof\kaggle_18_frame30.jpg,spoof,0
prepared_liveness_data\raw\spoof\kaggle_59_frame25.jpg,spoof,0
prepared_liveness_data\raw\spoof\kaggle_60_frame280.jpg,spoof,0
prepared_liveness_data\raw\real\kaggle_69_frame80.jpg,real,1
prepared_liveness_data\raw\real\kaggle_73_frame245.jpg,real,1
prepared_liveness_data\raw\spoof\kaggle_38_frame290.jpg,spoof,0
prepared_liveness_data\raw\spoof\kaggle_37_frame270.jpg,spoof,0
prepared_liveness_data\raw\real\kaggle_72_frame300.jpg,real,1
prepared_liveness_data\raw\spoof\kaggle_35_frame50.jpg,spoof,0
prepared_liveness_data\raw\spoof\kaggle_2_frame390.jpg,spoof,0
prepared_liveness_data\raw\spoof\kaggle_78_frame235.jpg,spoof,0
prepared_liveness_data\raw\spoof\kaggle_79_frame325.jpg,spoof,0
prepared_liveness_data\raw\real\kaggle_0_frame5.jpg,real,1
prepared_liveness_data\raw\spoof\kaggle_45_frame165.jpg,spoof,0
prepared_liveness_data\raw\real\kaggle_46_frame170.jpg,real,1
prepared_liveness_data\raw\spoof\kaggle_50_frame0.jpg,spoof,0
prepared_liveness_data\raw\real\kaggle_35_frame380.jpg,real,1
prepared_liveness_data\raw\spoof\kaggle_48_frame85.jpg,spoof,0
prepared_liveness_data\raw\spoof\kaggle_13_frame135.jpg,spoof,0
prepared_liveness_data\raw\spoof\kaggle_72_frame10.jpg,spoof,0
prepared_liveness_data\raw\real\kaggle_4_frame155.jpg,real,1
prepared_liveness_data\raw\real\kaggle_11_frame0.jpg,real,1
prepared_liveness_data\raw\spoof\kaggle_49_frame745.jpg,spoof,0
prepared_liveness_data\raw\spoof\kaggle_70_frame325.jpg,spoof,0
prepared_liveness_data\raw\real\kaggle_44_frame225.jpg,real,1
prepared_liveness_data\raw\spoof\kaggle_62_frame275.jpg,spoof,0
prepared_liveness_data\raw\real\kaggle_22_frame105.jpg,real,1
prepared_liveness_data\raw\real\kaggle_34_frame240.jpg,real,1
prepared_liveness_data\raw\spoof\kaggle_74_frame535.jpg,spoof,0
prepared_liveness_data\raw\real\kaggle_46_frame140.jpg,real,1
prepared_liveness_data\raw\spoof\kaggle_46_frame305.jpg,spoof,0
prepared_liveness_data\raw\spoof\kaggle_39_frame230.jpg,spoof,0
prepared_liveness_data\raw\spoof\kaggle_27_frame190.jpg,spoof,0
prepared_liveness_data\raw\real\kaggle_58_frame205.jpg,real,1
prepared_liveness_data\raw\real\kaggle_67_frame170.jpg,real,1
prepared_liveness_data\raw\spoof\kaggle_43_frame430.jpg,spoof,0
prepared_liveness_data\raw\spoof\kaggle_4_frame25.jpg,spoof,0
prepared_liveness_data\raw\spoof\kaggle_43_frame60.jpg,spoof,0
prepared_liveness_data\raw\real\kaggle_5_frame40.jpg,real,1
prepared_liveness_data\raw\real\kaggle_65_frame310.jpg,real,1
prepared_liveness_data\raw\spoof\kaggle_72_frame415.jpg,spoof,0
prepared_liveness_data\raw\spoof\kaggle_79_frame320.jpg,spoof,0
prepared_liveness_data\raw\real\kaggle_34_frame280.jpg,real,1
prepared_liveness_data\raw\real\kaggle_70_frame115.jpg,real,1
prepared_liveness_data\raw\spoof\kaggle_31_frame220.jpg,spoof,0
prepared_liveness_data\raw\real\kaggle_54_frame55.jpg,real,1
prepared_liveness_data\raw\real\kaggle_10_frame340.jpg,real,1
prepared_liveness_data\raw\real\kaggle_34_frame225.jpg,real,1
prepared_liveness_data\raw\real\kaggle_29_frame35.jpg,real,1
prepared_liveness_data\raw\real\kaggle_65_frame295.jpg,real,1
prepared_liveness_data\raw\real\kaggle_7_frame5.jpg,real,1
prepared_liveness_data\raw\real\kaggle_52_frame180.jpg,real,1
prepared_liveness_data\raw\spoof\kaggle_4_frame95.jpg,spoof,0
prepared_liveness_data\raw\spoof\kaggle_31_frame295.jpg,spoof,0
prepared_liveness_data\raw\real\kaggle_69_frame145.jpg,real,1
prepared_liveness_data\raw\real\kaggle_29_frame30.jpg,real,1
prepared_liveness_data\raw\real\kaggle_46_frame90.jpg,real,1
prepared_liveness_data\raw\real\kaggle_42_frame185.jpg,real,1
prepared_liveness_data\raw\real\kaggle_16_frame125.jpg,real,1
prepared_liveness_data\raw\real\kaggle_53_frame10.jpg,real,1
prepared_liveness_data\raw\real\kaggle_58_frame280.jpg,real,1
prepared_liveness_data\raw\spoof\kaggle_35_frame175.jpg,spoof,0
prepared_liveness_data\raw\real\kaggle_46_frame280.jpg,real,1
prepared_liveness_data\raw\real\kaggle_44_frame15.jpg,real,1
prepared_liveness_data\raw\real\kaggle_72_frame280.jpg,real,1
prepared_liveness_data\raw\spoof\kaggle_2_frame155.jpg,spoof,0
prepared_liveness_data\raw\real\kaggle_2_frame165.jpg,real,1
prepared_liveness_data\raw\real\kaggle_75_frame455.jpg,real,1
prepared_liveness_data\raw\real\kaggle_68_frame360.jpg,real,1
prepared_liveness_data\raw\real\kaggle_64_frame180.jpg,real,1
prepared_liveness_data\raw\spoof\kaggle_79_frame95.jpg,spoof,0
prepared_liveness_data\raw\real\kaggle_24_frame0.jpg,real,1
prepared_liveness_data\raw\spoof\kaggle_16_frame80.jpg,spoof,0
prepared_liveness_data\raw\spoof\kaggle_23_frame225.jpg,spoof,0
prepared_liveness_data\raw\spoof\kaggle_65_frame395.jpg,spoof,0
prepared_liveness_data\raw\spoof\kaggle_9_frame240.jpg,spoof,0
prepared_liveness_data\raw\spoof\kaggle_5_frame395.jpg,spoof,0
prepared_liveness_data\raw\spoof\kaggle_47_frame205.jpg,spoof,0
prepared_liveness_data\raw\spoof\kaggle_76_frame190.jpg,spoof,0
prepared_liveness_data\raw\spoof\kaggle_53_frame30.jpg,spoof,0
prepared_liveness_data\raw\real\kaggle_46_frame50.jpg,real,1
prepared_liveness_data\raw\real\kaggle_35_frame155.jpg,real,1
prepared_liveness_data\raw\spoof\kaggle_79_frame275.jpg,spoof,0
prepared_liveness_data\raw\real\kaggle_57_frame140.jpg,real,1
prepared_liveness_data\raw\real\kaggle_34_frame180.jpg,real,1
prepared_liveness_data\raw\real\kaggle_12_frame500.jpg,real,1
prepared_liveness_data\raw\real\kaggle_75_frame135.jpg,real,1
prepared_liveness_data\raw\spoof\kaggle_18_frame225.jpg,spoof,0
prepared_liveness_data\raw\real\kaggle_55_frame35.jpg,real,1
prepared_liveness_data\raw\real\kaggle_49_frame250.jpg,real,1
prepared_liveness_data\raw\spoof\kaggle_61_frame350.jpg,spoof,0
prepared_liveness_data\raw\real\kaggle_26_frame105.jpg,real,1
prepared_liveness_data\raw\spoof\kaggle_5_frame245.jpg,spoof,0
prepared_liveness_data\raw\real\kaggle_70_frame210.jpg,real,1
prepared_liveness_data\raw\spoof\kaggle_11_frame410.jpg,spoof,0
prepared_liveness_data\raw\real\kaggle_23_frame455.jpg,real,1
prepared_liveness_data\raw\real\kaggle_55_frame130.jpg,real,1
prepared_liveness_data\raw\real\kaggle_21_frame240.jpg,real,1
prepared_liveness_data\raw\real\kaggle_5_frame120.jpg,real,1
prepared_liveness_data\raw\real\kaggle_62_frame410.jpg,real,1
prepared_liveness_data\raw\spoof\kaggle_10_frame310.jpg,spoof,0
prepared_liveness_data\raw\spoof\kaggle_58_frame305.jpg,spoof,0
prepared_liveness_data\raw\spoof\kaggle_11_frame610.jpg,spoof,0
prepared_liveness_data\raw\spoof\kaggle_68_frame390.jpg,spoof,0
prepared_liveness_data\raw\spoof\kaggle_52_frame545.jpg,spoof,0
prepared_liveness_data\raw\real\kaggle_79_frame65.jpg,real,1
prepared_liveness_data\raw\spoof\kaggle_40_frame30.jpg,spoof,0
prepared_liveness_data\raw\real\kaggle_14_frame175.jpg,real,1
prepared_liveness_data\raw\spoof\kaggle_46_frame145.jpg,spoof,0
prepared_liveness_data\raw\spoof\kaggle_75_frame570.jpg,spoof,0
prepared_liveness_data\raw\real\kaggle_42_frame160.jpg,real,1
prepared_liveness_data\raw\spoof\kaggle_16_frame215.jpg,spoof,0
prepared_liveness_data\raw\real\kaggle_37_frame275.jpg,real,1
prepared_liveness_data\raw\real\kaggle_67_frame305.jpg,real,1
prepared_liveness_data\raw\real\kaggle_7_frame110.jpg,real,1
prepared_liveness_data\raw\real\kaggle_6_frame190.jpg,real,1
prepared_liveness_data\raw\spoof\kaggle_71_frame275.jpg,spoof,0
prepared_liveness_data\raw\spoof\kaggle_55_frame260.jpg,spoof,0
prepared_liveness_data\raw\spoof\kaggle_12_frame130.jpg,spoof,0
prepared_liveness_data\raw\spoof\kaggle_16_frame280.jpg,spoof,0
prepared_liveness_data\raw\real\kaggle_31_frame130.jpg,real,1
prepared_liveness_data\raw\spoof\kaggle_15_frame415.jpg,spoof,0
prepared_liveness_data\raw\real\kaggle_37_frame125.jpg,real,1
prepared_liveness_data\raw\real\kaggle_20_frame0.jpg,real,1
prepared_liveness_data\raw\spoof\kaggle_72_frame110.jpg,spoof,0
prepared_liveness_data\raw\spoof\kaggle_72_frame145.jpg,spoof,0
prepared_liveness_data\raw\spoof\kaggle_64_frame175.jpg,spoof,0
prepared_liveness_data\raw\spoof\kaggle_62_frame345.jpg,spoof,0
prepared_liveness_data\raw\real\kaggle_45_frame170.jpg,real,1
prepared_liveness_data\raw\real\kaggle_10_frame445.jpg,real,1
prepared_liveness_data\raw\real\kaggle_46_frame70.jpg,real,1
prepared_liveness_data\raw\spoof\kaggle_71_frame165.jpg,spoof,0
prepared_liveness_data\raw\real\kaggle_56_frame90.jpg,real,1
prepared_liveness_data\raw\real\kaggle_3_frame140.jpg,real,1
prepared_liveness_data\raw\spoof\kaggle_11_frame700.jpg,spoof,0
prepared_liveness_data\raw\real\kaggle_43_frame135.jpg,real,1
prepared_liveness_data\raw\spoof\kaggle_24_frame130.jpg,spoof,0
prepared_liveness_data\raw\spoof\kaggle_39_frame125.jpg,spoof,0
prepared_liveness_data\raw\spoof\kaggle_44_frame20.jpg,spoof,0
prepared_liveness_data\raw\real\kaggle_3_frame240.jpg,real,1
prepared_liveness_data\raw\spoof\kaggle_26_frame100.jpg,spoof,0
prepared_liveness_data\raw\real\kaggle_72_frame185.jpg,real,1
prepared_liveness_data\raw\spoof\kaggle_71_frame195.jpg,spoof,0
prepared_liveness_data\raw\real\kaggle_73_frame315.jpg,real,1
prepared_liveness_data\raw\real\kaggle_60_frame60.jpg,real,1
prepared_liveness_data\raw\spoof\kaggle_15_frame120.jpg,spoof,0
prepared_liveness_data\raw\real\kaggle_57_frame105.jpg,real,1
prepared_liveness_data\raw\spoof\kaggle_48_frame205.jpg,spoof,0
prepared_liveness_data\raw\real\kaggle_21_frame10.jpg,real,1
prepared_liveness_data\raw\spoof\kaggle_48_frame100.jpg,spoof,0
prepared_liveness_data\raw\spoof\kaggle_51_frame0.jpg,spoof,0
prepared_liveness_data\raw\spoof\kaggle_3_frame115.jpg,spoof,0
prepared_liveness_data\raw\spoof\kaggle_16_frame275.jpg,spoof,0
prepared_liveness_data\raw\spoof\kaggle_10_frame220.jpg,spoof,0
prepared_liveness_data\raw\spoof\kaggle_15_frame65.jpg,spoof,0
prepared_liveness_data\raw\real\kaggle_59_frame105.jpg,real,1
prepared_liveness_data\raw\spoof\kaggle_15_frame370.jpg,spoof,0
prepared_liveness_data\raw\spoof\kaggle_19_frame55.jpg,spoof,0
prepared_liveness_data\raw\spoof\kaggle_23_frame15.jpg,spoof,0
prepared_liveness_data\raw\real\kaggle_35_frame330.jpg,real,1
prepared_liveness_data\raw\spoof\kaggle_2_frame180.jpg,spoof,0
prepared_liveness_data\raw\spoof\kaggle_9_frame175.jpg,spoof,0
prepared_liveness_data\raw\spoof\kaggle_77_frame105.jpg,spoof,0
prepared_liveness_data\raw\spoof\kaggle_44_frame145.jpg,spoof,0
prepared_liveness_data\raw\real\kaggle_12_frame440.jpg,real,1
prepared_liveness_data\raw\spoof\kaggle_3_frame35.jpg,spoof,0
prepared_liveness_data\raw\real\kaggle_68_frame35.jpg,real,1
prepared_liveness_data\raw\spoof\kaggle_21_frame230.jpg,spoof,0
prepared_liveness_data\raw\spoof\kaggle_41_frame125.jpg,spoof,0
prepared_liveness_data\raw\spoof\kaggle_11_frame75.jpg,spoof,0
prepared_liveness_data\raw\spoof\kaggle_49_frame340.jpg,spoof,0
prepared_liveness_data\raw\spoof\kaggle_53_frame80.jpg,spoof,0
prepared_liveness_data\raw\real\kaggle_36_frame40.jpg,real,1
prepared_liveness_data\raw\real\kaggle_65_frame275.jpg,real,1
prepared_liveness_data\raw\real\kaggle_46_frame320.jpg,real,1
prepared_liveness_data\raw\real\kaggle_32_frame210.jpg,real,1
prepared_liveness_data\raw\real\kaggle_71_frame55.jpg,real,1
prepared_liveness_data\raw\spoof\kaggle_18_frame300.jpg,spoof,0
prepared_liveness_data\raw\real\kaggle_62_frame165.jpg,real,1
prepared_liveness_data\raw\spoof\kaggle_12_frame30.jpg,spoof,0
prepared_liveness_data\raw\spoof\kaggle_50_frame155.jpg,spoof,0
prepared_liveness_data\raw\real\kaggle_58_frame425.jpg,real,1
prepared_liveness_data\raw\real\kaggle_76_frame180.jpg,real,1
prepared_liveness_data\raw\spoof\kaggle_79_frame355.jpg,spoof,0
prepared_liveness_data\raw\real\kaggle_78_frame175.jpg,real,1
prepared_liveness_data\raw\real\kaggle_24_frame60.jpg,real,1
prepared_liveness_data\raw\spoof\kaggle_34_frame90.jpg,spoof,0
prepared_liveness_data\raw\spoof\kaggle_41_frame270.jpg,spoof,0
prepared_liveness_data\raw\real\kaggle_38_frame85.jpg,real,1
prepared_liveness_data\raw\spoof\kaggle_18_frame420.jpg,spoof,0
prepared_liveness_data\raw\spoof\kaggle_64_frame5.jpg,spoof,0
prepared_liveness_data\raw\real\kaggle_49_frame415.jpg,real,1
prepared_liveness_data\raw\spoof\kaggle_40_frame190.jpg,spoof,0
prepared_liveness_data\raw\spoof\kaggle_69_frame25.jpg,spoof,0
prepared_liveness_data\raw\spoof\kaggle_75_frame605.jpg,spoof,0
prepared_liveness_data\raw\spoof\kaggle_5_frame200.jpg,spoof,0
prepared_liveness_data\raw\real\kaggle_11_frame155.jpg,real,1
prepared_liveness_data\raw\real\kaggle_21_frame170.jpg,real,1
prepared_liveness_data\raw\real\kaggle_71_frame180.jpg,real,1
prepared_liveness_data\raw\spoof\kaggle_11_frame205.jpg,spoof,0
prepared_liveness_data\raw\real\kaggle_61_frame530.jpg,real,1
prepared_liveness_data\raw\spoof\kaggle_4_frame155.jpg,spoof,0
prepared_liveness_data\raw\real\kaggle_50_frame255.jpg,real,1
prepared_liveness_data\raw\spoof\kaggle_37_frame55.jpg,spoof,0
prepared_liveness_data\raw\spoof\kaggle_12_frame285.jpg,spoof,0
prepared_liveness_data\raw\spoof\kaggle_72_frame320.jpg,spoof,0
prepared_liveness_data\raw\real\kaggle_75_frame80.jpg,real,1
prepared_liveness_data\raw\real\kaggle_25_frame45.jpg,real,1
prepared_liveness_data\raw\real\kaggle_47_frame265.jpg,real,1
prepared_liveness_data\raw\spoof\kaggle_13_frame245.jpg,spoof,0
prepared_liveness_data\raw\spoof\kaggle_36_frame285.jpg,spoof,0
prepared_liveness_data\raw\spoof\kaggle_59_frame475.jpg,spoof,0
prepared_liveness_data\raw\real\kaggle_58_frame400.jpg,real,1
prepared_liveness_data\raw\real\kaggle_58_frame215.jpg,real,1
prepared_liveness_data\raw\real\kaggle_22_frame125.jpg,real,1
prepared_liveness_data\raw\spoof\kaggle_52_frame145.jpg,spoof,0
prepared_liveness_data\raw\spoof\kaggle_14_frame335.jpg,spoof,0
prepared_liveness_data\raw\real\kaggle_5_frame150.jpg,real,1
prepared_liveness_data\raw\spoof\kaggle_4_frame20.jpg,spoof,0
prepared_liveness_data\raw\spoof\kaggle_14_frame225.jpg,spoof,0
prepared_liveness_data\raw\real\kaggle_5_frame25.jpg,real,1
prepared_liveness_data\raw\spoof\kaggle_29_frame25.jpg,spoof,0
prepared_liveness_data\raw\spoof\kaggle_66_frame105.jpg,spoof,0
prepared_liveness_data\raw\spoof\kaggle_15_frame280.jpg,spoof,0
prepared_liveness_data\raw\real\kaggle_63_frame25.jpg,real,1
prepared_liveness_data\raw\spoof\kaggle_57_frame150.jpg,spoof,0
prepared_liveness_data\raw\real\kaggle_59_frame85.jpg,real,1
prepared_liveness_data\raw\spoof\kaggle_74_frame245.jpg,spoof,0
prepared_liveness_data\raw\spoof\kaggle_47_frame445.jpg,spoof,0
prepared_liveness_data\raw\real\kaggle_37_frame270.jpg,real,1
prepared_liveness_data\raw\real\kaggle_47_frame130.jpg,real,1
prepared_liveness_data\raw\real\kaggle_46_frame360.jpg,real,1
prepared_liveness_data\raw\spoof\kaggle_14_frame115.jpg,spoof,0
prepared_liveness_data\raw\spoof\kaggle_35_frame495.jpg,spoof,0
prepared_liveness_data\raw\real\kaggle_74_frame40.jpg,real,1
prepared_liveness_data\raw\spoof\kaggle_41_frame150.jpg,spoof,0
prepared_liveness_data\raw\spoof\kaggle_19_frame50.jpg,spoof,0
prepared_liveness_data\raw\real\kaggle_38_frame170.jpg,real,1
prepared_liveness_data\raw\real\kaggle_10_frame140.jpg,real,1
prepared_liveness_data\raw\real\kaggle_24_frame45.jpg,real,1
prepared_liveness_data\raw\spoof\kaggle_44_frame355.jpg,spoof,0
prepared_liveness_data\raw\spoof\kaggle_30_frame65.jpg,spoof,0
prepared_liveness_data\raw\spoof\kaggle_1_frame60.jpg,spoof,0
prepared_liveness_data\raw\real\kaggle_2_frame265.jpg,real,1
prepared_liveness_data\raw\real\kaggle_78_frame330.jpg,real,1
prepared_liveness_data\raw\real\kaggle_47_frame210.jpg,real,1
prepared_liveness_data\raw\spoof\kaggle_52_frame480.jpg,spoof,0
prepared_liveness_data\raw\real\kaggle_23_frame365.jpg,real,1
prepared_liveness_data\raw\real\kaggle_18_frame215.jpg,real,1
prepared_liveness_data\raw\real\kaggle_26_frame60.jpg,real,1
prepared_liveness_data\raw\spoof\kaggle_60_frame170.jpg,spoof,0
prepared_liveness_data\raw\spoof\kaggle_24_frame215.jpg,spoof,0
prepared_liveness_data\raw\spoof\kaggle_12_frame525.jpg,spoof,0
prepared_liveness_data\raw\spoof\kaggle_15_frame350.jpg,spoof,0
prepared_liveness_data\raw\spoof\kaggle_50_frame10.jpg,spoof,0
prepared_liveness_data\raw\spoof\kaggle_79_frame155.jpg,spoof,0
prepared_liveness_data\raw\real\kaggle_13_frame5.jpg,real,1
prepared_liveness_data\raw\spoof\kaggle_3_frame255.jpg,spoof,0
prepared_liveness_data\raw\real\kaggle_9_frame65.jpg,real,1
prepared_liveness_data\raw\real\kaggle_73_frame50.jpg,real,1
prepared_liveness_data\raw\spoof\kaggle_12_frame520.jpg,spoof,0
prepared_liveness_data\raw\real\kaggle_36_frame110.jpg,real,1
prepared_liveness_data\raw\real\kaggle_25_frame205.jpg,real,1
prepared_liveness_data\raw\real\kaggle_75_frame85.jpg,real,1
prepared_liveness_data\raw\real\kaggle_46_frame380.jpg,real,1
prepared_liveness_data\raw\spoof\kaggle_20_frame250.jpg,spoof,0
prepared_liveness_data\raw\spoof\kaggle_61_frame30.jpg,spoof,0
prepared_liveness_data\raw\real\kaggle_57_frame20.jpg,real,1
prepared_liveness_data\raw\real\kaggle_0_frame350.jpg,real,1
prepared_liveness_data\raw\real\kaggle_71_frame245.jpg,real,1
prepared_liveness_data\raw\spoof\kaggle_4_frame30.jpg,spoof,0
prepared_liveness_data\raw\real\kaggle_8_frame35.jpg,real,1
prepared_liveness_data\raw\spoof\kaggle_73_frame260.jpg,spoof,0
prepared_liveness_data\raw\spoof\kaggle_42_frame185.jpg,spoof,0
prepared_liveness_data\raw\real\kaggle_16_frame0.jpg,real,1
prepared_liveness_data\raw\spoof\kaggle_14_frame315.jpg,spoof,0
prepared_liveness_data\raw\real\kaggle_67_frame240.jpg,real,1
prepared_liveness_data\raw\real\kaggle_74_frame170.jpg,real,1
prepared_liveness_data\raw\real\kaggle_10_frame105.jpg,real,1
prepared_liveness_data\raw\real\kaggle_4_frame30.jpg,real,1
prepared_liveness_data\raw\real\kaggle_20_frame210.jpg,real,1
prepared_liveness_data\raw\spoof\kaggle_50_frame235.jpg,spoof,0
prepared_liveness_data\raw\real\kaggle_59_frame180.jpg,real,1
prepared_liveness_data\raw\spoof\kaggle_2_frame365.jpg,spoof,0
prepared_liveness_data\raw\real\kaggle_56_frame70.jpg,real,1
prepared_liveness_data\raw\real\kaggle_33_frame40.jpg,real,1
prepared_liveness_data\raw\spoof\kaggle_49_frame530.jpg,spoof,0
prepared_liveness_data\raw\real\kaggle_53_frame90.jpg,real,1
prepared_liveness_data\raw\spoof\kaggle_47_frame355.jpg,spoof,0
prepared_liveness_data\raw\real\kaggle_49_frame495.jpg,real,1
prepared_liveness_data\raw\spoof\kaggle_35_frame270.jpg,spoof,0
prepared_liveness_data\raw\spoof\kaggle_18_frame200.jpg,spoof,0
prepared_liveness_data\raw\real\kaggle_74_frame160.jpg,real,1
prepared_liveness_data\raw\real\kaggle_78_frame60.jpg,real,1
prepared_liveness_data\raw\real\kaggle_19_frame15.jpg,real,1
prepared_liveness_data\raw\real\kaggle_54_frame180.jpg,real,1
prepared_liveness_data\raw\real\kaggle_52_frame90.jpg,real,1
prepared_liveness_data\raw\spoof\kaggle_4_frame85.jpg,spoof,0
prepared_liveness_data\raw\spoof\kaggle_17_frame270.jpg,spoof,0
prepared_liveness_data\raw\real\kaggle_49_frame225.jpg,real,1
prepared_liveness_data\raw\spoof\kaggle_78_frame155.jpg,spoof,0
prepared_liveness_data\raw\spoof\kaggle_5_frame125.jpg,spoof,0
prepared_liveness_data\raw\spoof\kaggle_77_frame300.jpg,spoof,0
prepared_liveness_data\raw\real\kaggle_13_frame130.jpg,real,1
prepared_liveness_data\raw\spoof\kaggle_53_frame50.jpg,spoof,0
prepared_liveness_data\raw\real\kaggle_61_frame380.jpg,real,1
prepared_liveness_data\raw\spoof\kaggle_9_frame305.jpg,spoof,0
prepared_liveness_data\raw\spoof\kaggle_48_frame250.jpg,spoof,0
prepared_liveness_data\raw\spoof\kaggle_0_frame255.jpg,spoof,0
prepared_liveness_data\raw\spoof\kaggle_38_frame50.jpg,spoof,0
prepared_liveness_data\raw\real\kaggle_12_frame390.jpg,real,1
prepared_liveness_data\raw\spoof\kaggle_46_frame240.jpg,spoof,0
prepared_liveness_data\raw\spoof\kaggle_42_frame105.jpg,spoof,0
prepared_liveness_data\raw\spoof\kaggle_13_frame255.jpg,spoof,0
prepared_liveness_data\raw\spoof\kaggle_30_frame5.jpg,spoof,0
prepared_liveness_data\raw\spoof\kaggle_72_frame420.jpg,spoof,0
prepared_liveness_data\raw\real\kaggle_49_frame50.jpg,real,1
prepared_liveness_data\raw\spoof\kaggle_58_frame250.jpg,spoof,0
prepared_liveness_data\raw\real\kaggle_34_frame125.jpg,real,1
prepared_liveness_data\raw\spoof\kaggle_30_frame420.jpg,spoof,0
prepared_liveness_data\raw\real\kaggle_56_frame125.jpg,real,1
prepared_liveness_data\raw\spoof\kaggle_0_frame405.jpg,spoof,0
prepared_liveness_data\raw\real\kaggle_18_frame300.jpg,real,1
prepared_liveness_data\raw\spoof\kaggle_75_frame390.jpg,spoof,0
prepared_liveness_data\raw\real\kaggle_18_frame310.jpg,real,1
prepared_liveness_data\raw\spoof\kaggle_78_frame75.jpg,spoof,0
prepared_liveness_data\raw\spoof\kaggle_79_frame250.jpg,spoof,0
prepared_liveness_data\raw\spoof\kaggle_23_frame125.jpg,spoof,0
prepared_liveness_data\raw\spoof\kaggle_22_frame70.jpg,spoof,0
prepared_liveness_data\raw\real\kaggle_46_frame40.jpg,real,1
prepared_liveness_data\raw\real\kaggle_43_frame130.jpg,real,1
prepared_liveness_data\raw\spoof\kaggle_36_frame60.jpg,spoof,0
prepared_liveness_data\raw\spoof\kaggle_73_frame190.jpg,spoof,0
prepared_liveness_data\raw\real\kaggle_37_frame75.jpg,real,1
prepared_liveness_data\raw\real\kaggle_50_frame80.jpg,real,1
prepared_liveness_data\raw\spoof\kaggle_51_frame35.jpg,spoof,0
prepared_liveness_data\raw\spoof\kaggle_35_frame455.jpg,spoof,0
prepared_liveness_data\raw\real\kaggle_57_frame250.jpg,real,1
prepared_liveness_data\raw\real\kaggle_48_frame35.jpg,real,1
prepared_liveness_data\raw\real\kaggle_29_frame115.jpg,real,1
prepared_liveness_data\raw\spoof\kaggle_10_frame375.jpg,spoof,0
prepared_liveness_data\raw\spoof\kaggle_59_frame155.jpg,spoof,0
prepared_liveness_data\raw\real\kaggle_1_frame275.jpg,real,1
prepared_liveness_data\raw\real\kaggle_31_frame20.jpg,real,1
prepared_liveness_data\raw\real\kaggle_76_frame85.jpg,real,1
prepared_liveness_data\raw\real\kaggle_10_frame235.jpg,real,1
prepared_liveness_data\raw\spoof\kaggle_40_frame80.jpg,spoof,0
prepared_liveness_data\raw\spoof\kaggle_34_frame210.jpg,spoof,0
prepared_liveness_data\raw\spoof\kaggle_76_frame315.jpg,spoof,0
prepared_liveness_data\raw\spoof\kaggle_7_frame65.jpg,spoof,0
prepared_liveness_data\raw\real\kaggle_35_frame320.jpg,real,1
prepared_liveness_data\raw\real\kaggle_3_frame115.jpg,real,1
prepared_liveness_data\raw\real\kaggle_27_frame15.jpg,real,1
prepared_liveness_data\raw\spoof\kaggle_7_frame330.jpg,spoof,0
prepared_liveness_data\raw\spoof\kaggle_77_frame290.jpg,spoof,0
prepared_liveness_data\raw\spoof\kaggle_74_frame35.jpg,spoof,0
prepared_liveness_data\raw\spoof\kaggle_12_frame475.jpg,spoof,0
prepared_liveness_data\raw\spoof\kaggle_54_frame220.jpg,spoof,0
prepared_liveness_data\raw\spoof\kaggle_71_frame230.jpg,spoof,0
prepared_liveness_data\raw\real\kaggle_14_frame225.jpg,real,1
prepared_liveness_data\raw\spoof\kaggle_9_frame40.jpg,spoof,0
prepared_liveness_data\raw\spoof\kaggle_71_frame305.jpg,spoof,0
prepared_liveness_data\raw\spoof\kaggle_37_frame195.jpg,spoof,0
prepared_liveness_data\raw\spoof\kaggle_30_frame250.jpg,spoof,0
prepared_liveness_data\raw\spoof\kaggle_67_frame70.jpg,spoof,0
prepared_liveness_data\raw\real\kaggle_5_frame265.jpg,real,1
prepared_liveness_data\raw\real\kaggle_13_frame265.jpg,real,1
prepared_liveness_data\raw\real\kaggle_10_frame270.jpg,real,1
prepared_liveness_data\raw\real\kaggle_28_frame55.jpg,real,1
prepared_liveness_data\raw\real\kaggle_79_frame195.jpg,real,1
prepared_liveness_data\raw\spoof\kaggle_71_frame205.jpg,spoof,0
prepared_liveness_data\raw\real\kaggle_12_frame415.jpg,real,1
prepared_liveness_data\raw\spoof\kaggle_25_frame240.jpg,spoof,0
prepared_liveness_data\raw\spoof\kaggle_39_frame30.jpg,spoof,0
prepared_liveness_data\raw\spoof\kaggle_79_frame115.jpg,spoof,0
prepared_liveness_data\raw\real\kaggle_75_frame610.jpg,real,1
prepared_liveness_data\raw\spoof\kaggle_47_frame145.jpg,spoof,0
prepared_liveness_data\raw\real\kaggle_4_frame210.jpg,real,1
prepared_liveness_data\raw\real\kaggle_36_frame185.jpg,real,1
prepared_liveness_data\raw\real\kaggle_21_frame175.jpg,real,1
prepared_liveness_data\raw\real\kaggle_44_frame45.jpg,real,1
prepared_liveness_data\raw\spoof\kaggle_55_frame0.jpg,spoof,0
prepared_liveness_data\raw\real\kaggle_47_frame135.jpg,real,1
prepared_liveness_data\raw\spoof\kaggle_62_frame135.jpg,spoof,0
prepared_liveness_data\raw\spoof\kaggle_61_frame565.jpg,spoof,0
prepared_liveness_data\raw\real\kaggle_71_frame70.jpg,real,1
prepared_liveness_data\raw\spoof\kaggle_65_frame160.jpg,spoof,0
prepared_liveness_data\raw\spoof\kaggle_10_frame0.jpg,spoof,0
prepared_liveness_data\raw\spoof\kaggle_77_frame260.jpg,spoof,0
prepared_liveness_data\raw\real\kaggle_43_frame150.jpg,real,1
prepared_liveness_data\raw\spoof\kaggle_55_frame145.jpg,spoof,0
prepared_liveness_data\raw\real\kaggle_21_frame105.jpg,real,1
prepared_liveness_data\raw\real\kaggle_47_frame300.jpg,real,1
prepared_liveness_data\raw\real\kaggle_43_frame65.jpg,real,1
prepared_liveness_data\raw\spoof\kaggle_69_frame115.jpg,spoof,0
prepared_liveness_data\raw\real\kaggle_73_frame320.jpg,real,1
prepared_liveness_data\raw\spoof\kaggle_19_frame15.jpg,spoof,0
prepared_liveness_data\raw\real\kaggle_3_frame105.jpg,real,1
prepared_liveness_data\raw\spoof\kaggle_47_frame250.jpg,spoof,0
prepared_liveness_data\raw\real\kaggle_74_frame180.jpg,real,1
prepared_liveness_data\raw\real\kaggle_11_frame50.jpg,real,1
prepared_liveness_data\raw\spoof\kaggle_58_frame0.jpg,spoof,0
prepared_liveness_data\raw\spoof\kaggle_51_frame250.jpg,spoof,0
prepared_liveness_data\raw\spoof\kaggle_21_frame175.jpg,spoof,0
prepared_liveness_data\raw\spoof\kaggle_21_frame470.jpg,spoof,0
prepared_liveness_data\raw\real\kaggle_41_frame120.jpg,real,1
prepared_liveness_data\raw\spoof\kaggle_43_frame65.jpg,spoof,0
prepared_liveness_data\raw\real\kaggle_30_frame85.jpg,real,1
prepared_liveness_data\raw\spoof\kaggle_35_frame365.jpg,spoof,0
prepared_liveness_data\raw\real\kaggle_73_frame310.jpg,real,1
prepared_liveness_data\raw\spoof\kaggle_42_frame270.jpg,spoof,0
prepared_liveness_data\raw\spoof\kaggle_12_frame460.jpg,spoof,0
prepared_liveness_data\raw\spoof\kaggle_67_frame115.jpg,spoof,0
prepared_liveness_data\raw\real\kaggle_49_frame330.jpg,real,1
prepared_liveness_data\raw\real\kaggle_36_frame95.jpg,real,1
prepared_liveness_data\raw\real\kaggle_46_frame65.jpg,real,1
prepared_liveness_data\raw\real\kaggle_35_frame135.jpg,real,1
prepared_liveness_data\raw\spoof\kaggle_26_frame95.jpg,spoof,0
prepared_liveness_data\raw\real\kaggle_15_frame350.jpg,real,1
prepared_liveness_data\raw\real\kaggle_0_frame190.jpg,real,1
prepared_liveness_data\raw\spoof\kaggle_75_frame265.jpg,spoof,0
prepared_liveness_data\raw\real\kaggle_36_frame45.jpg,real,1
prepared_liveness_data\raw\spoof\kaggle_14_frame135.jpg,spoof,0
prepared_liveness_data\raw\spoof\kaggle_5_frame100.jpg,spoof,0
prepared_liveness_data\raw\spoof\kaggle_28_frame235.jpg,spoof,0
prepared_liveness_data\raw\real\kaggle_46_frame75.jpg,real,1
prepared_liveness_data\raw\real\kaggle_10_frame10.jpg,real,1
prepared_liveness_data\raw\spoof\kaggle_38_frame335.jpg,spoof,0
prepared_liveness_data\raw\spoof\kaggle_61_frame425.jpg,spoof,0
prepared_liveness_data\raw\real\kaggle_8_frame15.jpg,real,1
prepared_liveness_data\raw\real\kaggle_69_frame55.jpg,real,1
prepared_liveness_data\raw\spoof\kaggle_37_frame150.jpg,spoof,0
prepared_liveness_data\raw\spoof\kaggle_27_frame215.jpg,spoof,0
prepared_liveness_data\raw\real\kaggle_17_frame20.jpg,real,1
prepared_liveness_data\raw\real\kaggle_11_frame40.jpg,real,1
prepared_liveness_data\raw\spoof\kaggle_45_frame5.jpg,spoof,0
prepared_liveness_data\raw\real\kaggle_46_frame335.jpg,real,1
prepared_liveness_data\raw\real\kaggle_71_frame95.jpg,real,1
prepared_liveness_data\raw\real\kaggle_52_frame60.jpg,real,1
prepared_liveness_data\raw\spoof\kaggle_49_frame570.jpg,spoof,0
prepared_liveness_data\raw\real\kaggle_39_frame50.jpg,real,1
prepared_liveness_data\raw\real\kaggle_18_frame145.jpg,real,1
prepared_liveness_data\raw\spoof\kaggle_28_frame285.jpg,spoof,0
prepared_liveness_data\raw\real\kaggle_17_frame185.jpg,real,1
prepared_liveness_data\raw\real\kaggle_8_frame205.jpg,real,1
prepared_liveness_data\raw\spoof\kaggle_79_frame430.jpg,spoof,0
prepared_liveness_data\raw\spoof\kaggle_46_frame460.jpg,spoof,0
prepared_liveness_data\raw\spoof\kaggle_33_frame250.jpg,spoof,0
prepared_liveness_data\raw\spoof\kaggle_2_frame375.jpg,spoof,0
prepared_liveness_data\raw\real\kaggle_20_frame195.jpg,real,1
prepared_liveness_data\raw\real\kaggle_71_frame90.jpg,real,1
prepared_liveness_data\raw\real\kaggle_34_frame300.jpg,real,1
prepared_liveness_data\raw\real\kaggle_14_frame235.jpg,real,1
prepared_liveness_data\raw\real\kaggle_7_frame195.jpg,real,1
prepared_liveness_data\raw\real\kaggle_68_frame120.jpg,real,1
prepared_liveness_data\raw\real\kaggle_40_frame40.jpg,real,1
prepared_liveness_data\raw\real\kaggle_49_frame395.jpg,real,1
prepared_liveness_data\raw\real\kaggle_0_frame10.jpg,real,1
prepared_liveness_data\raw\spoof\kaggle_61_frame405.jpg,spoof,0
prepared_liveness_data\raw\spoof\kaggle_37_frame355.jpg,spoof,0
prepared_liveness_data\raw\real\kaggle_27_frame55.jpg,real,1
prepared_liveness_data\raw\spoof\kaggle_10_frame175.jpg,spoof,0
prepared_liveness_data\raw\real\kaggle_2_frame285.jpg,real,1
prepared_liveness_data\raw\spoof\kaggle_78_frame240.jpg,spoof,0
prepared_liveness_data\raw\real\kaggle_59_frame250.jpg,real,1
prepared_liveness_data\raw\real\kaggle_2_frame20.jpg,real,1
prepared_liveness_data\raw\spoof\kaggle_47_frame385.jpg,spoof,0
prepared_liveness_data\raw\spoof\kaggle_1_frame75.jpg,spoof,0
prepared_liveness_data\raw\spoof\kaggle_49_frame180.jpg,spoof,0
prepared_liveness_data\raw\real\kaggle_47_frame40.jpg,real,1
prepared_liveness_data\raw\spoof\kaggle_31_frame10.jpg,spoof,0
prepared_liveness_data\raw\real\kaggle_14_frame240.jpg,real,1
prepared_liveness_data\raw\spoof\kaggle_43_frame425.jpg,spoof,0
prepared_liveness_data\raw\real\kaggle_64_frame135.jpg,real,1
prepared_liveness_data\raw\spoof\kaggle_16_frame400.jpg,spoof,0
prepared_liveness_data\raw\spoof\kaggle_79_frame380.jpg,spoof,0
prepared_liveness_data\raw\spoof\kaggle_43_frame260.jpg,spoof,0
prepared_liveness_data\raw\real\kaggle_49_frame5.jpg,real,1
prepared_liveness_data\raw\spoof\kaggle_50_frame140.jpg,spoof,0
prepared_liveness_data\raw\real\kaggle_37_frame50.jpg,real,1
prepared_liveness_data\raw\spoof\kaggle_0_frame130.jpg,spoof,0
prepared_liveness_data\raw\real\kaggle_35_frame70.jpg,real,1
prepared_liveness_data\raw\real\kaggle_23_frame435.jpg,real,1
prepared_liveness_data\raw\spoof\kaggle_62_frame395.jpg,spoof,0
prepared_liveness_data\raw\spoof\kaggle_78_frame230.jpg,spoof,0
prepared_liveness_data\raw\spoof\kaggle_39_frame15.jpg,spoof,0
prepared_liveness_data\raw\spoof\kaggle_70_frame315.jpg,spoof,0
prepared_liveness_data\raw\real\kaggle_57_frame60.jpg,real,1
prepared_liveness_data\raw\real\kaggle_21_frame25.jpg,real,1
prepared_liveness_data\raw\real\kaggle_58_frame320.jpg,real,1
prepared_liveness_data\raw\real\kaggle_7_frame55.jpg,real,1
prepared_liveness_data\raw\real\kaggle_69_frame275.jpg,real,1
prepared_liveness_data\raw\spoof\kaggle_35_frame215.jpg,spoof,0
prepared_liveness_data\raw\spoof\kaggle_78_frame130.jpg,spoof,0
prepared_liveness_data\raw\real\kaggle_36_frame210.jpg,real,1
prepared_liveness_data\raw\real\kaggle_79_frame245.jpg,real,1
prepared_liveness_data\raw\spoof\kaggle_11_frame630.jpg,spoof,0
prepared_liveness_data\raw\real\kaggle_51_frame135.jpg,real,1
prepared_liveness_data\raw\real\kaggle_28_frame370.jpg,real,1
prepared_liveness_data\raw\real\kaggle_10_frame225.jpg,real,1
prepared_liveness_data\raw\spoof\kaggle_55_frame275.jpg,spoof,0
prepared_liveness_data\raw\spoof\kaggle_8_frame75.jpg,spoof,0
prepared_liveness_data\raw\real\kaggle_61_frame160.jpg,real,1
prepared_liveness_data\raw\spoof\kaggle_24_frame230.jpg,spoof,0
prepared_liveness_data\raw\spoof\kaggle_50_frame85.jpg,spoof,0
prepared_liveness_data\raw\spoof\kaggle_55_frame385.jpg,spoof,0
prepared_liveness_data\raw\spoof\kaggle_49_frame275.jpg,spoof,0
prepared_liveness_data\raw\real\kaggle_27_frame175.jpg,real,1
prepared_liveness_data\raw\spoof\kaggle_35_frame205.jpg,spoof,0
prepared_liveness_data\raw\spoof\kaggle_33_frame80.jpg,spoof,0
prepared_liveness_data\raw\spoof\kaggle_71_frame200.jpg,spoof,0
prepared_liveness_data\raw\spoof\kaggle_52_frame105.jpg,spoof,0
prepared_liveness_data\raw\spoof\kaggle_52_frame240.jpg,spoof,0
prepared_liveness_data\raw\spoof\kaggle_41_frame165.jpg,spoof,0
prepared_liveness_data\raw\real\kaggle_45_frame100.jpg,real,1
prepared_liveness_data\raw\real\kaggle_10_frame330.jpg,real,1
prepared_liveness_data\raw\spoof\kaggle_60_frame60.jpg,spoof,0
prepared_liveness_data\raw\real\kaggle_69_frame240.jpg,real,1
prepared_liveness_data\raw\real\kaggle_15_frame315.jpg,real,1
prepared_liveness_data\raw\real\kaggle_49_frame535.jpg,real,1
prepared_liveness_data\raw\real\kaggle_44_frame95.jpg,real,1
prepared_liveness_data\raw\real\kaggle_14_frame50.jpg,real,1
prepared_liveness_data\raw\real\kaggle_76_frame215.jpg,real,1
prepared_liveness_data\raw\spoof\kaggle_79_frame340.jpg,spoof,0
prepared_liveness_data\raw\spoof\kaggle_33_frame240.jpg,spoof,0
prepared_liveness_data\raw\spoof\kaggle_73_frame95.jpg,spoof,0
prepared_liveness_data\raw\spoof\kaggle_48_frame260.jpg,spoof,0
prepared_liveness_data\raw\real\kaggle_54_frame110.jpg,real,1
prepared_liveness_data\raw\real\kaggle_64_frame75.jpg,real,1
prepared_liveness_data\raw\spoof\kaggle_5_frame210.jpg,spoof,0
prepared_liveness_data\raw\real\kaggle_62_frame440.jpg,real,1
prepared_liveness_data\raw\spoof\kaggle_11_frame140.jpg,spoof,0
prepared_liveness_data\raw\spoof\kaggle_69_frame165.jpg,spoof,0
prepared_liveness_data\raw\real\kaggle_7_frame190.jpg,real,1
prepared_liveness_data\raw\spoof\kaggle_26_frame190.jpg,spoof,0
prepared_liveness_data\raw\real\kaggle_78_frame70.jpg,real,1
prepared_liveness_data\raw\spoof\kaggle_1_frame210.jpg,spoof,0
prepared_liveness_data\raw\spoof\kaggle_59_frame490.jpg,spoof,0
prepared_liveness_data\raw\real\kaggle_68_frame245.jpg,real,1
prepared_liveness_data\raw\real\kaggle_62_frame225.jpg,real,1
prepared_liveness_data\raw\real\kaggle_63_frame150.jpg,real,1
prepared_liveness_data\raw\spoof\kaggle_30_frame170.jpg,spoof,0
prepared_liveness_data\raw\spoof\kaggle_50_frame65.jpg,spoof,0
prepared_liveness_data\raw\real\kaggle_2_frame55.jpg,real,1
prepared_liveness_data\raw\real\kaggle_26_frame80.jpg,real,1
prepared_liveness_data\raw\spoof\kaggle_13_frame330.jpg,spoof,0
prepared_liveness_data\raw\real\kaggle_79_frame160.jpg,real,1
prepared_liveness_data\raw\real\kaggle_11_frame210.jpg,real,1
prepared_liveness_data\raw\spoof\kaggle_35_frame435.jpg,spoof,0
prepared_liveness_data\raw\spoof\kaggle_17_frame95.jpg,spoof,0
prepared_liveness_data\raw\spoof\kaggle_9_frame190.jpg,spoof,0
prepared_liveness_data\raw\spoof\kaggle_15_frame95.jpg,spoof,0
prepared_liveness_data\raw\spoof\kaggle_41_frame210.jpg,spoof,0
prepared_liveness_data\raw\real\kaggle_15_frame370.jpg,real,1
prepared_liveness_data\raw\spoof\kaggle_66_frame225.jpg,spoof,0
prepared_liveness_data\raw\real\kaggle_60_frame100.jpg,real,1
prepared_liveness_data\raw\real\kaggle_19_frame200.jpg,real,1
prepared_liveness_data\raw\real\kaggle_15_frame265.jpg,real,1
prepared_liveness_data\raw\real\kaggle_30_frame90.jpg,real,1
prepared_liveness_data\raw\spoof\kaggle_62_frame230.jpg,spoof,0
prepared_liveness_data\raw\real\kaggle_3_frame285.jpg,real,1
prepared_liveness_data\raw\real\kaggle_53_frame0.jpg,real,1
prepared_liveness_data\raw\spoof\kaggle_21_frame315.jpg,spoof,0
prepared_liveness_data\raw\spoof\kaggle_28_frame50.jpg,spoof,0
prepared_liveness_data\raw\real\kaggle_25_frame210.jpg,real,1
prepared_liveness_data\raw\real\kaggle_77_frame175.jpg,real,1
prepared_liveness_data\raw\spoof\kaggle_0_frame65.jpg,spoof,0
prepared_liveness_data\raw\real\kaggle_5_frame210.jpg,real,1
prepared_liveness_data\raw\spoof\kaggle_71_frame265.jpg,spoof,0
prepared_liveness_data\raw\spoof\kaggle_78_frame10.jpg,spoof,0
prepared_liveness_data\raw\spoof\kaggle_26_frame0.jpg,spoof,0
prepared_liveness_data\raw\real\kaggle_62_frame500.jpg,real,1
prepared_liveness_data\raw\spoof\kaggle_45_frame90.jpg,spoof,0
prepared_liveness_data\raw\spoof\kaggle_30_frame225.jpg,spoof,0
prepared_liveness_data\raw\spoof\kaggle_42_frame230.jpg,spoof,0
prepared_liveness_data\raw\spoof\kaggle_23_frame205.jpg,spoof,0
prepared_liveness_data\raw\spoof\kaggle_71_frame90.jpg,spoof,0
prepared_liveness_data\raw\spoof\kaggle_11_frame155.jpg,spoof,0
prepared_liveness_data\raw\spoof\kaggle_38_frame130.jpg,spoof,0
prepared_liveness_data\raw\real\kaggle_68_frame145.jpg,real,1
prepared_liveness_data\raw\real\kaggle_37_frame210.jpg,real,1
prepared_liveness_data\raw\real\kaggle_46_frame305.jpg,real,1
prepared_liveness_data\raw\real\kaggle_52_frame395.jpg,real,1
prepared_liveness_data\raw\real\kaggle_46_frame425.jpg,real,1
prepared_liveness_data\raw\real\kaggle_7_frame205.jpg,real,1
prepared_liveness_data\raw\real\kaggle_76_frame95.jpg,real,1
prepared_liveness_data\raw\real\kaggle_65_frame15.jpg,real,1
prepared_liveness_data\raw\real\kaggle_52_frame65.jpg,real,1
prepared_liveness_data\raw\real\kaggle_72_frame285.jpg,real,1
prepared_liveness_data\raw\spoof\kaggle_14_frame130.jpg,spoof,0
prepared_liveness_data\raw\spoof\kaggle_15_frame230.jpg,spoof,0
prepared_liveness_data\raw\spoof\kaggle_77_frame10.jpg,spoof,0
prepared_liveness_data\raw\real\kaggle_68_frame235.jpg,real,1
prepared_liveness_data\raw\real\kaggle_77_frame140.jpg,real,1
prepared_liveness_data\raw\real\kaggle_12_frame140.jpg,real,1
prepared_liveness_data\raw\spoof\kaggle_52_frame235.jpg,spoof,0
prepared_liveness_data\raw\real\kaggle_63_frame65.jpg,real,1
prepared_liveness_data\raw\spoof\kaggle_1_frame205.jpg,spoof,0
prepared_liveness_data\raw\real\kaggle_64_frame215.jpg,real,1
prepared_liveness_data\raw\real\kaggle_57_frame220.jpg,real,1
prepared_liveness_data\raw\real\kaggle_49_frame315.jpg,real,1
prepared_liveness_data\raw\spoof\kaggle_19_frame10.jpg,spoof,0
prepared_liveness_data\raw\spoof\kaggle_60_frame245.jpg,spoof,0
prepared_liveness_data\raw\real\kaggle_0_frame70.jpg,real,1
prepared_liveness_data\raw\spoof\kaggle_62_frame65.jpg,spoof,0
prepared_liveness_data\raw\real\kaggle_50_frame235.jpg,real,1
prepared_liveness_data\raw\real\kaggle_60_frame120.jpg,real,1
prepared_liveness_data\raw\real\kaggle_47_frame20.jpg,real,1
prepared_liveness_data\raw\real\kaggle_31_frame245.jpg,real,1
prepared_liveness_data\raw\spoof\kaggle_23_frame305.jpg,spoof,0
prepared_liveness_data\raw\spoof\kaggle_21_frame235.jpg,spoof,0
prepared_liveness_data\raw\spoof\kaggle_18_frame335.jpg,spoof,0
prepared_liveness_data\raw\real\kaggle_75_frame235.jpg,real,1
prepared_liveness_data\raw\spoof\kaggle_30_frame380.jpg,spoof,0
prepared_liveness_data\raw\real\kaggle_75_frame255.jpg,real,1
prepared_liveness_data\raw\spoof\kaggle_12_frame345.jpg,spoof,0
prepared_liveness_data\raw\spoof\kaggle_51_frame230.jpg,spoof,0
prepared_liveness_data\raw\spoof\kaggle_2_frame40.jpg,spoof,0
prepared_liveness_data\raw\real\kaggle_52_frame435.jpg,real,1
prepared_liveness_data\raw\spoof\kaggle_68_frame200.jpg,spoof,0
prepared_liveness_data\raw\real\kaggle_20_frame100.jpg,real,1
prepared_liveness_data\raw\real\kaggle_49_frame320.jpg,real,1
prepared_liveness_data\raw\real\kaggle_8_frame115.jpg,real,1
prepared_liveness_data\raw\real\kaggle_76_frame265.jpg,real,1
prepared_liveness_data\raw\real\kaggle_21_frame285.jpg,real,1
prepared_liveness_data\raw\real\kaggle_47_frame390.jpg,real,1
prepared_liveness_data\raw\spoof\kaggle_41_frame140.jpg,spoof,0
prepared_liveness_data\raw\real\kaggle_49_frame265.jpg,real,1
prepared_liveness_data\raw\real\kaggle_14_frame15.jpg,real,1
prepared_liveness_data\raw\real\kaggle_48_frame145.jpg,real,1
prepared_liveness_data\raw\spoof\kaggle_11_frame505.jpg,spoof,0
prepared_liveness_data\raw\real\kaggle_59_frame435.jpg,real,1
prepared_liveness_data\raw\spoof\kaggle_77_frame60.jpg,spoof,0
prepared_liveness_data\raw\real\kaggle_6_frame80.jpg,real,1
prepared_liveness_data\raw\spoof\kaggle_28_frame230.jpg,spoof,0
prepared_liveness_data\raw\spoof\kaggle_23_frame10.jpg,spoof,0
prepared_liveness_data\raw\real\kaggle_35_frame455.jpg,real,1
prepared_liveness_data\raw\real\kaggle_70_frame20.jpg,real,1
prepared_liveness_data\raw\real\kaggle_32_frame25.jpg,real,1
prepared_liveness_data\raw\spoof\kaggle_55_frame365.jpg,spoof,0
prepared_liveness_data\raw\spoof\kaggle_30_frame435.jpg,spoof,0
prepared_liveness_data\raw\real\kaggle_0_frame170.jpg,real,1
prepared_liveness_data\raw\real\kaggle_53_frame250.jpg,real,1
prepared_liveness_data\raw\spoof\kaggle_58_frame420.jpg,spoof,0
prepared_liveness_data\raw\real\kaggle_34_frame325.jpg,real,1
prepared_liveness_data\raw\spoof\kaggle_0_frame320.jpg,spoof,0
prepared_liveness_data\raw\spoof\kaggle_31_frame100.jpg,spoof,0
prepared_liveness_data\raw\real\kaggle_78_frame5.jpg,real,1
prepared_liveness_data\raw\spoof\kaggle_38_frame80.jpg,spoof,0
prepared_liveness_data\raw\real\kaggle_43_frame15.jpg,real,1
prepared_liveness_data\raw\real\kaggle_53_frame105.jpg,real,1
prepared_liveness_data\raw\real\kaggle_7_frame200.jpg,real,1
prepared_liveness_data\raw\real\kaggle_53_frame175.jpg,real,1
prepared_liveness_data\raw\spoof\kaggle_20_frame25.jpg,spoof,0
prepared_liveness_data\raw\spoof\kaggle_71_frame45.jpg,spoof,0
prepared_liveness_data\raw\spoof\kaggle_39_frame350.jpg,spoof,0
prepared_liveness_data\raw\spoof\kaggle_39_frame175.jpg,spoof,0
prepared_liveness_data\raw\real\kaggle_68_frame315.jpg,real,1
prepared_liveness_data\raw\spoof\kaggle_1_frame225.jpg,spoof,0
prepared_liveness_data\raw\real\kaggle_35_frame335.jpg,real,1
prepared_liveness_data\raw\spoof\kaggle_32_frame120.jpg,spoof,0
prepared_liveness_data\raw\spoof\kaggle_51_frame280.jpg,spoof,0
prepared_liveness_data\raw\spoof\kaggle_61_frame305.jpg,spoof,0
prepared_liveness_data\raw\real\kaggle_19_frame135.jpg,real,1
prepared_liveness_data\raw\real\kaggle_37_frame305.jpg,real,1
prepared_liveness_data\raw\real\kaggle_0_frame95.jpg,real,1
prepared_liveness_data\raw\spoof\kaggle_19_frame125.jpg,spoof,0
prepared_liveness_data\raw\spoof\kaggle_41_frame345.jpg,spoof,0
prepared_liveness_data\raw\spoof\kaggle_7_frame210.jpg,spoof,0
prepared_liveness_data\raw\spoof\kaggle_77_frame225.jpg,spoof,0
prepared_liveness_data\raw\spoof\kaggle_41_frame110.jpg,spoof,0
prepared_liveness_data\raw\spoof\kaggle_1_frame100.jpg,spoof,0
prepared_liveness_data\raw\spoof\kaggle_70_frame90.jpg,spoof,0
prepared_liveness_data\raw\real\kaggle_58_frame100.jpg,real,1
prepared_liveness_data\raw\spoof\kaggle_60_frame90.jpg,spoof,0
prepared_liveness_data\raw\spoof\kaggle_70_frame35.jpg,spoof,0
prepared_liveness_data\raw\spoof\kaggle_8_frame85.jpg,spoof,0
prepared_liveness_data\raw\real\kaggle_55_frame55.jpg,real,1
prepared_liveness_data\raw\real\kaggle_62_frame20.jpg,real,1
prepared_liveness_data\raw\real\kaggle_11_frame180.jpg,real,1
prepared_liveness_data\raw\real\kaggle_24_frame125.jpg,real,1
prepared_liveness_data\raw\real\kaggle_70_frame290.jpg,real,1
prepared_liveness_data\raw\spoof\kaggle_21_frame320.jpg,spoof,0
prepared_liveness_data\raw\real\kaggle_11_frame205.jpg,real,1
prepared_liveness_data\raw\real\kaggle_49_frame115.jpg,real,1
prepared_liveness_data\raw\real\kaggle_4_frame150.jpg,real,1
prepared_liveness_data\raw\real\kaggle_59_frame100.jpg,real,1
prepared_liveness_data\raw\spoof\kaggle_36_frame105.jpg,spoof,0
prepared_liveness_data\raw\real\kaggle_31_frame15.jpg,real,1
prepared_liveness_data\raw\spoof\kaggle_77_frame265.jpg,spoof,0
prepared_liveness_data\raw\real\kaggle_76_frame25.jpg,real,1
prepared_liveness_data\raw\spoof\kaggle_12_frame530.jpg,spoof,0
prepared_liveness_data\raw\real\kaggle_3_frame10.jpg,real,1
prepared_liveness_data\raw\real\kaggle_30_frame220.jpg,real,1
prepared_liveness_data\raw\real\kaggle_75_frame575.jpg,real,1
prepared_liveness_data\raw\spoof\kaggle_68_frame190.jpg,spoof,0
prepared_liveness_data\raw\spoof\kaggle_69_frame40.jpg,spoof,0
prepared_liveness_data\raw\spoof\kaggle_72_frame30.jpg,spoof,0
prepared_liveness_data\raw\spoof\kaggle_64_frame190.jpg,spoof,0
prepared_liveness_data\raw\real\kaggle_6_frame15.jpg,real,1
prepared_liveness_data\raw\real\kaggle_50_frame140.jpg,real,1
prepared_liveness_data\raw\spoof\kaggle_62_frame90.jpg,spoof,0
prepared_liveness_data\raw\spoof\kaggle_46_frame130.jpg,spoof,0
prepared_liveness_data\raw\real\kaggle_19_frame150.jpg,real,1
prepared_liveness_data\raw\real\kaggle_66_frame85.jpg,real,1
prepared_liveness_data\raw\spoof\kaggle_25_frame385.jpg,spoof,0
prepared_liveness_data\raw\spoof\kaggle_65_frame275.jpg,spoof,0
prepared_liveness_data\raw\spoof\kaggle_10_frame280.jpg,spoof,0
prepared_liveness_data\raw\spoof\kaggle_55_frame90.jpg,spoof,0
prepared_liveness_data\raw\real\kaggle_18_frame240.jpg,real,1
prepared_liveness_data\raw\real\kaggle_79_frame140.jpg,real,1
prepared_liveness_data\raw\spoof\kaggle_52_frame290.jpg,spoof,0
prepared_liveness_data\raw\spoof\kaggle_58_frame120.jpg,spoof,0
prepared_liveness_data\raw\real\kaggle_28_frame360.jpg,real,1
prepared_liveness_data\raw\spoof\kaggle_69_frame110.jpg,spoof,0
prepared_liveness_data\raw\real\kaggle_79_frame105.jpg,real,1
prepared_liveness_data\raw\real\kaggle_77_frame40.jpg,real,1
prepared_liveness_data\raw\spoof\kaggle_5_frame50.jpg,spoof,0
prepared_liveness_data\raw\spoof\kaggle_48_frame240.jpg,spoof,0
prepared_liveness_data\raw\spoof\kaggle_11_frame465.jpg,spoof,0
prepared_liveness_data\raw\real\kaggle_67_frame265.jpg,real,1
prepared_liveness_data\raw\spoof\kaggle_48_frame20.jpg,spoof,0
prepared_liveness_data\raw\real\kaggle_51_frame50.jpg,real,1
prepared_liveness_data\raw\spoof\kaggle_72_frame80.jpg,spoof,0
prepared_liveness_data\raw\spoof\kaggle_5_frame285.jpg,spoof,0
prepared_liveness_data\raw\spoof\kaggle_79_frame205.jpg,spoof,0
prepared_liveness_data\raw\real\kaggle_24_frame25.jpg,real,1
prepared_liveness_data\raw\real\kaggle_18_frame115.jpg,real,1
prepared_liveness_data\raw\real\kaggle_57_frame160.jpg,real,1
prepared_liveness_data\raw\spoof\kaggle_78_frame55.jpg,spoof,0
prepared_liveness_data\raw\spoof\kaggle_11_frame110.jpg,spoof,0
prepared_liveness_data\raw\spoof\kaggle_21_frame130.jpg,spoof,0
prepared_liveness_data\raw\spoof\kaggle_53_frame145.jpg,spoof,0
prepared_liveness_data\raw\spoof\kaggle_72_frame350.jpg,spoof,0
prepared_liveness_data\raw\spoof\kaggle_5_frame325.jpg,spoof,0
prepared_liveness_data\raw\real\kaggle_52_frame75.jpg,real,1
prepared_liveness_data\raw\spoof\kaggle_65_frame65.jpg,spoof,0
prepared_liveness_data\raw\real\kaggle_24_frame140.jpg,real,1
prepared_liveness_data\raw\real\kaggle_55_frame120.jpg,real,1
prepared_liveness_data\raw\spoof\kaggle_74_frame15.jpg,spoof,0
prepared_liveness_data\raw\real\kaggle_58_frame30.jpg,real,1
prepared_liveness_data\raw\spoof\kaggle_78_frame115.jpg,spoof,0
prepared_liveness_data\raw\spoof\kaggle_43_frame455.jpg,spoof,0
prepared_liveness_data\raw\spoof\kaggle_49_frame215.jpg,spoof,0
prepared_liveness_data\raw\spoof\kaggle_53_frame200.jpg,spoof,0
prepared_liveness_data\raw\spoof\kaggle_12_frame375.jpg,spoof,0
prepared_liveness_data\raw\spoof\kaggle_54_frame260.jpg,spoof,0
prepared_liveness_data\raw\spoof\kaggle_45_frame175.jpg,spoof,0
prepared_liveness_data\raw\spoof\kaggle_46_frame285.jpg,spoof,0
prepared_liveness_data\raw\spoof\kaggle_7_frame235.jpg,spoof,0
prepared_liveness_data\raw\spoof\kaggle_3_frame125.jpg,spoof,0
prepared_liveness_data\raw\real\kaggle_62_frame385.jpg,real,1
prepared_liveness_data\raw\spoof\kaggle_50_frame110.jpg,spoof,0
prepared_liveness_data\raw\real\kaggle_37_frame245.jpg,real,1
prepared_liveness_data\raw\real\kaggle_78_frame130.jpg,real,1
prepared_liveness_data\raw\spoof\kaggle_32_frame25.jpg,spoof,0
prepared_liveness_data\raw\spoof\kaggle_37_frame290.jpg,spoof,0
prepared_liveness_data\raw\spoof\kaggle_17_frame205.jpg,spoof,0
prepared_liveness_data\raw\spoof\kaggle_16_frame250.jpg,spoof,0
prepared_liveness_data\raw\real\kaggle_40_frame45.jpg,real,1
prepared_liveness_data\raw\spoof\kaggle_64_frame330.jpg,spoof,0
prepared_liveness_data\raw\spoof\kaggle_69_frame80.jpg,spoof,0
prepared_liveness_data\raw\spoof\kaggle_5_frame10.jpg,spoof,0
prepared_liveness_data\raw\real\kaggle_32_frame120.jpg,real,1
prepared_liveness_data\raw\real\kaggle_13_frame160.jpg,real,1
prepared_liveness_data\raw\spoof\kaggle_9_frame275.jpg,spoof,0
prepared_liveness_data\raw\real\kaggle_61_frame440.jpg,real,1
prepared_liveness_data\raw\spoof\kaggle_76_frame175.jpg,spoof,0
prepared_liveness_data\raw\spoof\kaggle_0_frame120.jpg,spoof,0
prepared_liveness_data\raw\spoof\kaggle_65_frame335.jpg,spoof,0
prepared_liveness_data\raw\real\kaggle_28_frame30.jpg,real,1
prepared_liveness_data\raw\real\kaggle_75_frame535.jpg,real,1
prepared_liveness_data\raw\spoof\kaggle_12_frame140.jpg,spoof,0
prepared_liveness_data\raw\real\kaggle_10_frame205.jpg,real,1
prepared_liveness_data\raw\spoof\kaggle_48_frame170.jpg,spoof,0
prepared_liveness_data\raw\spoof\kaggle_47_frame155.jpg,spoof,0
prepared_liveness_data\raw\real\kaggle_42_frame40.jpg,real,1
prepared_liveness_data\raw\real\kaggle_47_frame320.jpg,real,1
prepared_liveness_data\raw\real\kaggle_15_frame345.jpg,real,1
prepared_liveness_data\raw\spoof\kaggle_37_frame200.jpg,spoof,0
prepared_liveness_data\raw\spoof\kaggle_77_frame255.jpg,spoof,0
prepared_liveness_data\raw\real\kaggle_7_frame215.jpg,real,1
prepared_liveness_data\raw\spoof\kaggle_48_frame105.jpg,spoof,0
prepared_liveness_data\raw\spoof\kaggle_48_frame115.jpg,spoof,0
prepared_liveness_data\raw\spoof\kaggle_16_frame165.jpg,spoof,0
prepared_liveness_data\raw\real\kaggle_75_frame580.jpg,real,1
prepared_liveness_data\raw\real\kaggle_75_frame220.jpg,real,1
prepared_liveness_data\raw\real\kaggle_72_frame80.jpg,real,1
prepared_liveness_data\raw\spoof\kaggle_79_frame200.jpg,spoof,0
prepared_liveness_data\raw\spoof\kaggle_75_frame35.jpg,spoof,0
prepared_liveness_data\raw\spoof\kaggle_1_frame110.jpg,spoof,0
prepared_liveness_data\raw\spoof\kaggle_50_frame285.jpg,spoof,0
prepared_liveness_data\raw\spoof\kaggle_21_frame10.jpg,spoof,0
prepared_liveness_data\raw\spoof\kaggle_74_frame65.jpg,spoof,0
prepared_liveness_data\raw\spoof\kaggle_8_frame175.jpg,spoof,0
prepared_liveness_data\raw\spoof\kaggle_43_frame130.jpg,spoof,0
prepared_liveness_data\raw\spoof\kaggle_44_frame160.jpg,spoof,0
prepared_liveness_data\raw\spoof\kaggle_74_frame515.jpg,spoof,0
prepared_liveness_data\raw\spoof\kaggle_54_frame250.jpg,spoof,0
prepared_liveness_data\raw\spoof\kaggle_48_frame200.jpg,spoof,0
prepared_liveness_data\raw\real\kaggle_66_frame55.jpg,real,1
prepared_liveness_data\raw\spoof\kaggle_53_frame5.jpg,spoof,0
prepared_liveness_data\raw\real\kaggle_2_frame65.jpg,real,1
prepared_liveness_data\raw\real\kaggle_3_frame220.jpg,real,1
prepared_liveness_data\raw\real\kaggle_2_frame175.jpg,real,1
prepared_liveness_data\raw\real\kaggle_54_frame200.jpg,real,1
prepared_liveness_data\raw\real\kaggle_19_frame70.jpg,real,1
prepared_liveness_data\raw\real\kaggle_50_frame225.jpg,real,1
prepared_liveness_data\raw\real\kaggle_11_frame65.jpg,real,1
prepared_liveness_data\raw\spoof\kaggle_14_frame295.jpg,spoof,0
prepared_liveness_data\raw\spoof\kaggle_23_frame425.jpg,spoof,0
prepared_liveness_data\raw\real\kaggle_12_frame15.jpg,real,1
prepared_liveness_data\raw\spoof\kaggle_1_frame255.jpg,spoof,0
prepared_liveness_data\raw\spoof\kaggle_54_frame75.jpg,spoof,0
prepared_liveness_data\raw\spoof\kaggle_5_frame25.jpg,spoof,0
prepared_liveness_data\raw\spoof\kaggle_61_frame265.jpg,spoof,0
prepared_liveness_data\raw\spoof\kaggle_65_frame215.jpg,spoof,0
prepared_liveness_data\raw\spoof\kaggle_58_frame200.jpg,spoof,0
prepared_liveness_data\raw\spoof\kaggle_64_frame390.jpg,spoof,0
prepared_liveness_data\raw\real\kaggle_25_frame10.jpg,real,1
prepared_liveness_data\raw\spoof\kaggle_68_frame425.jpg,spoof,0
prepared_liveness_data\raw\real\kaggle_74_frame15.jpg,real,1
prepared_liveness_data\raw\real\kaggle_8_frame275.jpg,real,1
prepared_liveness_data\raw\spoof\kaggle_12_frame380.jpg,spoof,0
prepared_liveness_data\raw\spoof\kaggle_57_frame35.jpg,spoof,0
prepared_liveness_data\raw\spoof\kaggle_32_frame100.jpg,spoof,0
prepared_liveness_data\raw\real\kaggle_61_frame355.jpg,real,1
prepared_liveness_data\raw\real\kaggle_77_frame230.jpg,real,1
prepared_liveness_data\raw\spoof\kaggle_36_frame15.jpg,spoof,0
prepared_liveness_data\raw\spoof\kaggle_73_frame270.jpg,spoof,0
prepared_liveness_data\raw\real\kaggle_68_frame50.jpg,real,1
prepared_liveness_data\raw\real\kaggle_4_frame15.jpg,real,1
prepared_liveness_data\raw\real\kaggle_48_frame15.jpg,real,1
prepared_liveness_data\raw\spoof\kaggle_5_frame20.jpg,spoof,0
prepared_liveness_data\raw\spoof\kaggle_76_frame200.jpg,spoof,0
prepared_liveness_data\raw\real\kaggle_41_frame200.jpg,real,1
prepared_liveness_data\raw\spoof\kaggle_38_frame5.jpg,spoof,0
prepared_liveness_data\raw\spoof\kaggle_69_frame205.jpg,spoof,0
prepared_liveness_data\raw\spoof\kaggle_23_frame55.jpg,spoof,0
prepared_liveness_data\raw\real\kaggle_23_frame5.jpg,real,1
prepared_liveness_data\raw\spoof\kaggle_52_frame470.jpg,spoof,0
prepared_liveness_data\raw\spoof\kaggle_52_frame120.jpg,spoof,0
prepared_liveness_data\raw\spoof\kaggle_13_frame390.jpg,spoof,0
prepared_liveness_data\raw\spoof\kaggle_67_frame285.jpg,spoof,0
prepared_liveness_data\raw\real\kaggle_10_frame130.jpg,real,1
prepared_liveness_data\raw\real\kaggle_51_frame210.jpg,real,1
prepared_liveness_data\raw\real\kaggle_37_frame200.jpg,real,1
prepared_liveness_data\raw\real\kaggle_8_frame210.jpg,real,1
prepared_liveness_data\raw\real\kaggle_65_frame155.jpg,real,1
prepared_liveness_data\raw\real\kaggle_55_frame25.jpg,real,1
prepared_liveness_data\raw\real\kaggle_66_frame100.jpg,real,1
prepared_liveness_data\raw\real\kaggle_19_frame125.jpg,real,1
prepared_liveness_data\raw\real\kaggle_75_frame265.jpg,real,1
prepared_liveness_data\raw\real\kaggle_20_frame225.jpg,real,1
prepared_liveness_data\raw\real\kaggle_25_frame290.jpg,real,1
prepared_liveness_data\raw\spoof\kaggle_16_frame200.jpg,spoof,0
prepared_liveness_data\raw\spoof\kaggle_41_frame80.jpg,spoof,0
prepared_liveness_data\raw\spoof\kaggle_78_frame325.jpg,spoof,0
prepared_liveness_data\raw\spoof\kaggle_58_frame285.jpg,spoof,0
prepared_liveness_data\raw\spoof\kaggle_35_frame190.jpg,spoof,0
prepared_liveness_data\raw\spoof\kaggle_47_frame185.jpg,spoof,0
prepared_liveness_data\raw\real\kaggle_21_frame205.jpg,real,1
prepared_liveness_data\raw\real\kaggle_5_frame145.jpg,real,1
prepared_liveness_data\raw\spoof\kaggle_7_frame105.jpg,spoof,0
prepared_liveness_data\raw\real\kaggle_52_frame255.jpg,real,1
prepared_liveness_data\raw\spoof\kaggle_61_frame380.jpg,spoof,0
prepared_liveness_data\raw\spoof\kaggle_14_frame205.jpg,spoof,0
prepared_liveness_data\raw\spoof\kaggle_60_frame160.jpg,spoof,0
prepared_liveness_data\raw\spoof\kaggle_9_frame150.jpg,spoof,0
prepared_liveness_data\raw\spoof\kaggle_10_frame385.jpg,spoof,0
prepared_liveness_data\raw\spoof\kaggle_0_frame300.jpg,spoof,0
prepared_liveness_data\raw\real\kaggle_75_frame545.jpg,real,1
prepared_liveness_data\raw\real\kaggle_44_frame110.jpg,real,1
prepared_liveness_data\raw\real\kaggle_21_frame270.jpg,real,1
prepared_liveness_data\raw\real\kaggle_35_frame145.jpg,real,1
prepared_liveness_data\raw\spoof\kaggle_6_frame195.jpg,spoof,0
prepared_liveness_data\raw\spoof\kaggle_52_frame430.jpg,spoof,0
prepared_liveness_data\raw\real\kaggle_50_frame280.jpg,real,1
prepared_liveness_data\raw\spoof\kaggle_1_frame125.jpg,spoof,0
prepared_liveness_data\raw\real\kaggle_5_frame215.jpg,real,1
prepared_liveness_data\raw\real\kaggle_68_frame60.jpg,real,1
prepared_liveness_data\raw\spoof\kaggle_30_frame110.jpg,spoof,0
prepared_liveness_data\raw\spoof\kaggle_71_frame130.jpg,spoof,0
prepared_liveness_data\raw\real\kaggle_75_frame335.jpg,real,1
prepared_liveness_data\raw\real\kaggle_75_frame625.jpg,real,1
prepared_liveness_data\raw\real\kaggle_15_frame215.jpg,real,1
prepared_liveness_data\raw\spoof\kaggle_31_frame95.jpg,spoof,0
prepared_liveness_data\raw\real\kaggle_32_frame135.jpg,real,1
prepared_liveness_data\raw\real\kaggle_23_frame10.jpg,real,1
prepared_liveness_data\raw\spoof\kaggle_35_frame225.jpg,spoof,0
prepared_liveness_data\raw\spoof\kaggle_75_frame110.jpg,spoof,0
prepared_liveness_data\raw\spoof\kaggle_67_frame135.jpg,spoof,0
prepared_liveness_data\raw\spoof\kaggle_20_frame265.jpg,spoof,0
prepared_liveness_data\raw\real\kaggle_77_frame15.jpg,real,1
prepared_liveness_data\raw\spoof\kaggle_0_frame15.jpg,spoof,0
prepared_liveness_data\raw\spoof\kaggle_73_frame40.jpg,spoof,0
prepared_liveness_data\raw\spoof\kaggle_36_frame310.jpg,spoof,0
prepared_liveness_data\raw\real\kaggle_75_frame0.jpg,real,1
prepared_liveness_data\raw\real\kaggle_58_frame385.jpg,real,1
prepared_liveness_data\raw\spoof\kaggle_26_frame205.jpg,spoof,0
prepared_liveness_data\raw\real\kaggle_22_frame10.jpg,real,1
prepared_liveness_data\raw\real\kaggle_35_frame190.jpg,real,1
prepared_liveness_data\raw\spoof\kaggle_42_frame210.jpg,spoof,0
prepared_liveness_data\raw\real\kaggle_37_frame25.jpg,real,1
prepared_liveness_data\raw\real\kaggle_25_frame285.jpg,real,1
prepared_liveness_data\raw\real\kaggle_33_frame185.jpg,real,1
prepared_liveness_data\raw\spoof\kaggle_8_frame20.jpg,spoof,0
prepared_liveness_data\raw\real\kaggle_75_frame150.jpg,real,1
prepared_liveness_data\raw\spoof\kaggle_79_frame50.jpg,spoof,0
prepared_liveness_data\raw\spoof\kaggle_68_frame165.jpg,spoof,0
prepared_liveness_data\raw\spoof\kaggle_49_frame630.jpg,spoof,0
prepared_liveness_data\raw\real\kaggle_57_frame35.jpg,real,1
prepared_liveness_data\raw\real\kaggle_32_frame220.jpg,real,1
prepared_liveness_data\raw\real\kaggle_33_frame55.jpg,real,1
prepared_liveness_data\raw\spoof\kaggle_30_frame355.jpg,spoof,0
prepared_liveness_data\raw\real\kaggle_46_frame45.jpg,real,1
prepared_liveness_data\raw\real\kaggle_12_frame545.jpg,real,1
prepared_liveness_data\raw\real\kaggle_27_frame70.jpg,real,1
prepared_liveness_data\raw\real\kaggle_21_frame75.jpg,real,1
prepared_liveness_data\raw\real\kaggle_12_frame165.jpg,real,1
prepared_liveness_data\raw\real\kaggle_76_frame75.jpg,real,1
prepared_liveness_data\raw\spoof\kaggle_72_frame225.jpg,spoof,0
prepared_liveness_data\raw\real\kaggle_17_frame125.jpg,real,1
prepared_liveness_data\raw\real\kaggle_73_frame125.jpg,real,1
prepared_liveness_data\raw\spoof\kaggle_39_frame325.jpg,spoof,0
prepared_liveness_data\raw\spoof\kaggle_2_frame160.jpg,spoof,0
prepared_liveness_data\raw\spoof\kaggle_17_frame115.jpg,spoof,0
prepared_liveness_data\raw\real\kaggle_11_frame15.jpg,real,1
prepared_liveness_data\raw\spoof\kaggle_73_frame50.jpg,spoof,0
prepared_liveness_data\raw\real\kaggle_65_frame150.jpg,real,1
prepared_liveness_data\raw\real\kaggle_17_frame30.jpg,real,1
prepared_liveness_data\raw\real\kaggle_78_frame295.jpg,real,1
prepared_liveness_data\raw\spoof\kaggle_42_frame295.jpg,spoof,0
prepared_liveness_data\raw\spoof\kaggle_67_frame30.jpg,spoof,0
prepared_liveness_data\raw\spoof\kaggle_22_frame185.jpg,spoof,0
prepared_liveness_data\raw\real\kaggle_3_frame265.jpg,real,1
prepared_liveness_data\raw\spoof\kaggle_24_frame80.jpg,spoof,0
prepared_liveness_data\raw\spoof\kaggle_44_frame50.jpg,spoof,0
prepared_liveness_data\raw\real\kaggle_33_frame5.jpg,real,1
prepared_liveness_data\raw\spoof\kaggle_16_frame235.jpg,spoof,0
prepared_liveness_data\raw\spoof\kaggle_67_frame95.jpg,spoof,0
prepared_liveness_data\raw\spoof\kaggle_77_frame280.jpg,spoof,0
prepared_liveness_data\raw\spoof\kaggle_36_frame250.jpg,spoof,0
prepared_liveness_data\raw\spoof\kaggle_60_frame105.jpg,spoof,0
prepared_liveness_data\raw\real\kaggle_61_frame95.jpg,real,1
prepared_liveness_data\raw\spoof\kaggle_20_frame135.jpg,spoof,0
prepared_liveness_data\raw\spoof\kaggle_21_frame30.jpg,spoof,0
prepared_liveness_data\raw\spoof\kaggle_46_frame195.jpg,spoof,0
prepared_liveness_data\raw\real\kaggle_10_frame20.jpg,real,1
prepared_liveness_data\raw\spoof\kaggle_15_frame325.jpg,spoof,0
prepared_liveness_data\raw\spoof\kaggle_43_frame335.jpg,spoof,0
prepared_liveness_data\raw\real\kaggle_62_frame60.jpg,real,1
prepared_liveness_data\raw\real\kaggle_40_frame130.jpg,real,1
prepared_liveness_data\raw\spoof\kaggle_13_frame270.jpg,spoof,0
prepared_liveness_data\raw\spoof\kaggle_30_frame605.jpg,spoof,0
prepared_liveness_data\raw\real\kaggle_38_frame10.jpg,real,1
prepared_liveness_data\raw\spoof\kaggle_33_frame75.jpg,spoof,0
prepared_liveness_data\raw\spoof\kaggle_74_frame20.jpg,spoof,0
prepared_liveness_data\raw\spoof\kaggle_32_frame170.jpg,spoof,0
prepared_liveness_data\raw\spoof\kaggle_14_frame5.jpg,spoof,0
prepared_liveness_data\raw\spoof\kaggle_62_frame130.jpg,spoof,0
prepared_liveness_data\raw\spoof\kaggle_18_frame5.jpg,spoof,0
prepared_liveness_data\raw\real\kaggle_58_frame245.jpg,real,1
prepared_liveness_data\raw\spoof\kaggle_24_frame190.jpg,spoof,0
prepared_liveness_data\raw\real\kaggle_34_frame215.jpg,real,1
prepared_liveness_data\raw\spoof\kaggle_55_frame345.jpg,spoof,0
prepared_liveness_data\raw\spoof\kaggle_65_frame320.jpg,spoof,0
prepared_liveness_data\raw\spoof\kaggle_20_frame105.jpg,spoof,0
prepared_liveness_data\raw\real\kaggle_48_frame80.jpg,real,1
prepared_liveness_data\raw\real\kaggle_75_frame565.jpg,real,1
prepared_liveness_data\raw\spoof\kaggle_47_frame165.jpg,spoof,0
prepared_liveness_data\raw\real\kaggle_22_frame75.jpg,real,1
prepared_liveness_data\raw\real\kaggle_8_frame80.jpg,real,1
prepared_liveness_data\raw\spoof\kaggle_12_frame490.jpg,spoof,0
prepared_liveness_data\raw\spoof\kaggle_60_frame240.jpg,spoof,0
prepared_liveness_data\raw\spoof\kaggle_22_frame95.jpg,spoof,0
prepared_liveness_data\raw\real\kaggle_67_frame90.jpg,real,1
prepared_liveness_data\raw\real\kaggle_47_frame340.jpg,real,1
prepared_liveness_data\raw\spoof\kaggle_44_frame175.jpg,spoof,0
prepared_liveness_data\raw\spoof\kaggle_32_frame50.jpg,spoof,0
prepared_liveness_data\raw\spoof\kaggle_9_frame90.jpg,spoof,0
prepared_liveness_data\raw\spoof\kaggle_46_frame410.jpg,spoof,0
prepared_liveness_data\raw\real\kaggle_75_frame475.jpg,real,1
prepared_liveness_data\raw\real\kaggle_5_frame80.jpg,real,1
prepared_liveness_data\raw\spoof\kaggle_46_frame100.jpg,spoof,0
prepared_liveness_data\raw\spoof\kaggle_72_frame105.jpg,spoof,0
prepared_liveness_data\raw\spoof\kaggle_31_frame175.jpg,spoof,0
prepared_liveness_data\raw\real\kaggle_72_frame20.jpg,real,1
prepared_liveness_data\raw\spoof\kaggle_39_frame65.jpg,spoof,0
prepared_liveness_data\raw\spoof\kaggle_59_frame400.jpg,spoof,0
prepared_liveness_data\raw\real\kaggle_58_frame395.jpg,real,1
prepared_liveness_data\raw\real\kaggle_39_frame55.jpg,real,1
prepared_liveness_data\raw\real\kaggle_0_frame145.jpg,real,1
prepared_liveness_data\raw\spoof\kaggle_26_frame240.jpg,spoof,0
prepared_liveness_data\raw\real\kaggle_30_frame15.jpg,real,1
prepared_liveness_data\raw\spoof\kaggle_28_frame405.jpg,spoof,0
prepared_liveness_data\raw\spoof\kaggle_77_frame185.jpg,spoof,0
prepared_liveness_data\raw\spoof\kaggle_19_frame270.jpg,spoof,0
prepared_liveness_data\raw\real\kaggle_6_frame70.jpg,real,1
prepared_liveness_data\raw\spoof\kaggle_11_frame65.jpg,spoof,0
prepared_liveness_data\raw\spoof\kaggle_25_frame335.jpg,spoof,0
prepared_liveness_data\raw\real\kaggle_68_frame340.jpg,real,1
prepared_liveness_data\raw\spoof\kaggle_52_frame260.jpg,spoof,0
prepared_liveness_data\raw\real\kaggle_2_frame260.jpg,real,1
prepared_liveness_data\raw\spoof\kaggle_0_frame265.jpg,spoof,0
prepared_liveness_data\raw\real\kaggle_65_frame260.jpg,real,1
prepared_liveness_data\raw\real\kaggle_17_frame50.jpg,real,1
prepared_liveness_data\raw\spoof\kaggle_25_frame200.jpg,spoof,0
prepared_liveness_data\raw\real\kaggle_25_frame190.jpg,real,1
prepared_liveness_data\raw\spoof\kaggle_7_frame275.jpg,spoof,0
prepared_liveness_data\raw\spoof\kaggle_76_frame35.jpg,spoof,0
prepared_liveness_data\raw\spoof\kaggle_70_frame25.jpg,spoof,0
prepared_liveness_data\raw\real\kaggle_19_frame205.jpg,real,1
prepared_liveness_data\raw\real\kaggle_2_frame240.jpg,real,1
prepared_liveness_data\raw\spoof\kaggle_4_frame40.jpg,spoof,0
prepared_liveness_data\raw\spoof\kaggle_36_frame0.jpg,spoof,0
prepared_liveness_data\raw\spoof\kaggle_17_frame50.jpg,spoof,0
prepared_liveness_data\raw\spoof\kaggle_22_frame110.jpg,spoof,0
prepared_liveness_data\raw\real\kaggle_49_frame575.jpg,real,1
prepared_liveness_data\raw\real\kaggle_54_frame155.jpg,real,1
prepared_liveness_data\raw\spoof\kaggle_69_frame235.jpg,spoof,0
prepared_liveness_data\raw\spoof\kaggle_10_frame110.jpg,spoof,0
prepared_liveness_data\raw\spoof\kaggle_30_frame195.jpg,spoof,0
prepared_liveness_data\raw\spoof\kaggle_70_frame210.jpg,spoof,0
prepared_liveness_data\raw\real\kaggle_72_frame240.jpg,real,1
prepared_liveness_data\raw\spoof\kaggle_0_frame515.jpg,spoof,0
prepared_liveness_data\raw\real\kaggle_47_frame310.jpg,real,1
prepared_liveness_data\raw\spoof\kaggle_49_frame505.jpg,spoof,0
prepared_liveness_data\raw\spoof\kaggle_30_frame565.jpg,spoof,0
prepared_liveness_data\raw\spoof\kaggle_39_frame130.jpg,spoof,0
prepared_liveness_data\raw\real\kaggle_18_frame170.jpg,real,1
prepared_liveness_data\raw\spoof\kaggle_31_frame145.jpg,spoof,0
prepared_liveness_data\raw\real\kaggle_18_frame140.jpg,real,1
prepared_liveness_data\raw\spoof\kaggle_79_frame280.jpg,spoof,0
prepared_liveness_data\raw\spoof\kaggle_26_frame200.jpg,spoof,0
prepared_liveness_data\raw\real\kaggle_54_frame210.jpg,real,1
prepared_liveness_data\raw\spoof\kaggle_49_frame710.jpg,spoof,0
prepared_liveness_data\raw\real\kaggle_0_frame390.jpg,real,1
prepared_liveness_data\raw\spoof\kaggle_77_frame345.jpg,spoof,0
prepared_liveness_data\raw\real\kaggle_72_frame115.jpg,real,1
prepared_liveness_data\raw\spoof\kaggle_18_frame520.jpg,spoof,0
prepared_liveness_data\raw\real\kaggle_49_frame25.jpg,real,1
prepared_liveness_data\raw\spoof\kaggle_61_frame330.jpg,spoof,0
prepared_liveness_data\raw\spoof\kaggle_51_frame340.jpg,spoof,0
prepared_liveness_data\raw\real\kaggle_35_frame435.jpg,real,1
prepared_liveness_data\raw\real\kaggle_58_frame110.jpg,real,1
prepared_liveness_data\raw\real\kaggle_53_frame30.jpg,real,1
prepared_liveness_data\raw\real\kaggle_18_frame190.jpg,real,1
prepared_liveness_data\raw\spoof\kaggle_51_frame90.jpg,spoof,0
prepared_liveness_data\raw\real\kaggle_51_frame40.jpg,real,1
prepared_liveness_data\raw\real\kaggle_79_frame215.jpg,real,1
prepared_liveness_data\raw\spoof\kaggle_50_frame320.jpg,spoof,0
prepared_liveness_data\raw\spoof\kaggle_40_frame215.jpg,spoof,0
prepared_liveness_data\raw\real\kaggle_70_frame395.jpg,real,1
prepared_liveness_data\raw\spoof\kaggle_77_frame200.jpg,spoof,0
prepared_liveness_data\raw\real\kaggle_62_frame145.jpg,real,1
prepared_liveness_data\raw\spoof\kaggle_41_frame230.jpg,spoof,0
prepared_liveness_data\raw\spoof\kaggle_76_frame245.jpg,spoof,0
prepared_liveness_data\raw\real\kaggle_62_frame485.jpg,real,1
prepared_liveness_data\raw\real\kaggle_10_frame380.jpg,real,1
prepared_liveness_data\raw\spoof\kaggle_63_frame210.jpg,spoof,0
prepared_liveness_data\raw\real\kaggle_24_frame75.jpg,real,1
prepared_liveness_data\raw\real\kaggle_57_frame115.jpg,real,1
prepared_liveness_data\raw\spoof\kaggle_68_frame125.jpg,spoof,0
prepared_liveness_data\raw\spoof\kaggle_19_frame20.jpg,spoof,0
prepared_liveness_data\raw\spoof\kaggle_60_frame50.jpg,spoof,0
prepared_liveness_data\raw\real\kaggle_58_frame680.jpg,real,1
prepared_liveness_data\raw\spoof\kaggle_26_frame15.jpg,spoof,0
prepared_liveness_data\raw\spoof\kaggle_62_frame240.jpg,spoof,0
prepared_liveness_data\raw\spoof\kaggle_34_frame65.jpg,spoof,0
prepared_liveness_data\raw\spoof\kaggle_8_frame185.jpg,spoof,0
prepared_liveness_data\raw\spoof\kaggle_70_frame115.jpg,spoof,0
prepared_liveness_data\raw\real\kaggle_9_frame225.jpg,real,1
prepared_liveness_data\raw\real\kaggle_8_frame135.jpg,real,1
prepared_liveness_data\raw\spoof\kaggle_36_frame185.jpg,spoof,0
prepared_liveness_data\raw\spoof\kaggle_61_frame20.jpg,spoof,0
prepared_liveness_data\raw\real\kaggle_49_frame215.jpg,real,1
prepared_liveness_data\raw\spoof\kaggle_14_frame245.jpg,spoof,0
prepared_liveness_data\raw\spoof\kaggle_17_frame45.jpg,spoof,0
prepared_liveness_data\raw\spoof\kaggle_9_frame210.jpg,spoof,0
prepared_liveness_data\raw\spoof\kaggle_68_frame435.jpg,spoof,0
prepared_liveness_data\raw\spoof\kaggle_47_frame195.jpg,spoof,0
prepared_liveness_data\raw\real\kaggle_58_frame370.jpg,real,1
prepared_liveness_data\raw\real\kaggle_29_frame135.jpg,real,1
prepared_liveness_data\raw\real\kaggle_38_frame30.jpg,real,1
prepared_liveness_data\raw\spoof\kaggle_11_frame705.jpg,spoof,0
prepared_liveness_data\raw\spoof\kaggle_68_frame345.jpg,spoof,0
prepared_liveness_data\raw\spoof\kaggle_78_frame150.jpg,spoof,0
prepared_liveness_data\raw\spoof\kaggle_6_frame220.jpg,spoof,0
prepared_liveness_data\raw\spoof\kaggle_68_frame375.jpg,spoof,0
prepared_liveness_data\raw\spoof\kaggle_58_frame110.jpg,spoof,0
prepared_liveness_data\raw\spoof\kaggle_70_frame125.jpg,spoof,0
prepared_liveness_data\raw\real\kaggle_3_frame210.jpg,real,1
prepared_liveness_data\raw\real\kaggle_51_frame225.jpg,real,1
prepared_liveness_data\raw\real\kaggle_74_frame75.jpg,real,1
prepared_liveness_data\raw\spoof\kaggle_38_frame150.jpg,spoof,0
prepared_liveness_data\raw\spoof\kaggle_72_frame215.jpg,spoof,0
prepared_liveness_data\raw\real\kaggle_52_frame245.jpg,real,1
prepared_liveness_data\raw\spoof\kaggle_49_frame65.jpg,spoof,0
prepared_liveness_data\raw\spoof\kaggle_49_frame280.jpg,spoof,0
prepared_liveness_data\raw\real\kaggle_25_frame140.jpg,real,1
prepared_liveness_data\raw\real\kaggle_62_frame450.jpg,real,1
prepared_liveness_data\raw\spoof\kaggle_0_frame475.jpg,spoof,0
prepared_liveness_data\raw\real\kaggle_3_frame70.jpg,real,1
prepared_liveness_data\raw\real\kaggle_12_frame195.jpg,real,1
prepared_liveness_data\raw\real\kaggle_79_frame175.jpg,real,1
prepared_liveness_data\raw\real\kaggle_79_frame340.jpg,real,1
prepared_liveness_data\raw\spoof\kaggle_12_frame150.jpg,spoof,0
prepared_liveness_data\raw\spoof\kaggle_73_frame200.jpg,spoof,0
prepared_liveness_data\raw\real\kaggle_22_frame145.jpg,real,1
prepared_liveness_data\raw\spoof\kaggle_14_frame270.jpg,spoof,0
prepared_liveness_data\raw\real\kaggle_67_frame10.jpg,real,1
prepared_liveness_data\raw\spoof\kaggle_65_frame55.jpg,spoof,0
prepared_liveness_data\raw\real\kaggle_42_frame5.jpg,real,1
prepared_liveness_data\raw\spoof\kaggle_62_frame340.jpg,spoof,0
prepared_liveness_data\raw\real\kaggle_3_frame25.jpg,real,1
prepared_liveness_data\raw\spoof\kaggle_52_frame500.jpg,spoof,0
prepared_liveness_data\raw\spoof\kaggle_60_frame165.jpg,spoof,0
prepared_liveness_data\raw\real\kaggle_48_frame215.jpg,real,1
prepared_liveness_data\raw\spoof\kaggle_65_frame10.jpg,spoof,0
prepared_liveness_data\raw\real\kaggle_58_frame465.jpg,real,1
prepared_liveness_data\raw\real\kaggle_68_frame365.jpg,real,1
prepared_liveness_data\raw\spoof\kaggle_30_frame600.jpg,spoof,0
prepared_liveness_data\raw\real\kaggle_51_frame85.jpg,real,1
prepared_liveness_data\raw\spoof\kaggle_46_frame310.jpg,spoof,0
prepared_liveness_data\raw\spoof\kaggle_29_frame130.jpg,spoof,0
prepared_liveness_data\raw\spoof\kaggle_59_frame5.jpg,spoof,0
prepared_liveness_data\raw\spoof\kaggle_57_frame225.jpg,spoof,0
prepared_liveness_data\raw\real\kaggle_2_frame280.jpg,real,1
prepared_liveness_data\raw\spoof\kaggle_72_frame440.jpg,spoof,0
prepared_liveness_data\raw\spoof\kaggle_49_frame500.jpg,spoof,0
prepared_liveness_data\raw\spoof\kaggle_64_frame285.jpg,spoof,0
prepared_liveness_data\raw\real\kaggle_68_frame185.jpg,real,1
prepared_liveness_data\raw\real\kaggle_14_frame285.jpg,real,1
prepared_liveness_data\raw\real\kaggle_59_frame395.jpg,real,1
prepared_liveness_data\raw\spoof\kaggle_2_frame175.jpg,spoof,0
prepared_liveness_data\raw\spoof\kaggle_37_frame215.jpg,spoof,0
prepared_liveness_data\raw\real\kaggle_52_frame150.jpg,real,1
prepared_liveness_data\raw\spoof\kaggle_12_frame535.jpg,spoof,0
prepared_liveness_data\raw\spoof\kaggle_59_frame10.jpg,spoof,0
prepared_liveness_data\raw\real\kaggle_76_frame30.jpg,real,1
prepared_liveness_data\raw\real\kaggle_1_frame205.jpg,real,1
prepared_liveness_data\raw\spoof\kaggle_30_frame510.jpg,spoof,0
prepared_liveness_data\raw\spoof\kaggle_37_frame45.jpg,spoof,0
prepared_liveness_data\raw\spoof\kaggle_77_frame335.jpg,spoof,0
prepared_liveness_data\raw\spoof\kaggle_5_frame420.jpg,spoof,0
prepared_liveness_data\raw\real\kaggle_74_frame305.jpg,real,1
prepared_liveness_data\raw\real\kaggle_3_frame215.jpg,real,1
prepared_liveness_data\raw\spoof\kaggle_75_frame590.jpg,spoof,0
prepared_liveness_data\raw\spoof\kaggle_7_frame80.jpg,spoof,0
prepared_liveness_data\raw\real\kaggle_58_frame60.jpg,real,1
prepared_liveness_data\raw\spoof\kaggle_2_frame235.jpg,spoof,0
prepared_liveness_data\raw\spoof\kaggle_46_frame380.jpg,spoof,0
prepared_liveness_data\raw\real\kaggle_58_frame610.jpg,real,1
prepared_liveness_data\raw\spoof\kaggle_26_frame120.jpg,spoof,0
prepared_liveness_data\raw\spoof\kaggle_50_frame75.jpg,spoof,0
prepared_liveness_data\raw\real\kaggle_34_frame80.jpg,real,1
prepared_liveness_data\raw\spoof\kaggle_30_frame175.jpg,spoof,0
prepared_liveness_data\raw\spoof\kaggle_53_frame210.jpg,spoof,0
prepared_liveness_data\raw\spoof\kaggle_35_frame0.jpg,spoof,0
prepared_liveness_data\raw\real\kaggle_44_frame25.jpg,real,1
prepared_liveness_data\raw\real\kaggle_8_frame50.jpg,real,1
prepared_liveness_data\raw\spoof\kaggle_0_frame470.jpg,spoof,0
prepared_liveness_data\raw\real\kaggle_77_frame35.jpg,real,1
prepared_liveness_data\raw\real\kaggle_64_frame110.jpg,real,1
prepared_liveness_data\raw\spoof\kaggle_46_frame405.jpg,spoof,0
prepared_liveness_data\raw\spoof\kaggle_69_frame160.jpg,spoof,0
prepared_liveness_data\raw\spoof\kaggle_35_frame480.jpg,spoof,0
prepared_liveness_data\raw\real\kaggle_49_frame220.jpg,real,1
prepared_liveness_data\raw\real\kaggle_69_frame135.jpg,real,1
prepared_liveness_data\raw\real\kaggle_77_frame220.jpg,real,1
prepared_liveness_data\raw\spoof\kaggle_41_frame50.jpg,spoof,0
prepared_liveness_data\raw\spoof\kaggle_79_frame260.jpg,spoof,0
prepared_liveness_data\raw\real\kaggle_38_frame140.jpg,real,1
prepared_liveness_data\raw\spoof\kaggle_35_frame320.jpg,spoof,0
prepared_liveness_data\raw\real\kaggle_65_frame445.jpg,real,1
prepared_liveness_data\raw\spoof\kaggle_71_frame340.jpg,spoof,0
prepared_liveness_data\raw\real\kaggle_17_frame100.jpg,real,1
prepared_liveness_data\raw\real\kaggle_14_frame200.jpg,real,1
prepared_liveness_data\raw\spoof\kaggle_54_frame50.jpg,spoof,0
prepared_liveness_data\raw\real\kaggle_54_frame150.jpg,real,1
prepared_liveness_data\raw\real\kaggle_64_frame10.jpg,real,1
prepared_liveness_data\raw\spoof\kaggle_13_frame75.jpg,spoof,0
prepared_liveness_data\raw\spoof\kaggle_0_frame370.jpg,spoof,0
prepared_liveness_data\raw\real\kaggle_58_frame270.jpg,real,1
prepared_liveness_data\raw\real\kaggle_14_frame195.jpg,real,1
prepared_liveness_data\raw\spoof\kaggle_62_frame50.jpg,spoof,0
prepared_liveness_data\raw\spoof\kaggle_77_frame210.jpg,spoof,0
prepared_liveness_data\raw\real\kaggle_9_frame75.jpg,real,1
prepared_liveness_data\raw\spoof\kaggle_2_frame285.jpg,spoof,0
prepared_liveness_data\raw\spoof\kaggle_25_frame320.jpg,spoof,0
prepared_liveness_data\raw\spoof\kaggle_38_frame205.jpg,spoof,0
prepared_liveness_data\raw\real\kaggle_67_frame165.jpg,real,1
prepared_liveness_data\raw\spoof\kaggle_15_frame90.jpg,spoof,0
prepared_liveness_data\raw\spoof\kaggle_25_frame100.jpg,spoof,0
prepared_liveness_data\raw\spoof\kaggle_38_frame15.jpg,spoof,0
prepared_liveness_data\raw\real\kaggle_21_frame160.jpg,real,1
prepared_liveness_data\raw\spoof\kaggle_79_frame160.jpg,spoof,0
prepared_liveness_data\raw\spoof\kaggle_49_frame415.jpg,spoof,0
prepared_liveness_data\raw\spoof\kaggle_70_frame15.jpg,spoof,0
prepared_liveness_data\raw\real\kaggle_78_frame140.jpg,real,1
prepared_liveness_data\raw\spoof\kaggle_45_frame115.jpg,spoof,0
prepared_liveness_data\raw\spoof\kaggle_72_frame270.jpg,spoof,0
prepared_liveness_data\raw\real\kaggle_21_frame370.jpg,real,1
prepared_liveness_data\raw\spoof\kaggle_48_frame295.jpg,spoof,0
prepared_liveness_data\raw\real\kaggle_38_frame210.jpg,real,1
prepared_liveness_data\raw\real\kaggle_68_frame5.jpg,real,1
prepared_liveness_data\raw\real\kaggle_27_frame50.jpg,real,1
prepared_liveness_data\raw\real\kaggle_42_frame20.jpg,real,1
prepared_liveness_data\raw\spoof\kaggle_42_frame10.jpg,spoof,0
prepared_liveness_data\raw\spoof\kaggle_30_frame285.jpg,spoof,0
prepared_liveness_data\raw\spoof\kaggle_32_frame175.jpg,spoof,0
prepared_liveness_data\raw\real\kaggle_23_frame355.jpg,real,1
prepared_liveness_data\raw\real\kaggle_26_frame145.jpg,real,1
prepared_liveness_data\raw\spoof\kaggle_27_frame30.jpg,spoof,0
prepared_liveness_data\raw\real\kaggle_74_frame120.jpg,real,1
prepared_liveness_data\raw\spoof\kaggle_38_frame225.jpg,spoof,0
prepared_liveness_data\raw\spoof\kaggle_7_frame10.jpg,spoof,0
prepared_liveness_data\raw\real\kaggle_44_frame40.jpg,real,1
prepared_liveness_data\raw\spoof\kaggle_49_frame455.jpg,spoof,0
prepared_liveness_data\raw\real\kaggle_7_frame60.jpg,real,1
prepared_liveness_data\raw\real\kaggle_52_frame185.jpg,real,1
prepared_liveness_data\raw\spoof\kaggle_41_frame120.jpg,spoof,0
prepared_liveness_data\raw\spoof\kaggle_36_frame210.jpg,spoof,0
prepared_liveness_data\raw\real\kaggle_14_frame275.jpg,real,1
prepared_liveness_data\raw\spoof\kaggle_72_frame450.jpg,spoof,0
prepared_liveness_data\raw\spoof\kaggle_20_frame100.jpg,spoof,0
prepared_liveness_data\raw\real\kaggle_68_frame335.jpg,real,1
prepared_liveness_data\raw\real\kaggle_61_frame210.jpg,real,1
prepared_liveness_data\raw\spoof\kaggle_1_frame295.jpg,spoof,0
prepared_liveness_data\raw\spoof\kaggle_47_frame420.jpg,spoof,0
prepared_liveness_data\raw\spoof\kaggle_16_frame295.jpg,spoof,0
prepared_liveness_data\raw\real\kaggle_24_frame90.jpg,real,1
prepared_liveness_data\raw\real\kaggle_28_frame415.jpg,real,1
prepared_liveness_data\raw\spoof\kaggle_18_frame500.jpg,spoof,0
prepared_liveness_data\raw\real\kaggle_58_frame325.jpg,real,1
prepared_liveness_data\raw\spoof\kaggle_71_frame310.jpg,spoof,0
prepared_liveness_data\raw\real\kaggle_20_frame155.jpg,real,1
prepared_liveness_data\raw\spoof\kaggle_59_frame215.jpg,spoof,0
prepared_liveness_data\raw\real\kaggle_41_frame220.jpg,real,1
prepared_liveness_data\raw\real\kaggle_59_frame15.jpg,real,1
prepared_liveness_data\raw\spoof\kaggle_0_frame480.jpg,spoof,0
prepared_liveness_data\raw\spoof\kaggle_45_frame120.jpg,spoof,0
prepared_liveness_data\raw\real\kaggle_30_frame135.jpg,real,1
prepared_liveness_data\raw\real\kaggle_14_frame180.jpg,real,1
prepared_liveness_data\raw\spoof\kaggle_51_frame110.jpg,spoof,0
prepared_liveness_data\raw\real\kaggle_65_frame45.jpg,real,1
prepared_liveness_data\raw\spoof\kaggle_65_frame40.jpg,spoof,0
prepared_liveness_data\raw\real\kaggle_7_frame250.jpg,real,1
prepared_liveness_data\raw\real\kaggle_2_frame25.jpg,real,1
prepared_liveness_data\raw\spoof\kaggle_12_frame355.jpg,spoof,0
prepared_liveness_data\raw\spoof\kaggle_3_frame295.jpg,spoof,0
prepared_liveness_data\raw\spoof\kaggle_70_frame195.jpg,spoof,0
prepared_liveness_data\raw\spoof\kaggle_61_frame335.jpg,spoof,0
prepared_liveness_data\raw\real\kaggle_61_frame5.jpg,real,1
prepared_liveness_data\raw\spoof\kaggle_28_frame350.jpg,spoof,0
prepared_liveness_data\raw\spoof\kaggle_57_frame215.jpg,spoof,0
prepared_liveness_data\raw\spoof\kaggle_5_frame55.jpg,spoof,0
prepared_liveness_data\raw\real\kaggle_50_frame185.jpg,real,1
prepared_liveness_data\raw\real\kaggle_44_frame10.jpg,real,1
prepared_liveness_data\raw\spoof\kaggle_15_frame130.jpg,spoof,0
prepared_liveness_data\raw\real\kaggle_7_frame135.jpg,real,1
prepared_liveness_data\raw\real\kaggle_57_frame335.jpg,real,1
prepared_liveness_data\raw\spoof\kaggle_11_frame665.jpg,spoof,0
prepared_liveness_data\raw\spoof\kaggle_23_frame140.jpg,spoof,0
prepared_liveness_data\raw\real\kaggle_59_frame275.jpg,real,1
prepared_liveness_data\raw\real\kaggle_67_frame115.jpg,real,1
prepared_liveness_data\raw\spoof\kaggle_34_frame5.jpg,spoof,0
prepared_liveness_data\raw\real\kaggle_66_frame105.jpg,real,1
prepared_liveness_data\raw\real\kaggle_17_frame80.jpg,real,1
prepared_liveness_data\raw\spoof\kaggle_11_frame370.jpg,spoof,0
prepared_liveness_data\raw\spoof\kaggle_12_frame260.jpg,spoof,0
prepared_liveness_data\raw\real\kaggle_55_frame210.jpg,real,1
prepared_liveness_data\raw\spoof\kaggle_74_frame120.jpg,spoof,0
prepared_liveness_data\raw\spoof\kaggle_10_frame170.jpg,spoof,0
prepared_liveness_data\raw\spoof\kaggle_57_frame75.jpg,spoof,0
prepared_liveness_data\raw\spoof\kaggle_54_frame20.jpg,spoof,0
prepared_liveness_data\raw\spoof\kaggle_19_frame300.jpg,spoof,0
prepared_liveness_data\raw\spoof\kaggle_19_frame350.jpg,spoof,0
prepared_liveness_data\raw\spoof\kaggle_49_frame45.jpg,spoof,0
prepared_liveness_data\raw\spoof\kaggle_58_frame185.jpg,spoof,0
prepared_liveness_data\raw\spoof\kaggle_35_frame285.jpg,spoof,0
prepared_liveness_data\raw\real\kaggle_58_frame705.jpg,real,1
prepared_liveness_data\raw\spoof\kaggle_51_frame285.jpg,spoof,0
prepared_liveness_data\raw\spoof\kaggle_78_frame295.jpg,spoof,0
prepared_liveness_data\raw\real\kaggle_48_frame30.jpg,real,1
prepared_liveness_data\raw\real\kaggle_70_frame185.jpg,real,1
prepared_liveness_data\raw\real\kaggle_13_frame225.jpg,real,1
prepared_liveness_data\raw\real\kaggle_58_frame480.jpg,real,1
prepared_liveness_data\raw\spoof\kaggle_43_frame155.jpg,spoof,0
prepared_liveness_data\raw\spoof\kaggle_33_frame210.jpg,spoof,0
prepared_liveness_data\raw\real\kaggle_63_frame80.jpg,real,1
prepared_liveness_data\raw\spoof\kaggle_38_frame145.jpg,spoof,0
prepared_liveness_data\raw\spoof\kaggle_47_frame210.jpg,spoof,0
prepared_liveness_data\raw\real\kaggle_39_frame185.jpg,real,1
prepared_liveness_data\raw\real\kaggle_59_frame135.jpg,real,1
prepared_liveness_data\raw\spoof\kaggle_47_frame40.jpg,spoof,0
prepared_liveness_data\raw\real\kaggle_65_frame340.jpg,real,1
prepared_liveness_data\raw\real\kaggle_21_frame100.jpg,real,1
prepared_liveness_data\raw\real\kaggle_18_frame185.jpg,real,1
prepared_liveness_data\raw\real\kaggle_15_frame285.jpg,real,1
prepared_liveness_data\raw\spoof\kaggle_2_frame410.jpg,spoof,0
prepared_liveness_data\raw\real\kaggle_55_frame110.jpg,real,1
prepared_liveness_data\raw\real\kaggle_27_frame190.jpg,real,1
prepared_liveness_data\raw\spoof\kaggle_50_frame260.jpg,spoof,0
prepared_liveness_data\raw\real\kaggle_7_frame40.jpg,real,1
prepared_liveness_data\raw\real\kaggle_14_frame250.jpg,real,1
prepared_liveness_data\raw\spoof\kaggle_13_frame385.jpg,spoof,0
prepared_liveness_data\raw\spoof\kaggle_28_frame0.jpg,spoof,0
prepared_liveness_data\raw\real\kaggle_16_frame95.jpg,real,1
prepared_liveness_data\raw\real\kaggle_62_frame50.jpg,real,1
prepared_liveness_data\raw\spoof\kaggle_11_frame325.jpg,spoof,0
prepared_liveness_data\raw\spoof\kaggle_62_frame115.jpg,spoof,0
prepared_liveness_data\raw\spoof\kaggle_75_frame480.jpg,spoof,0
prepared_liveness_data\raw\spoof\kaggle_24_frame110.jpg,spoof,0
prepared_liveness_data\raw\spoof\kaggle_13_frame30.jpg,spoof,0
prepared_liveness_data\raw\real\kaggle_11_frame45.jpg,real,1
prepared_liveness_data\raw\real\kaggle_74_frame60.jpg,real,1
prepared_liveness_data\raw\real\kaggle_38_frame130.jpg,real,1
prepared_liveness_data\raw\real\kaggle_38_frame110.jpg,real,1
prepared_liveness_data\raw\real\kaggle_74_frame5.jpg,real,1
prepared_liveness_data\raw\spoof\kaggle_49_frame585.jpg,spoof,0
prepared_liveness_data\raw\spoof\kaggle_23_frame220.jpg,spoof,0
prepared_liveness_data\raw\spoof\kaggle_54_frame25.jpg,spoof,0
prepared_liveness_data\raw\real\kaggle_7_frame20.jpg,real,1
prepared_liveness_data\raw\real\kaggle_46_frame55.jpg,real,1
prepared_liveness_data\raw\spoof\kaggle_60_frame255.jpg,spoof,0
prepared_liveness_data\raw\spoof\kaggle_58_frame100.jpg,spoof,0
prepared_liveness_data\raw\real\kaggle_38_frame175.jpg,real,1
prepared_liveness_data\raw\spoof\kaggle_76_frame95.jpg,spoof,0
prepared_liveness_data\raw\spoof\kaggle_2_frame325.jpg,spoof,0
prepared_liveness_data\raw\real\kaggle_73_frame20.jpg,real,1
prepared_liveness_data\raw\real\kaggle_23_frame280.jpg,real,1
prepared_liveness_data\raw\real\kaggle_73_frame160.jpg,real,1
prepared_liveness_data\raw\spoof\kaggle_74_frame85.jpg,spoof,0
prepared_liveness_data\raw\real\kaggle_47_frame30.jpg,real,1
prepared_liveness_data\raw\spoof\kaggle_14_frame250.jpg,spoof,0
prepared_liveness_data\raw\spoof\kaggle_20_frame0.jpg,spoof,0
prepared_liveness_data\raw\spoof\kaggle_68_frame380.jpg,spoof,0
prepared_liveness_data\raw\spoof\kaggle_7_frame140.jpg,spoof,0
prepared_liveness_data\raw\real\kaggle_33_frame165.jpg,real,1
prepared_liveness_data\raw\spoof\kaggle_56_frame90.jpg,spoof,0
prepared_liveness_data\raw\spoof\kaggle_9_frame330.jpg,spoof,0
prepared_liveness_data\raw\spoof\kaggle_10_frame450.jpg,spoof,0
prepared_liveness_data\raw\real\kaggle_52_frame325.jpg,real,1
prepared_liveness_data\raw\spoof\kaggle_5_frame170.jpg,spoof,0
prepared_liveness_data\raw\spoof\kaggle_74_frame145.jpg,spoof,0
prepared_liveness_data\raw\spoof\kaggle_60_frame150.jpg,spoof,0
prepared_liveness_data\raw\spoof\kaggle_6_frame175.jpg,spoof,0
prepared_liveness_data\raw\real\kaggle_69_frame15.jpg,real,1
prepared_liveness_data\raw\real\kaggle_44_frame130.jpg,real,1
prepared_liveness_data\raw\real\kaggle_35_frame45.jpg,real,1
prepared_liveness_data\raw\spoof\kaggle_25_frame430.jpg,spoof,0
prepared_liveness_data\raw\real\kaggle_64_frame5.jpg,real,1
prepared_liveness_data\raw\spoof\kaggle_58_frame330.jpg,spoof,0
prepared_liveness_data\raw\spoof\kaggle_77_frame315.jpg,spoof,0
prepared_liveness_data\raw\real\kaggle_68_frame40.jpg,real,1
prepared_liveness_data\raw\spoof\kaggle_70_frame450.jpg,spoof,0
prepared_liveness_data\raw\real\kaggle_45_frame160.jpg,real,1
prepared_liveness_data\raw\real\kaggle_67_frame155.jpg,real,1
prepared_liveness_data\raw\spoof\kaggle_0_frame100.jpg,spoof,0
prepared_liveness_data\raw\spoof\kaggle_46_frame455.jpg,spoof,0
prepared_liveness_data\raw\real\kaggle_44_frame255.jpg,real,1
prepared_liveness_data\raw\real\kaggle_24_frame15.jpg,real,1
prepared_liveness_data\raw\real\kaggle_57_frame205.jpg,real,1
prepared_liveness_data\raw\spoof\kaggle_31_frame130.jpg,spoof,0
prepared_liveness_data\raw\spoof\kaggle_67_frame60.jpg,spoof,0
prepared_liveness_data\raw\real\kaggle_55_frame195.jpg,real,1
prepared_liveness_data\raw\real\kaggle_61_frame460.jpg,real,1
prepared_liveness_data\raw\spoof\kaggle_58_frame355.jpg,spoof,0
prepared_liveness_data\raw\spoof\kaggle_73_frame195.jpg,spoof,0
prepared_liveness_data\raw\spoof\kaggle_52_frame385.jpg,spoof,0
prepared_liveness_data\raw\spoof\kaggle_15_frame135.jpg,spoof,0
prepared_liveness_data\raw\real\kaggle_45_frame45.jpg,real,1
prepared_liveness_data\raw\real\kaggle_27_frame35.jpg,real,1
prepared_liveness_data\raw\spoof\kaggle_28_frame410.jpg,spoof,0
prepared_liveness_data\raw\real\kaggle_35_frame405.jpg,real,1
prepared_liveness_data\raw\spoof\kaggle_49_frame525.jpg,spoof,0
prepared_liveness_data\raw\spoof\kaggle_23_frame405.jpg,spoof,0
prepared_liveness_data\raw\spoof\kaggle_35_frame505.jpg,spoof,0
prepared_liveness_data\raw\spoof\kaggle_55_frame360.jpg,spoof,0
prepared_liveness_data\raw\real\kaggle_5_frame180.jpg,real,1
prepared_liveness_data\raw\real\kaggle_42_frame175.jpg,real,1
prepared_liveness_data\raw\spoof\kaggle_2_frame415.jpg,spoof,0
prepared_liveness_data\raw\spoof\kaggle_70_frame330.jpg,spoof,0
prepared_liveness_data\raw\spoof\kaggle_49_frame580.jpg,spoof,0
prepared_liveness_data\raw\spoof\kaggle_54_frame150.jpg,spoof,0
prepared_liveness_data\raw\real\kaggle_27_frame80.jpg,real,1
prepared_liveness_data\raw\spoof\kaggle_11_frame695.jpg,spoof,0
prepared_liveness_data\raw\real\kaggle_30_frame240.jpg,real,1
prepared_liveness_data\raw\real\kaggle_34_frame285.jpg,real,1
prepared_liveness_data\raw\real\kaggle_78_frame290.jpg,real,1
prepared_liveness_data\raw\spoof\kaggle_53_frame55.jpg,spoof,0
prepared_liveness_data\raw\real\kaggle_28_frame325.jpg,real,1
prepared_liveness_data\raw\real\kaggle_24_frame5.jpg,real,1
prepared_liveness_data\raw\real\kaggle_70_frame205.jpg,real,1
prepared_liveness_data\raw\spoof\kaggle_77_frame90.jpg,spoof,0
prepared_liveness_data\raw\real\kaggle_37_frame340.jpg,real,1
prepared_liveness_data\raw\real\kaggle_10_frame95.jpg,real,1
prepared_liveness_data\raw\spoof\kaggle_79_frame410.jpg,spoof,0
prepared_liveness_data\raw\real\kaggle_37_frame80.jpg,real,1
prepared_liveness_data\raw\spoof\kaggle_49_frame165.jpg,spoof,0
prepared_liveness_data\raw\spoof\kaggle_6_frame200.jpg,spoof,0
prepared_liveness_data\raw\spoof\kaggle_49_frame270.jpg,spoof,0
prepared_liveness_data\raw\real\kaggle_8_frame190.jpg,real,1
prepared_liveness_data\raw\real\kaggle_62_frame430.jpg,real,1
prepared_liveness_data\raw\real\kaggle_7_frame140.jpg,real,1
prepared_liveness_data\raw\real\kaggle_4_frame200.jpg,real,1
prepared_liveness_data\raw\spoof\kaggle_47_frame370.jpg,spoof,0
prepared_liveness_data\raw\spoof\kaggle_11_frame580.jpg,spoof,0
prepared_liveness_data\raw\spoof\kaggle_48_frame175.jpg,spoof,0
prepared_liveness_data\raw\spoof\kaggle_0_frame70.jpg,spoof,0
prepared_liveness_data\raw\real\kaggle_0_frame40.jpg,real,1
prepared_liveness_data\raw\real\kaggle_71_frame60.jpg,real,1
prepared_liveness_data\raw\real\kaggle_76_frame65.jpg,real,1
prepared_liveness_data\raw\spoof\kaggle_54_frame70.jpg,spoof,0
prepared_liveness_data\raw\real\kaggle_15_frame145.jpg,real,1
prepared_liveness_data\raw\real\kaggle_52_frame335.jpg,real,1
prepared_liveness_data\raw\real\kaggle_37_frame260.jpg,real,1
prepared_liveness_data\raw\spoof\kaggle_14_frame100.jpg,spoof,0
prepared_liveness_data\raw\spoof\kaggle_63_frame15.jpg,spoof,0
prepared_liveness_data\raw\real\kaggle_46_frame190.jpg,real,1
prepared_liveness_data\raw\real\kaggle_64_frame60.jpg,real,1
prepared_liveness_data\raw\real\kaggle_1_frame180.jpg,real,1
prepared_liveness_data\raw\real\kaggle_16_frame60.jpg,real,1
prepared_liveness_data\raw\real\kaggle_28_frame320.jpg,real,1
prepared_liveness_data\raw\spoof\kaggle_0_frame400.jpg,spoof,0
prepared_liveness_data\raw\real\kaggle_24_frame115.jpg,real,1
prepared_liveness_data\raw\spoof\kaggle_5_frame415.jpg,spoof,0
prepared_liveness_data\raw\spoof\kaggle_22_frame30.jpg,spoof,0
prepared_liveness_data\raw\spoof\kaggle_49_frame675.jpg,spoof,0
prepared_liveness_data\raw\real\kaggle_66_frame210.jpg,real,1
prepared_liveness_data\raw\spoof\kaggle_44_frame330.jpg,spoof,0
prepared_liveness_data\raw\real\kaggle_49_frame375.jpg,real,1
prepared_liveness_data\raw\spoof\kaggle_67_frame295.jpg,spoof,0
prepared_liveness_data\raw\real\kaggle_65_frame435.jpg,real,1
prepared_liveness_data\raw\real\kaggle_29_frame160.jpg,real,1
prepared_liveness_data\raw\real\kaggle_53_frame40.jpg,real,1
prepared_liveness_data\raw\spoof\kaggle_41_frame190.jpg,spoof,0
prepared_liveness_data\raw\real\kaggle_12_frame295.jpg,real,1
prepared_liveness_data\raw\spoof\kaggle_23_frame120.jpg,spoof,0
prepared_liveness_data\raw\spoof\kaggle_59_frame465.jpg,spoof,0
prepared_liveness_data\raw\spoof\kaggle_63_frame55.jpg,spoof,0
prepared_liveness_data\raw\real\kaggle_58_frame570.jpg,real,1
prepared_liveness_data\raw\real\kaggle_32_frame170.jpg,real,1
prepared_liveness_data\raw\spoof\kaggle_39_frame255.jpg,spoof,0
prepared_liveness_data\raw\real\kaggle_27_frame60.jpg,real,1
prepared_liveness_data\raw\spoof\kaggle_49_frame740.jpg,spoof,0
prepared_liveness_data\raw\real\kaggle_36_frame145.jpg,real,1
prepared_liveness_data\raw\real\kaggle_61_frame190.jpg,real,1
prepared_liveness_data\raw\real\kaggle_0_frame225.jpg,real,1
prepared_liveness_data\raw\spoof\kaggle_37_frame35.jpg,spoof,0
prepared_liveness_data\raw\spoof\kaggle_68_frame385.jpg,spoof,0
prepared_liveness_data\raw\real\kaggle_5_frame20.jpg,real,1
prepared_liveness_data\raw\spoof\kaggle_59_frame240.jpg,spoof,0
prepared_liveness_data\raw\real\kaggle_59_frame65.jpg,real,1
prepared_liveness_data\raw\real\kaggle_65_frame215.jpg,real,1
prepared_liveness_data\raw\real\kaggle_74_frame195.jpg,real,1
prepared_liveness_data\raw\spoof\kaggle_3_frame235.jpg,spoof,0
prepared_liveness_data\raw\real\kaggle_37_frame145.jpg,real,1
prepared_liveness_data\raw\real\kaggle_61_frame320.jpg,real,1
prepared_liveness_data\raw\spoof\kaggle_13_frame185.jpg,spoof,0
prepared_liveness_data\raw\spoof\kaggle_33_frame255.jpg,spoof,0
prepared_liveness_data\raw\real\kaggle_58_frame620.jpg,real,1
prepared_liveness_data\raw\real\kaggle_78_frame255.jpg,real,1
prepared_liveness_data\raw\spoof\kaggle_72_frame465.jpg,spoof,0
prepared_liveness_data\raw\spoof\kaggle_74_frame220.jpg,spoof,0
prepared_liveness_data\raw\real\kaggle_28_frame425.jpg,real,1
prepared_liveness_data\raw\spoof\kaggle_38_frame160.jpg,spoof,0
prepared_liveness_data\raw\spoof\kaggle_9_frame280.jpg,spoof,0
prepared_liveness_data\raw\spoof\kaggle_54_frame200.jpg,spoof,0
prepared_liveness_data\raw\spoof\kaggle_22_frame145.jpg,spoof,0
prepared_liveness_data\raw\real\kaggle_4_frame90.jpg,real,1
prepared_liveness_data\raw\spoof\kaggle_68_frame230.jpg,spoof,0
prepared_liveness_data\raw\real\kaggle_42_frame0.jpg,real,1
prepared_liveness_data\raw\real\kaggle_5_frame30.jpg,real,1
prepared_liveness_data\raw\spoof\kaggle_77_frame150.jpg,spoof,0
prepared_liveness_data\raw\spoof\kaggle_44_frame15.jpg,spoof,0
prepared_liveness_data\raw\spoof\kaggle_12_frame190.jpg,spoof,0
prepared_liveness_data\raw\spoof\kaggle_22_frame135.jpg,spoof,0
prepared_liveness_data\raw\spoof\kaggle_65_frame300.jpg,spoof,0
prepared_liveness_data\raw\spoof\kaggle_61_frame510.jpg,spoof,0
prepared_liveness_data\raw\real\kaggle_19_frame35.jpg,real,1
prepared_liveness_data\raw\real\kaggle_72_frame95.jpg,real,1
prepared_liveness_data\raw\spoof\kaggle_15_frame20.jpg,spoof,0
prepared_liveness_data\raw\real\kaggle_69_frame300.jpg,real,1
prepared_liveness_data\raw\spoof\kaggle_49_frame475.jpg,spoof,0
prepared_liveness_data\raw\spoof\kaggle_44_frame215.jpg,spoof,0
prepared_liveness_data\raw\spoof\kaggle_76_frame105.jpg,spoof,0
prepared_liveness_data\raw\real\kaggle_46_frame215.jpg,real,1
prepared_liveness_data\raw\real\kaggle_29_frame85.jpg,real,1
prepared_liveness_data\raw\real\kaggle_5_frame220.jpg,real,1
prepared_liveness_data\raw\spoof\kaggle_64_frame370.jpg,spoof,0
prepared_liveness_data\raw\real\kaggle_72_frame110.jpg,real,1
prepared_liveness_data\raw\real\kaggle_59_frame325.jpg,real,1
prepared_liveness_data\raw\spoof\kaggle_44_frame305.jpg,spoof,0
prepared_liveness_data\raw\spoof\kaggle_63_frame120.jpg,spoof,0
prepared_liveness_data\raw\spoof\kaggle_28_frame335.jpg,spoof,0
prepared_liveness_data\raw\spoof\kaggle_79_frame420.jpg,spoof,0
prepared_liveness_data\raw\spoof\kaggle_3_frame5.jpg,spoof,0
prepared_liveness_data\raw\spoof\kaggle_70_frame460.jpg,spoof,0
prepared_liveness_data\raw\spoof\kaggle_57_frame195.jpg,spoof,0
prepared_liveness_data\raw\real\kaggle_79_frame30.jpg,real,1
prepared_liveness_data\raw\real\kaggle_14_frame280.jpg,real,1
prepared_liveness_data\raw\real\kaggle_58_frame255.jpg,real,1
prepared_liveness_data\raw\real\kaggle_61_frame410.jpg,real,1
prepared_liveness_data\raw\spoof\kaggle_27_frame220.jpg,spoof,0
prepared_liveness_data\raw\real\kaggle_75_frame380.jpg,real,1
prepared_liveness_data\raw\spoof\kaggle_35_frame350.jpg,spoof,0
prepared_liveness_data\raw\spoof\kaggle_76_frame215.jpg,spoof,0
prepared_liveness_data\raw\spoof\kaggle_70_frame175.jpg,spoof,0
prepared_liveness_data\raw\real\kaggle_37_frame120.jpg,real,1
prepared_liveness_data\raw\spoof\kaggle_16_frame85.jpg,spoof,0
prepared_liveness_data\raw\spoof\kaggle_75_frame55.jpg,spoof,0
prepared_liveness_data\raw\real\kaggle_18_frame390.jpg,real,1
prepared_liveness_data\raw\spoof\kaggle_19_frame290.jpg,spoof,0
prepared_liveness_data\raw\real\kaggle_53_frame160.jpg,real,1
prepared_liveness_data\raw\spoof\kaggle_31_frame25.jpg,spoof,0
prepared_liveness_data\raw\real\kaggle_0_frame320.jpg,real,1
prepared_liveness_data\raw\real\kaggle_68_frame100.jpg,real,1
prepared_liveness_data\raw\real\kaggle_25_frame215.jpg,real,1
prepared_liveness_data\raw\spoof\kaggle_11_frame475.jpg,spoof,0
prepared_liveness_data\raw\spoof\kaggle_29_frame175.jpg,spoof,0
prepared_liveness_data\raw\real\kaggle_14_frame260.jpg,real,1
prepared_liveness_data\raw\spoof\kaggle_55_frame430.jpg,spoof,0
prepared_liveness_data\raw\spoof\kaggle_64_frame90.jpg,spoof,0
prepared_liveness_data\raw\real\kaggle_35_frame5.jpg,real,1
prepared_liveness_data\raw\real\kaggle_67_frame100.jpg,real,1
prepared_liveness_data\raw\spoof\kaggle_17_frame320.jpg,spoof,0
prepared_liveness_data\raw\real\kaggle_46_frame155.jpg,real,1
prepared_liveness_data\raw\real\kaggle_54_frame120.jpg,real,1
prepared_liveness_data\raw\spoof\kaggle_75_frame150.jpg,spoof,0
prepared_liveness_data\raw\spoof\kaggle_72_frame315.jpg,spoof,0
prepared_liveness_data\raw\spoof\kaggle_41_frame10.jpg,spoof,0
prepared_liveness_data\raw\spoof\kaggle_27_frame205.jpg,spoof,0
prepared_liveness_data\raw\spoof\kaggle_32_frame5.jpg,spoof,0
prepared_liveness_data\raw\spoof\kaggle_77_frame125.jpg,spoof,0
prepared_liveness_data\raw\spoof\kaggle_13_frame350.jpg,spoof,0
prepared_liveness_data\raw\spoof\kaggle_10_frame390.jpg,spoof,0
prepared_liveness_data\raw\spoof\kaggle_70_frame410.jpg,spoof,0
prepared_liveness_data\raw\real\kaggle_49_frame85.jpg,real,1
prepared_liveness_data\raw\spoof\kaggle_31_frame240.jpg,spoof,0
prepared_liveness_data\raw\real\kaggle_27_frame90.jpg,real,1
prepared_liveness_data\raw\real\kaggle_43_frame20.jpg,real,1
prepared_liveness_data\raw\real\kaggle_79_frame265.jpg,real,1
prepared_liveness_data\raw\spoof\kaggle_79_frame240.jpg,spoof,0
prepared_liveness_data\raw\spoof\kaggle_75_frame130.jpg,spoof,0
prepared_liveness_data\raw\spoof\kaggle_30_frame335.jpg,spoof,0
prepared_liveness_data\raw\spoof\kaggle_4_frame60.jpg,spoof,0
prepared_liveness_data\raw\real\kaggle_21_frame195.jpg,real,1
prepared_liveness_data\raw\spoof\kaggle_75_frame470.jpg,spoof,0
prepared_liveness_data\raw\spoof\kaggle_0_frame210.jpg,spoof,0
prepared_liveness_data\raw\real\kaggle_59_frame35.jpg,real,1
prepared_liveness_data\raw\spoof\kaggle_22_frame50.jpg,spoof,0
prepared_liveness_data\raw\spoof\kaggle_54_frame255.jpg,spoof,0
prepared_liveness_data\raw\spoof\kaggle_44_frame230.jpg,spoof,0
prepared_liveness_data\raw\spoof\kaggle_38_frame330.jpg,spoof,0
prepared_liveness_data\raw\spoof\kaggle_75_frame195.jpg,spoof,0
prepared_liveness_data\raw\spoof\kaggle_21_frame50.jpg,spoof,0
prepared_liveness_data\raw\real\kaggle_17_frame210.jpg,real,1
prepared_liveness_data\raw\real\kaggle_76_frame225.jpg,real,1
prepared_liveness_data\raw\spoof\kaggle_30_frame275.jpg,spoof,0
prepared_liveness_data\raw\spoof\kaggle_42_frame40.jpg,spoof,0
prepared_liveness_data\raw\spoof\kaggle_2_frame345.jpg,spoof,0
prepared_liveness_data\raw\spoof\kaggle_55_frame495.jpg,spoof,0
prepared_liveness_data\raw\real\kaggle_57_frame295.jpg,real,1
prepared_liveness_data\raw\real\kaggle_72_frame330.jpg,real,1
prepared_liveness_data\raw\spoof\kaggle_72_frame255.jpg,spoof,0
prepared_liveness_data\raw\spoof\kaggle_14_frame105.jpg,spoof,0
prepared_liveness_data\raw\real\kaggle_55_frame40.jpg,real,1
prepared_liveness_data\raw\spoof\kaggle_68_frame110.jpg,spoof,0
prepared_liveness_data\raw\spoof\kaggle_34_frame105.jpg,spoof,0
prepared_liveness_data\raw\spoof\kaggle_67_frame15.jpg,spoof,0
prepared_liveness_data\raw\spoof\kaggle_25_frame70.jpg,spoof,0
prepared_liveness_data\raw\spoof\kaggle_32_frame90.jpg,spoof,0
prepared_liveness_data\raw\spoof\kaggle_40_frame75.jpg,spoof,0
prepared_liveness_data\raw\spoof\kaggle_54_frame155.jpg,spoof,0
prepared_liveness_data\raw\spoof\kaggle_69_frame30.jpg,spoof,0
prepared_liveness_data\raw\real\kaggle_42_frame200.jpg,real,1
prepared_liveness_data\raw\spoof\kaggle_3_frame175.jpg,spoof,0
prepared_liveness_data\raw\real\kaggle_73_frame75.jpg,real,1
prepared_liveness_data\raw\spoof\kaggle_30_frame150.jpg,spoof,0
prepared_liveness_data\raw\spoof\kaggle_0_frame315.jpg,spoof,0
prepared_liveness_data\raw\spoof\kaggle_49_frame245.jpg,spoof,0
prepared_liveness_data\raw\real\kaggle_39_frame135.jpg,real,1
prepared_liveness_data\raw\real\kaggle_0_frame85.jpg,real,1
prepared_liveness_data\raw\real\kaggle_79_frame230.jpg,real,1
prepared_liveness_data\raw\real\kaggle_30_frame45.jpg,real,1
prepared_liveness_data\raw\real\kaggle_52_frame0.jpg,real,1
prepared_liveness_data\raw\real\kaggle_35_frame240.jpg,real,1
prepared_liveness_data\raw\spoof\kaggle_27_frame40.jpg,spoof,0
prepared_liveness_data\raw\real\kaggle_65_frame140.jpg,real,1
prepared_liveness_data\raw\real\kaggle_11_frame175.jpg,real,1
prepared_liveness_data\raw\spoof\kaggle_14_frame170.jpg,spoof,0
prepared_liveness_data\raw\spoof\kaggle_25_frame10.jpg,spoof,0
prepared_liveness_data\raw\spoof\kaggle_61_frame360.jpg,spoof,0
prepared_liveness_data\raw\real\kaggle_61_frame370.jpg,real,1
prepared_liveness_data\raw\real\kaggle_1_frame255.jpg,real,1
prepared_liveness_data\raw\spoof\kaggle_11_frame415.jpg,spoof,0
prepared_liveness_data\raw\real\kaggle_2_frame130.jpg,real,1
prepared_liveness_data\raw\real\kaggle_2_frame45.jpg,real,1
prepared_liveness_data\raw\spoof\kaggle_62_frame355.jpg,spoof,0
prepared_liveness_data\raw\real\kaggle_55_frame165.jpg,real,1
prepared_liveness_data\raw\spoof\kaggle_58_frame105.jpg,spoof,0
prepared_liveness_data\raw\spoof\kaggle_3_frame290.jpg,spoof,0
prepared_liveness_data\raw\spoof\kaggle_0_frame440.jpg,spoof,0
prepared_liveness_data\raw\real\kaggle_46_frame435.jpg,real,1
prepared_liveness_data\raw\real\kaggle_59_frame215.jpg,real,1
prepared_liveness_data\raw\real\kaggle_23_frame475.jpg,real,1
prepared_liveness_data\raw\spoof\kaggle_20_frame150.jpg,spoof,0
prepared_liveness_data\raw\spoof\kaggle_61_frame115.jpg,spoof,0
prepared_liveness_data\raw\real\kaggle_62_frame395.jpg,real,1
prepared_liveness_data\raw\spoof\kaggle_62_frame125.jpg,spoof,0
prepared_liveness_data\raw\spoof\kaggle_72_frame240.jpg,spoof,0
prepared_liveness_data\raw\real\kaggle_6_frame55.jpg,real,1
prepared_liveness_data\raw\spoof\kaggle_73_frame55.jpg,spoof,0
prepared_liveness_data\raw\spoof\kaggle_30_frame495.jpg,spoof,0
prepared_liveness_data\raw\spoof\kaggle_61_frame135.jpg,spoof,0
prepared_liveness_data\raw\real\kaggle_7_frame25.jpg,real,1
prepared_liveness_data\raw\real\kaggle_73_frame170.jpg,real,1
prepared_liveness_data\raw\real\kaggle_44_frame145.jpg,real,1
prepared_liveness_data\raw\spoof\kaggle_46_frame530.jpg,spoof,0
prepared_liveness_data\raw\spoof\kaggle_46_frame125.jpg,spoof,0
prepared_liveness_data\raw\spoof\kaggle_70_frame285.jpg,spoof,0
prepared_liveness_data\raw\real\kaggle_3_frame95.jpg,real,1
prepared_liveness_data\raw\real\kaggle_33_frame85.jpg,real,1
prepared_liveness_data\raw\spoof\kaggle_67_frame300.jpg,spoof,0
prepared_liveness_data\raw\real\kaggle_59_frame260.jpg,real,1
prepared_liveness_data\raw\real\kaggle_12_frame265.jpg,real,1
prepared_liveness_data\raw\spoof\kaggle_53_frame120.jpg,spoof,0
prepared_liveness_data\raw\real\kaggle_15_frame125.jpg,real,1
prepared_liveness_data\raw\spoof\kaggle_69_frame70.jpg,spoof,0
prepared_liveness_data\raw\real\kaggle_67_frame250.jpg,real,1
prepared_liveness_data\raw\spoof\kaggle_25_frame170.jpg,spoof,0
prepared_liveness_data\raw\spoof\kaggle_31_frame245.jpg,spoof,0
prepared_liveness_data\raw\spoof\kaggle_53_frame130.jpg,spoof,0
prepared_liveness_data\raw\real\kaggle_67_frame50.jpg,real,1
prepared_liveness_data\raw\spoof\kaggle_13_frame405.jpg,spoof,0
prepared_liveness_data\raw\real\kaggle_75_frame435.jpg,real,1
prepared_liveness_data\raw\real\kaggle_28_frame305.jpg,real,1
prepared_liveness_data\raw\real\kaggle_47_frame150.jpg,real,1
prepared_liveness_data\raw\real\kaggle_29_frame185.jpg,real,1
prepared_liveness_data\raw\spoof\kaggle_32_frame65.jpg,spoof,0
prepared_liveness_data\raw\real\kaggle_63_frame105.jpg,real,1
prepared_liveness_data\raw\spoof\kaggle_34_frame115.jpg,spoof,0
prepared_liveness_data\raw\real\kaggle_45_frame85.jpg,real,1
prepared_liveness_data\raw\real\kaggle_50_frame90.jpg,real,1
prepared_liveness_data\raw\real\kaggle_61_frame185.jpg,real,1
prepared_liveness_data\raw\spoof\kaggle_58_frame60.jpg,spoof,0
prepared_liveness_data\raw\real\kaggle_47_frame175.jpg,real,1
prepared_liveness_data\raw\spoof\kaggle_8_frame270.jpg,spoof,0
prepared_liveness_data\raw\real\kaggle_73_frame220.jpg,real,1
prepared_liveness_data\raw\spoof\kaggle_16_frame225.jpg,spoof,0
prepared_liveness_data\raw\real\kaggle_73_frame185.jpg,real,1
prepared_liveness_data\raw\spoof\kaggle_48_frame275.jpg,spoof,0
prepared_liveness_data\raw\real\kaggle_46_frame5.jpg,real,1
prepared_liveness_data\raw\spoof\kaggle_62_frame35.jpg,spoof,0
prepared_liveness_data\raw\spoof\kaggle_39_frame220.jpg,spoof,0
prepared_liveness_data\raw\spoof\kaggle_37_frame235.jpg,spoof,0
prepared_liveness_data\raw\spoof\kaggle_71_frame300.jpg,spoof,0
prepared_liveness_data\raw\spoof\kaggle_50_frame50.jpg,spoof,0
prepared_liveness_data\raw\spoof\kaggle_37_frame360.jpg,spoof,0
prepared_liveness_data\raw\real\kaggle_12_frame370.jpg,real,1
prepared_liveness_data\raw\spoof\kaggle_25_frame205.jpg,spoof,0
prepared_liveness_data\raw\spoof\kaggle_68_frame220.jpg,spoof,0
prepared_liveness_data\raw\spoof\kaggle_63_frame135.jpg,spoof,0
prepared_liveness_data\raw\spoof\kaggle_24_frame225.jpg,spoof,0
prepared_liveness_data\raw\spoof\kaggle_18_frame135.jpg,spoof,0
prepared_liveness_data\raw\real\kaggle_1_frame40.jpg,real,1
prepared_liveness_data\raw\real\kaggle_0_frame330.jpg,real,1
prepared_liveness_data\raw\real\kaggle_5_frame0.jpg,real,1
prepared_liveness_data\raw\real\kaggle_71_frame185.jpg,real,1
prepared_liveness_data\raw\real\kaggle_13_frame25.jpg,real,1
prepared_liveness_data\raw\spoof\kaggle_52_frame90.jpg,spoof,0
prepared_liveness_data\raw\real\kaggle_14_frame75.jpg,real,1
prepared_liveness_data\raw\spoof\kaggle_18_frame365.jpg,spoof,0
prepared_liveness_data\raw\spoof\kaggle_25_frame65.jpg,spoof,0
prepared_liveness_data\raw\spoof\kaggle_69_frame210.jpg,spoof,0
prepared_liveness_data\raw\real\kaggle_52_frame120.jpg,real,1
prepared_liveness_data\raw\spoof\kaggle_63_frame125.jpg,spoof,0
prepared_liveness_data\raw\real\kaggle_79_frame365.jpg,real,1
prepared_liveness_data\raw\real\kaggle_65_frame160.jpg,real,1
prepared_liveness_data\raw\real\kaggle_69_frame230.jpg,real,1
prepared_liveness_data\raw\spoof\kaggle_49_frame535.jpg,spoof,0
prepared_liveness_data\raw\real\kaggle_58_frame475.jpg,real,1
prepared_liveness_data\raw\real\kaggle_34_frame160.jpg,real,1
prepared_liveness_data\raw\real\kaggle_36_frame120.jpg,real,1
prepared_liveness_data\raw\real\kaggle_31_frame165.jpg,real,1
prepared_liveness_data\raw\spoof\kaggle_9_frame365.jpg,spoof,0
prepared_liveness_data\raw\real\kaggle_11_frame260.jpg,real,1
prepared_liveness_data\raw\real\kaggle_52_frame270.jpg,real,1
prepared_liveness_data\raw\spoof\kaggle_61_frame130.jpg,spoof,0
prepared_liveness_data\raw\spoof\kaggle_11_frame70.jpg,spoof,0
prepared_liveness_data\raw\spoof\kaggle_55_frame30.jpg,spoof,0
prepared_liveness_data\raw\real\kaggle_55_frame150.jpg,real,1
prepared_liveness_data\raw\spoof\kaggle_61_frame325.jpg,spoof,0
prepared_liveness_data\raw\spoof\kaggle_72_frame445.jpg,spoof,0
prepared_liveness_data\raw\real\kaggle_14_frame105.jpg,real,1
prepared_liveness_data\raw\spoof\kaggle_4_frame100.jpg,spoof,0
prepared_liveness_data\raw\real\kaggle_20_frame90.jpg,real,1
prepared_liveness_data\raw\real\kaggle_75_frame55.jpg,real,1
prepared_liveness_data\raw\spoof\kaggle_3_frame70.jpg,spoof,0
prepared_liveness_data\raw\real\kaggle_10_frame245.jpg,real,1
prepared_liveness_data\raw\spoof\kaggle_15_frame315.jpg,spoof,0
prepared_liveness_data\raw\spoof\kaggle_38_frame180.jpg,spoof,0
prepared_liveness_data\raw\spoof\kaggle_77_frame390.jpg,spoof,0
prepared_liveness_data\raw\spoof\kaggle_59_frame365.jpg,spoof,0
prepared_liveness_data\raw\spoof\kaggle_32_frame70.jpg,spoof,0
prepared_liveness_data\raw\spoof\kaggle_63_frame20.jpg,spoof,0
prepared_liveness_data\raw\spoof\kaggle_11_frame510.jpg,spoof,0
prepared_liveness_data\raw\real\kaggle_58_frame185.jpg,real,1
prepared_liveness_data\raw\real\kaggle_10_frame365.jpg,real,1
prepared_liveness_data\raw\spoof\kaggle_12_frame295.jpg,spoof,0
prepared_liveness_data\raw\real\kaggle_68_frame150.jpg,real,1
prepared_liveness_data\raw\spoof\kaggle_23_frame280.jpg,spoof,0
prepared_liveness_data\raw\real\kaggle_77_frame325.jpg,real,1
prepared_liveness_data\raw\spoof\kaggle_26_frame45.jpg,spoof,0
prepared_liveness_data\raw\real\kaggle_58_frame605.jpg,real,1
prepared_liveness_data\raw\real\kaggle_34_frame250.jpg,real,1
prepared_liveness_data\raw\real\kaggle_70_frame55.jpg,real,1
prepared_liveness_data\raw\spoof\kaggle_55_frame225.jpg,spoof,0
prepared_liveness_data\raw\spoof\kaggle_25_frame340.jpg,spoof,0
prepared_liveness_data\raw\real\kaggle_35_frame105.jpg,real,1
prepared_liveness_data\raw\real\kaggle_23_frame30.jpg,real,1
prepared_liveness_data\raw\real\kaggle_77_frame180.jpg,real,1
prepared_liveness_data\raw\real\kaggle_32_frame225.jpg,real,1
prepared_liveness_data\raw\spoof\kaggle_56_frame20.jpg,spoof,0
prepared_liveness_data\raw\spoof\kaggle_36_frame140.jpg,spoof,0
prepared_liveness_data\raw\spoof\kaggle_26_frame70.jpg,spoof,0
prepared_liveness_data\raw\real\kaggle_58_frame495.jpg,real,1
prepared_liveness_data\raw\spoof\kaggle_44_frame40.jpg,spoof,0
prepared_liveness_data\raw\spoof\kaggle_40_frame165.jpg,spoof,0
prepared_liveness_data\raw\real\kaggle_72_frame40.jpg,real,1
prepared_liveness_data\raw\spoof\kaggle_46_frame375.jpg,spoof,0
prepared_liveness_data\raw\spoof\kaggle_72_frame25.jpg,spoof,0
prepared_liveness_data\raw\spoof\kaggle_42_frame135.jpg,spoof,0
prepared_liveness_data\raw\spoof\kaggle_55_frame255.jpg,spoof,0
prepared_liveness_data\raw\spoof\kaggle_65_frame255.jpg,spoof,0
prepared_liveness_data\raw\real\kaggle_78_frame15.jpg,real,1
prepared_liveness_data\raw\real\kaggle_48_frame175.jpg,real,1
prepared_liveness_data\raw\real\kaggle_69_frame215.jpg,real,1
prepared_liveness_data\raw\spoof\kaggle_29_frame60.jpg,spoof,0
prepared_liveness_data\raw\real\kaggle_22_frame20.jpg,real,1
prepared_liveness_data\raw\spoof\kaggle_9_frame180.jpg,spoof,0
prepared_liveness_data\raw\real\kaggle_42_frame30.jpg,real,1
prepared_liveness_data\raw\spoof\kaggle_49_frame590.jpg,spoof,0
prepared_liveness_data\raw\spoof\kaggle_27_frame0.jpg,spoof,0
prepared_liveness_data\raw\spoof\kaggle_52_frame15.jpg,spoof,0
prepared_liveness_data\raw\real\kaggle_21_frame325.jpg,real,1
prepared_liveness_data\raw\real\kaggle_18_frame90.jpg,real,1
prepared_liveness_data\raw\real\kaggle_23_frame300.jpg,real,1
prepared_liveness_data\raw\spoof\kaggle_61_frame105.jpg,spoof,0
prepared_liveness_data\raw\real\kaggle_23_frame330.jpg,real,1
prepared_liveness_data\raw\real\kaggle_21_frame95.jpg,real,1
prepared_liveness_data\raw\spoof\kaggle_41_frame295.jpg,spoof,0
prepared_liveness_data\raw\real\kaggle_33_frame95.jpg,real,1
prepared_liveness_data\raw\spoof\kaggle_25_frame435.jpg,spoof,0
prepared_liveness_data\raw\real\kaggle_66_frame205.jpg,real,1
prepared_liveness_data\raw\spoof\kaggle_7_frame190.jpg,spoof,0
prepared_liveness_data\raw\spoof\kaggle_19_frame135.jpg,spoof,0
prepared_liveness_data\raw\real\kaggle_30_frame160.jpg,real,1
prepared_liveness_data\raw\real\kaggle_48_frame170.jpg,real,1
prepared_liveness_data\raw\spoof\kaggle_24_frame25.jpg,spoof,0
prepared_liveness_data\raw\real\kaggle_47_frame200.jpg,real,1
prepared_liveness_data\raw\real\kaggle_28_frame190.jpg,real,1
prepared_liveness_data\raw\spoof\kaggle_74_frame465.jpg,spoof,0
prepared_liveness_data\raw\real\kaggle_11_frame95.jpg,real,1
prepared_liveness_data\raw\real\kaggle_46_frame375.jpg,real,1
prepared_liveness_data\raw\spoof\kaggle_74_frame380.jpg,spoof,0
prepared_liveness_data\raw\spoof\kaggle_0_frame305.jpg,spoof,0
prepared_liveness_data\raw\spoof\kaggle_29_frame115.jpg,spoof,0
prepared_liveness_data\raw\spoof\kaggle_24_frame85.jpg,spoof,0
prepared_liveness_data\raw\spoof\kaggle_7_frame295.jpg,spoof,0
prepared_liveness_data\raw\real\kaggle_33_frame45.jpg,real,1
prepared_liveness_data\raw\real\kaggle_7_frame80.jpg,real,1
prepared_liveness_data\raw\real\kaggle_50_frame75.jpg,real,1
prepared_liveness_data\raw\spoof\kaggle_67_frame140.jpg,spoof,0
prepared_liveness_data\raw\spoof\kaggle_37_frame90.jpg,spoof,0
prepared_liveness_data\raw\real\kaggle_79_frame350.jpg,real,1
prepared_liveness_data\raw\spoof\kaggle_26_frame55.jpg,spoof,0
prepared_liveness_data\raw\real\kaggle_15_frame30.jpg,real,1
prepared_liveness_data\raw\real\kaggle_61_frame175.jpg,real,1
prepared_liveness_data\raw\spoof\kaggle_3_frame110.jpg,spoof,0
prepared_liveness_data\raw\real\kaggle_13_frame55.jpg,real,1
prepared_liveness_data\raw\spoof\kaggle_56_frame30.jpg,spoof,0
prepared_liveness_data\raw\real\kaggle_71_frame255.jpg,real,1
prepared_liveness_data\raw\real\kaggle_78_frame110.jpg,real,1
prepared_liveness_data\raw\real\kaggle_53_frame120.jpg,real,1
prepared_liveness_data\raw\real\kaggle_58_frame285.jpg,real,1
prepared_liveness_data\raw\spoof\kaggle_21_frame460.jpg,spoof,0
prepared_liveness_data\raw\spoof\kaggle_37_frame220.jpg,spoof,0
prepared_liveness_data\raw\real\kaggle_65_frame120.jpg,real,1
prepared_liveness_data\raw\spoof\kaggle_28_frame305.jpg,spoof,0
prepared_liveness_data\raw\real\kaggle_57_frame165.jpg,real,1
prepared_liveness_data\raw\real\kaggle_52_frame430.jpg,real,1
prepared_liveness_data\raw\spoof\kaggle_21_frame385.jpg,spoof,0
prepared_liveness_data\raw\spoof\kaggle_65_frame0.jpg,spoof,0
prepared_liveness_data\raw\real\kaggle_37_frame265.jpg,real,1
prepared_liveness_data\raw\real\kaggle_21_frame190.jpg,real,1
prepared_liveness_data\raw\real\kaggle_75_frame415.jpg,real,1
prepared_liveness_data\raw\spoof\kaggle_10_frame360.jpg,spoof,0
prepared_liveness_data\raw\spoof\kaggle_35_frame200.jpg,spoof,0
prepared_liveness_data\raw\spoof\kaggle_64_frame85.jpg,spoof,0
prepared_liveness_data\raw\real\kaggle_47_frame55.jpg,real,1
prepared_liveness_data\raw\real\kaggle_64_frame245.jpg,real,1
prepared_liveness_data\raw\spoof\kaggle_32_frame140.jpg,spoof,0
prepared_liveness_data\raw\spoof\kaggle_35_frame485.jpg,spoof,0
prepared_liveness_data\raw\real\kaggle_32_frame165.jpg,real,1
prepared_liveness_data\raw\real\kaggle_67_frame290.jpg,real,1
prepared_liveness_data\raw\real\kaggle_76_frame220.jpg,real,1
prepared_liveness_data\raw\spoof\kaggle_68_frame265.jpg,spoof,0
prepared_liveness_data\raw\spoof\kaggle_35_frame130.jpg,spoof,0
prepared_liveness_data\raw\real\kaggle_39_frame120.jpg,real,1
prepared_liveness_data\raw\spoof\kaggle_6_frame95.jpg,spoof,0
prepared_liveness_data\raw\spoof\kaggle_2_frame250.jpg,spoof,0
prepared_liveness_data\raw\spoof\kaggle_79_frame220.jpg,spoof,0
prepared_liveness_data\raw\real\kaggle_12_frame285.jpg,real,1
prepared_liveness_data\raw\real\kaggle_79_frame170.jpg,real,1
prepared_liveness_data\raw\real\kaggle_37_frame85.jpg,real,1
prepared_liveness_data\raw\spoof\kaggle_37_frame85.jpg,spoof,0
prepared_liveness_data\raw\spoof\kaggle_10_frame15.jpg,spoof,0
prepared_liveness_data\raw\spoof\kaggle_6_frame155.jpg,spoof,0
prepared_liveness_data\raw\spoof\kaggle_71_frame360.jpg,spoof,0
prepared_liveness_data\raw\real\kaggle_50_frame125.jpg,real,1
prepared_liveness_data\raw\spoof\kaggle_8_frame130.jpg,spoof,0
prepared_liveness_data\raw\spoof\kaggle_11_frame145.jpg,spoof,0
prepared_liveness_data\raw\spoof\kaggle_30_frame20.jpg,spoof,0
prepared_liveness_data\raw\real\kaggle_32_frame200.jpg,real,1
prepared_liveness_data\raw\real\kaggle_29_frame95.jpg,real,1
prepared_liveness_data\raw\spoof\kaggle_65_frame310.jpg,spoof,0
prepared_liveness_data\raw\spoof\kaggle_30_frame575.jpg,spoof,0
prepared_liveness_data\raw\spoof\kaggle_18_frame110.jpg,spoof,0
prepared_liveness_data\raw\spoof\kaggle_2_frame255.jpg,spoof,0
prepared_liveness_data\raw\spoof\kaggle_75_frame70.jpg,spoof,0
prepared_liveness_data\raw\real\kaggle_59_frame80.jpg,real,1
prepared_liveness_data\raw\spoof\kaggle_39_frame185.jpg,spoof,0
prepared_liveness_data\raw\real\kaggle_1_frame5.jpg,real,1
prepared_liveness_data\raw\spoof\kaggle_16_frame150.jpg,spoof,0
prepared_liveness_data\raw\spoof\kaggle_57_frame210.jpg,spoof,0
prepared_liveness_data\raw\spoof\kaggle_49_frame190.jpg,spoof,0
prepared_liveness_data\raw\spoof\kaggle_10_frame445.jpg,spoof,0
prepared_liveness_data\raw\real\kaggle_64_frame265.jpg,real,1
prepared_liveness_data\raw\spoof\kaggle_12_frame385.jpg,spoof,0
prepared_liveness_data\raw\real\kaggle_22_frame120.jpg,real,1
prepared_liveness_data\raw\real\kaggle_66_frame40.jpg,real,1
prepared_liveness_data\raw\real\kaggle_65_frame430.jpg,real,1
prepared_liveness_data\raw\real\kaggle_79_frame250.jpg,real,1
prepared_liveness_data\raw\spoof\kaggle_13_frame225.jpg,spoof,0
prepared_liveness_data\raw\spoof\kaggle_37_frame105.jpg,spoof,0
prepared_liveness_data\raw\spoof\kaggle_37_frame315.jpg,spoof,0
prepared_liveness_data\raw\spoof\kaggle_65_frame225.jpg,spoof,0
prepared_liveness_data\raw\spoof\kaggle_68_frame105.jpg,spoof,0
prepared_liveness_data\raw\real\kaggle_78_frame120.jpg,real,1
prepared_liveness_data\raw\spoof\kaggle_50_frame70.jpg,spoof,0
prepared_liveness_data\raw\spoof\kaggle_66_frame265.jpg,spoof,0
prepared_liveness_data\raw\real\kaggle_77_frame205.jpg,real,1
prepared_liveness_data\raw\spoof\kaggle_43_frame385.jpg,spoof,0
prepared_liveness_data\raw\spoof\kaggle_61_frame225.jpg,spoof,0
prepared_liveness_data\raw\spoof\kaggle_29_frame120.jpg,spoof,0
prepared_liveness_data\raw\real\kaggle_61_frame450.jpg,real,1
prepared_liveness_data\raw\spoof\kaggle_38_frame125.jpg,spoof,0
prepared_liveness_data\raw\spoof\kaggle_11_frame315.jpg,spoof,0
prepared_liveness_data\raw\spoof\kaggle_38_frame60.jpg,spoof,0
prepared_liveness_data\raw\spoof\kaggle_77_frame350.jpg,spoof,0
prepared_liveness_data\raw\spoof\kaggle_73_frame275.jpg,spoof,0
prepared_liveness_data\raw\spoof\kaggle_1_frame250.jpg,spoof,0
prepared_liveness_data\raw\spoof\kaggle_39_frame80.jpg,spoof,0
prepared_liveness_data\raw\real\kaggle_23_frame415.jpg,real,1
prepared_liveness_data\raw\real\kaggle_46_frame225.jpg,real,1
prepared_liveness_data\raw\spoof\kaggle_42_frame200.jpg,spoof,0
prepared_liveness_data\raw\real\kaggle_15_frame195.jpg,real,1
prepared_liveness_data\raw\real\kaggle_23_frame465.jpg,real,1
prepared_liveness_data\raw\real\kaggle_59_frame450.jpg,real,1
prepared_liveness_data\raw\spoof\kaggle_55_frame50.jpg,spoof,0
prepared_liveness_data\raw\real\kaggle_48_frame100.jpg,real,1
prepared_liveness_data\raw\spoof\kaggle_20_frame230.jpg,spoof,0
prepared_liveness_data\raw\spoof\kaggle_69_frame310.jpg,spoof,0
prepared_liveness_data\raw\spoof\kaggle_5_frame340.jpg,spoof,0
prepared_liveness_data\raw\real\kaggle_31_frame175.jpg,real,1
prepared_liveness_data\raw\real\kaggle_18_frame40.jpg,real,1
prepared_liveness_data\raw\spoof\kaggle_10_frame285.jpg,spoof,0
prepared_liveness_data\raw\real\kaggle_9_frame265.jpg,real,1
prepared_liveness_data\raw\spoof\kaggle_29_frame10.jpg,spoof,0
prepared_liveness_data\raw\real\kaggle_4_frame190.jpg,real,1
prepared_liveness_data\raw\spoof\kaggle_9_frame235.jpg,spoof,0
prepared_liveness_data\raw\spoof\kaggle_34_frame130.jpg,spoof,0
prepared_liveness_data\raw\spoof\kaggle_65_frame125.jpg,spoof,0
prepared_liveness_data\raw\spoof\kaggle_25_frame290.jpg,spoof,0
prepared_liveness_data\raw\real\kaggle_50_frame265.jpg,real,1
prepared_liveness_data\raw\real\kaggle_74_frame225.jpg,real,1
prepared_liveness_data\raw\real\kaggle_10_frame200.jpg,real,1
prepared_liveness_data\raw\real\kaggle_2_frame80.jpg,real,1
prepared_liveness_data\raw\real\kaggle_71_frame165.jpg,real,1
prepared_liveness_data\raw\spoof\kaggle_12_frame400.jpg,spoof,0
prepared_liveness_data\raw\spoof\kaggle_21_frame85.jpg,spoof,0
prepared_liveness_data\raw\real\kaggle_19_frame45.jpg,real,1
prepared_liveness_data\raw\spoof\kaggle_51_frame130.jpg,spoof,0
prepared_liveness_data\raw\real\kaggle_20_frame50.jpg,real,1
prepared_liveness_data\raw\spoof\kaggle_49_frame185.jpg,spoof,0
prepared_liveness_data\raw\spoof\kaggle_1_frame40.jpg,spoof,0
prepared_liveness_data\raw\spoof\kaggle_7_frame285.jpg,spoof,0
prepared_liveness_data\raw\spoof\kaggle_43_frame45.jpg,spoof,0
prepared_liveness_data\raw\real\kaggle_79_frame280.jpg,real,1
prepared_liveness_data\raw\spoof\kaggle_30_frame650.jpg,spoof,0
prepared_liveness_data\raw\spoof\kaggle_40_frame55.jpg,spoof,0
prepared_liveness_data\raw\spoof\kaggle_4_frame5.jpg,spoof,0
prepared_liveness_data\raw\spoof\kaggle_62_frame40.jpg,spoof,0
prepared_liveness_data\raw\spoof\kaggle_12_frame155.jpg,spoof,0
prepared_liveness_data\raw\spoof\kaggle_41_frame280.jpg,spoof,0
prepared_liveness_data\raw\real\kaggle_68_frame295.jpg,real,1
prepared_liveness_data\raw\real\kaggle_12_frame450.jpg,real,1
prepared_liveness_data\raw\real\kaggle_25_frame105.jpg,real,1
prepared_liveness_data\raw\spoof\kaggle_42_frame20.jpg,spoof,0
prepared_liveness_data\raw\spoof\kaggle_75_frame315.jpg,spoof,0
prepared_liveness_data\raw\real\kaggle_78_frame250.jpg,real,1
prepared_liveness_data\raw\spoof\kaggle_35_frame40.jpg,spoof,0
prepared_liveness_data\raw\real\kaggle_73_frame115.jpg,real,1
prepared_liveness_data\raw\real\kaggle_30_frame230.jpg,real,1
prepared_liveness_data\raw\spoof\kaggle_1_frame140.jpg,spoof,0
prepared_liveness_data\raw\real\kaggle_35_frame280.jpg,real,1
prepared_liveness_data\raw\real\kaggle_11_frame240.jpg,real,1
prepared_liveness_data\raw\spoof\kaggle_55_frame320.jpg,spoof,0
prepared_liveness_data\raw\spoof\kaggle_12_frame275.jpg,spoof,0
prepared_liveness_data\raw\spoof\kaggle_46_frame395.jpg,spoof,0
prepared_liveness_data\raw\real\kaggle_59_frame155.jpg,real,1
prepared_liveness_data\raw\real\kaggle_52_frame260.jpg,real,1
prepared_liveness_data\raw\spoof\kaggle_78_frame225.jpg,spoof,0
prepared_liveness_data\raw\spoof\kaggle_73_frame130.jpg,spoof,0
prepared_liveness_data\raw\spoof\kaggle_61_frame435.jpg,spoof,0
prepared_liveness_data\raw\real\kaggle_47_frame385.jpg,real,1
prepared_liveness_data\raw\real\kaggle_34_frame30.jpg,real,1
prepared_liveness_data\raw\real\kaggle_73_frame275.jpg,real,1
prepared_liveness_data\raw\real\kaggle_72_frame245.jpg,real,1
prepared_liveness_data\raw\real\kaggle_18_frame320.jpg,real,1
prepared_liveness_data\raw\spoof\kaggle_75_frame295.jpg,spoof,0
prepared_liveness_data\raw\real\kaggle_30_frame145.jpg,real,1
prepared_liveness_data\raw\spoof\kaggle_75_frame330.jpg,spoof,0
prepared_liveness_data\raw\real\kaggle_45_frame165.jpg,real,1
prepared_liveness_data\raw\real\kaggle_17_frame170.jpg,real,1
prepared_liveness_data\raw\real\kaggle_28_frame350.jpg,real,1
prepared_liveness_data\raw\spoof\kaggle_74_frame545.jpg,spoof,0
prepared_liveness_data\raw\spoof\kaggle_52_frame515.jpg,spoof,0
prepared_liveness_data\raw\spoof\kaggle_11_frame165.jpg,spoof,0
prepared_liveness_data\raw\spoof\kaggle_12_frame250.jpg,spoof,0
prepared_liveness_data\raw\spoof\kaggle_22_frame80.jpg,spoof,0
prepared_liveness_data\raw\spoof\kaggle_35_frame60.jpg,spoof,0
prepared_liveness_data\raw\spoof\kaggle_29_frame135.jpg,spoof,0
prepared_liveness_data\raw\spoof\kaggle_50_frame145.jpg,spoof,0
prepared_liveness_data\raw\real\kaggle_68_frame15.jpg,real,1
prepared_liveness_data\raw\spoof\kaggle_43_frame415.jpg,spoof,0
prepared_liveness_data\raw\spoof\kaggle_42_frame60.jpg,spoof,0
prepared_liveness_data\raw\spoof\kaggle_39_frame165.jpg,spoof,0
prepared_liveness_data\raw\spoof\kaggle_3_frame45.jpg,spoof,0
prepared_liveness_data\raw\spoof\kaggle_74_frame350.jpg,spoof,0
prepared_liveness_data\raw\spoof\kaggle_76_frame375.jpg,spoof,0
prepared_liveness_data\raw\spoof\kaggle_23_frame420.jpg,spoof,0
prepared_liveness_data\raw\real\kaggle_57_frame5.jpg,real,1
prepared_liveness_data\raw\spoof\kaggle_14_frame215.jpg,spoof,0
prepared_liveness_data\raw\real\kaggle_78_frame55.jpg,real,1
prepared_liveness_data\raw\real\kaggle_23_frame210.jpg,real,1
prepared_liveness_data\raw\spoof\kaggle_76_frame210.jpg,spoof,0
prepared_liveness_data\raw\real\kaggle_68_frame0.jpg,real,1
prepared_liveness_data\raw\real\kaggle_49_frame15.jpg,real,1
prepared_liveness_data\raw\real\kaggle_20_frame165.jpg,real,1
prepared_liveness_data\raw\real\kaggle_77_frame195.jpg,real,1
prepared_liveness_data\raw\spoof\kaggle_73_frame65.jpg,spoof,0
prepared_liveness_data\raw\spoof\kaggle_5_frame205.jpg,spoof,0
prepared_liveness_data\raw\real\kaggle_2_frame105.jpg,real,1
prepared_liveness_data\raw\spoof\kaggle_11_frame600.jpg,spoof,0
prepared_liveness_data\raw\spoof\kaggle_13_frame310.jpg,spoof,0
prepared_liveness_data\raw\spoof\kaggle_13_frame145.jpg,spoof,0
prepared_liveness_data\raw\spoof\kaggle_29_frame170.jpg,spoof,0
prepared_liveness_data\raw\spoof\kaggle_26_frame160.jpg,spoof,0
prepared_liveness_data\raw\spoof\kaggle_68_frame450.jpg,spoof,0
prepared_liveness_data\raw\spoof\kaggle_38_frame55.jpg,spoof,0
prepared_liveness_data\raw\real\kaggle_32_frame125.jpg,real,1
prepared_liveness_data\raw\spoof\kaggle_59_frame345.jpg,spoof,0
prepared_liveness_data\raw\spoof\kaggle_66_frame250.jpg,spoof,0
prepared_liveness_data\raw\spoof\kaggle_67_frame20.jpg,spoof,0
prepared_liveness_data\raw\spoof\kaggle_46_frame480.jpg,spoof,0
prepared_liveness_data\raw\spoof\kaggle_24_frame235.jpg,spoof,0
prepared_liveness_data\raw\real\kaggle_57_frame210.jpg,real,1
prepared_liveness_data\raw\spoof\kaggle_41_frame245.jpg,spoof,0
prepared_liveness_data\raw\spoof\kaggle_14_frame80.jpg,spoof,0
prepared_liveness_data\raw\real\kaggle_62_frame320.jpg,real,1
prepared_liveness_data\raw\spoof\kaggle_8_frame135.jpg,spoof,0
prepared_liveness_data\raw\real\kaggle_67_frame5.jpg,real,1
prepared_liveness_data\raw\spoof\kaggle_17_frame310.jpg,spoof,0
prepared_liveness_data\raw\spoof\kaggle_9_frame45.jpg,spoof,0
prepared_liveness_data\raw\spoof\kaggle_49_frame170.jpg,spoof,0
prepared_liveness_data\raw\real\kaggle_15_frame175.jpg,real,1
prepared_liveness_data\raw\spoof\kaggle_25_frame405.jpg,spoof,0
prepared_liveness_data\raw\spoof\kaggle_62_frame70.jpg,spoof,0
prepared_liveness_data\raw\spoof\kaggle_30_frame630.jpg,spoof,0
prepared_liveness_data\raw\spoof\kaggle_65_frame175.jpg,spoof,0
prepared_liveness_data\raw\spoof\kaggle_59_frame495.jpg,spoof,0
prepared_liveness_data\raw\real\kaggle_65_frame220.jpg,real,1
prepared_liveness_data\raw\spoof\kaggle_20_frame10.jpg,spoof,0
prepared_liveness_data\raw\real\kaggle_14_frame265.jpg,real,1
prepared_liveness_data\raw\real\kaggle_43_frame160.jpg,real,1
prepared_liveness_data\raw\real\kaggle_78_frame100.jpg,real,1
prepared_liveness_data\raw\spoof\kaggle_5_frame65.jpg,spoof,0
prepared_liveness_data\raw\spoof\kaggle_5_frame375.jpg,spoof,0
prepared_liveness_data\raw\real\kaggle_53_frame230.jpg,real,1
prepared_liveness_data\raw\spoof\kaggle_28_frame180.jpg,spoof,0
prepared_liveness_data\raw\real\kaggle_74_frame205.jpg,real,1
prepared_liveness_data\raw\real\kaggle_12_frame410.jpg,real,1
prepared_liveness_data\raw\real\kaggle_12_frame475.jpg,real,1
prepared_liveness_data\raw\spoof\kaggle_10_frame85.jpg,spoof,0
prepared_liveness_data\raw\spoof\kaggle_11_frame330.jpg,spoof,0
prepared_liveness_data\raw\real\kaggle_53_frame20.jpg,real,1
prepared_liveness_data\raw\real\kaggle_52_frame210.jpg,real,1
prepared_liveness_data\raw\spoof\kaggle_19_frame250.jpg,spoof,0
prepared_liveness_data\raw\spoof\kaggle_51_frame65.jpg,spoof,0
prepared_liveness_data\raw\real\kaggle_10_frame50.jpg,real,1
prepared_liveness_data\raw\real\kaggle_58_frame595.jpg,real,1
prepared_liveness_data\raw\real\kaggle_49_frame510.jpg,real,1
prepared_liveness_data\raw\real\kaggle_75_frame10.jpg,real,1
prepared_liveness_data\raw\real\kaggle_1_frame235.jpg,real,1
prepared_liveness_data\raw\real\kaggle_18_frame290.jpg,real,1
prepared_liveness_data\raw\spoof\kaggle_36_frame315.jpg,spoof,0
prepared_liveness_data\raw\real\kaggle_63_frame135.jpg,real,1
prepared_liveness_data\raw\spoof\kaggle_36_frame145.jpg,spoof,0
prepared_liveness_data\raw\real\kaggle_72_frame85.jpg,real,1
prepared_liveness_data\raw\spoof\kaggle_61_frame230.jpg,spoof,0
prepared_liveness_data\raw\spoof\kaggle_59_frame455.jpg,spoof,0
prepared_liveness_data\raw\spoof\kaggle_3_frame30.jpg,spoof,0
prepared_liveness_data\raw\real\kaggle_75_frame140.jpg,real,1
prepared_liveness_data\raw\spoof\kaggle_31_frame215.jpg,spoof,0
prepared_liveness_data\raw\spoof\kaggle_30_frame425.jpg,spoof,0
prepared_liveness_data\raw\spoof\kaggle_34_frame285.jpg,spoof,0
prepared_liveness_data\raw\spoof\kaggle_11_frame290.jpg,spoof,0
prepared_liveness_data\raw\real\kaggle_75_frame275.jpg,real,1
prepared_liveness_data\raw\real\kaggle_70_frame45.jpg,real,1
prepared_liveness_data\raw\real\kaggle_75_frame510.jpg,real,1
prepared_liveness_data\raw\spoof\kaggle_43_frame220.jpg,spoof,0
prepared_liveness_data\raw\real\kaggle_70_frame235.jpg,real,1
prepared_liveness_data\raw\spoof\kaggle_47_frame375.jpg,spoof,0
prepared_liveness_data\raw\real\kaggle_79_frame135.jpg,real,1
prepared_liveness_data\raw\spoof\kaggle_30_frame55.jpg,spoof,0
prepared_liveness_data\raw\spoof\kaggle_32_frame150.jpg,spoof,0
prepared_liveness_data\raw\real\kaggle_46_frame80.jpg,real,1
prepared_liveness_data\raw\spoof\kaggle_41_frame195.jpg,spoof,0
prepared_liveness_data\raw\real\kaggle_2_frame60.jpg,real,1
prepared_liveness_data\raw\spoof\kaggle_13_frame105.jpg,spoof,0
prepared_liveness_data\raw\spoof\kaggle_3_frame225.jpg,spoof,0
prepared_liveness_data\raw\real\kaggle_61_frame295.jpg,real,1
prepared_liveness_data\raw\real\kaggle_39_frame160.jpg,real,1
prepared_liveness_data\raw\spoof\kaggle_1_frame145.jpg,spoof,0
prepared_liveness_data\raw\real\kaggle_61_frame105.jpg,real,1
prepared_liveness_data\raw\spoof\kaggle_12_frame200.jpg,spoof,0
prepared_liveness_data\raw\spoof\kaggle_62_frame380.jpg,spoof,0
prepared_liveness_data\raw\spoof\kaggle_28_frame165.jpg,spoof,0
prepared_liveness_data\raw\spoof\kaggle_52_frame300.jpg,spoof,0
prepared_liveness_data\raw\spoof\kaggle_34_frame225.jpg,spoof,0
prepared_liveness_data\raw\real\kaggle_44_frame155.jpg,real,1
prepared_liveness_data\raw\spoof\kaggle_75_frame40.jpg,spoof,0
prepared_liveness_data\raw\spoof\kaggle_35_frame280.jpg,spoof,0
prepared_liveness_data\raw\real\kaggle_41_frame55.jpg,real,1
prepared_liveness_data\raw\real\kaggle_34_frame195.jpg,real,1
prepared_liveness_data\raw\spoof\kaggle_78_frame30.jpg,spoof,0
prepared_liveness_data\raw\real\kaggle_77_frame5.jpg,real,1
prepared_liveness_data\raw\spoof\kaggle_75_frame140.jpg,spoof,0
prepared_liveness_data\raw\spoof\kaggle_43_frame115.jpg,spoof,0
prepared_liveness_data\raw\real\kaggle_6_frame25.jpg,real,1
prepared_liveness_data\raw\spoof\kaggle_44_frame80.jpg,spoof,0
prepared_liveness_data\raw\spoof\kaggle_16_frame375.jpg,spoof,0
prepared_liveness_data\raw\spoof\kaggle_49_frame605.jpg,spoof,0
prepared_liveness_data\raw\real\kaggle_10_frame215.jpg,real,1
prepared_liveness_data\raw\spoof\kaggle_62_frame250.jpg,spoof,0
prepared_liveness_data\raw\real\kaggle_57_frame145.jpg,real,1
prepared_liveness_data\raw\spoof\kaggle_74_frame110.jpg,spoof,0
prepared_liveness_data\raw\spoof\kaggle_40_frame50.jpg,spoof,0
prepared_liveness_data\raw\real\kaggle_13_frame345.jpg,real,1
prepared_liveness_data\raw\real\kaggle_31_frame100.jpg,real,1
prepared_liveness_data\raw\real\kaggle_23_frame165.jpg,real,1
prepared_liveness_data\raw\real\kaggle_29_frame120.jpg,real,1
prepared_liveness_data\raw\spoof\kaggle_34_frame170.jpg,spoof,0
prepared_liveness_data\raw\spoof\kaggle_25_frame455.jpg,spoof,0
prepared_liveness_data\raw\spoof\kaggle_42_frame150.jpg,spoof,0
prepared_liveness_data\raw\real\kaggle_54_frame35.jpg,real,1
prepared_liveness_data\raw\real\kaggle_45_frame125.jpg,real,1
prepared_liveness_data\raw\real\kaggle_78_frame145.jpg,real,1
prepared_liveness_data\raw\spoof\kaggle_7_frame25.jpg,spoof,0
prepared_liveness_data\raw\spoof\kaggle_50_frame240.jpg,spoof,0
prepared_liveness_data\raw\real\kaggle_5_frame130.jpg,real,1
prepared_liveness_data\raw\spoof\kaggle_48_frame15.jpg,spoof,0
prepared_liveness_data\raw\spoof\kaggle_75_frame225.jpg,spoof,0
prepared_liveness_data\raw\spoof\kaggle_75_frame370.jpg,spoof,0
prepared_liveness_data\raw\real\kaggle_4_frame215.jpg,real,1
prepared_liveness_data\raw\real\kaggle_25_frame20.jpg,real,1
prepared_liveness_data\raw\spoof\kaggle_46_frame15.jpg,spoof,0
prepared_liveness_data\raw\real\kaggle_12_frame90.jpg,real,1
prepared_liveness_data\raw\spoof\kaggle_33_frame260.jpg,spoof,0
prepared_liveness_data\raw\real\kaggle_32_frame45.jpg,real,1
prepared_liveness_data\raw\spoof\kaggle_49_frame715.jpg,spoof,0
prepared_liveness_data\raw\real\kaggle_65_frame210.jpg,real,1
prepared_liveness_data\raw\spoof\kaggle_52_frame325.jpg,spoof,0
prepared_liveness_data\raw\real\kaggle_28_frame280.jpg,real,1
prepared_liveness_data\raw\real\kaggle_62_frame95.jpg,real,1
prepared_liveness_data\raw\real\kaggle_46_frame160.jpg,real,1
prepared_liveness_data\raw\spoof\kaggle_9_frame145.jpg,spoof,0
prepared_liveness_data\raw\spoof\kaggle_21_frame145.jpg,spoof,0
prepared_liveness_data\raw\spoof\kaggle_49_frame210.jpg,spoof,0
prepared_liveness_data\raw\real\kaggle_22_frame30.jpg,real,1
prepared_liveness_data\raw\real\kaggle_46_frame115.jpg,real,1
prepared_liveness_data\raw\real\kaggle_5_frame205.jpg,real,1
prepared_liveness_data\raw\spoof\kaggle_56_frame10.jpg,spoof,0
prepared_liveness_data\raw\real\kaggle_13_frame95.jpg,real,1
prepared_liveness_data\raw\spoof\kaggle_39_frame140.jpg,spoof,0
prepared_liveness_data\raw\real\kaggle_35_frame175.jpg,real,1
prepared_liveness_data\raw\real\kaggle_58_frame450.jpg,real,1
prepared_liveness_data\raw\spoof\kaggle_11_frame685.jpg,spoof,0
prepared_liveness_data\raw\spoof\kaggle_30_frame430.jpg,spoof,0
prepared_liveness_data\raw\real\kaggle_12_frame10.jpg,real,1
prepared_liveness_data\raw\spoof\kaggle_56_frame40.jpg,spoof,0
prepared_liveness_data\raw\spoof\kaggle_72_frame370.jpg,spoof,0
prepared_liveness_data\raw\real\kaggle_75_frame215.jpg,real,1
prepared_liveness_data\raw\real\kaggle_72_frame250.jpg,real,1
prepared_liveness_data\raw\real\kaggle_62_frame435.jpg,real,1
prepared_liveness_data\raw\real\kaggle_31_frame125.jpg,real,1
prepared_liveness_data\raw\real\kaggle_23_frame270.jpg,real,1
prepared_liveness_data\raw\spoof\kaggle_12_frame495.jpg,spoof,0
prepared_liveness_data\raw\spoof\kaggle_29_frame190.jpg,spoof,0
prepared_liveness_data\raw\spoof\kaggle_15_frame335.jpg,spoof,0
prepared_liveness_data\raw\real\kaggle_28_frame310.jpg,real,1
prepared_liveness_data\raw\spoof\kaggle_76_frame370.jpg,spoof,0
prepared_liveness_data\raw\spoof\kaggle_30_frame350.jpg,spoof,0
prepared_liveness_data\raw\spoof\kaggle_75_frame270.jpg,spoof,0
prepared_liveness_data\raw\real\kaggle_20_frame65.jpg,real,1
prepared_liveness_data\raw\spoof\kaggle_68_frame25.jpg,spoof,0
prepared_liveness_data\raw\real\kaggle_67_frame285.jpg,real,1
prepared_liveness_data\raw\real\kaggle_2_frame150.jpg,real,1
prepared_liveness_data\raw\real\kaggle_36_frame55.jpg,real,1
prepared_liveness_data\raw\real\kaggle_1_frame175.jpg,real,1
prepared_liveness_data\raw\spoof\kaggle_67_frame75.jpg,spoof,0
prepared_liveness_data\raw\spoof\kaggle_10_frame165.jpg,spoof,0
prepared_liveness_data\raw\real\kaggle_79_frame5.jpg,real,1
prepared_liveness_data\raw\spoof\kaggle_66_frame235.jpg,spoof,0
prepared_liveness_data\raw\real\kaggle_70_frame80.jpg,real,1
prepared_liveness_data\raw\spoof\kaggle_49_frame320.jpg,spoof,0
prepared_liveness_data\raw\real\kaggle_33_frame170.jpg,real,1
prepared_liveness_data\raw\real\kaggle_77_frame190.jpg,real,1
prepared_liveness_data\raw\real\kaggle_23_frame470.jpg,real,1
prepared_liveness_data\raw\spoof\kaggle_23_frame270.jpg,spoof,0
prepared_liveness_data\raw\real\kaggle_29_frame50.jpg,real,1
prepared_liveness_data\raw\spoof\kaggle_19_frame120.jpg,spoof,0
prepared_liveness_data\raw\spoof\kaggle_51_frame225.jpg,spoof,0
prepared_liveness_data\raw\real\kaggle_59_frame245.jpg,real,1
prepared_liveness_data\raw\real\kaggle_77_frame75.jpg,real,1
prepared_liveness_data\raw\real\kaggle_18_frame150.jpg,real,1
prepared_liveness_data\raw\spoof\kaggle_68_frame455.jpg,spoof,0
prepared_liveness_data\raw\real\kaggle_77_frame60.jpg,real,1
prepared_liveness_data\raw\real\kaggle_33_frame60.jpg,real,1
prepared_liveness_data\raw\real\kaggle_58_frame305.jpg,real,1
prepared_liveness_data\raw\real\kaggle_75_frame240.jpg,real,1
prepared_liveness_data\raw\spoof\kaggle_43_frame410.jpg,spoof,0
prepared_liveness_data\raw\real\kaggle_56_frame75.jpg,real,1
prepared_liveness_data\raw\spoof\kaggle_16_frame265.jpg,spoof,0
prepared_liveness_data\raw\real\kaggle_58_frame545.jpg,real,1
prepared_liveness_data\raw\spoof\kaggle_48_frame75.jpg,spoof,0
prepared_liveness_data\raw\spoof\kaggle_71_frame370.jpg,spoof,0
prepared_liveness_data\raw\spoof\kaggle_37_frame5.jpg,spoof,0
prepared_liveness_data\raw\spoof\kaggle_47_frame180.jpg,spoof,0
prepared_liveness_data\raw\real\kaggle_9_frame20.jpg,real,1
prepared_liveness_data\raw\spoof\kaggle_38_frame40.jpg,spoof,0
prepared_liveness_data\raw\spoof\kaggle_20_frame215.jpg,spoof,0
prepared_liveness_data\raw\spoof\kaggle_20_frame55.jpg,spoof,0
prepared_liveness_data\raw\real\kaggle_15_frame295.jpg,real,1
prepared_liveness_data\raw\real\kaggle_77_frame310.jpg,real,1
prepared_liveness_data\raw\real\kaggle_62_frame30.jpg,real,1
prepared_liveness_data\raw\spoof\kaggle_47_frame135.jpg,spoof,0
prepared_liveness_data\raw\spoof\kaggle_3_frame0.jpg,spoof,0
prepared_liveness_data\raw\spoof\kaggle_24_frame10.jpg,spoof,0
prepared_liveness_data\raw\spoof\kaggle_23_frame500.jpg,spoof,0
prepared_liveness_data\raw\spoof\kaggle_35_frame15.jpg,spoof,0
prepared_liveness_data\raw\real\kaggle_41_frame10.jpg,real,1
prepared_liveness_data\raw\real\kaggle_61_frame505.jpg,real,1
prepared_liveness_data\raw\spoof\kaggle_77_frame330.jpg,spoof,0
prepared_liveness_data\raw\real\kaggle_23_frame250.jpg,real,1
prepared_liveness_data\raw\real\kaggle_11_frame270.jpg,real,1
prepared_liveness_data\raw\real\kaggle_62_frame400.jpg,real,1
prepared_liveness_data\raw\spoof\kaggle_21_frame75.jpg,spoof,0
prepared_liveness_data\raw\spoof\kaggle_25_frame380.jpg,spoof,0
prepared_liveness_data\raw\real\kaggle_17_frame140.jpg,real,1
prepared_liveness_data\raw\real\kaggle_25_frame265.jpg,real,1
prepared_liveness_data\raw\real\kaggle_72_frame145.jpg,real,1
prepared_liveness_data\raw\real\kaggle_46_frame60.jpg,real,1
prepared_liveness_data\raw\spoof\kaggle_72_frame340.jpg,spoof,0
prepared_liveness_data\raw\spoof\kaggle_46_frame50.jpg,spoof,0
prepared_liveness_data\raw\real\kaggle_47_frame330.jpg,real,1
prepared_liveness_data\raw\real\kaggle_59_frame145.jpg,real,1
prepared_liveness_data\raw\spoof\kaggle_48_frame120.jpg,spoof,0
prepared_liveness_data\raw\spoof\kaggle_52_frame75.jpg,spoof,0
prepared_liveness_data\raw\real\kaggle_49_frame490.jpg,real,1
prepared_liveness_data\raw\real\kaggle_65_frame70.jpg,real,1
prepared_liveness_data\raw\real\kaggle_57_frame50.jpg,real,1
prepared_liveness_data\raw\real\kaggle_71_frame260.jpg,real,1
prepared_liveness_data\raw\real\kaggle_49_frame55.jpg,real,1
prepared_liveness_data\raw\spoof\kaggle_21_frame430.jpg,spoof,0
prepared_liveness_data\raw\spoof\kaggle_49_frame655.jpg,spoof,0
prepared_liveness_data\raw\spoof\kaggle_38_frame240.jpg,spoof,0
prepared_liveness_data\raw\real\kaggle_69_frame105.jpg,real,1
prepared_liveness_data\raw\real\kaggle_35_frame315.jpg,real,1
prepared_liveness_data\raw\real\kaggle_53_frame180.jpg,real,1
prepared_liveness_data\raw\real\kaggle_68_frame80.jpg,real,1
prepared_liveness_data\raw\real\kaggle_19_frame140.jpg,real,1
prepared_liveness_data\raw\spoof\kaggle_70_frame95.jpg,spoof,0
prepared_liveness_data\raw\spoof\kaggle_10_frame25.jpg,spoof,0
prepared_liveness_data\raw\spoof\kaggle_67_frame155.jpg,spoof,0
prepared_liveness_data\raw\real\kaggle_4_frame0.jpg,real,1
prepared_liveness_data\raw\real\kaggle_68_frame310.jpg,real,1
prepared_liveness_data\raw\spoof\kaggle_54_frame185.jpg,spoof,0
prepared_liveness_data\raw\real\kaggle_27_frame20.jpg,real,1
prepared_liveness_data\raw\spoof\kaggle_58_frame375.jpg,spoof,0
prepared_liveness_data\raw\real\kaggle_57_frame180.jpg,real,1
prepared_liveness_data\raw\spoof\kaggle_50_frame160.jpg,spoof,0
prepared_liveness_data\raw\spoof\kaggle_39_frame160.jpg,spoof,0
prepared_liveness_data\raw\spoof\kaggle_56_frame115.jpg,spoof,0
prepared_liveness_data\raw\spoof\kaggle_29_frame65.jpg,spoof,0
prepared_liveness_data\raw\spoof\kaggle_71_frame50.jpg,spoof,0
prepared_liveness_data\raw\real\kaggle_19_frame25.jpg,real,1
prepared_liveness_data\raw\real\kaggle_59_frame95.jpg,real,1
prepared_liveness_data\raw\real\kaggle_12_frame280.jpg,real,1
prepared_liveness_data\raw\spoof\kaggle_65_frame20.jpg,spoof,0
prepared_liveness_data\raw\real\kaggle_21_frame180.jpg,real,1
prepared_liveness_data\raw\spoof\kaggle_51_frame115.jpg,spoof,0
prepared_liveness_data\raw\spoof\kaggle_40_frame195.jpg,spoof,0
prepared_liveness_data\raw\real\kaggle_70_frame155.jpg,real,1
prepared_liveness_data\raw\real\kaggle_67_frame210.jpg,real,1
prepared_liveness_data\raw\real\kaggle_14_frame215.jpg,real,1
prepared_liveness_data\raw\spoof\kaggle_16_frame190.jpg,spoof,0
prepared_liveness_data\raw\real\kaggle_35_frame170.jpg,real,1
prepared_liveness_data\raw\real\kaggle_57_frame130.jpg,real,1
prepared_liveness_data\raw\real\kaggle_18_frame85.jpg,real,1
prepared_liveness_data\raw\spoof\kaggle_0_frame280.jpg,spoof,0
prepared_liveness_data\raw\real\kaggle_63_frame0.jpg,real,1
prepared_liveness_data\raw\spoof\kaggle_6_frame125.jpg,spoof,0
prepared_liveness_data\raw\real\kaggle_75_frame425.jpg,real,1
prepared_liveness_data\raw\spoof\kaggle_42_frame140.jpg,spoof,0
prepared_liveness_data\raw\spoof\kaggle_58_frame50.jpg,spoof,0
prepared_liveness_data\raw\real\kaggle_32_frame195.jpg,real,1
prepared_liveness_data\raw\real\kaggle_23_frame215.jpg,real,1
prepared_liveness_data\raw\real\kaggle_13_frame340.jpg,real,1
prepared_liveness_data\raw\spoof\kaggle_72_frame180.jpg,spoof,0
prepared_liveness_data\raw\spoof\kaggle_49_frame470.jpg,spoof,0
prepared_liveness_data\raw\real\kaggle_50_frame5.jpg,real,1
prepared_liveness_data\raw\real\kaggle_42_frame230.jpg,real,1
prepared_liveness_data\raw\real\kaggle_1_frame170.jpg,real,1
prepared_liveness_data\raw\real\kaggle_50_frame200.jpg,real,1
prepared_liveness_data\raw\spoof\kaggle_21_frame465.jpg,spoof,0
prepared_liveness_data\raw\real\kaggle_79_frame200.jpg,real,1
prepared_liveness_data\raw\real\kaggle_46_frame165.jpg,real,1
prepared_liveness_data\raw\spoof\kaggle_54_frame55.jpg,spoof,0
prepared_liveness_data\raw\spoof\kaggle_14_frame120.jpg,spoof,0
prepared_liveness_data\raw\spoof\kaggle_6_frame110.jpg,spoof,0
prepared_liveness_data\raw\spoof\kaggle_45_frame85.jpg,spoof,0
prepared_liveness_data\raw\spoof\kaggle_28_frame80.jpg,spoof,0
prepared_liveness_data\raw\real\kaggle_35_frame310.jpg,real,1
prepared_liveness_data\raw\real\kaggle_47_frame105.jpg,real,1
prepared_liveness_data\raw\spoof\kaggle_0_frame35.jpg,spoof,0
prepared_liveness_data\raw\spoof\kaggle_17_frame135.jpg,spoof,0
prepared_liveness_data\raw\spoof\kaggle_17_frame60.jpg,spoof,0
prepared_liveness_data\raw\real\kaggle_76_frame120.jpg,real,1
prepared_liveness_data\raw\spoof\kaggle_27_frame195.jpg,spoof,0
prepared_liveness_data\raw\spoof\kaggle_74_frame135.jpg,spoof,0
prepared_liveness_data\raw\real\kaggle_79_frame45.jpg,real,1
prepared_liveness_data\raw\spoof\kaggle_29_frame95.jpg,spoof,0
prepared_liveness_data\raw\real\kaggle_3_frame20.jpg,real,1
prepared_liveness_data\raw\spoof\kaggle_12_frame55.jpg,spoof,0
prepared_liveness_data\raw\spoof\kaggle_67_frame215.jpg,spoof,0
prepared_liveness_data\raw\real\kaggle_54_frame160.jpg,real,1
prepared_liveness_data\raw\real\kaggle_13_frame250.jpg,real,1
prepared_liveness_data\raw\spoof\kaggle_38_frame170.jpg,spoof,0
prepared_liveness_data\raw\spoof\kaggle_53_frame185.jpg,spoof,0
prepared_liveness_data\raw\real\kaggle_75_frame100.jpg,real,1
prepared_liveness_data\raw\spoof\kaggle_38_frame110.jpg,spoof,0
prepared_liveness_data\raw\spoof\kaggle_52_frame390.jpg,spoof,0
prepared_liveness_data\raw\real\kaggle_52_frame355.jpg,real,1
prepared_liveness_data\raw\real\kaggle_73_frame110.jpg,real,1
prepared_liveness_data\raw\spoof\kaggle_71_frame245.jpg,spoof,0
prepared_liveness_data\raw\spoof\kaggle_65_frame15.jpg,spoof,0
prepared_liveness_data\raw\spoof\kaggle_12_frame445.jpg,spoof,0
prepared_liveness_data\raw\spoof\kaggle_70_frame225.jpg,spoof,0
prepared_liveness_data\raw\spoof\kaggle_48_frame325.jpg,spoof,0
prepared_liveness_data\raw\spoof\kaggle_50_frame300.jpg,spoof,0
prepared_liveness_data\raw\real\kaggle_16_frame100.jpg,real,1
prepared_liveness_data\raw\spoof\kaggle_30_frame535.jpg,spoof,0
prepared_liveness_data\raw\spoof\kaggle_58_frame385.jpg,spoof,0
prepared_liveness_data\raw\spoof\kaggle_62_frame225.jpg,spoof,0
prepared_liveness_data\raw\spoof\kaggle_37_frame80.jpg,spoof,0
prepared_liveness_data\raw\real\kaggle_77_frame335.jpg,real,1
prepared_liveness_data\raw\spoof\kaggle_62_frame290.jpg,spoof,0
prepared_liveness_data\raw\real\kaggle_72_frame45.jpg,real,1
prepared_liveness_data\raw\spoof\kaggle_16_frame320.jpg,spoof,0
prepared_liveness_data\raw\spoof\kaggle_47_frame455.jpg,spoof,0
prepared_liveness_data\raw\spoof\kaggle_0_frame10.jpg,spoof,0
prepared_liveness_data\raw\spoof\kaggle_75_frame45.jpg,spoof,0
prepared_liveness_data\raw\spoof\kaggle_67_frame5.jpg,spoof,0
prepared_liveness_data\raw\real\kaggle_3_frame185.jpg,real,1
prepared_liveness_data\raw\real\kaggle_26_frame115.jpg,real,1
prepared_liveness_data\raw\spoof\kaggle_49_frame440.jpg,spoof,0
prepared_liveness_data\raw\spoof\kaggle_76_frame20.jpg,spoof,0
prepared_liveness_data\raw\spoof\kaggle_64_frame250.jpg,spoof,0
prepared_liveness_data\raw\spoof\kaggle_63_frame100.jpg,spoof,0
prepared_liveness_data\raw\spoof\kaggle_16_frame110.jpg,spoof,0
prepared_liveness_data\raw\spoof\kaggle_35_frame430.jpg,spoof,0
prepared_liveness_data\raw\real\kaggle_25_frame165.jpg,real,1
prepared_liveness_data\raw\spoof\kaggle_31_frame45.jpg,spoof,0
prepared_liveness_data\raw\spoof\kaggle_23_frame410.jpg,spoof,0
prepared_liveness_data\raw\spoof\kaggle_75_frame575.jpg,spoof,0
prepared_liveness_data\raw\real\kaggle_53_frame100.jpg,real,1
prepared_liveness_data\raw\real\kaggle_3_frame235.jpg,real,1
prepared_liveness_data\raw\spoof\kaggle_65_frame390.jpg,spoof,0
prepared_liveness_data\raw\real\kaggle_10_frame0.jpg,real,1
prepared_liveness_data\raw\real\kaggle_50_frame25.jpg,real,1
prepared_liveness_data\raw\spoof\kaggle_65_frame375.jpg,spoof,0
prepared_liveness_data\raw\spoof\kaggle_69_frame230.jpg,spoof,0
prepared_liveness_data\raw\real\kaggle_45_frame90.jpg,real,1
prepared_liveness_data\raw\spoof\kaggle_73_frame90.jpg,spoof,0
prepared_liveness_data\raw\spoof\kaggle_13_frame345.jpg,spoof,0
prepared_liveness_data\raw\real\kaggle_78_frame215.jpg,real,1
prepared_liveness_data\raw\real\kaggle_42_frame155.jpg,real,1
prepared_liveness_data\raw\spoof\kaggle_12_frame360.jpg,spoof,0
prepared_liveness_data\raw\spoof\kaggle_30_frame500.jpg,spoof,0
prepared_liveness_data\raw\real\kaggle_43_frame25.jpg,real,1
prepared_liveness_data\raw\real\kaggle_33_frame15.jpg,real,1
prepared_liveness_data\raw\real\kaggle_23_frame350.jpg,real,1
prepared_liveness_data\raw\spoof\kaggle_2_frame50.jpg,spoof,0
prepared_liveness_data\raw\spoof\kaggle_43_frame265.jpg,spoof,0
prepared_liveness_data\raw\spoof\kaggle_75_frame465.jpg,spoof,0
prepared_liveness_data\raw\real\kaggle_9_frame5.jpg,real,1
prepared_liveness_data\raw\spoof\kaggle_55_frame160.jpg,spoof,0
prepared_liveness_data\raw\spoof\kaggle_11_frame340.jpg,spoof,0
prepared_liveness_data\raw\real\kaggle_64_frame255.jpg,real,1
prepared_liveness_data\raw\real\kaggle_37_frame230.jpg,real,1
prepared_liveness_data\raw\real\kaggle_12_frame245.jpg,real,1
prepared_liveness_data\raw\real\kaggle_39_frame150.jpg,real,1
prepared_liveness_data\raw\real\kaggle_30_frame190.jpg,real,1
prepared_liveness_data\raw\spoof\kaggle_23_frame200.jpg,spoof,0
prepared_liveness_data\raw\real\kaggle_25_frame235.jpg,real,1
prepared_liveness_data\raw\real\kaggle_59_frame415.jpg,real,1
prepared_liveness_data\raw\real\kaggle_57_frame330.jpg,real,1
prepared_liveness_data\raw\spoof\kaggle_1_frame120.jpg,spoof,0
prepared_liveness_data\raw\spoof\kaggle_5_frame370.jpg,spoof,0
prepared_liveness_data\raw\spoof\kaggle_44_frame380.jpg,spoof,0
prepared_liveness_data\raw\real\kaggle_67_frame190.jpg,real,1
prepared_liveness_data\raw\spoof\kaggle_63_frame95.jpg,spoof,0
prepared_liveness_data\raw\spoof\kaggle_79_frame270.jpg,spoof,0
prepared_liveness_data\raw\real\kaggle_41_frame95.jpg,real,1
prepared_liveness_data\raw\real\kaggle_34_frame105.jpg,real,1
prepared_liveness_data\raw\spoof\kaggle_16_frame290.jpg,spoof,0
prepared_liveness_data\raw\spoof\kaggle_51_frame45.jpg,spoof,0
prepared_liveness_data\raw\spoof\kaggle_69_frame120.jpg,spoof,0
prepared_liveness_data\raw\real\kaggle_65_frame165.jpg,real,1
prepared_liveness_data\raw\spoof\kaggle_5_frame140.jpg,spoof,0
prepared_liveness_data\raw\real\kaggle_77_frame50.jpg,real,1
prepared_liveness_data\raw\spoof\kaggle_24_frame105.jpg,spoof,0
prepared_liveness_data\raw\real\kaggle_8_frame220.jpg,real,1
prepared_liveness_data\raw\real\kaggle_37_frame170.jpg,real,1
prepared_liveness_data\raw\real\kaggle_62_frame175.jpg,real,1
prepared_liveness_data\raw\real\kaggle_46_frame220.jpg,real,1
prepared_liveness_data\raw\spoof\kaggle_22_frame105.jpg,spoof,0
prepared_liveness_data\raw\real\kaggle_66_frame75.jpg,real,1
prepared_liveness_data\raw\real\kaggle_72_frame295.jpg,real,1
prepared_liveness_data\raw\spoof\kaggle_36_frame235.jpg,spoof,0
prepared_liveness_data\raw\spoof\kaggle_0_frame155.jpg,spoof,0
prepared_liveness_data\raw\spoof\kaggle_71_frame10.jpg,spoof,0
prepared_liveness_data\raw\spoof\kaggle_35_frame375.jpg,spoof,0
prepared_liveness_data\raw\real\kaggle_53_frame130.jpg,real,1
prepared_liveness_data\raw\spoof\kaggle_41_frame205.jpg,spoof,0
prepared_liveness_data\raw\real\kaggle_67_frame145.jpg,real,1
prepared_liveness_data\raw\spoof\kaggle_69_frame275.jpg,spoof,0
prepared_liveness_data\raw\spoof\kaggle_35_frame90.jpg,spoof,0
prepared_liveness_data\raw\real\kaggle_50_frame35.jpg,real,1
prepared_liveness_data\raw\spoof\kaggle_77_frame205.jpg,spoof,0
prepared_liveness_data\raw\real\kaggle_65_frame375.jpg,real,1
prepared_liveness_data\raw\real\kaggle_53_frame270.jpg,real,1
prepared_liveness_data\raw\real\kaggle_44_frame120.jpg,real,1
prepared_liveness_data\raw\spoof\kaggle_76_frame255.jpg,spoof,0
prepared_liveness_data\raw\spoof\kaggle_17_frame200.jpg,spoof,0
prepared_liveness_data\raw\real\kaggle_15_frame200.jpg,real,1
prepared_liveness_data\raw\spoof\kaggle_19_frame185.jpg,spoof,0
prepared_liveness_data\raw\spoof\kaggle_1_frame45.jpg,spoof,0
prepared_liveness_data\raw\spoof\kaggle_78_frame290.jpg,spoof,0
prepared_liveness_data\raw\spoof\kaggle_36_frame160.jpg,spoof,0
prepared_liveness_data\raw\real\kaggle_55_frame80.jpg,real,1
prepared_liveness_data\raw\real\kaggle_36_frame200.jpg,real,1
prepared_liveness_data\raw\spoof\kaggle_37_frame310.jpg,spoof,0
prepared_liveness_data\raw\real\kaggle_22_frame0.jpg,real,1
prepared_liveness_data\raw\spoof\kaggle_72_frame495.jpg,spoof,0
prepared_liveness_data\raw\spoof\kaggle_38_frame155.jpg,spoof,0
prepared_liveness_data\raw\real\kaggle_10_frame170.jpg,real,1
prepared_liveness_data\raw\real\kaggle_37_frame135.jpg,real,1
prepared_liveness_data\raw\spoof\kaggle_32_frame95.jpg,spoof,0
prepared_liveness_data\raw\spoof\kaggle_9_frame255.jpg,spoof,0
prepared_liveness_data\raw\real\kaggle_47_frame95.jpg,real,1
prepared_liveness_data\raw\real\kaggle_47_frame430.jpg,real,1
prepared_liveness_data\raw\real\kaggle_57_frame310.jpg,real,1
prepared_liveness_data\raw\spoof\kaggle_59_frame310.jpg,spoof,0
prepared_liveness_data\raw\spoof\kaggle_28_frame160.jpg,spoof,0
prepared_liveness_data\raw\spoof\kaggle_61_frame575.jpg,spoof,0
prepared_liveness_data\raw\spoof\kaggle_53_frame195.jpg,spoof,0
prepared_liveness_data\raw\spoof\kaggle_75_frame440.jpg,spoof,0
prepared_liveness_data\raw\real\kaggle_39_frame165.jpg,real,1
prepared_liveness_data\raw\spoof\kaggle_57_frame70.jpg,spoof,0
prepared_liveness_data\raw\spoof\kaggle_54_frame90.jpg,spoof,0
prepared_liveness_data\raw\spoof\kaggle_10_frame105.jpg,spoof,0
prepared_liveness_data\raw\spoof\kaggle_14_frame125.jpg,spoof,0
prepared_liveness_data\raw\real\kaggle_51_frame10.jpg,real,1
prepared_liveness_data\raw\real\kaggle_21_frame275.jpg,real,1
prepared_liveness_data\raw\spoof\kaggle_54_frame95.jpg,spoof,0
prepared_liveness_data\raw\spoof\kaggle_34_frame265.jpg,spoof,0
prepared_liveness_data\raw\real\kaggle_9_frame120.jpg,real,1
prepared_liveness_data\raw\real\kaggle_4_frame65.jpg,real,1
prepared_liveness_data\raw\spoof\kaggle_44_frame200.jpg,spoof,0
prepared_liveness_data\raw\real\kaggle_64_frame70.jpg,real,1
prepared_liveness_data\raw\real\kaggle_65_frame400.jpg,real,1
prepared_liveness_data\raw\real\kaggle_61_frame15.jpg,real,1
prepared_liveness_data\raw\real\kaggle_11_frame185.jpg,real,1
prepared_liveness_data\raw\spoof\kaggle_62_frame375.jpg,spoof,0
prepared_liveness_data\raw\spoof\kaggle_7_frame90.jpg,spoof,0
prepared_liveness_data\raw\real\kaggle_48_frame55.jpg,real,1
prepared_liveness_data\raw\spoof\kaggle_10_frame250.jpg,spoof,0
prepared_liveness_data\raw\spoof\kaggle_15_frame115.jpg,spoof,0
prepared_liveness_data\raw\real\kaggle_58_frame115.jpg,real,1
prepared_liveness_data\raw\spoof\kaggle_30_frame300.jpg,spoof,0
prepared_liveness_data\raw\spoof\kaggle_70_frame340.jpg,spoof,0
prepared_liveness_data\raw\real\kaggle_13_frame235.jpg,real,1
prepared_liveness_data\raw\real\kaggle_47_frame205.jpg,real,1
prepared_liveness_data\raw\real\kaggle_75_frame65.jpg,real,1
prepared_liveness_data\raw\real\kaggle_36_frame85.jpg,real,1
prepared_liveness_data\raw\real\kaggle_52_frame110.jpg,real,1
prepared_liveness_data\raw\spoof\kaggle_49_frame490.jpg,spoof,0
prepared_liveness_data\raw\spoof\kaggle_13_frame195.jpg,spoof,0
prepared_liveness_data\raw\real\kaggle_58_frame95.jpg,real,1
prepared_liveness_data\raw\spoof\kaggle_0_frame235.jpg,spoof,0
prepared_liveness_data\raw\real\kaggle_66_frame190.jpg,real,1
prepared_liveness_data\raw\spoof\kaggle_67_frame65.jpg,spoof,0
prepared_liveness_data\raw\real\kaggle_52_frame280.jpg,real,1
prepared_liveness_data\raw\real\kaggle_14_frame160.jpg,real,1
prepared_liveness_data\raw\spoof\kaggle_44_frame335.jpg,spoof,0
prepared_liveness_data\raw\spoof\kaggle_54_frame105.jpg,spoof,0
prepared_liveness_data\raw\spoof\kaggle_26_frame65.jpg,spoof,0
prepared_liveness_data\raw\spoof\kaggle_13_frame315.jpg,spoof,0
prepared_liveness_data\raw\spoof\kaggle_58_frame300.jpg,spoof,0
prepared_liveness_data\raw\spoof\kaggle_23_frame295.jpg,spoof,0
prepared_liveness_data\raw\spoof\kaggle_36_frame245.jpg,spoof,0
prepared_liveness_data\raw\real\kaggle_70_frame215.jpg,real,1
prepared_liveness_data\raw\real\kaggle_23_frame260.jpg,real,1
prepared_liveness_data\raw\real\kaggle_78_frame245.jpg,real,1
prepared_liveness_data\raw\real\kaggle_47_frame240.jpg,real,1
prepared_liveness_data\raw\spoof\kaggle_66_frame180.jpg,spoof,0
prepared_liveness_data\raw\spoof\kaggle_3_frame105.jpg,spoof,0
prepared_liveness_data\raw\spoof\kaggle_23_frame150.jpg,spoof,0
prepared_liveness_data\raw\spoof\kaggle_50_frame230.jpg,spoof,0
prepared_liveness_data\raw\spoof\kaggle_70_frame20.jpg,spoof,0
prepared_liveness_data\raw\real\kaggle_21_frame125.jpg,real,1
prepared_liveness_data\raw\spoof\kaggle_64_frame110.jpg,spoof,0
prepared_liveness_data\raw\spoof\kaggle_69_frame295.jpg,spoof,0
prepared_liveness_data\raw\spoof\kaggle_18_frame235.jpg,spoof,0
prepared_liveness_data\raw\real\kaggle_45_frame55.jpg,real,1
prepared_liveness_data\raw\spoof\kaggle_37_frame125.jpg,spoof,0
prepared_liveness_data\raw\spoof\kaggle_53_frame225.jpg,spoof,0
prepared_liveness_data\raw\real\kaggle_3_frame75.jpg,real,1
prepared_liveness_data\raw\spoof\kaggle_59_frame15.jpg,spoof,0
prepared_liveness_data\raw\spoof\kaggle_22_frame20.jpg,spoof,0
prepared_liveness_data\raw\real\kaggle_78_frame305.jpg,real,1
prepared_liveness_data\raw\spoof\kaggle_15_frame355.jpg,spoof,0
prepared_liveness_data\raw\spoof\kaggle_62_frame300.jpg,spoof,0
prepared_liveness_data\raw\spoof\kaggle_38_frame270.jpg,spoof,0
prepared_liveness_data\raw\real\kaggle_58_frame485.jpg,real,1
prepared_liveness_data\raw\real\kaggle_27_frame160.jpg,real,1
prepared_liveness_data\raw\spoof\kaggle_60_frame155.jpg,spoof,0
prepared_liveness_data\raw\spoof\kaggle_78_frame135.jpg,spoof,0
prepared_liveness_data\raw\real\kaggle_12_frame455.jpg,real,1
prepared_liveness_data\raw\real\kaggle_6_frame145.jpg,real,1
prepared_liveness_data\raw\real\kaggle_30_frame95.jpg,real,1
prepared_liveness_data\raw\spoof\kaggle_20_frame195.jpg,spoof,0
prepared_liveness_data\raw\spoof\kaggle_24_frame15.jpg,spoof,0
prepared_liveness_data\raw\real\kaggle_61_frame195.jpg,real,1
prepared_liveness_data\raw\spoof\kaggle_29_frame5.jpg,spoof,0
prepared_liveness_data\raw\real\kaggle_54_frame40.jpg,real,1
prepared_liveness_data\raw\spoof\kaggle_17_frame25.jpg,spoof,0
prepared_liveness_data\raw\real\kaggle_71_frame235.jpg,real,1
prepared_liveness_data\raw\spoof\kaggle_42_frame245.jpg,spoof,0
prepared_liveness_data\raw\real\kaggle_41_frame100.jpg,real,1
prepared_liveness_data\raw\spoof\kaggle_52_frame250.jpg,spoof,0
prepared_liveness_data\raw\real\kaggle_15_frame280.jpg,real,1
prepared_liveness_data\raw\real\kaggle_34_frame115.jpg,real,1
prepared_liveness_data\raw\real\kaggle_62_frame185.jpg,real,1
prepared_liveness_data\raw\spoof\kaggle_64_frame125.jpg,spoof,0
prepared_liveness_data\raw\spoof\kaggle_11_frame240.jpg,spoof,0
prepared_liveness_data\raw\real\kaggle_9_frame85.jpg,real,1
prepared_liveness_data\raw\real\kaggle_18_frame340.jpg,real,1
prepared_liveness_data\raw\real\kaggle_55_frame60.jpg,real,1
prepared_liveness_data\raw\real\kaggle_12_frame115.jpg,real,1
prepared_liveness_data\raw\spoof\kaggle_33_frame265.jpg,spoof,0
prepared_liveness_data\raw\spoof\kaggle_63_frame105.jpg,spoof,0
prepared_liveness_data\raw\spoof\kaggle_41_frame180.jpg,spoof,0
prepared_liveness_data\raw\spoof\kaggle_72_frame510.jpg,spoof,0
prepared_liveness_data\raw\spoof\kaggle_1_frame80.jpg,spoof,0
prepared_liveness_data\raw\real\kaggle_19_frame185.jpg,real,1
prepared_liveness_data\raw\real\kaggle_27_frame25.jpg,real,1
prepared_liveness_data\raw\spoof\kaggle_72_frame400.jpg,spoof,0
prepared_liveness_data\raw\real\kaggle_10_frame280.jpg,real,1
prepared_liveness_data\raw\real\kaggle_79_frame330.jpg,real,1
prepared_liveness_data\raw\spoof\kaggle_33_frame125.jpg,spoof,0
prepared_liveness_data\raw\real\kaggle_72_frame320.jpg,real,1
prepared_liveness_data\raw\real\kaggle_77_frame320.jpg,real,1
prepared_liveness_data\raw\spoof\kaggle_40_frame145.jpg,spoof,0
prepared_liveness_data\raw\spoof\kaggle_14_frame0.jpg,spoof,0
prepared_liveness_data\raw\spoof\kaggle_79_frame395.jpg,spoof,0
prepared_liveness_data\raw\spoof\kaggle_12_frame410.jpg,spoof,0
prepared_liveness_data\raw\spoof\kaggle_59_frame265.jpg,spoof,0
prepared_liveness_data\raw\spoof\kaggle_40_frame220.jpg,spoof,0
prepared_liveness_data\raw\real\kaggle_38_frame40.jpg,real,1
prepared_liveness_data\raw\real\kaggle_23_frame445.jpg,real,1
prepared_liveness_data\raw\spoof\kaggle_3_frame200.jpg,spoof,0
prepared_liveness_data\raw\real\kaggle_48_frame75.jpg,real,1
prepared_liveness_data\raw\real\kaggle_78_frame200.jpg,real,1
prepared_liveness_data\raw\real\kaggle_47_frame215.jpg,real,1
prepared_liveness_data\raw\spoof\kaggle_62_frame195.jpg,spoof,0
prepared_liveness_data\raw\real\kaggle_58_frame390.jpg,real,1
prepared_liveness_data\raw\spoof\kaggle_11_frame380.jpg,spoof,0
prepared_liveness_data\raw\spoof\kaggle_51_frame150.jpg,spoof,0
prepared_liveness_data\raw\real\kaggle_61_frame0.jpg,real,1
prepared_liveness_data\raw\real\kaggle_31_frame35.jpg,real,1
prepared_liveness_data\raw\spoof\kaggle_27_frame130.jpg,spoof,0
prepared_liveness_data\raw\spoof\kaggle_0_frame200.jpg,spoof,0
prepared_liveness_data\raw\spoof\kaggle_0_frame85.jpg,spoof,0
prepared_liveness_data\raw\real\kaggle_58_frame135.jpg,real,1
prepared_liveness_data\raw\spoof\kaggle_42_frame250.jpg,spoof,0
prepared_liveness_data\raw\real\kaggle_69_frame165.jpg,real,1
prepared_liveness_data\raw\real\kaggle_56_frame45.jpg,real,1
prepared_liveness_data\raw\spoof\kaggle_55_frame485.jpg,spoof,0
prepared_liveness_data\raw\spoof\kaggle_69_frame20.jpg,spoof,0
prepared_liveness_data\raw\spoof\kaggle_72_frame330.jpg,spoof,0
prepared_liveness_data\raw\spoof\kaggle_32_frame10.jpg,spoof,0
prepared_liveness_data\raw\spoof\kaggle_11_frame540.jpg,spoof,0
prepared_liveness_data\raw\spoof\kaggle_58_frame195.jpg,spoof,0
prepared_liveness_data\raw\real\kaggle_8_frame230.jpg,real,1
prepared_liveness_data\raw\real\kaggle_42_frame115.jpg,real,1
prepared_liveness_data\raw\spoof\kaggle_16_frame145.jpg,spoof,0
prepared_liveness_data\raw\spoof\kaggle_22_frame195.jpg,spoof,0
prepared_liveness_data\raw\spoof\kaggle_16_frame30.jpg,spoof,0
prepared_liveness_data\raw\real\kaggle_0_frame405.jpg,real,1
prepared_liveness_data\raw\spoof\kaggle_79_frame130.jpg,spoof,0
prepared_liveness_data\raw\spoof\kaggle_15_frame110.jpg,spoof,0
prepared_liveness_data\raw\real\kaggle_58_frame350.jpg,real,1
prepared_liveness_data\raw\real\kaggle_64_frame0.jpg,real,1
prepared_liveness_data\raw\spoof\kaggle_7_frame310.jpg,spoof,0
prepared_liveness_data\raw\real\kaggle_59_frame45.jpg,real,1
prepared_liveness_data\raw\real\kaggle_19_frame110.jpg,real,1
prepared_liveness_data\raw\spoof\kaggle_68_frame50.jpg,spoof,0
prepared_liveness_data\raw\real\kaggle_77_frame350.jpg,real,1
prepared_liveness_data\raw\spoof\kaggle_11_frame625.jpg,spoof,0
prepared_liveness_data\raw\real\kaggle_56_frame145.jpg,real,1
prepared_liveness_data\raw\spoof\kaggle_75_frame310.jpg,spoof,0
prepared_liveness_data\raw\spoof\kaggle_48_frame315.jpg,spoof,0
prepared_liveness_data\raw\real\kaggle_18_frame330.jpg,real,1
prepared_liveness_data\raw\real\kaggle_73_frame100.jpg,real,1
prepared_liveness_data\raw\real\kaggle_37_frame185.jpg,real,1
prepared_liveness_data\raw\real\kaggle_9_frame150.jpg,real,1
prepared_liveness_data\raw\spoof\kaggle_55_frame185.jpg,spoof,0
prepared_liveness_data\raw\spoof\kaggle_57_frame65.jpg,spoof,0
prepared_liveness_data\raw\spoof\kaggle_13_frame280.jpg,spoof,0
prepared_liveness_data\raw\real\kaggle_2_frame155.jpg,real,1
prepared_liveness_data\raw\spoof\kaggle_61_frame140.jpg,spoof,0
prepared_liveness_data\raw\spoof\kaggle_66_frame195.jpg,spoof,0
prepared_liveness_data\raw\real\kaggle_72_frame15.jpg,real,1
prepared_liveness_data\raw\real\kaggle_72_frame255.jpg,real,1
prepared_liveness_data\raw\spoof\kaggle_11_frame185.jpg,spoof,0
prepared_liveness_data\raw\spoof\kaggle_76_frame325.jpg,spoof,0
prepared_liveness_data\raw\spoof\kaggle_49_frame560.jpg,spoof,0
prepared_liveness_data\raw\spoof\kaggle_59_frame450.jpg,spoof,0
prepared_liveness_data\raw\spoof\kaggle_25_frame245.jpg,spoof,0
prepared_liveness_data\raw\real\kaggle_20_frame5.jpg,real,1
prepared_liveness_data\raw\real\kaggle_13_frame185.jpg,real,1
prepared_liveness_data\raw\spoof\kaggle_0_frame275.jpg,spoof,0
prepared_liveness_data\raw\spoof\kaggle_55_frame420.jpg,spoof,0
prepared_liveness_data\raw\real\kaggle_76_frame295.jpg,real,1
prepared_liveness_data\raw\real\kaggle_65_frame60.jpg,real,1
prepared_liveness_data\raw\spoof\kaggle_40_frame140.jpg,spoof,0
prepared_liveness_data\raw\spoof\kaggle_32_frame40.jpg,spoof,0
prepared_liveness_data\raw\real\kaggle_12_frame395.jpg,real,1
prepared_liveness_data\raw\real\kaggle_36_frame125.jpg,real,1
prepared_liveness_data\raw\real\kaggle_72_frame205.jpg,real,1
prepared_liveness_data\raw\real\kaggle_15_frame165.jpg,real,1
prepared_liveness_data\raw\spoof\kaggle_46_frame250.jpg,spoof,0
prepared_liveness_data\raw\spoof\kaggle_31_frame70.jpg,spoof,0
prepared_liveness_data\raw\real\kaggle_79_frame25.jpg,real,1
prepared_liveness_data\raw\real\kaggle_67_frame160.jpg,real,1
prepared_liveness_data\raw\spoof\kaggle_37_frame60.jpg,spoof,0
prepared_liveness_data\raw\spoof\kaggle_55_frame510.jpg,spoof,0
prepared_liveness_data\raw\real\kaggle_18_frame380.jpg,real,1
prepared_liveness_data\raw\spoof\kaggle_21_frame280.jpg,spoof,0
prepared_liveness_data\raw\spoof\kaggle_61_frame175.jpg,spoof,0
prepared_liveness_data\raw\spoof\kaggle_66_frame140.jpg,spoof,0
prepared_liveness_data\raw\spoof\kaggle_25_frame400.jpg,spoof,0
prepared_liveness_data\raw\spoof\kaggle_46_frame510.jpg,spoof,0
prepared_liveness_data\raw\spoof\kaggle_27_frame145.jpg,spoof,0
prepared_liveness_data\raw\real\kaggle_72_frame230.jpg,real,1
prepared_liveness_data\raw\spoof\kaggle_8_frame80.jpg,spoof,0
prepared_liveness_data\raw\real\kaggle_74_frame200.jpg,real,1
prepared_liveness_data\raw\real\kaggle_75_frame270.jpg,real,1
prepared_liveness_data\raw\spoof\kaggle_54_frame230.jpg,spoof,0
prepared_liveness_data\raw\spoof\kaggle_55_frame115.jpg,spoof,0
prepared_liveness_data\raw\real\kaggle_58_frame265.jpg,real,1
prepared_liveness_data\raw\spoof\kaggle_28_frame385.jpg,spoof,0
prepared_liveness_data\raw\real\kaggle_27_frame155.jpg,real,1
prepared_liveness_data\raw\spoof\kaggle_75_frame630.jpg,spoof,0
prepared_liveness_data\raw\real\kaggle_47_frame145.jpg,real,1
prepared_liveness_data\raw\spoof\kaggle_44_frame365.jpg,spoof,0
prepared_liveness_data\raw\spoof\kaggle_10_frame30.jpg,spoof,0
prepared_liveness_data\raw\spoof\kaggle_13_frame325.jpg,spoof,0
prepared_liveness_data\raw\real\kaggle_21_frame320.jpg,real,1
prepared_liveness_data\raw\real\kaggle_69_frame45.jpg,real,1
prepared_liveness_data\raw\spoof\kaggle_25_frame40.jpg,spoof,0
prepared_liveness_data\raw\real\kaggle_35_frame195.jpg,real,1
prepared_liveness_data\raw\real\kaggle_65_frame230.jpg,real,1
prepared_liveness_data\raw\real\kaggle_73_frame300.jpg,real,1
prepared_liveness_data\raw\spoof\kaggle_22_frame0.jpg,spoof,0
prepared_liveness_data\raw\spoof\kaggle_25_frame370.jpg,spoof,0
prepared_liveness_data\raw\spoof\kaggle_24_frame145.jpg,spoof,0
prepared_liveness_data\raw\real\kaggle_77_frame215.jpg,real,1
prepared_liveness_data\raw\spoof\kaggle_19_frame200.jpg,spoof,0
prepared_liveness_data\raw\spoof\kaggle_63_frame110.jpg,spoof,0
prepared_liveness_data\raw\real\kaggle_0_frame205.jpg,real,1
prepared_liveness_data\raw\real\kaggle_6_frame45.jpg,real,1
prepared_liveness_data\raw\real\kaggle_12_frame465.jpg,real,1
prepared_liveness_data\raw\spoof\kaggle_76_frame305.jpg,spoof,0
prepared_liveness_data\raw\real\kaggle_15_frame120.jpg,real,1
prepared_liveness_data\raw\real\kaggle_57_frame190.jpg,real,1
prepared_liveness_data\raw\real\kaggle_3_frame280.jpg,real,1
prepared_liveness_data\raw\real\kaggle_29_frame75.jpg,real,1
prepared_liveness_data\raw\real\kaggle_35_frame150.jpg,real,1
prepared_liveness_data\raw\real\kaggle_28_frame380.jpg,real,1
prepared_liveness_data\raw\spoof\kaggle_61_frame530.jpg,spoof,0
prepared_liveness_data\raw\spoof\kaggle_23_frame90.jpg,spoof,0
prepared_liveness_data\raw\real\kaggle_38_frame90.jpg,real,1
prepared_liveness_data\raw\real\kaggle_67_frame65.jpg,real,1
prepared_liveness_data\raw\real\kaggle_5_frame160.jpg,real,1
prepared_liveness_data\raw\spoof\kaggle_21_frame295.jpg,spoof,0
prepared_liveness_data\raw\spoof\kaggle_28_frame215.jpg,spoof,0
prepared_liveness_data\raw\spoof\kaggle_70_frame110.jpg,spoof,0
prepared_liveness_data\raw\spoof\kaggle_38_frame115.jpg,spoof,0
prepared_liveness_data\raw\real\kaggle_9_frame200.jpg,real,1
prepared_liveness_data\raw\real\kaggle_6_frame150.jpg,real,1
prepared_liveness_data\raw\spoof\kaggle_46_frame75.jpg,spoof,0
prepared_liveness_data\raw\real\kaggle_58_frame40.jpg,real,1
prepared_liveness_data\raw\spoof\kaggle_63_frame30.jpg,spoof,0
prepared_liveness_data\raw\spoof\kaggle_18_frame55.jpg,spoof,0
prepared_liveness_data\raw\spoof\kaggle_29_frame180.jpg,spoof,0
prepared_liveness_data\raw\real\kaggle_1_frame250.jpg,real,1
prepared_liveness_data\raw\spoof\kaggle_5_frame0.jpg,spoof,0
prepared_liveness_data\raw\real\kaggle_0_frame365.jpg,real,1
prepared_liveness_data\raw\real\kaggle_35_frame0.jpg,real,1
prepared_liveness_data\raw\spoof\kaggle_46_frame490.jpg,spoof,0
prepared_liveness_data\raw\spoof\kaggle_79_frame235.jpg,spoof,0
prepared_liveness_data\raw\spoof\kaggle_17_frame0.jpg,spoof,0
prepared_liveness_data\raw\spoof\kaggle_68_frame155.jpg,spoof,0
prepared_liveness_data\raw\spoof\kaggle_77_frame175.jpg,spoof,0
prepared_liveness_data\raw\real\kaggle_49_frame515.jpg,real,1
prepared_liveness_data\raw\real\kaggle_57_frame125.jpg,real,1
prepared_liveness_data\raw\spoof\kaggle_77_frame195.jpg,spoof,0
prepared_liveness_data\raw\real\kaggle_72_frame340.jpg,real,1
prepared_liveness_data\raw\spoof\kaggle_38_frame195.jpg,spoof,0
prepared_liveness_data\raw\spoof\kaggle_62_frame170.jpg,spoof,0
prepared_liveness_data\raw\spoof\kaggle_34_frame0.jpg,spoof,0
prepared_liveness_data\raw\real\kaggle_46_frame345.jpg,real,1
prepared_liveness_data\raw\real\kaggle_14_frame185.jpg,real,1
prepared_liveness_data\raw\spoof\kaggle_46_frame120.jpg,spoof,0
prepared_liveness_data\raw\real\kaggle_23_frame230.jpg,real,1
prepared_liveness_data\raw\spoof\kaggle_64_frame270.jpg,spoof,0
prepared_liveness_data\raw\real\kaggle_57_frame110.jpg,real,1
prepared_liveness_data\raw\real\kaggle_15_frame230.jpg,real,1
prepared_liveness_data\raw\spoof\kaggle_18_frame75.jpg,spoof,0
prepared_liveness_data\raw\real\kaggle_19_frame60.jpg,real,1
prepared_liveness_data\raw\real\kaggle_74_frame340.jpg,real,1
prepared_liveness_data\raw\spoof\kaggle_8_frame95.jpg,spoof,0
prepared_liveness_data\raw\real\kaggle_45_frame35.jpg,real,1
prepared_liveness_data\raw\spoof\kaggle_68_frame270.jpg,spoof,0
prepared_liveness_data\raw\spoof\kaggle_18_frame270.jpg,spoof,0
prepared_liveness_data\raw\real\kaggle_22_frame5.jpg,real,1
prepared_liveness_data\raw\spoof\kaggle_69_frame85.jpg,spoof,0
prepared_liveness_data\raw\real\kaggle_34_frame305.jpg,real,1
prepared_liveness_data\raw\real\kaggle_72_frame70.jpg,real,1
prepared_liveness_data\raw\real\kaggle_72_frame360.jpg,real,1
prepared_liveness_data\raw\spoof\kaggle_71_frame280.jpg,spoof,0
prepared_liveness_data\raw\real\kaggle_49_frame65.jpg,real,1
prepared_liveness_data\raw\real\kaggle_6_frame100.jpg,real,1
prepared_liveness_data\raw\real\kaggle_26_frame135.jpg,real,1
prepared_liveness_data\raw\spoof\kaggle_29_frame85.jpg,spoof,0
prepared_liveness_data\raw\spoof\kaggle_72_frame125.jpg,spoof,0
prepared_liveness_data\raw\spoof\kaggle_64_frame45.jpg,spoof,0
prepared_liveness_data\raw\spoof\kaggle_5_frame280.jpg,spoof,0
prepared_liveness_data\raw\spoof\kaggle_1_frame20.jpg,spoof,0
prepared_liveness_data\raw\spoof\kaggle_70_frame360.jpg,spoof,0
prepared_liveness_data\raw\real\kaggle_67_frame295.jpg,real,1
prepared_liveness_data\raw\real\kaggle_25_frame170.jpg,real,1
prepared_liveness_data\raw\spoof\kaggle_60_frame95.jpg,spoof,0
prepared_liveness_data\raw\real\kaggle_21_frame235.jpg,real,1
prepared_liveness_data\raw\spoof\kaggle_9_frame50.jpg,spoof,0
prepared_liveness_data\raw\real\kaggle_20_frame95.jpg,real,1
prepared_liveness_data\raw\spoof\kaggle_46_frame370.jpg,spoof,0
prepared_liveness_data\raw\real\kaggle_66_frame170.jpg,real,1
prepared_liveness_data\raw\spoof\kaggle_70_frame445.jpg,spoof,0
prepared_liveness_data\raw\real\kaggle_76_frame285.jpg,real,1
prepared_liveness_data\raw\spoof\kaggle_36_frame50.jpg,spoof,0
prepared_liveness_data\raw\real\kaggle_10_frame85.jpg,real,1
prepared_liveness_data\raw\real\kaggle_67_frame110.jpg,real,1
prepared_liveness_data\raw\real\kaggle_35_frame360.jpg,real,1
prepared_liveness_data\raw\spoof\kaggle_14_frame70.jpg,spoof,0
prepared_liveness_data\raw\spoof\kaggle_42_frame170.jpg,spoof,0
prepared_liveness_data\raw\real\kaggle_67_frame15.jpg,real,1
prepared_liveness_data\raw\real\kaggle_25_frame25.jpg,real,1
prepared_liveness_data\raw\spoof\kaggle_52_frame495.jpg,spoof,0
prepared_liveness_data\raw\real\kaggle_59_frame400.jpg,real,1
prepared_liveness_data\raw\spoof\kaggle_1_frame115.jpg,spoof,0
prepared_liveness_data\raw\real\kaggle_26_frame5.jpg,real,1
prepared_liveness_data\raw\spoof\kaggle_57_frame185.jpg,spoof,0
prepared_liveness_data\raw\real\kaggle_47_frame60.jpg,real,1
prepared_liveness_data\raw\spoof\kaggle_23_frame155.jpg,spoof,0
prepared_liveness_data\raw\spoof\kaggle_62_frame215.jpg,spoof,0
prepared_liveness_data\raw\spoof\kaggle_52_frame440.jpg,spoof,0
prepared_liveness_data\raw\spoof\kaggle_13_frame90.jpg,spoof,0
prepared_liveness_data\raw\spoof\kaggle_20_frame15.jpg,spoof,0
prepared_liveness_data\raw\real\kaggle_31_frame50.jpg,real,1
prepared_liveness_data\raw\real\kaggle_32_frame180.jpg,real,1
prepared_liveness_data\raw\spoof\kaggle_43_frame365.jpg,spoof,0
prepared_liveness_data\raw\spoof\kaggle_2_frame140.jpg,spoof,0
prepared_liveness_data\raw\spoof\kaggle_23_frame445.jpg,spoof,0
prepared_liveness_data\raw\real\kaggle_58_frame660.jpg,real,1
prepared_liveness_data\raw\real\kaggle_12_frame180.jpg,real,1
prepared_liveness_data\raw\spoof\kaggle_33_frame30.jpg,spoof,0
prepared_liveness_data\raw\real\kaggle_67_frame120.jpg,real,1
prepared_liveness_data\raw\real\kaggle_53_frame140.jpg,real,1
prepared_liveness_data\raw\spoof\kaggle_59_frame300.jpg,spoof,0
prepared_liveness_data\raw\real\kaggle_26_frame120.jpg,real,1
prepared_liveness_data\raw\real\kaggle_2_frame50.jpg,real,1
prepared_liveness_data\raw\real\kaggle_78_frame50.jpg,real,1
prepared_liveness_data\raw\real\kaggle_12_frame345.jpg,real,1
prepared_liveness_data\raw\real\kaggle_50_frame160.jpg,real,1
prepared_liveness_data\raw\spoof\kaggle_20_frame95.jpg,spoof,0
prepared_liveness_data\raw\spoof\kaggle_42_frame70.jpg,spoof,0
prepared_liveness_data\raw\spoof\kaggle_61_frame440.jpg,spoof,0
prepared_liveness_data\raw\spoof\kaggle_4_frame220.jpg,spoof,0
prepared_liveness_data\raw\real\kaggle_40_frame115.jpg,real,1
prepared_liveness_data\raw\real\kaggle_30_frame215.jpg,real,1
prepared_liveness_data\raw\real\kaggle_13_frame310.jpg,real,1
prepared_liveness_data\raw\real\kaggle_46_frame340.jpg,real,1
prepared_liveness_data\raw\spoof\kaggle_71_frame65.jpg,spoof,0
prepared_liveness_data\raw\real\kaggle_28_frame160.jpg,real,1
prepared_liveness_data\raw\spoof\kaggle_37_frame155.jpg,spoof,0
prepared_liveness_data\raw\real\kaggle_68_frame75.jpg,real,1
prepared_liveness_data\raw\real\kaggle_75_frame40.jpg,real,1
prepared_liveness_data\raw\real\kaggle_47_frame115.jpg,real,1
prepared_liveness_data\raw\real\kaggle_20_frame35.jpg,real,1
prepared_liveness_data\raw\spoof\kaggle_10_frame150.jpg,spoof,0
prepared_liveness_data\raw\real\kaggle_55_frame30.jpg,real,1
prepared_liveness_data\raw\spoof\kaggle_13_frame220.jpg,spoof,0
prepared_liveness_data\raw\spoof\kaggle_50_frame335.jpg,spoof,0
prepared_liveness_data\raw\spoof\kaggle_30_frame0.jpg,spoof,0
prepared_liveness_data\raw\spoof\kaggle_16_frame100.jpg,spoof,0
prepared_liveness_data\raw\spoof\kaggle_57_frame240.jpg,spoof,0
prepared_liveness_data\raw\real\kaggle_12_frame340.jpg,real,1
prepared_liveness_data\raw\spoof\kaggle_65_frame45.jpg,spoof,0
prepared_liveness_data\raw\real\kaggle_78_frame20.jpg,real,1
prepared_liveness_data\raw\real\kaggle_77_frame150.jpg,real,1
prepared_liveness_data\raw\spoof\kaggle_78_frame145.jpg,spoof,0
prepared_liveness_data\raw\spoof\kaggle_54_frame240.jpg,spoof,0
prepared_liveness_data\raw\real\kaggle_17_frame180.jpg,real,1
prepared_liveness_data\raw\spoof\kaggle_21_frame60.jpg,spoof,0
prepared_liveness_data\raw\spoof\kaggle_10_frame225.jpg,spoof,0
prepared_liveness_data\raw\spoof\kaggle_39_frame85.jpg,spoof,0
prepared_liveness_data\raw\spoof\kaggle_45_frame110.jpg,spoof,0
prepared_liveness_data\raw\spoof\kaggle_60_frame120.jpg,spoof,0
prepared_liveness_data\raw\spoof\kaggle_47_frame380.jpg,spoof,0
prepared_liveness_data\raw\spoof\kaggle_32_frame20.jpg,spoof,0
prepared_liveness_data\raw\real\kaggle_13_frame190.jpg,real,1
prepared_liveness_data\raw\real\kaggle_57_frame360.jpg,real,1
prepared_liveness_data\raw\real\kaggle_0_frame280.jpg,real,1
prepared_liveness_data\raw\spoof\kaggle_21_frame45.jpg,spoof,0
prepared_liveness_data\raw\real\kaggle_1_frame130.jpg,real,1
prepared_liveness_data\raw\spoof\kaggle_66_frame210.jpg,spoof,0
prepared_liveness_data\raw\spoof\kaggle_72_frame355.jpg,spoof,0
prepared_liveness_data\raw\real\kaggle_68_frame275.jpg,real,1
prepared_liveness_data\raw\spoof\kaggle_28_frame75.jpg,spoof,0
prepared_liveness_data\raw\real\kaggle_3_frame40.jpg,real,1
prepared_liveness_data\raw\spoof\kaggle_2_frame25.jpg,spoof,0
prepared_liveness_data\raw\real\kaggle_48_frame225.jpg,real,1
prepared_liveness_data\raw\spoof\kaggle_2_frame170.jpg,spoof,0
prepared_liveness_data\raw\spoof\kaggle_19_frame155.jpg,spoof,0
prepared_liveness_data\raw\real\kaggle_52_frame235.jpg,real,1
prepared_liveness_data\raw\spoof\kaggle_24_frame45.jpg,spoof,0
prepared_liveness_data\raw\spoof\kaggle_51_frame105.jpg,spoof,0
prepared_liveness_data\raw\real\kaggle_67_frame205.jpg,real,1
prepared_liveness_data\raw\real\kaggle_29_frame125.jpg,real,1
prepared_liveness_data\raw\spoof\kaggle_64_frame365.jpg,spoof,0
prepared_liveness_data\raw\real\kaggle_1_frame195.jpg,real,1
prepared_liveness_data\raw\real\kaggle_41_frame170.jpg,real,1
prepared_liveness_data\raw\spoof\kaggle_18_frame125.jpg,spoof,0
prepared_liveness_data\raw\real\kaggle_55_frame155.jpg,real,1
prepared_liveness_data\raw\spoof\kaggle_18_frame350.jpg,spoof,0
prepared_liveness_data\raw\spoof\kaggle_0_frame240.jpg,spoof,0
prepared_liveness_data\raw\real\kaggle_34_frame45.jpg,real,1
prepared_liveness_data\raw\real\kaggle_19_frame195.jpg,real,1
prepared_liveness_data\raw\spoof\kaggle_31_frame230.jpg,spoof,0
prepared_liveness_data\raw\real\kaggle_15_frame220.jpg,real,1
prepared_liveness_data\raw\real\kaggle_13_frame220.jpg,real,1
prepared_liveness_data\raw\spoof\kaggle_77_frame230.jpg,spoof,0
prepared_liveness_data\raw\spoof\kaggle_61_frame345.jpg,spoof,0
prepared_liveness_data\raw\real\kaggle_35_frame130.jpg,real,1
prepared_liveness_data\raw\spoof\kaggle_15_frame290.jpg,spoof,0
prepared_liveness_data\raw\spoof\kaggle_23_frame25.jpg,spoof,0
prepared_liveness_data\raw\spoof\kaggle_52_frame365.jpg,spoof,0
prepared_liveness_data\raw\real\kaggle_28_frame100.jpg,real,1
prepared_liveness_data\raw\spoof\kaggle_66_frame255.jpg,spoof,0
prepared_liveness_data\raw\real\kaggle_58_frame50.jpg,real,1
prepared_liveness_data\raw\real\kaggle_9_frame240.jpg,real,1
prepared_liveness_data\raw\spoof\kaggle_65_frame75.jpg,spoof,0
prepared_liveness_data\raw\real\kaggle_41_frame125.jpg,real,1
prepared_liveness_data\raw\spoof\kaggle_30_frame530.jpg,spoof,0
prepared_liveness_data\raw\spoof\kaggle_12_frame145.jpg,spoof,0
prepared_liveness_data\raw\real\kaggle_68_frame165.jpg,real,1
prepared_liveness_data\raw\spoof\kaggle_78_frame170.jpg,spoof,0
prepared_liveness_data\raw\real\kaggle_17_frame70.jpg,real,1
prepared_liveness_data\raw\real\kaggle_63_frame195.jpg,real,1
prepared_liveness_data\raw\spoof\kaggle_41_frame260.jpg,spoof,0
prepared_liveness_data\raw\spoof\kaggle_30_frame80.jpg,spoof,0
prepared_liveness_data\raw\real\kaggle_47_frame220.jpg,real,1
prepared_liveness_data\raw\real\kaggle_63_frame220.jpg,real,1
prepared_liveness_data\raw\spoof\kaggle_49_frame515.jpg,spoof,0
prepared_liveness_data\raw\spoof\kaggle_11_frame235.jpg,spoof,0
prepared_liveness_data\raw\spoof\kaggle_65_frame380.jpg,spoof,0
prepared_liveness_data\raw\real\kaggle_63_frame170.jpg,real,1
prepared_liveness_data\raw\real\kaggle_53_frame225.jpg,real,1
prepared_liveness_data\raw\spoof\kaggle_49_frame305.jpg,spoof,0
prepared_liveness_data\raw\spoof\kaggle_49_frame335.jpg,spoof,0
prepared_liveness_data\raw\real\kaggle_30_frame250.jpg,real,1
prepared_liveness_data\raw\spoof\kaggle_19_frame265.jpg,spoof,0
prepared_liveness_data\raw\real\kaggle_34_frame175.jpg,real,1
prepared_liveness_data\raw\real\kaggle_62_frame455.jpg,real,1
prepared_liveness_data\raw\real\kaggle_36_frame10.jpg,real,1
prepared_liveness_data\raw\spoof\kaggle_55_frame105.jpg,spoof,0
prepared_liveness_data\raw\spoof\kaggle_24_frame210.jpg,spoof,0
prepared_liveness_data\raw\spoof\kaggle_13_frame140.jpg,spoof,0
prepared_liveness_data\raw\real\kaggle_59_frame205.jpg,real,1
prepared_liveness_data\raw\real\kaggle_34_frame65.jpg,real,1
prepared_liveness_data\raw\real\kaggle_54_frame60.jpg,real,1
prepared_liveness_data\raw\spoof\kaggle_52_frame405.jpg,spoof,0
prepared_liveness_data\raw\spoof\kaggle_68_frame150.jpg,spoof,0
prepared_liveness_data\raw\real\kaggle_44_frame245.jpg,real,1
prepared_liveness_data\raw\spoof\kaggle_46_frame10.jpg,spoof,0
prepared_liveness_data\raw\real\kaggle_8_frame170.jpg,real,1
prepared_liveness_data\raw\real\kaggle_56_frame60.jpg,real,1
prepared_liveness_data\raw\spoof\kaggle_61_frame50.jpg,spoof,0
prepared_liveness_data\raw\spoof\kaggle_35_frame400.jpg,spoof,0
prepared_liveness_data\raw\real\kaggle_45_frame145.jpg,real,1
prepared_liveness_data\raw\spoof\kaggle_42_frame120.jpg,spoof,0
prepared_liveness_data\raw\real\kaggle_18_frame45.jpg,real,1
prepared_liveness_data\raw\spoof\kaggle_31_frame180.jpg,spoof,0
prepared_liveness_data\raw\spoof\kaggle_2_frame75.jpg,spoof,0
prepared_liveness_data\raw\spoof\kaggle_76_frame60.jpg,spoof,0
prepared_liveness_data\raw\spoof\kaggle_24_frame0.jpg,spoof,0
prepared_liveness_data\raw\real\kaggle_57_frame70.jpg,real,1
prepared_liveness_data\raw\real\kaggle_25_frame115.jpg,real,1
prepared_liveness_data\raw\spoof\kaggle_72_frame475.jpg,spoof,0
prepared_liveness_data\raw\spoof\kaggle_68_frame360.jpg,spoof,0
prepared_liveness_data\raw\real\kaggle_3_frame130.jpg,real,1
prepared_liveness_data\raw\spoof\kaggle_36_frame5.jpg,spoof,0
prepared_liveness_data\raw\spoof\kaggle_40_frame180.jpg,spoof,0
prepared_liveness_data\raw\real\kaggle_64_frame125.jpg,real,1
prepared_liveness_data\raw\spoof\kaggle_73_frame165.jpg,spoof,0
prepared_liveness_data\raw\spoof\kaggle_75_frame450.jpg,spoof,0
prepared_liveness_data\raw\real\kaggle_31_frame225.jpg,real,1
prepared_liveness_data\raw\spoof\kaggle_34_frame30.jpg,spoof,0
prepared_liveness_data\raw\real\kaggle_30_frame50.jpg,real,1
prepared_liveness_data\raw\real\kaggle_57_frame315.jpg,real,1
prepared_liveness_data\raw\real\kaggle_60_frame115.jpg,real,1
prepared_liveness_data\raw\spoof\kaggle_58_frame380.jpg,spoof,0
prepared_liveness_data\raw\real\kaggle_1_frame70.jpg,real,1
prepared_liveness_data\raw\spoof\kaggle_30_frame360.jpg,spoof,0
prepared_liveness_data\raw\spoof\kaggle_51_frame95.jpg,spoof,0
prepared_liveness_data\raw\spoof\kaggle_65_frame170.jpg,spoof,0
prepared_liveness_data\raw\real\kaggle_36_frame15.jpg,real,1
prepared_liveness_data\raw\spoof\kaggle_74_frame75.jpg,spoof,0
prepared_liveness_data\raw\spoof\kaggle_74_frame510.jpg,spoof,0
prepared_liveness_data\raw\real\kaggle_21_frame5.jpg,real,1
prepared_liveness_data\raw\spoof\kaggle_40_frame170.jpg,spoof,0
prepared_liveness_data\raw\real\kaggle_75_frame480.jpg,real,1
prepared_liveness_data\raw\spoof\kaggle_25_frame80.jpg,spoof,0
prepared_liveness_data\raw\spoof\kaggle_12_frame35.jpg,spoof,0
prepared_liveness_data\raw\spoof\kaggle_52_frame135.jpg,spoof,0
prepared_liveness_data\raw\spoof\kaggle_23_frame495.jpg,spoof,0
prepared_liveness_data\raw\spoof\kaggle_66_frame155.jpg,spoof,0
prepared_liveness_data\raw\real\kaggle_2_frame225.jpg,real,1
prepared_liveness_data\raw\real\kaggle_52_frame15.jpg,real,1
prepared_liveness_data\raw\spoof\kaggle_6_frame190.jpg,spoof,0
prepared_liveness_data\raw\spoof\kaggle_33_frame205.jpg,spoof,0
prepared_liveness_data\raw\spoof\kaggle_34_frame40.jpg,spoof,0
prepared_liveness_data\raw\real\kaggle_13_frame50.jpg,real,1
prepared_liveness_data\raw\real\kaggle_46_frame180.jpg,real,1
prepared_liveness_data\raw\spoof\kaggle_40_frame35.jpg,spoof,0
prepared_liveness_data\raw\real\kaggle_61_frame515.jpg,real,1
prepared_liveness_data\raw\spoof\kaggle_13_frame320.jpg,spoof,0
prepared_liveness_data\raw\spoof\kaggle_51_frame180.jpg,spoof,0
prepared_liveness_data\raw\real\kaggle_71_frame215.jpg,real,1
prepared_liveness_data\raw\real\kaggle_46_frame120.jpg,real,1
prepared_liveness_data\raw\spoof\kaggle_74_frame180.jpg,spoof,0
prepared_liveness_data\raw\real\kaggle_4_frame185.jpg,real,1
prepared_liveness_data\raw\real\kaggle_53_frame205.jpg,real,1
prepared_liveness_data\raw\spoof\kaggle_30_frame315.jpg,spoof,0
prepared_liveness_data\raw\real\kaggle_12_frame45.jpg,real,1
prepared_liveness_data\raw\real\kaggle_25_frame200.jpg,real,1
prepared_liveness_data\raw\real\kaggle_61_frame385.jpg,real,1
prepared_liveness_data\raw\spoof\kaggle_51_frame330.jpg,spoof,0
prepared_liveness_data\raw\real\kaggle_53_frame55.jpg,real,1
prepared_liveness_data\raw\real\kaggle_58_frame615.jpg,real,1
prepared_liveness_data\raw\spoof\kaggle_71_frame55.jpg,spoof,0
prepared_liveness_data\raw\spoof\kaggle_41_frame35.jpg,spoof,0
prepared_liveness_data\raw\real\kaggle_79_frame40.jpg,real,1
prepared_liveness_data\raw\real\kaggle_55_frame10.jpg,real,1
prepared_liveness_data\raw\spoof\kaggle_69_frame215.jpg,spoof,0
prepared_liveness_data\raw\real\kaggle_10_frame70.jpg,real,1
prepared_liveness_data\raw\real\kaggle_2_frame245.jpg,real,1
prepared_liveness_data\raw\spoof\kaggle_68_frame210.jpg,spoof,0
prepared_liveness_data\raw\real\kaggle_67_frame235.jpg,real,1
prepared_liveness_data\raw\real\kaggle_18_frame220.jpg,real,1
prepared_liveness_data\raw\spoof\kaggle_8_frame230.jpg,spoof,0
prepared_liveness_data\raw\spoof\kaggle_64_frame10.jpg,spoof,0
prepared_liveness_data\raw\spoof\kaggle_20_frame185.jpg,spoof,0
prepared_liveness_data\raw\real\kaggle_17_frame55.jpg,real,1
prepared_liveness_data\raw\real\kaggle_45_frame10.jpg,real,1
prepared_liveness_data\raw\real\kaggle_21_frame315.jpg,real,1
prepared_liveness_data\raw\spoof\kaggle_25_frame20.jpg,spoof,0
prepared_liveness_data\raw\real\kaggle_49_frame560.jpg,real,1
prepared_liveness_data\raw\spoof\kaggle_10_frame340.jpg,spoof,0
prepared_liveness_data\raw\real\kaggle_0_frame265.jpg,real,1
prepared_liveness_data\raw\spoof\kaggle_62_frame95.jpg,spoof,0
prepared_liveness_data\raw\spoof\kaggle_26_frame25.jpg,spoof,0
prepared_liveness_data\raw\spoof\kaggle_17_frame325.jpg,spoof,0
prepared_liveness_data\raw\spoof\kaggle_56_frame65.jpg,spoof,0
prepared_liveness_data\raw\spoof\kaggle_39_frame290.jpg,spoof,0
prepared_liveness_data\raw\real\kaggle_27_frame130.jpg,real,1
prepared_liveness_data\raw\spoof\kaggle_23_frame210.jpg,spoof,0
prepared_liveness_data\raw\spoof\kaggle_62_frame310.jpg,spoof,0
prepared_liveness_data\raw\real\kaggle_34_frame15.jpg,real,1
prepared_liveness_data\raw\real\kaggle_70_frame390.jpg,real,1
prepared_liveness_data\raw\spoof\kaggle_34_frame235.jpg,spoof,0
prepared_liveness_data\raw\real\kaggle_58_frame250.jpg,real,1
prepared_liveness_data\raw\real\kaggle_34_frame295.jpg,real,1
prepared_liveness_data\raw\spoof\kaggle_11_frame15.jpg,spoof,0
prepared_liveness_data\raw\real\kaggle_64_frame150.jpg,real,1
prepared_liveness_data\raw\spoof\kaggle_70_frame130.jpg,spoof,0
prepared_liveness_data\raw\spoof\kaggle_5_frame165.jpg,spoof,0
prepared_liveness_data\raw\real\kaggle_48_frame120.jpg,real,1
prepared_liveness_data\raw\spoof\kaggle_25_frame220.jpg,spoof,0
prepared_liveness_data\raw\spoof\kaggle_11_frame320.jpg,spoof,0
prepared_liveness_data\raw\spoof\kaggle_66_frame60.jpg,spoof,0
prepared_liveness_data\raw\spoof\kaggle_57_frame60.jpg,spoof,0
prepared_liveness_data\raw\spoof\kaggle_36_frame150.jpg,spoof,0
prepared_liveness_data\raw\spoof\kaggle_34_frame10.jpg,spoof,0
prepared_liveness_data\raw\real\kaggle_77_frame85.jpg,real,1
prepared_liveness_data\raw\spoof\kaggle_16_frame120.jpg,spoof,0
prepared_liveness_data\raw\real\kaggle_65_frame395.jpg,real,1
prepared_liveness_data\raw\spoof\kaggle_47_frame110.jpg,spoof,0
prepared_liveness_data\raw\real\kaggle_17_frame65.jpg,real,1
prepared_liveness_data\raw\real\kaggle_51_frame175.jpg,real,1
prepared_liveness_data\raw\real\kaggle_40_frame140.jpg,real,1
prepared_liveness_data\raw\spoof\kaggle_31_frame115.jpg,spoof,0
prepared_liveness_data\raw\real\kaggle_49_frame175.jpg,real,1
prepared_liveness_data\raw\real\kaggle_66_frame130.jpg,real,1
prepared_liveness_data\raw\real\kaggle_27_frame135.jpg,real,1
prepared_liveness_data\raw\real\kaggle_49_frame230.jpg,real,1
prepared_liveness_data\raw\real\kaggle_11_frame110.jpg,real,1
prepared_liveness_data\raw\spoof\kaggle_68_frame65.jpg,spoof,0
prepared_liveness_data\raw\spoof\kaggle_6_frame130.jpg,spoof,0
prepared_liveness_data\raw\real\kaggle_12_frame60.jpg,real,1
prepared_liveness_data\raw\spoof\kaggle_47_frame400.jpg,spoof,0
prepared_liveness_data\raw\spoof\kaggle_68_frame275.jpg,spoof,0
prepared_liveness_data\raw\spoof\kaggle_59_frame185.jpg,spoof,0
prepared_liveness_data\raw\real\kaggle_28_frame85.jpg,real,1
prepared_liveness_data\raw\spoof\kaggle_47_frame505.jpg,spoof,0
prepared_liveness_data\raw\spoof\kaggle_58_frame340.jpg,spoof,0
prepared_liveness_data\raw\spoof\kaggle_37_frame50.jpg,spoof,0
prepared_liveness_data\raw\real\kaggle_59_frame285.jpg,real,1
prepared_liveness_data\raw\real\kaggle_7_frame240.jpg,real,1
prepared_liveness_data\raw\spoof\kaggle_52_frame200.jpg,spoof,0
prepared_liveness_data\raw\spoof\kaggle_75_frame530.jpg,spoof,0
prepared_liveness_data\raw\real\kaggle_54_frame205.jpg,real,1
prepared_liveness_data\raw\spoof\kaggle_21_frame395.jpg,spoof,0
prepared_liveness_data\raw\real\kaggle_62_frame390.jpg,real,1
prepared_liveness_data\raw\real\kaggle_37_frame285.jpg,real,1
prepared_liveness_data\raw\real\kaggle_61_frame225.jpg,real,1
prepared_liveness_data\raw\real\kaggle_70_frame170.jpg,real,1
prepared_liveness_data\raw\spoof\kaggle_71_frame95.jpg,spoof,0
prepared_liveness_data\raw\spoof\kaggle_66_frame200.jpg,spoof,0
prepared_liveness_data\raw\real\kaggle_47_frame400.jpg,real,1
prepared_liveness_data\raw\spoof\kaggle_5_frame425.jpg,spoof,0
prepared_liveness_data\raw\spoof\kaggle_10_frame65.jpg,spoof,0
prepared_liveness_data\raw\real\kaggle_4_frame95.jpg,real,1
prepared_liveness_data\raw\real\kaggle_25_frame300.jpg,real,1
prepared_liveness_data\raw\spoof\kaggle_60_frame205.jpg,spoof,0
prepared_liveness_data\raw\spoof\kaggle_35_frame310.jpg,spoof,0
prepared_liveness_data\raw\spoof\kaggle_52_frame275.jpg,spoof,0
prepared_liveness_data\raw\spoof\kaggle_6_frame45.jpg,spoof,0
prepared_liveness_data\raw\spoof\kaggle_3_frame165.jpg,spoof,0
prepared_liveness_data\raw\spoof\kaggle_23_frame335.jpg,spoof,0
prepared_liveness_data\raw\real\kaggle_66_frame70.jpg,real,1
prepared_liveness_data\raw\spoof\kaggle_21_frame415.jpg,spoof,0
prepared_liveness_data\raw\spoof\kaggle_30_frame125.jpg,spoof,0
prepared_liveness_data\raw\spoof\kaggle_66_frame25.jpg,spoof,0
prepared_liveness_data\raw\spoof\kaggle_11_frame190.jpg,spoof,0
prepared_liveness_data\raw\spoof\kaggle_47_frame0.jpg,spoof,0
prepared_liveness_data\raw\real\kaggle_36_frame140.jpg,real,1
prepared_liveness_data\raw\real\kaggle_15_frame85.jpg,real,1
prepared_liveness_data\raw\real\kaggle_14_frame60.jpg,real,1
prepared_liveness_data\raw\real\kaggle_76_frame240.jpg,real,1
prepared_liveness_data\raw\spoof\kaggle_76_frame130.jpg,spoof,0
prepared_liveness_data\raw\real\kaggle_58_frame210.jpg,real,1
prepared_liveness_data\raw\real\kaggle_59_frame40.jpg,real,1
prepared_liveness_data\raw\real\kaggle_30_frame185.jpg,real,1
prepared_liveness_data\raw\real\kaggle_10_frame300.jpg,real,1
prepared_liveness_data\raw\real\kaggle_9_frame45.jpg,real,1
prepared_liveness_data\raw\real\kaggle_70_frame30.jpg,real,1
prepared_liveness_data\raw\real\kaggle_48_frame220.jpg,real,1
prepared_liveness_data\raw\real\kaggle_43_frame165.jpg,real,1
prepared_liveness_data\raw\real\kaggle_68_frame305.jpg,real,1
prepared_liveness_data\raw\real\kaggle_41_frame130.jpg,real,1
prepared_liveness_data\raw\real\kaggle_77_frame95.jpg,real,1
prepared_liveness_data\raw\spoof\kaggle_71_frame110.jpg,spoof,0
prepared_liveness_data\raw\spoof\kaggle_20_frame85.jpg,spoof,0
prepared_liveness_data\raw\spoof\kaggle_18_frame70.jpg,spoof,0
prepared_liveness_data\raw\real\kaggle_72_frame165.jpg,real,1
prepared_liveness_data\raw\real\kaggle_59_frame465.jpg,real,1
prepared_liveness_data\raw\spoof\kaggle_45_frame0.jpg,spoof,0
prepared_liveness_data\raw\spoof\kaggle_21_frame155.jpg,spoof,0
prepared_liveness_data\raw\spoof\kaggle_65_frame185.jpg,spoof,0
prepared_liveness_data\raw\spoof\kaggle_8_frame195.jpg,spoof,0
prepared_liveness_data\raw\real\kaggle_34_frame230.jpg,real,1
prepared_liveness_data\raw\spoof\kaggle_33_frame165.jpg,spoof,0
prepared_liveness_data\raw\spoof\kaggle_45_frame35.jpg,spoof,0
prepared_liveness_data\raw\real\kaggle_70_frame70.jpg,real,1
prepared_liveness_data\raw\spoof\kaggle_78_frame125.jpg,spoof,0
prepared_liveness_data\raw\real\kaggle_36_frame240.jpg,real,1
prepared_liveness_data\raw\spoof\kaggle_75_frame160.jpg,spoof,0
prepared_liveness_data\raw\real\kaggle_52_frame155.jpg,real,1
prepared_liveness_data\raw\real\kaggle_7_frame145.jpg,real,1
prepared_liveness_data\raw\spoof\kaggle_78_frame260.jpg,spoof,0
prepared_liveness_data\raw\spoof\kaggle_75_frame375.jpg,spoof,0
prepared_liveness_data\raw\spoof\kaggle_25_frame285.jpg,spoof,0
prepared_liveness_data\raw\spoof\kaggle_70_frame30.jpg,spoof,0
prepared_liveness_data\raw\spoof\kaggle_2_frame380.jpg,spoof,0
prepared_liveness_data\raw\spoof\kaggle_9_frame80.jpg,spoof,0
prepared_liveness_data\raw\real\kaggle_72_frame180.jpg,real,1
prepared_liveness_data\raw\real\kaggle_14_frame115.jpg,real,1
prepared_liveness_data\raw\spoof\kaggle_70_frame390.jpg,spoof,0
prepared_liveness_data\raw\spoof\kaggle_48_frame320.jpg,spoof,0
prepared_liveness_data\raw\spoof\kaggle_40_frame205.jpg,spoof,0
prepared_liveness_data\raw\spoof\kaggle_4_frame170.jpg,spoof,0
prepared_liveness_data\raw\real\kaggle_0_frame380.jpg,real,1
prepared_liveness_data\raw\spoof\kaggle_79_frame30.jpg,spoof,0
prepared_liveness_data\raw\spoof\kaggle_16_frame60.jpg,spoof,0
prepared_liveness_data\raw\real\kaggle_48_frame160.jpg,real,1
prepared_liveness_data\raw\real\kaggle_65_frame65.jpg,real,1
prepared_liveness_data\raw\real\kaggle_21_frame350.jpg,real,1
prepared_liveness_data\raw\real\kaggle_53_frame70.jpg,real,1
prepared_liveness_data\raw\real\kaggle_75_frame50.jpg,real,1
prepared_liveness_data\raw\spoof\kaggle_12_frame135.jpg,spoof,0
prepared_liveness_data\raw\spoof\kaggle_59_frame125.jpg,spoof,0
prepared_liveness_data\raw\real\kaggle_23_frame395.jpg,real,1
prepared_liveness_data\raw\real\kaggle_49_frame80.jpg,real,1
prepared_liveness_data\raw\real\kaggle_33_frame115.jpg,real,1
prepared_liveness_data\raw\spoof\kaggle_21_frame425.jpg,spoof,0
prepared_liveness_data\raw\real\kaggle_31_frame65.jpg,real,1
prepared_liveness_data\raw\real\kaggle_50_frame110.jpg,real,1
prepared_liveness_data\raw\spoof\kaggle_10_frame135.jpg,spoof,0
prepared_liveness_data\raw\spoof\kaggle_51_frame235.jpg,spoof,0
prepared_liveness_data\raw\spoof\kaggle_75_frame20.jpg,spoof,0
prepared_liveness_data\raw\real\kaggle_9_frame180.jpg,real,1
prepared_liveness_data\raw\real\kaggle_63_frame15.jpg,real,1
prepared_liveness_data\raw\real\kaggle_1_frame150.jpg,real,1
prepared_liveness_data\raw\spoof\kaggle_55_frame210.jpg,spoof,0
prepared_liveness_data\raw\real\kaggle_8_frame105.jpg,real,1
prepared_liveness_data\raw\spoof\kaggle_74_frame90.jpg,spoof,0
prepared_liveness_data\raw\real\kaggle_48_frame205.jpg,real,1
prepared_liveness_data\raw\spoof\kaggle_6_frame85.jpg,spoof,0
prepared_liveness_data\raw\spoof\kaggle_69_frame305.jpg,spoof,0
prepared_liveness_data\raw\real\kaggle_58_frame260.jpg,real,1
prepared_liveness_data\raw\spoof\kaggle_32_frame205.jpg,spoof,0
prepared_liveness_data\raw\real\kaggle_55_frame5.jpg,real,1
prepared_liveness_data\raw\real\kaggle_27_frame95.jpg,real,1
prepared_liveness_data\raw\real\kaggle_63_frame140.jpg,real,1
prepared_liveness_data\raw\spoof\kaggle_54_frame80.jpg,spoof,0
prepared_liveness_data\raw\spoof\kaggle_28_frame315.jpg,spoof,0
prepared_liveness_data\raw\spoof\kaggle_52_frame225.jpg,spoof,0
prepared_liveness_data\raw\real\kaggle_58_frame180.jpg,real,1
prepared_liveness_data\raw\spoof\kaggle_9_frame270.jpg,spoof,0
prepared_liveness_data\raw\spoof\kaggle_21_frame450.jpg,spoof,0
prepared_liveness_data\raw\spoof\kaggle_75_frame250.jpg,spoof,0
prepared_liveness_data\raw\real\kaggle_77_frame30.jpg,real,1
prepared_liveness_data\raw\real\kaggle_7_frame160.jpg,real,1
prepared_liveness_data\raw\real\kaggle_28_frame225.jpg,real,1
prepared_liveness_data\raw\spoof\kaggle_5_frame405.jpg,spoof,0
prepared_liveness_data\raw\spoof\kaggle_13_frame10.jpg,spoof,0
prepared_liveness_data\raw\real\kaggle_32_frame100.jpg,real,1
prepared_liveness_data\raw\real\kaggle_16_frame70.jpg,real,1
prepared_liveness_data\raw\spoof\kaggle_64_frame355.jpg,spoof,0
prepared_liveness_data\raw\spoof\kaggle_76_frame240.jpg,spoof,0
prepared_liveness_data\raw\real\kaggle_36_frame75.jpg,real,1
prepared_liveness_data\raw\spoof\kaggle_10_frame240.jpg,spoof,0
prepared_liveness_data\raw\real\kaggle_21_frame305.jpg,real,1
prepared_liveness_data\raw\real\kaggle_59_frame470.jpg,real,1
prepared_liveness_data\raw\spoof\kaggle_51_frame185.jpg,spoof,0
prepared_liveness_data\raw\spoof\kaggle_71_frame15.jpg,spoof,0
prepared_liveness_data\raw\spoof\kaggle_1_frame25.jpg,spoof,0
prepared_liveness_data\raw\spoof\kaggle_64_frame70.jpg,spoof,0
prepared_liveness_data\raw\real\kaggle_16_frame45.jpg,real,1
prepared_liveness_data\raw\real\kaggle_70_frame10.jpg,real,1
prepared_liveness_data\raw\spoof\kaggle_19_frame175.jpg,spoof,0
prepared_liveness_data\raw\real\kaggle_66_frame140.jpg,real,1
prepared_liveness_data\raw\spoof\kaggle_16_frame255.jpg,spoof,0
prepared_liveness_data\raw\spoof\kaggle_23_frame340.jpg,spoof,0
prepared_liveness_data\raw\spoof\kaggle_27_frame175.jpg,spoof,0
prepared_liveness_data\raw\spoof\kaggle_79_frame25.jpg,spoof,0
prepared_liveness_data\raw\spoof\kaggle_5_frame105.jpg,spoof,0
prepared_liveness_data\raw\spoof\kaggle_19_frame5.jpg,spoof,0
prepared_liveness_data\raw\spoof\kaggle_35_frame45.jpg,spoof,0
prepared_liveness_data\raw\spoof\kaggle_52_frame140.jpg,spoof,0
prepared_liveness_data\raw\real\kaggle_52_frame225.jpg,real,1
prepared_liveness_data\raw\spoof\kaggle_53_frame280.jpg,spoof,0
prepared_liveness_data\raw\spoof\kaggle_64_frame210.jpg,spoof,0
prepared_liveness_data\raw\real\kaggle_61_frame525.jpg,real,1
prepared_liveness_data\raw\spoof\kaggle_26_frame40.jpg,spoof,0
prepared_liveness_data\raw\real\kaggle_75_frame310.jpg,real,1
prepared_liveness_data\raw\spoof\kaggle_72_frame150.jpg,spoof,0
prepared_liveness_data\raw\spoof\kaggle_26_frame10.jpg,spoof,0
prepared_liveness_data\raw\spoof\kaggle_2_frame310.jpg,spoof,0
prepared_liveness_data\raw\real\kaggle_52_frame275.jpg,real,1
prepared_liveness_data\raw\spoof\kaggle_48_frame300.jpg,spoof,0
prepared_liveness_data\raw\spoof\kaggle_5_frame400.jpg,spoof,0
prepared_liveness_data\raw\real\kaggle_75_frame195.jpg,real,1
prepared_liveness_data\raw\real\kaggle_65_frame290.jpg,real,1
prepared_liveness_data\raw\spoof\kaggle_74_frame305.jpg,spoof,0
prepared_liveness_data\raw\spoof\kaggle_17_frame295.jpg,spoof,0
prepared_liveness_data\raw\spoof\kaggle_73_frame215.jpg,spoof,0
prepared_liveness_data\raw\spoof\kaggle_47_frame365.jpg,spoof,0
prepared_liveness_data\raw\real\kaggle_67_frame200.jpg,real,1
prepared_liveness_data\raw\spoof\kaggle_47_frame220.jpg,spoof,0
prepared_liveness_data\raw\spoof\kaggle_11_frame105.jpg,spoof,0
prepared_liveness_data\raw\real\kaggle_23_frame235.jpg,real,1
prepared_liveness_data\raw\spoof\kaggle_52_frame245.jpg,spoof,0
prepared_liveness_data\raw\spoof\kaggle_63_frame180.jpg,spoof,0
prepared_liveness_data\raw\spoof\kaggle_51_frame300.jpg,spoof,0
prepared_liveness_data\raw\real\kaggle_72_frame105.jpg,real,1
prepared_liveness_data\raw\spoof\kaggle_74_frame140.jpg,spoof,0
prepared_liveness_data\raw\spoof\kaggle_57_frame125.jpg,spoof,0
prepared_liveness_data\raw\spoof\kaggle_72_frame335.jpg,spoof,0
prepared_liveness_data\raw\real\kaggle_57_frame275.jpg,real,1
prepared_liveness_data\raw\spoof\kaggle_5_frame240.jpg,spoof,0
prepared_liveness_data\raw\spoof\kaggle_52_frame5.jpg,spoof,0
prepared_liveness_data\raw\real\kaggle_75_frame460.jpg,real,1
prepared_liveness_data\raw\spoof\kaggle_37_frame100.jpg,spoof,0
prepared_liveness_data\raw\real\kaggle_11_frame90.jpg,real,1
prepared_liveness_data\raw\real\kaggle_20_frame115.jpg,real,1
prepared_liveness_data\raw\real\kaggle_55_frame145.jpg,real,1
prepared_liveness_data\raw\real\kaggle_59_frame160.jpg,real,1
prepared_liveness_data\raw\real\kaggle_25_frame180.jpg,real,1
prepared_liveness_data\raw\real\kaggle_48_frame0.jpg,real,1
prepared_liveness_data\raw\spoof\kaggle_46_frame200.jpg,spoof,0
prepared_liveness_data\raw\spoof\kaggle_78_frame255.jpg,spoof,0
prepared_liveness_data\raw\spoof\kaggle_0_frame170.jpg,spoof,0
prepared_liveness_data\raw\real\kaggle_36_frame65.jpg,real,1
prepared_liveness_data\raw\spoof\kaggle_58_frame245.jpg,spoof,0
prepared_liveness_data\raw\spoof\kaggle_68_frame330.jpg,spoof,0
prepared_liveness_data\raw\spoof\kaggle_8_frame50.jpg,spoof,0
prepared_liveness_data\raw\real\kaggle_21_frame215.jpg,real,1
prepared_liveness_data\raw\real\kaggle_60_frame70.jpg,real,1
prepared_liveness_data\raw\spoof\kaggle_47_frame5.jpg,spoof,0
prepared_liveness_data\raw\spoof\kaggle_26_frame125.jpg,spoof,0
prepared_liveness_data\raw\real\kaggle_42_frame55.jpg,real,1
prepared_liveness_data\raw\spoof\kaggle_52_frame60.jpg,spoof,0
prepared_liveness_data\raw\spoof\kaggle_47_frame260.jpg,spoof,0
prepared_liveness_data\raw\real\kaggle_12_frame50.jpg,real,1
prepared_liveness_data\raw\real\kaggle_12_frame490.jpg,real,1
prepared_liveness_data\raw\spoof\kaggle_72_frame310.jpg,spoof,0
prepared_liveness_data\raw\spoof\kaggle_53_frame240.jpg,spoof,0
prepared_liveness_data\raw\real\kaggle_61_frame485.jpg,real,1
prepared_liveness_data\raw\spoof\kaggle_44_frame270.jpg,spoof,0
prepared_liveness_data\raw\spoof\kaggle_62_frame235.jpg,spoof,0
prepared_liveness_data\raw\spoof\kaggle_76_frame45.jpg,spoof,0
prepared_liveness_data\raw\real\kaggle_24_frame65.jpg,real,1
prepared_liveness_data\raw\spoof\kaggle_60_frame65.jpg,spoof,0
prepared_liveness_data\raw\spoof\kaggle_63_frame160.jpg,spoof,0
prepared_liveness_data\raw\spoof\kaggle_41_frame45.jpg,spoof,0
prepared_liveness_data\raw\real\kaggle_14_frame300.jpg,real,1
prepared_liveness_data\raw\spoof\kaggle_11_frame175.jpg,spoof,0
prepared_liveness_data\raw\real\kaggle_7_frame125.jpg,real,1
prepared_liveness_data\raw\spoof\kaggle_67_frame260.jpg,spoof,0
prepared_liveness_data\raw\spoof\kaggle_59_frame470.jpg,spoof,0
prepared_liveness_data\raw\spoof\kaggle_44_frame60.jpg,spoof,0
prepared_liveness_data\raw\real\kaggle_70_frame370.jpg,real,1
prepared_liveness_data\raw\spoof\kaggle_17_frame235.jpg,spoof,0
prepared_liveness_data\raw\spoof\kaggle_0_frame485.jpg,spoof,0
prepared_liveness_data\raw\spoof\kaggle_33_frame60.jpg,spoof,0
prepared_liveness_data\raw\spoof\kaggle_37_frame260.jpg,spoof,0
prepared_liveness_data\raw\spoof\kaggle_59_frame210.jpg,spoof,0
prepared_liveness_data\raw\spoof\kaggle_43_frame120.jpg,spoof,0
prepared_liveness_data\raw\spoof\kaggle_13_frame215.jpg,spoof,0
prepared_liveness_data\raw\real\kaggle_73_frame215.jpg,real,1
prepared_liveness_data\raw\spoof\kaggle_6_frame215.jpg,spoof,0
prepared_liveness_data\raw\real\kaggle_41_frame225.jpg,real,1
prepared_liveness_data\raw\spoof\kaggle_10_frame230.jpg,spoof,0
prepared_liveness_data\raw\spoof\kaggle_78_frame250.jpg,spoof,0
prepared_liveness_data\raw\spoof\kaggle_11_frame635.jpg,spoof,0
prepared_liveness_data\raw\real\kaggle_52_frame320.jpg,real,1
prepared_liveness_data\raw\spoof\kaggle_20_frame90.jpg,spoof,0
prepared_liveness_data\raw\spoof\kaggle_46_frame5.jpg,spoof,0
prepared_liveness_data\raw\real\kaggle_43_frame140.jpg,real,1
prepared_liveness_data\raw\spoof\kaggle_3_frame10.jpg,spoof,0
prepared_liveness_data\raw\real\kaggle_50_frame50.jpg,real,1
prepared_liveness_data\raw\spoof\kaggle_63_frame65.jpg,spoof,0
prepared_liveness_data\raw\spoof\kaggle_64_frame95.jpg,spoof,0
prepared_liveness_data\raw\spoof\kaggle_61_frame95.jpg,spoof,0
prepared_liveness_data\raw\spoof\kaggle_33_frame15.jpg,spoof,0
prepared_liveness_data\raw\spoof\kaggle_31_frame155.jpg,spoof,0
prepared_liveness_data\raw\spoof\kaggle_74_frame445.jpg,spoof,0
prepared_liveness_data\raw\real\kaggle_12_frame220.jpg,real,1
prepared_liveness_data\raw\spoof\kaggle_76_frame110.jpg,spoof,0
prepared_liveness_data\raw\spoof\kaggle_61_frame100.jpg,spoof,0
prepared_liveness_data\raw\spoof\kaggle_19_frame355.jpg,spoof,0
prepared_liveness_data\raw\spoof\kaggle_59_frame390.jpg,spoof,0
prepared_liveness_data\raw\real\kaggle_36_frame155.jpg,real,1
prepared_liveness_data\raw\spoof\kaggle_41_frame160.jpg,spoof,0
prepared_liveness_data\raw\spoof\kaggle_58_frame85.jpg,spoof,0
prepared_liveness_data\raw\real\kaggle_14_frame150.jpg,real,1
prepared_liveness_data\raw\spoof\kaggle_75_frame230.jpg,spoof,0
prepared_liveness_data\raw\real\kaggle_40_frame95.jpg,real,1
prepared_liveness_data\raw\real\kaggle_50_frame70.jpg,real,1
prepared_liveness_data\raw\real\kaggle_78_frame170.jpg,real,1
prepared_liveness_data\raw\real\kaggle_18_frame155.jpg,real,1
prepared_liveness_data\raw\spoof\kaggle_39_frame45.jpg,spoof,0
prepared_liveness_data\raw\spoof\kaggle_60_frame270.jpg,spoof,0
prepared_liveness_data\raw\real\kaggle_8_frame235.jpg,real,1
prepared_liveness_data\raw\spoof\kaggle_45_frame160.jpg,spoof,0
prepared_liveness_data\raw\real\kaggle_69_frame315.jpg,real,1
prepared_liveness_data\raw\real\kaggle_6_frame95.jpg,real,1
prepared_liveness_data\raw\real\kaggle_72_frame150.jpg,real,1
prepared_liveness_data\raw\spoof\kaggle_18_frame325.jpg,spoof,0
prepared_liveness_data\raw\real\kaggle_36_frame205.jpg,real,1
prepared_liveness_data\raw\real\kaggle_5_frame95.jpg,real,1
prepared_liveness_data\raw\real\kaggle_75_frame390.jpg,real,1
prepared_liveness_data\raw\real\kaggle_61_frame540.jpg,real,1
prepared_liveness_data\raw\real\kaggle_49_frame240.jpg,real,1
prepared_liveness_data\raw\real\kaggle_41_frame145.jpg,real,1
prepared_liveness_data\raw\real\kaggle_50_frame60.jpg,real,1
prepared_liveness_data\raw\spoof\kaggle_14_frame260.jpg,spoof,0
prepared_liveness_data\raw\real\kaggle_19_frame190.jpg,real,1
prepared_liveness_data\raw\spoof\kaggle_58_frame45.jpg,spoof,0
prepared_liveness_data\raw\real\kaggle_27_frame40.jpg,real,1
prepared_liveness_data\raw\spoof\kaggle_21_frame40.jpg,spoof,0
prepared_liveness_data\raw\real\kaggle_68_frame215.jpg,real,1
prepared_liveness_data\raw\spoof\kaggle_11_frame690.jpg,spoof,0
prepared_liveness_data\raw\spoof\kaggle_39_frame205.jpg,spoof,0
prepared_liveness_data\raw\spoof\kaggle_54_frame125.jpg,spoof,0
prepared_liveness_data\raw\spoof\kaggle_18_frame490.jpg,spoof,0
prepared_liveness_data\raw\real\kaggle_61_frame470.jpg,real,1
prepared_liveness_data\raw\spoof\kaggle_18_frame120.jpg,spoof,0
prepared_liveness_data\raw\real\kaggle_3_frame110.jpg,real,1
prepared_liveness_data\raw\real\kaggle_71_frame40.jpg,real,1
prepared_liveness_data\raw\real\kaggle_27_frame145.jpg,real,1
prepared_liveness_data\raw\real\kaggle_22_frame80.jpg,real,1
prepared_liveness_data\raw\spoof\kaggle_17_frame30.jpg,spoof,0
prepared_liveness_data\raw\real\kaggle_70_frame380.jpg,real,1
prepared_liveness_data\raw\real\kaggle_7_frame170.jpg,real,1
prepared_liveness_data\raw\real\kaggle_59_frame290.jpg,real,1
prepared_liveness_data\raw\spoof\kaggle_7_frame185.jpg,spoof,0
prepared_liveness_data\raw\real\kaggle_21_frame340.jpg,real,1
prepared_liveness_data\raw\spoof\kaggle_61_frame190.jpg,spoof,0
prepared_liveness_data\raw\real\kaggle_61_frame310.jpg,real,1
prepared_liveness_data\raw\real\kaggle_73_frame120.jpg,real,1
prepared_liveness_data\raw\real\kaggle_61_frame495.jpg,real,1
prepared_liveness_data\raw\spoof\kaggle_0_frame490.jpg,spoof,0
prepared_liveness_data\raw\spoof\kaggle_0_frame225.jpg,spoof,0
prepared_liveness_data\raw\real\kaggle_35_frame115.jpg,real,1
prepared_liveness_data\raw\real\kaggle_14_frame20.jpg,real,1
prepared_liveness_data\raw\real\kaggle_59_frame150.jpg,real,1
prepared_liveness_data\raw\spoof\kaggle_26_frame230.jpg,spoof,0
prepared_liveness_data\raw\spoof\kaggle_74_frame195.jpg,spoof,0
prepared_liveness_data\raw\spoof\kaggle_8_frame35.jpg,spoof,0
prepared_liveness_data\raw\real\kaggle_59_frame425.jpg,real,1
prepared_liveness_data\raw\spoof\kaggle_49_frame260.jpg,spoof,0
prepared_liveness_data\raw\real\kaggle_50_frame150.jpg,real,1
prepared_liveness_data\raw\real\kaggle_52_frame230.jpg,real,1
prepared_liveness_data\raw\real\kaggle_37_frame10.jpg,real,1
prepared_liveness_data\raw\spoof\kaggle_23_frame460.jpg,spoof,0
prepared_liveness_data\raw\real\kaggle_62_frame480.jpg,real,1
prepared_liveness_data\raw\real\kaggle_0_frame295.jpg,real,1
prepared_liveness_data\raw\spoof\kaggle_32_frame125.jpg,spoof,0
prepared_liveness_data\raw\real\kaggle_18_frame5.jpg,real,1
prepared_liveness_data\raw\spoof\kaggle_77_frame80.jpg,spoof,0
prepared_liveness_data\raw\spoof\kaggle_67_frame235.jpg,spoof,0
prepared_liveness_data\raw\real\kaggle_69_frame210.jpg,real,1
prepared_liveness_data\raw\real\kaggle_38_frame155.jpg,real,1
prepared_liveness_data\raw\spoof\kaggle_72_frame70.jpg,spoof,0
prepared_liveness_data\raw\spoof\kaggle_68_frame285.jpg,spoof,0
prepared_liveness_data\raw\spoof\kaggle_59_frame220.jpg,spoof,0
prepared_liveness_data\raw\spoof\kaggle_5_frame90.jpg,spoof,0
prepared_liveness_data\raw\spoof\kaggle_68_frame140.jpg,spoof,0
prepared_liveness_data\raw\real\kaggle_38_frame115.jpg,real,1
prepared_liveness_data\raw\spoof\kaggle_2_frame190.jpg,spoof,0
prepared_liveness_data\raw\real\kaggle_12_frame225.jpg,real,1
prepared_liveness_data\raw\real\kaggle_18_frame175.jpg,real,1
prepared_liveness_data\raw\spoof\kaggle_6_frame100.jpg,spoof,0
prepared_liveness_data\raw\real\kaggle_1_frame10.jpg,real,1
prepared_liveness_data\raw\spoof\kaggle_46_frame210.jpg,spoof,0
prepared_liveness_data\raw\spoof\kaggle_21_frame170.jpg,spoof,0
prepared_liveness_data\raw\real\kaggle_37_frame95.jpg,real,1
prepared_liveness_data\raw\real\kaggle_62_frame365.jpg,real,1
prepared_liveness_data\raw\real\kaggle_57_frame260.jpg,real,1
prepared_liveness_data\raw\real\kaggle_62_frame70.jpg,real,1
prepared_liveness_data\raw\spoof\kaggle_12_frame45.jpg,spoof,0
prepared_liveness_data\raw\spoof\kaggle_11_frame35.jpg,spoof,0
prepared_liveness_data\raw\spoof\kaggle_38_frame35.jpg,spoof,0
prepared_liveness_data\raw\spoof\kaggle_19_frame375.jpg,spoof,0
prepared_liveness_data\raw\spoof\kaggle_40_frame110.jpg,spoof,0
prepared_liveness_data\raw\spoof\kaggle_42_frame65.jpg,spoof,0
prepared_liveness_data\raw\real\kaggle_0_frame310.jpg,real,1
prepared_liveness_data\raw\real\kaggle_58_frame375.jpg,real,1
prepared_liveness_data\raw\spoof\kaggle_74_frame525.jpg,spoof,0
prepared_liveness_data\raw\spoof\kaggle_8_frame40.jpg,spoof,0
prepared_liveness_data\raw\spoof\kaggle_45_frame210.jpg,spoof,0
prepared_liveness_data\raw\real\kaggle_4_frame105.jpg,real,1
prepared_liveness_data\raw\spoof\kaggle_10_frame350.jpg,spoof,0
prepared_liveness_data\raw\spoof\kaggle_22_frame155.jpg,spoof,0
prepared_liveness_data\raw\spoof\kaggle_14_frame385.jpg,spoof,0
prepared_liveness_data\raw\spoof\kaggle_64_frame135.jpg,spoof,0
prepared_liveness_data\raw\spoof\kaggle_3_frame130.jpg,spoof,0
prepared_liveness_data\raw\real\kaggle_3_frame195.jpg,real,1
prepared_liveness_data\raw\spoof\kaggle_37_frame145.jpg,spoof,0
prepared_liveness_data\raw\spoof\kaggle_61_frame205.jpg,spoof,0
prepared_liveness_data\raw\spoof\kaggle_59_frame440.jpg,spoof,0
prepared_liveness_data\raw\spoof\kaggle_75_frame460.jpg,spoof,0
prepared_liveness_data\raw\spoof\kaggle_77_frame400.jpg,spoof,0
prepared_liveness_data\raw\spoof\kaggle_70_frame70.jpg,spoof,0
prepared_liveness_data\raw\real\kaggle_42_frame135.jpg,real,1
prepared_liveness_data\raw\real\kaggle_1_frame50.jpg,real,1
prepared_liveness_data\raw\spoof\kaggle_70_frame80.jpg,spoof,0
prepared_liveness_data\raw\spoof\kaggle_62_frame400.jpg,spoof,0
prepared_liveness_data\raw\real\kaggle_45_frame40.jpg,real,1
prepared_liveness_data\raw\spoof\kaggle_31_frame90.jpg,spoof,0
prepared_liveness_data\raw\real\kaggle_58_frame55.jpg,real,1
prepared_liveness_data\raw\spoof\kaggle_11_frame45.jpg,spoof,0
prepared_liveness_data\raw\spoof\kaggle_64_frame275.jpg,spoof,0
prepared_liveness_data\raw\spoof\kaggle_58_frame70.jpg,spoof,0
prepared_liveness_data\raw\real\kaggle_4_frame115.jpg,real,1
prepared_liveness_data\raw\spoof\kaggle_79_frame335.jpg,spoof,0
prepared_liveness_data\raw\real\kaggle_12_frame230.jpg,real,1
prepared_liveness_data\raw\real\kaggle_22_frame110.jpg,real,1
prepared_liveness_data\raw\real\kaggle_63_frame230.jpg,real,1
prepared_liveness_data\raw\spoof\kaggle_73_frame160.jpg,spoof,0
prepared_liveness_data\raw\spoof\kaggle_12_frame25.jpg,spoof,0
prepared_liveness_data\raw\spoof\kaggle_27_frame110.jpg,spoof,0
prepared_liveness_data\raw\spoof\kaggle_7_frame130.jpg,spoof,0
prepared_liveness_data\raw\real\kaggle_33_frame205.jpg,real,1
prepared_liveness_data\raw\spoof\kaggle_69_frame175.jpg,spoof,0
prepared_liveness_data\raw\real\kaggle_61_frame480.jpg,real,1
prepared_liveness_data\raw\real\kaggle_61_frame395.jpg,real,1
prepared_liveness_data\raw\real\kaggle_70_frame225.jpg,real,1
prepared_liveness_data\raw\spoof\kaggle_46_frame355.jpg,spoof,0
prepared_liveness_data\raw\spoof\kaggle_25_frame55.jpg,spoof,0
prepared_liveness_data\raw\spoof\kaggle_4_frame215.jpg,spoof,0
prepared_liveness_data\raw\real\kaggle_71_frame150.jpg,real,1
prepared_liveness_data\raw\spoof\kaggle_75_frame600.jpg,spoof,0
prepared_liveness_data\raw\spoof\kaggle_76_frame55.jpg,spoof,0
prepared_liveness_data\raw\spoof\kaggle_50_frame340.jpg,spoof,0
prepared_liveness_data\raw\spoof\kaggle_57_frame205.jpg,spoof,0
prepared_liveness_data\raw\spoof\kaggle_77_frame440.jpg,spoof,0
prepared_liveness_data\raw\real\kaggle_76_frame170.jpg,real,1
prepared_liveness_data\raw\real\kaggle_58_frame490.jpg,real,1
prepared_liveness_data\raw\real\kaggle_70_frame145.jpg,real,1
prepared_liveness_data\raw\real\kaggle_15_frame420.jpg,real,1
prepared_liveness_data\raw\spoof\kaggle_68_frame290.jpg,spoof,0
prepared_liveness_data\raw\real\kaggle_12_frame375.jpg,real,1
prepared_liveness_data\raw\spoof\kaggle_56_frame95.jpg,spoof,0
prepared_liveness_data\raw\spoof\kaggle_14_frame60.jpg,spoof,0
prepared_liveness_data\raw\spoof\kaggle_72_frame60.jpg,spoof,0
prepared_liveness_data\raw\real\kaggle_39_frame20.jpg,real,1
prepared_liveness_data\raw\real\kaggle_6_frame185.jpg,real,1
prepared_liveness_data\raw\spoof\kaggle_18_frame255.jpg,spoof,0
prepared_liveness_data\raw\spoof\kaggle_12_frame170.jpg,spoof,0
prepared_liveness_data\raw\real\kaggle_5_frame225.jpg,real,1
prepared_liveness_data\raw\real\kaggle_58_frame295.jpg,real,1
prepared_liveness_data\raw\spoof\kaggle_37_frame330.jpg,spoof,0
prepared_liveness_data\raw\real\kaggle_78_frame195.jpg,real,1
prepared_liveness_data\raw\spoof\kaggle_77_frame375.jpg,spoof,0
prepared_liveness_data\raw\spoof\kaggle_15_frame360.jpg,spoof,0
prepared_liveness_data\raw\real\kaggle_26_frame85.jpg,real,1
prepared_liveness_data\raw\real\kaggle_49_frame390.jpg,real,1
prepared_liveness_data\raw\real\kaggle_78_frame185.jpg,real,1
prepared_liveness_data\raw\spoof\kaggle_9_frame60.jpg,spoof,0
prepared_liveness_data\raw\spoof\kaggle_0_frame355.jpg,spoof,0
prepared_liveness_data\raw\spoof\kaggle_4_frame50.jpg,spoof,0
prepared_liveness_data\raw\spoof\kaggle_74_frame410.jpg,spoof,0
prepared_liveness_data\raw\spoof\kaggle_60_frame210.jpg,spoof,0
prepared_liveness_data\raw\spoof\kaggle_42_frame145.jpg,spoof,0
prepared_liveness_data\raw\real\kaggle_79_frame240.jpg,real,1
prepared_liveness_data\raw\spoof\kaggle_14_frame325.jpg,spoof,0
prepared_liveness_data\raw\spoof\kaggle_55_frame290.jpg,spoof,0
prepared_liveness_data\raw\spoof\kaggle_1_frame175.jpg,spoof,0
prepared_liveness_data\raw\real\kaggle_16_frame15.jpg,real,1
prepared_liveness_data\raw\real\kaggle_79_frame95.jpg,real,1
prepared_liveness_data\raw\spoof\kaggle_55_frame65.jpg,spoof,0
prepared_liveness_data\raw\spoof\kaggle_16_frame135.jpg,spoof,0
prepared_liveness_data\raw\real\kaggle_75_frame315.jpg,real,1
prepared_liveness_data\raw\spoof\kaggle_49_frame75.jpg,spoof,0
prepared_liveness_data\raw\real\kaggle_39_frame25.jpg,real,1
prepared_liveness_data\raw\spoof\kaggle_69_frame60.jpg,spoof,0
prepared_liveness_data\raw\spoof\kaggle_3_frame245.jpg,spoof,0
prepared_liveness_data\raw\real\kaggle_18_frame245.jpg,real,1
prepared_liveness_data\raw\spoof\kaggle_10_frame95.jpg,spoof,0
prepared_liveness_data\raw\real\kaggle_42_frame245.jpg,real,1
prepared_liveness_data\raw\spoof\kaggle_24_frame160.jpg,spoof,0
prepared_liveness_data\raw\spoof\kaggle_15_frame305.jpg,spoof,0
prepared_liveness_data\raw\real\kaggle_17_frame45.jpg,real,1
prepared_liveness_data\raw\real\kaggle_31_frame30.jpg,real,1
prepared_liveness_data\raw\spoof\kaggle_49_frame625.jpg,spoof,0
prepared_liveness_data\raw\real\kaggle_3_frame155.jpg,real,1
prepared_liveness_data\raw\spoof\kaggle_29_frame235.jpg,spoof,0
prepared_liveness_data\raw\spoof\kaggle_38_frame65.jpg,spoof,0
prepared_liveness_data\raw\real\kaggle_34_frame170.jpg,real,1
prepared_liveness_data\raw\real\kaggle_0_frame185.jpg,real,1
prepared_liveness_data\raw\real\kaggle_73_frame15.jpg,real,1
prepared_liveness_data\raw\spoof\kaggle_34_frame165.jpg,spoof,0
prepared_liveness_data\raw\spoof\kaggle_55_frame15.jpg,spoof,0
prepared_liveness_data\raw\real\kaggle_18_frame315.jpg,real,1
prepared_liveness_data\raw\spoof\kaggle_46_frame165.jpg,spoof,0
prepared_liveness_data\raw\real\kaggle_71_frame15.jpg,real,1
prepared_liveness_data\raw\real\kaggle_38_frame70.jpg,real,1
prepared_liveness_data\raw\real\kaggle_54_frame25.jpg,real,1
prepared_liveness_data\raw\real\kaggle_73_frame280.jpg,real,1
prepared_liveness_data\raw\real\kaggle_50_frame230.jpg,real,1
prepared_liveness_data\raw\real\kaggle_62_frame235.jpg,real,1
prepared_liveness_data\raw\real\kaggle_74_frame20.jpg,real,1
prepared_liveness_data\raw\spoof\kaggle_9_frame65.jpg,spoof,0
prepared_liveness_data\raw\spoof\kaggle_65_frame280.jpg,spoof,0
prepared_liveness_data\raw\real\kaggle_27_frame125.jpg,real,1
prepared_liveness_data\raw\real\kaggle_43_frame55.jpg,real,1
prepared_liveness_data\raw\real\kaggle_33_frame25.jpg,real,1
prepared_liveness_data\raw\spoof\kaggle_62_frame10.jpg,spoof,0
prepared_liveness_data\raw\spoof\kaggle_63_frame145.jpg,spoof,0
prepared_liveness_data\raw\real\kaggle_72_frame275.jpg,real,1
prepared_liveness_data\raw\spoof\kaggle_58_frame360.jpg,spoof,0
prepared_liveness_data\raw\spoof\kaggle_47_frame295.jpg,spoof,0
prepared_liveness_data\raw\real\kaggle_35_frame290.jpg,real,1
prepared_liveness_data\raw\real\kaggle_9_frame55.jpg,real,1
prepared_liveness_data\raw\real\kaggle_61_frame285.jpg,real,1
prepared_liveness_data\raw\real\kaggle_27_frame115.jpg,real,1
prepared_liveness_data\raw\spoof\kaggle_58_frame240.jpg,spoof,0
prepared_liveness_data\raw\real\kaggle_37_frame130.jpg,real,1
prepared_liveness_data\raw\spoof\kaggle_38_frame255.jpg,spoof,0
prepared_liveness_data\raw\spoof\kaggle_34_frame205.jpg,spoof,0
prepared_liveness_data\raw\real\kaggle_73_frame250.jpg,real,1
prepared_liveness_data\raw\spoof\kaggle_72_frame250.jpg,spoof,0
prepared_liveness_data\raw\real\kaggle_23_frame430.jpg,real,1
prepared_liveness_data\raw\spoof\kaggle_55_frame25.jpg,spoof,0
prepared_liveness_data\raw\real\kaggle_44_frame20.jpg,real,1
prepared_liveness_data\raw\spoof\kaggle_23_frame100.jpg,spoof,0
prepared_liveness_data\raw\spoof\kaggle_47_frame235.jpg,spoof,0
prepared_liveness_data\raw\real\kaggle_28_frame430.jpg,real,1
prepared_liveness_data\raw\spoof\kaggle_5_frame190.jpg,spoof,0
prepared_liveness_data\raw\real\kaggle_4_frame50.jpg,real,1
prepared_liveness_data\raw\spoof\kaggle_13_frame375.jpg,spoof,0
prepared_liveness_data\raw\spoof\kaggle_42_frame190.jpg,spoof,0
prepared_liveness_data\raw\real\kaggle_7_frame120.jpg,real,1
prepared_liveness_data\raw\spoof\kaggle_7_frame85.jpg,spoof,0
prepared_liveness_data\raw\real\kaggle_35_frame85.jpg,real,1
prepared_liveness_data\raw\spoof\kaggle_43_frame245.jpg,spoof,0
prepared_liveness_data\raw\spoof\kaggle_75_frame50.jpg,spoof,0
prepared_liveness_data\raw\spoof\kaggle_11_frame25.jpg,spoof,0
prepared_liveness_data\raw\spoof\kaggle_47_frame270.jpg,spoof,0
prepared_liveness_data\raw\real\kaggle_49_frame0.jpg,real,1
prepared_liveness_data\raw\real\kaggle_2_frame5.jpg,real,1
prepared_liveness_data\raw\spoof\kaggle_54_frame165.jpg,spoof,0
prepared_liveness_data\raw\real\kaggle_0_frame220.jpg,real,1
prepared_liveness_data\raw\spoof\kaggle_73_frame120.jpg,spoof,0
prepared_liveness_data\raw\spoof\kaggle_58_frame390.jpg,spoof,0
prepared_liveness_data\raw\real\kaggle_75_frame525.jpg,real,1
prepared_liveness_data\raw\real\kaggle_24_frame55.jpg,real,1
prepared_liveness_data\raw\real\kaggle_2_frame145.jpg,real,1
prepared_liveness_data\raw\real\kaggle_61_frame135.jpg,real,1
prepared_liveness_data\raw\spoof\kaggle_79_frame135.jpg,spoof,0
prepared_liveness_data\raw\spoof\kaggle_58_frame415.jpg,spoof,0
prepared_liveness_data\raw\real\kaggle_73_frame25.jpg,real,1
prepared_liveness_data\raw\spoof\kaggle_33_frame105.jpg,spoof,0
prepared_liveness_data\raw\real\kaggle_79_frame75.jpg,real,1
prepared_liveness_data\raw\spoof\kaggle_41_frame255.jpg,spoof,0
prepared_liveness_data\raw\spoof\kaggle_20_frame255.jpg,spoof,0
prepared_liveness_data\raw\spoof\kaggle_33_frame195.jpg,spoof,0
prepared_liveness_data\raw\spoof\kaggle_21_frame380.jpg,spoof,0
prepared_liveness_data\raw\real\kaggle_73_frame10.jpg,real,1
prepared_liveness_data\raw\real\kaggle_77_frame260.jpg,real,1
prepared_liveness_data\raw\real\kaggle_29_frame140.jpg,real,1
prepared_liveness_data\raw\spoof\kaggle_6_frame30.jpg,spoof,0
prepared_liveness_data\raw\real\kaggle_72_frame365.jpg,real,1
prepared_liveness_data\raw\spoof\kaggle_61_frame60.jpg,spoof,0
prepared_liveness_data\raw\real\kaggle_44_frame230.jpg,real,1
prepared_liveness_data\raw\real\kaggle_39_frame215.jpg,real,1
prepared_liveness_data\raw\spoof\kaggle_64_frame220.jpg,spoof,0
prepared_liveness_data\raw\real\kaggle_1_frame215.jpg,real,1
prepared_liveness_data\raw\real\kaggle_14_frame35.jpg,real,1
prepared_liveness_data\raw\real\kaggle_61_frame315.jpg,real,1
prepared_liveness_data\raw\spoof\kaggle_59_frame150.jpg,spoof,0
prepared_liveness_data\raw\real\kaggle_0_frame30.jpg,real,1
prepared_liveness_data\raw\spoof\kaggle_28_frame260.jpg,spoof,0
prepared_liveness_data\raw\real\kaggle_11_frame35.jpg,real,1
prepared_liveness_data\raw\spoof\kaggle_13_frame65.jpg,spoof,0
prepared_liveness_data\raw\spoof\kaggle_58_frame225.jpg,spoof,0
prepared_liveness_data\raw\spoof\kaggle_3_frame280.jpg,spoof,0
prepared_liveness_data\raw\real\kaggle_27_frame180.jpg,real,1
prepared_liveness_data\raw\real\kaggle_3_frame0.jpg,real,1
prepared_liveness_data\raw\spoof\kaggle_61_frame370.jpg,spoof,0
prepared_liveness_data\raw\spoof\kaggle_35_frame255.jpg,spoof,0
prepared_liveness_data\raw\spoof\kaggle_60_frame135.jpg,spoof,0
prepared_liveness_data\raw\spoof\kaggle_49_frame40.jpg,spoof,0
prepared_liveness_data\raw\real\kaggle_7_frame85.jpg,real,1
prepared_liveness_data\raw\spoof\kaggle_65_frame100.jpg,spoof,0
prepared_liveness_data\raw\spoof\kaggle_45_frame150.jpg,spoof,0
prepared_liveness_data\raw\spoof\kaggle_69_frame140.jpg,spoof,0
prepared_liveness_data\raw\spoof\kaggle_20_frame170.jpg,spoof,0
prepared_liveness_data\raw\real\kaggle_20_frame160.jpg,real,1
prepared_liveness_data\raw\real\kaggle_52_frame45.jpg,real,1
prepared_liveness_data\raw\spoof\kaggle_64_frame25.jpg,spoof,0
prepared_liveness_data\raw\spoof\kaggle_3_frame195.jpg,spoof,0
prepared_liveness_data\raw\real\kaggle_2_frame250.jpg,real,1
prepared_liveness_data\raw\spoof\kaggle_38_frame230.jpg,spoof,0
prepared_liveness_data\raw\spoof\kaggle_49_frame565.jpg,spoof,0
prepared_liveness_data\raw\spoof\kaggle_61_frame210.jpg,spoof,0
prepared_liveness_data\raw\spoof\kaggle_25_frame360.jpg,spoof,0
prepared_liveness_data\raw\spoof\kaggle_11_frame195.jpg,spoof,0
prepared_liveness_data\raw\spoof\kaggle_64_frame200.jpg,spoof,0
prepared_liveness_data\raw\real\kaggle_37_frame325.jpg,real,1
prepared_liveness_data\raw\spoof\kaggle_58_frame350.jpg,spoof,0
prepared_liveness_data\raw\real\kaggle_15_frame255.jpg,real,1
prepared_liveness_data\raw\real\kaggle_13_frame115.jpg,real,1
prepared_liveness_data\raw\spoof\kaggle_55_frame135.jpg,spoof,0
prepared_liveness_data\raw\spoof\kaggle_23_frame145.jpg,spoof,0
prepared_liveness_data\raw\real\kaggle_48_frame40.jpg,real,1
prepared_liveness_data\raw\spoof\kaggle_46_frame440.jpg,spoof,0
prepared_liveness_data\raw\real\kaggle_62_frame495.jpg,real,1
prepared_liveness_data\raw\real\kaggle_72_frame140.jpg,real,1
prepared_liveness_data\raw\spoof\kaggle_11_frame570.jpg,spoof,0
prepared_liveness_data\raw\real\kaggle_33_frame195.jpg,real,1
prepared_liveness_data\raw\spoof\kaggle_74_frame95.jpg,spoof,0
prepared_liveness_data\raw\spoof\kaggle_41_frame320.jpg,spoof,0
prepared_liveness_data\raw\spoof\kaggle_62_frame85.jpg,spoof,0
prepared_liveness_data\raw\real\kaggle_53_frame195.jpg,real,1
prepared_liveness_data\raw\real\kaggle_26_frame35.jpg,real,1
prepared_liveness_data\raw\spoof\kaggle_42_frame235.jpg,spoof,0
prepared_liveness_data\raw\real\kaggle_62_frame470.jpg,real,1
prepared_liveness_data\raw\spoof\kaggle_61_frame170.jpg,spoof,0
prepared_liveness_data\raw\spoof\kaggle_71_frame120.jpg,spoof,0
prepared_liveness_data\raw\spoof\kaggle_68_frame95.jpg,spoof,0
prepared_liveness_data\raw\spoof\kaggle_23_frame355.jpg,spoof,0
prepared_liveness_data\raw\spoof\kaggle_7_frame110.jpg,spoof,0
prepared_liveness_data\raw\spoof\kaggle_37_frame15.jpg,spoof,0
prepared_liveness_data\raw\real\kaggle_0_frame325.jpg,real,1
prepared_liveness_data\raw\spoof\kaggle_52_frame400.jpg,spoof,0
prepared_liveness_data\raw\real\kaggle_4_frame40.jpg,real,1
prepared_liveness_data\raw\spoof\kaggle_61_frame215.jpg,spoof,0
prepared_liveness_data\raw\spoof\kaggle_64_frame215.jpg,spoof,0
prepared_liveness_data\raw\real\kaggle_74_frame315.jpg,real,1
prepared_liveness_data\raw\spoof\kaggle_75_frame165.jpg,spoof,0
prepared_liveness_data\raw\spoof\kaggle_65_frame345.jpg,spoof,0
prepared_liveness_data\raw\real\kaggle_49_frame365.jpg,real,1
prepared_liveness_data\raw\spoof\kaggle_39_frame260.jpg,spoof,0
prepared_liveness_data\raw\real\kaggle_74_frame10.jpg,real,1
prepared_liveness_data\raw\spoof\kaggle_59_frame80.jpg,spoof,0
prepared_liveness_data\raw\real\kaggle_62_frame40.jpg,real,1
prepared_liveness_data\raw\real\kaggle_72_frame120.jpg,real,1
prepared_liveness_data\raw\real\kaggle_62_frame140.jpg,real,1
prepared_liveness_data\raw\real\kaggle_50_frame100.jpg,real,1
prepared_liveness_data\raw\spoof\kaggle_33_frame225.jpg,spoof,0
prepared_liveness_data\raw\real\kaggle_38_frame160.jpg,real,1
prepared_liveness_data\raw\spoof\kaggle_18_frame145.jpg,spoof,0
prepared_liveness_data\raw\spoof\kaggle_78_frame320.jpg,spoof,0
prepared_liveness_data\raw\spoof\kaggle_26_frame155.jpg,spoof,0
prepared_liveness_data\raw\real\kaggle_44_frame175.jpg,real,1
prepared_liveness_data\raw\spoof\kaggle_66_frame135.jpg,spoof,0
prepared_liveness_data\raw\spoof\kaggle_15_frame250.jpg,spoof,0
prepared_liveness_data\raw\spoof\kaggle_78_frame50.jpg,spoof,0
prepared_liveness_data\raw\spoof\kaggle_25_frame250.jpg,spoof,0
prepared_liveness_data\raw\spoof\kaggle_26_frame195.jpg,spoof,0
prepared_liveness_data\raw\spoof\kaggle_34_frame230.jpg,spoof,0
prepared_liveness_data\raw\spoof\kaggle_56_frame120.jpg,spoof,0
prepared_liveness_data\raw\real\kaggle_31_frame235.jpg,real,1
prepared_liveness_data\raw\real\kaggle_77_frame225.jpg,real,1
prepared_liveness_data\raw\spoof\kaggle_11_frame480.jpg,spoof,0
prepared_liveness_data\raw\real\kaggle_21_frame165.jpg,real,1
prepared_liveness_data\raw\real\kaggle_42_frame205.jpg,real,1
prepared_liveness_data\raw\real\kaggle_47_frame290.jpg,real,1
prepared_liveness_data\raw\spoof\kaggle_47_frame440.jpg,spoof,0
prepared_liveness_data\raw\spoof\kaggle_15_frame185.jpg,spoof,0
prepared_liveness_data\raw\spoof\kaggle_6_frame165.jpg,spoof,0
prepared_liveness_data\raw\real\kaggle_35_frame90.jpg,real,1
prepared_liveness_data\raw\spoof\kaggle_7_frame135.jpg,spoof,0
prepared_liveness_data\raw\real\kaggle_10_frame80.jpg,real,1
prepared_liveness_data\raw\spoof\kaggle_51_frame85.jpg,spoof,0
prepared_liveness_data\raw\real\kaggle_73_frame5.jpg,real,1
prepared_liveness_data\raw\real\kaggle_17_frame205.jpg,real,1
prepared_liveness_data\raw\real\kaggle_72_frame200.jpg,real,1
prepared_liveness_data\raw\spoof\kaggle_20_frame205.jpg,spoof,0
prepared_liveness_data\raw\real\kaggle_28_frame285.jpg,real,1
prepared_liveness_data\raw\spoof\kaggle_4_frame175.jpg,spoof,0
prepared_liveness_data\raw\spoof\kaggle_28_frame365.jpg,spoof,0
prepared_liveness_data\raw\spoof\kaggle_64_frame320.jpg,spoof,0
prepared_liveness_data\raw\real\kaggle_62_frame215.jpg,real,1
prepared_liveness_data\raw\real\kaggle_51_frame90.jpg,real,1
prepared_liveness_data\raw\spoof\kaggle_33_frame120.jpg,spoof,0
prepared_liveness_data\raw\spoof\kaggle_39_frame275.jpg,spoof,0
prepared_liveness_data\raw\real\kaggle_49_frame520.jpg,real,1
prepared_liveness_data\raw\spoof\kaggle_31_frame260.jpg,spoof,0
prepared_liveness_data\raw\real\kaggle_62_frame160.jpg,real,1
prepared_liveness_data\raw\spoof\kaggle_66_frame110.jpg,spoof,0
prepared_liveness_data\raw\spoof\kaggle_78_frame5.jpg,spoof,0
prepared_liveness_data\raw\real\kaggle_30_frame10.jpg,real,1
prepared_liveness_data\raw\spoof\kaggle_37_frame240.jpg,spoof,0
prepared_liveness_data\raw\spoof\kaggle_52_frame265.jpg,spoof,0
prepared_liveness_data\raw\spoof\kaggle_79_frame165.jpg,spoof,0
prepared_liveness_data\raw\spoof\kaggle_16_frame310.jpg,spoof,0
prepared_liveness_data\raw\real\kaggle_26_frame95.jpg,real,1
prepared_liveness_data\raw\spoof\kaggle_5_frame430.jpg,spoof,0
prepared_liveness_data\raw\spoof\kaggle_56_frame50.jpg,spoof,0
prepared_liveness_data\raw\spoof\kaggle_69_frame15.jpg,spoof,0
prepared_liveness_data\raw\spoof\kaggle_41_frame105.jpg,spoof,0
prepared_liveness_data\raw\spoof\kaggle_47_frame410.jpg,spoof,0
prepared_liveness_data\raw\spoof\kaggle_70_frame0.jpg,spoof,0
prepared_liveness_data\raw\spoof\kaggle_14_frame150.jpg,spoof,0
prepared_liveness_data\raw\spoof\kaggle_41_frame330.jpg,spoof,0
prepared_liveness_data\raw\real\kaggle_12_frame30.jpg,real,1
prepared_liveness_data\raw\spoof\kaggle_37_frame340.jpg,spoof,0
prepared_liveness_data\raw\real\kaggle_10_frame210.jpg,real,1
prepared_liveness_data\raw\real\kaggle_28_frame235.jpg,real,1
prepared_liveness_data\raw\real\kaggle_55_frame70.jpg,real,1
prepared_liveness_data\raw\spoof\kaggle_48_frame210.jpg,spoof,0
prepared_liveness_data\raw\spoof\kaggle_45_frame190.jpg,spoof,0
prepared_liveness_data\raw\real\kaggle_13_frame170.jpg,real,1
prepared_liveness_data\raw\spoof\kaggle_22_frame35.jpg,spoof,0
prepared_liveness_data\raw\spoof\kaggle_47_frame450.jpg,spoof,0
prepared_liveness_data\raw\spoof\kaggle_36_frame325.jpg,spoof,0
prepared_liveness_data\raw\real\kaggle_55_frame140.jpg,real,1
prepared_liveness_data\raw\real\kaggle_77_frame245.jpg,real,1
prepared_liveness_data\raw\spoof\kaggle_48_frame90.jpg,spoof,0
prepared_liveness_data\raw\spoof\kaggle_30_frame305.jpg,spoof,0
prepared_liveness_data\raw\real\kaggle_58_frame65.jpg,real,1
prepared_liveness_data\raw\spoof\kaggle_44_frame315.jpg,spoof,0
prepared_liveness_data\raw\spoof\kaggle_74_frame480.jpg,spoof,0
prepared_liveness_data\raw\spoof\kaggle_0_frame325.jpg,spoof,0
prepared_liveness_data\raw\real\kaggle_18_frame65.jpg,real,1
prepared_liveness_data\raw\spoof\kaggle_64_frame105.jpg,spoof,0
prepared_liveness_data\raw\real\kaggle_35_frame20.jpg,real,1
prepared_liveness_data\raw\spoof\kaggle_43_frame40.jpg,spoof,0
prepared_liveness_data\raw\real\kaggle_7_frame90.jpg,real,1
prepared_liveness_data\raw\real\kaggle_0_frame150.jpg,real,1
prepared_liveness_data\raw\spoof\kaggle_14_frame395.jpg,spoof,0
prepared_liveness_data\raw\spoof\kaggle_26_frame235.jpg,spoof,0
prepared_liveness_data\raw\spoof\kaggle_77_frame445.jpg,spoof,0
prepared_liveness_data\raw\real\kaggle_74_frame275.jpg,real,1
prepared_liveness_data\raw\spoof\kaggle_21_frame65.jpg,spoof,0
prepared_liveness_data\raw\real\kaggle_20_frame185.jpg,real,1
prepared_liveness_data\raw\spoof\kaggle_28_frame425.jpg,spoof,0
prepared_liveness_data\raw\spoof\kaggle_1_frame265.jpg,spoof,0
prepared_liveness_data\raw\spoof\kaggle_14_frame155.jpg,spoof,0
prepared_liveness_data\raw\spoof\kaggle_69_frame95.jpg,spoof,0
prepared_liveness_data\raw\spoof\kaggle_68_frame245.jpg,spoof,0
prepared_liveness_data\raw\real\kaggle_61_frame155.jpg,real,1
prepared_liveness_data\raw\real\kaggle_51_frame120.jpg,real,1
prepared_liveness_data\raw\spoof\kaggle_12_frame505.jpg,spoof,0
prepared_liveness_data\raw\spoof\kaggle_20_frame110.jpg,spoof,0
prepared_liveness_data\raw\spoof\kaggle_47_frame80.jpg,spoof,0
prepared_liveness_data\raw\spoof\kaggle_61_frame270.jpg,spoof,0
prepared_liveness_data\raw\spoof\kaggle_11_frame355.jpg,spoof,0
prepared_liveness_data\raw\spoof\kaggle_30_frame270.jpg,spoof,0
prepared_liveness_data\raw\real\kaggle_42_frame180.jpg,real,1
prepared_liveness_data\raw\spoof\kaggle_74_frame345.jpg,spoof,0
prepared_liveness_data\raw\real\kaggle_73_frame235.jpg,real,1
prepared_liveness_data\raw\real\kaggle_33_frame155.jpg,real,1
prepared_liveness_data\raw\spoof\kaggle_9_frame20.jpg,spoof,0
prepared_liveness_data\raw\real\kaggle_18_frame350.jpg,real,1
prepared_liveness_data\raw\real\kaggle_62_frame425.jpg,real,1
prepared_liveness_data\raw\spoof\kaggle_39_frame20.jpg,spoof,0
prepared_liveness_data\raw\spoof\kaggle_33_frame245.jpg,spoof,0
prepared_liveness_data\raw\spoof\kaggle_72_frame505.jpg,spoof,0
prepared_liveness_data\raw\real\kaggle_30_frame65.jpg,real,1
prepared_liveness_data\raw\real\kaggle_46_frame235.jpg,real,1
prepared_liveness_data\raw\real\kaggle_59_frame110.jpg,real,1
prepared_liveness_data\raw\real\kaggle_5_frame45.jpg,real,1
prepared_liveness_data\raw\spoof\kaggle_75_frame500.jpg,spoof,0
prepared_liveness_data\raw\spoof\kaggle_61_frame310.jpg,spoof,0
prepared_liveness_data\raw\spoof\kaggle_64_frame310.jpg,spoof,0
prepared_liveness_data\raw\spoof\kaggle_61_frame165.jpg,spoof,0
prepared_liveness_data\raw\spoof\kaggle_37_frame325.jpg,spoof,0
prepared_liveness_data\raw\real\kaggle_62_frame380.jpg,real,1
prepared_liveness_data\raw\real\kaggle_31_frame25.jpg,real,1
prepared_liveness_data\raw\real\kaggle_40_frame50.jpg,real,1
prepared_liveness_data\raw\real\kaggle_62_frame370.jpg,real,1
prepared_liveness_data\raw\spoof\kaggle_51_frame245.jpg,spoof,0
prepared_liveness_data\raw\spoof\kaggle_51_frame50.jpg,spoof,0
prepared_liveness_data\raw\real\kaggle_6_frame5.jpg,real,1
prepared_liveness_data\raw\spoof\kaggle_25_frame110.jpg,spoof,0
prepared_liveness_data\raw\spoof\kaggle_57_frame180.jpg,spoof,0
prepared_liveness_data\raw\real\kaggle_34_frame85.jpg,real,1
prepared_liveness_data\raw\real\kaggle_74_frame90.jpg,real,1
prepared_liveness_data\raw\spoof\kaggle_7_frame145.jpg,spoof,0
prepared_liveness_data\raw\real\kaggle_68_frame320.jpg,real,1
prepared_liveness_data\raw\spoof\kaggle_70_frame465.jpg,spoof,0
prepared_liveness_data\raw\real\kaggle_68_frame200.jpg,real,1
prepared_liveness_data\raw\real\kaggle_9_frame215.jpg,real,1
prepared_liveness_data\raw\spoof\kaggle_46_frame85.jpg,spoof,0
prepared_liveness_data\raw\real\kaggle_28_frame210.jpg,real,1
prepared_liveness_data\raw\spoof\kaggle_14_frame25.jpg,spoof,0
prepared_liveness_data\raw\spoof\kaggle_23_frame255.jpg,spoof,0
prepared_liveness_data\raw\spoof\kaggle_69_frame255.jpg,spoof,0
prepared_liveness_data\raw\spoof\kaggle_25_frame190.jpg,spoof,0
prepared_liveness_data\raw\spoof\kaggle_72_frame20.jpg,spoof,0
prepared_liveness_data\raw\spoof\kaggle_64_frame335.jpg,spoof,0
prepared_liveness_data\raw\spoof\kaggle_25_frame265.jpg,spoof,0
prepared_liveness_data\raw\real\kaggle_10_frame390.jpg,real,1
prepared_liveness_data\raw\spoof\kaggle_25_frame135.jpg,spoof,0
prepared_liveness_data\raw\spoof\kaggle_0_frame95.jpg,spoof,0
prepared_liveness_data\raw\spoof\kaggle_77_frame275.jpg,spoof,0
prepared_liveness_data\raw\spoof\kaggle_54_frame85.jpg,spoof,0
prepared_liveness_data\raw\real\kaggle_75_frame445.jpg,real,1
prepared_liveness_data\raw\spoof\kaggle_46_frame415.jpg,spoof,0
prepared_liveness_data\raw\spoof\kaggle_9_frame55.jpg,spoof,0
prepared_liveness_data\raw\real\kaggle_44_frame150.jpg,real,1
prepared_liveness_data\raw\spoof\kaggle_53_frame275.jpg,spoof,0
prepared_liveness_data\raw\real\kaggle_75_frame190.jpg,real,1
prepared_liveness_data\raw\real\kaggle_18_frame0.jpg,real,1
prepared_liveness_data\raw\real\kaggle_43_frame50.jpg,real,1
prepared_liveness_data\raw\spoof\kaggle_23_frame400.jpg,spoof,0
prepared_liveness_data\raw\real\kaggle_57_frame290.jpg,real,1
prepared_liveness_data\raw\spoof\kaggle_49_frame555.jpg,spoof,0
prepared_liveness_data\raw\spoof\kaggle_9_frame335.jpg,spoof,0
prepared_liveness_data\raw\spoof\kaggle_31_frame285.jpg,spoof,0
prepared_liveness_data\raw\real\kaggle_52_frame330.jpg,real,1
prepared_liveness_data\raw\spoof\kaggle_49_frame145.jpg,spoof,0
prepared_liveness_data\raw\spoof\kaggle_15_frame265.jpg,spoof,0
prepared_liveness_data\raw\real\kaggle_16_frame20.jpg,real,1
prepared_liveness_data\raw\spoof\kaggle_68_frame170.jpg,spoof,0
prepared_liveness_data\raw\real\kaggle_15_frame55.jpg,real,1
prepared_liveness_data\raw\spoof\kaggle_52_frame315.jpg,spoof,0
prepared_liveness_data\raw\spoof\kaggle_49_frame255.jpg,spoof,0
prepared_liveness_data\raw\real\kaggle_63_frame35.jpg,real,1
prepared_liveness_data\raw\spoof\kaggle_43_frame20.jpg,spoof,0
prepared_liveness_data\raw\real\kaggle_2_frame135.jpg,real,1
prepared_liveness_data\raw\spoof\kaggle_73_frame70.jpg,spoof,0
prepared_liveness_data\raw\real\kaggle_37_frame235.jpg,real,1
prepared_liveness_data\raw\spoof\kaggle_33_frame185.jpg,spoof,0
prepared_liveness_data\raw\spoof\kaggle_53_frame60.jpg,spoof,0
prepared_liveness_data\raw\spoof\kaggle_41_frame20.jpg,spoof,0
prepared_liveness_data\raw\spoof\kaggle_55_frame75.jpg,spoof,0
prepared_liveness_data\raw\spoof\kaggle_13_frame15.jpg,spoof,0
prepared_liveness_data\raw\spoof\kaggle_4_frame225.jpg,spoof,0
prepared_liveness_data\raw\spoof\kaggle_54_frame210.jpg,spoof,0
prepared_liveness_data\raw\real\kaggle_70_frame280.jpg,real,1
prepared_liveness_data\raw\spoof\kaggle_2_frame55.jpg,spoof,0
prepared_liveness_data\raw\spoof\kaggle_21_frame195.jpg,spoof,0
prepared_liveness_data\raw\real\kaggle_19_frame10.jpg,real,1
prepared_liveness_data\raw\spoof\kaggle_72_frame325.jpg,spoof,0
prepared_liveness_data\raw\spoof\kaggle_17_frame80.jpg,spoof,0
prepared_liveness_data\raw\spoof\kaggle_16_frame70.jpg,spoof,0
prepared_liveness_data\raw\real\kaggle_9_frame165.jpg,real,1
prepared_liveness_data\raw\spoof\kaggle_6_frame205.jpg,spoof,0
prepared_liveness_data\raw\spoof\kaggle_68_frame135.jpg,spoof,0
prepared_liveness_data\raw\spoof\kaggle_75_frame305.jpg,spoof,0
prepared_liveness_data\raw\spoof\kaggle_53_frame90.jpg,spoof,0
prepared_liveness_data\raw\spoof\kaggle_41_frame340.jpg,spoof,0
prepared_liveness_data\raw\real\kaggle_36_frame160.jpg,real,1
prepared_liveness_data\raw\spoof\kaggle_52_frame535.jpg,spoof,0
prepared_liveness_data\raw\spoof\kaggle_11_frame360.jpg,spoof,0
prepared_liveness_data\raw\real\kaggle_46_frame85.jpg,real,1
prepared_liveness_data\raw\real\kaggle_10_frame425.jpg,real,1
prepared_liveness_data\raw\real\kaggle_39_frame10.jpg,real,1
prepared_liveness_data\raw\spoof\kaggle_30_frame280.jpg,spoof,0
prepared_liveness_data\raw\real\kaggle_15_frame300.jpg,real,1
prepared_liveness_data\raw\real\kaggle_17_frame130.jpg,real,1
prepared_liveness_data\raw\real\kaggle_39_frame115.jpg,real,1
prepared_liveness_data\raw\real\kaggle_23_frame320.jpg,real,1
prepared_liveness_data\raw\spoof\kaggle_35_frame235.jpg,spoof,0
prepared_liveness_data\raw\spoof\kaggle_30_frame550.jpg,spoof,0
prepared_liveness_data\raw\spoof\kaggle_62_frame60.jpg,spoof,0
prepared_liveness_data\raw\real\kaggle_69_frame20.jpg,real,1
prepared_liveness_data\raw\real\kaggle_21_frame130.jpg,real,1
prepared_liveness_data\raw\real\kaggle_79_frame235.jpg,real,1
prepared_liveness_data\raw\real\kaggle_59_frame345.jpg,real,1
prepared_liveness_data\raw\real\kaggle_11_frame115.jpg,real,1
prepared_liveness_data\raw\spoof\kaggle_16_frame50.jpg,spoof,0
prepared_liveness_data\raw\real\kaggle_20_frame125.jpg,real,1
prepared_liveness_data\raw\spoof\kaggle_79_frame435.jpg,spoof,0
prepared_liveness_data\raw\spoof\kaggle_27_frame135.jpg,spoof,0
prepared_liveness_data\raw\real\kaggle_36_frame235.jpg,real,1
prepared_liveness_data\raw\real\kaggle_66_frame20.jpg,real,1
prepared_liveness_data\raw\spoof\kaggle_30_frame45.jpg,spoof,0
prepared_liveness_data\raw\spoof\kaggle_17_frame230.jpg,spoof,0
prepared_liveness_data\raw\real\kaggle_58_frame35.jpg,real,1
prepared_liveness_data\raw\real\kaggle_52_frame290.jpg,real,1
prepared_liveness_data\raw\spoof\kaggle_37_frame225.jpg,spoof,0
prepared_liveness_data\raw\real\kaggle_47_frame250.jpg,real,1
prepared_liveness_data\raw\spoof\kaggle_47_frame245.jpg,spoof,0
prepared_liveness_data\raw\spoof\kaggle_42_frame90.jpg,spoof,0
prepared_liveness_data\raw\real\kaggle_20_frame135.jpg,real,1
prepared_liveness_data\raw\real\kaggle_77_frame340.jpg,real,1
prepared_liveness_data\raw\real\kaggle_15_frame335.jpg,real,1
prepared_liveness_data\raw\real\kaggle_53_frame280.jpg,real,1
prepared_liveness_data\raw\real\kaggle_71_frame225.jpg,real,1
prepared_liveness_data\raw\spoof\kaggle_11_frame680.jpg,spoof,0
prepared_liveness_data\raw\spoof\kaggle_72_frame410.jpg,spoof,0
prepared_liveness_data\raw\real\kaggle_12_frame300.jpg,real,1
prepared_liveness_data\raw\spoof\kaggle_75_frame485.jpg,spoof,0
prepared_liveness_data\raw\spoof\kaggle_61_frame470.jpg,spoof,0
prepared_liveness_data\raw\real\kaggle_49_frame205.jpg,real,1
prepared_liveness_data\raw\spoof\kaggle_70_frame65.jpg,spoof,0
prepared_liveness_data\raw\real\kaggle_49_frame545.jpg,real,1
prepared_liveness_data\raw\spoof\kaggle_72_frame35.jpg,spoof,0
prepared_liveness_data\raw\real\kaggle_77_frame130.jpg,real,1
prepared_liveness_data\raw\spoof\kaggle_60_frame0.jpg,spoof,0
prepared_liveness_data\raw\spoof\kaggle_66_frame125.jpg,spoof,0
prepared_liveness_data\raw\spoof\kaggle_33_frame135.jpg,spoof,0
prepared_liveness_data\raw\spoof\kaggle_43_frame350.jpg,spoof,0
prepared_liveness_data\raw\spoof\kaggle_13_frame250.jpg,spoof,0
prepared_liveness_data\raw\real\kaggle_75_frame170.jpg,real,1
prepared_liveness_data\raw\spoof\kaggle_64_frame65.jpg,spoof,0
prepared_liveness_data\raw\spoof\kaggle_26_frame165.jpg,spoof,0
prepared_liveness_data\raw\spoof\kaggle_24_frame50.jpg,spoof,0
prepared_liveness_data\raw\real\kaggle_10_frame195.jpg,real,1
prepared_liveness_data\raw\spoof\kaggle_16_frame360.jpg,spoof,0
prepared_liveness_data\raw\spoof\kaggle_38_frame215.jpg,spoof,0
prepared_liveness_data\raw\real\kaggle_43_frame5.jpg,real,1
prepared_liveness_data\raw\spoof\kaggle_23_frame285.jpg,spoof,0
prepared_liveness_data\raw\real\kaggle_21_frame115.jpg,real,1
prepared_liveness_data\raw\spoof\kaggle_46_frame500.jpg,spoof,0
prepared_liveness_data\raw\spoof\kaggle_74_frame530.jpg,spoof,0
prepared_liveness_data\raw\spoof\kaggle_72_frame260.jpg,spoof,0
prepared_liveness_data\raw\spoof\kaggle_2_frame150.jpg,spoof,0
prepared_liveness_data\raw\spoof\kaggle_39_frame40.jpg,spoof,0
prepared_liveness_data\raw\spoof\kaggle_15_frame25.jpg,spoof,0
prepared_liveness_data\raw\real\kaggle_25_frame130.jpg,real,1
prepared_liveness_data\raw\spoof\kaggle_38_frame250.jpg,spoof,0
prepared_liveness_data\raw\spoof\kaggle_67_frame205.jpg,spoof,0
prepared_liveness_data\raw\spoof\kaggle_11_frame170.jpg,spoof,0
prepared_liveness_data\raw\real\kaggle_21_frame80.jpg,real,1
prepared_liveness_data\raw\real\kaggle_17_frame190.jpg,real,1
prepared_liveness_data\raw\real\kaggle_23_frame225.jpg,real,1
prepared_liveness_data\raw\real\kaggle_62_frame260.jpg,real,1
prepared_liveness_data\raw\spoof\kaggle_46_frame245.jpg,spoof,0
prepared_liveness_data\raw\spoof\kaggle_12_frame205.jpg,spoof,0
prepared_liveness_data\raw\spoof\kaggle_21_frame0.jpg,spoof,0
prepared_liveness_data\raw\real\kaggle_74_frame185.jpg,real,1
prepared_liveness_data\raw\spoof\kaggle_32_frame60.jpg,spoof,0
prepared_liveness_data\raw\spoof\kaggle_72_frame275.jpg,spoof,0
prepared_liveness_data\raw\real\kaggle_21_frame55.jpg,real,1
prepared_liveness_data\raw\spoof\kaggle_67_frame280.jpg,spoof,0
prepared_liveness_data\raw\real\kaggle_0_frame215.jpg,real,1
prepared_liveness_data\raw\spoof\kaggle_46_frame280.jpg,spoof,0
prepared_liveness_data\raw\spoof\kaggle_39_frame235.jpg,spoof,0
prepared_liveness_data\raw\real\kaggle_47_frame345.jpg,real,1
prepared_liveness_data\raw\spoof\kaggle_17_frame180.jpg,spoof,0
prepared_liveness_data\raw\real\kaggle_49_frame45.jpg,real,1
prepared_liveness_data\raw\real\kaggle_32_frame60.jpg,real,1
prepared_liveness_data\raw\spoof\kaggle_75_frame320.jpg,spoof,0
prepared_liveness_data\raw\spoof\kaggle_71_frame70.jpg,spoof,0
prepared_liveness_data\raw\real\kaggle_26_frame155.jpg,real,1
prepared_liveness_data\raw\real\kaggle_62_frame80.jpg,real,1
prepared_liveness_data\raw\real\kaggle_23_frame345.jpg,real,1
prepared_liveness_data\raw\spoof\kaggle_42_frame290.jpg,spoof,0
prepared_liveness_data\raw\real\kaggle_3_frame35.jpg,real,1
prepared_liveness_data\raw\spoof\kaggle_42_frame0.jpg,spoof,0
prepared_liveness_data\raw\real\kaggle_18_frame30.jpg,real,1
prepared_liveness_data\raw\spoof\kaggle_7_frame325.jpg,spoof,0
prepared_liveness_data\raw\spoof\kaggle_23_frame250.jpg,spoof,0
prepared_liveness_data\raw\spoof\kaggle_50_frame135.jpg,spoof,0
prepared_liveness_data\raw\spoof\kaggle_55_frame205.jpg,spoof,0
prepared_liveness_data\raw\spoof\kaggle_77_frame85.jpg,spoof,0
prepared_liveness_data\raw\real\kaggle_62_frame65.jpg,real,1
prepared_liveness_data\raw\real\kaggle_1_frame160.jpg,real,1
prepared_liveness_data\raw\spoof\kaggle_37_frame405.jpg,spoof,0
prepared_liveness_data\raw\spoof\kaggle_28_frame200.jpg,spoof,0
prepared_liveness_data\raw\real\kaggle_14_frame230.jpg,real,1
prepared_liveness_data\raw\spoof\kaggle_17_frame280.jpg,spoof,0
prepared_liveness_data\raw\real\kaggle_54_frame105.jpg,real,1
prepared_liveness_data\raw\spoof\kaggle_79_frame345.jpg,spoof,0
prepared_liveness_data\raw\real\kaggle_67_frame275.jpg,real,1
prepared_liveness_data\raw\spoof\kaggle_35_frame125.jpg,spoof,0
prepared_liveness_data\raw\spoof\kaggle_28_frame395.jpg,spoof,0
prepared_liveness_data\raw\real\kaggle_63_frame210.jpg,real,1
prepared_liveness_data\raw\real\kaggle_70_frame400.jpg,real,1
prepared_liveness_data\raw\spoof\kaggle_28_frame270.jpg,spoof,0
prepared_liveness_data\raw\real\kaggle_73_frame155.jpg,real,1
prepared_liveness_data\raw\real\kaggle_3_frame135.jpg,real,1
prepared_liveness_data\raw\spoof\kaggle_15_frame245.jpg,spoof,0
prepared_liveness_data\raw\real\kaggle_61_frame45.jpg,real,1
prepared_liveness_data\raw\real\kaggle_17_frame95.jpg,real,1
prepared_liveness_data\raw\spoof\kaggle_51_frame260.jpg,spoof,0
prepared_liveness_data\raw\spoof\kaggle_35_frame20.jpg,spoof,0
prepared_liveness_data\raw\spoof\kaggle_51_frame100.jpg,spoof,0
prepared_liveness_data\raw\spoof\kaggle_24_frame75.jpg,spoof,0
prepared_liveness_data\raw\real\kaggle_75_frame370.jpg,real,1
prepared_liveness_data\raw\real\kaggle_68_frame225.jpg,real,1
prepared_liveness_data\raw\real\kaggle_50_frame130.jpg,real,1
prepared_liveness_data\raw\spoof\kaggle_1_frame65.jpg,spoof,0
prepared_liveness_data\raw\real\kaggle_53_frame80.jpg,real,1
prepared_liveness_data\raw\real\kaggle_23_frame190.jpg,real,1
prepared_liveness_data\raw\spoof\kaggle_13_frame155.jpg,spoof,0
prepared_liveness_data\raw\spoof\kaggle_7_frame30.jpg,spoof,0
prepared_liveness_data\raw\real\kaggle_29_frame170.jpg,real,1
prepared_liveness_data\raw\real\kaggle_20_frame25.jpg,real,1
prepared_liveness_data\raw\real\kaggle_75_frame360.jpg,real,1
prepared_liveness_data\raw\real\kaggle_0_frame35.jpg,real,1
prepared_liveness_data\raw\spoof\kaggle_60_frame10.jpg,spoof,0
prepared_liveness_data\raw\real\kaggle_25_frame95.jpg,real,1
prepared_liveness_data\raw\real\kaggle_76_frame140.jpg,real,1
prepared_liveness_data\raw\real\kaggle_13_frame45.jpg,real,1
prepared_liveness_data\raw\spoof\kaggle_14_frame110.jpg,spoof,0
prepared_liveness_data\raw\real\kaggle_40_frame70.jpg,real,1
prepared_liveness_data\raw\spoof\kaggle_26_frame130.jpg,spoof,0
prepared_liveness_data\raw\spoof\kaggle_23_frame360.jpg,spoof,0
prepared_liveness_data\raw\real\kaggle_13_frame330.jpg,real,1
prepared_liveness_data\raw\real\kaggle_65_frame385.jpg,real,1
prepared_liveness_data\raw\spoof\kaggle_18_frame195.jpg,spoof,0
prepared_liveness_data\raw\real\kaggle_15_frame405.jpg,real,1
prepared_liveness_data\raw\spoof\kaggle_8_frame225.jpg,spoof,0
prepared_liveness_data\raw\real\kaggle_56_frame30.jpg,real,1
prepared_liveness_data\raw\spoof\kaggle_75_frame255.jpg,spoof,0
prepared_liveness_data\raw\spoof\kaggle_38_frame25.jpg,spoof,0
prepared_liveness_data\raw\spoof\kaggle_69_frame150.jpg,spoof,0
prepared_liveness_data\raw\spoof\kaggle_11_frame95.jpg,spoof,0
prepared_liveness_data\raw\spoof\kaggle_11_frame130.jpg,spoof,0
prepared_liveness_data\raw\spoof\kaggle_48_frame135.jpg,spoof,0
prepared_liveness_data\raw\real\kaggle_12_frame250.jpg,real,1
prepared_liveness_data\raw\real\kaggle_19_frame105.jpg,real,1
prepared_liveness_data\raw\real\kaggle_46_frame25.jpg,real,1
prepared_liveness_data\raw\spoof\kaggle_24_frame185.jpg,spoof,0
prepared_liveness_data\raw\real\kaggle_9_frame195.jpg,real,1
prepared_liveness_data\raw\spoof\kaggle_19_frame245.jpg,spoof,0
prepared_liveness_data\raw\real\kaggle_10_frame410.jpg,real,1
prepared_liveness_data\raw\spoof\kaggle_6_frame70.jpg,spoof,0
prepared_liveness_data\raw\spoof\kaggle_24_frame35.jpg,spoof,0
prepared_liveness_data\raw\spoof\kaggle_19_frame240.jpg,spoof,0
prepared_liveness_data\raw\real\kaggle_75_frame345.jpg,real,1
prepared_liveness_data\raw\spoof\kaggle_76_frame160.jpg,spoof,0
prepared_liveness_data\raw\spoof\kaggle_65_frame120.jpg,spoof,0
prepared_liveness_data\raw\real\kaggle_12_frame515.jpg,real,1
prepared_liveness_data\raw\spoof\kaggle_54_frame190.jpg,spoof,0
prepared_liveness_data\raw\real\kaggle_31_frame240.jpg,real,1
prepared_liveness_data\raw\spoof\kaggle_23_frame35.jpg,spoof,0
prepared_liveness_data\raw\real\kaggle_46_frame430.jpg,real,1
prepared_liveness_data\raw\spoof\kaggle_0_frame20.jpg,spoof,0
prepared_liveness_data\raw\spoof\kaggle_14_frame345.jpg,spoof,0
prepared_liveness_data\raw\spoof\kaggle_36_frame180.jpg,spoof,0
prepared_liveness_data\raw\spoof\kaggle_68_frame300.jpg,spoof,0
prepared_liveness_data\raw\spoof\kaggle_68_frame45.jpg,spoof,0
prepared_liveness_data\raw\real\kaggle_77_frame100.jpg,real,1
prepared_liveness_data\raw\spoof\kaggle_2_frame60.jpg,spoof,0
prepared_liveness_data\raw\spoof\kaggle_68_frame160.jpg,spoof,0
prepared_liveness_data\raw\spoof\kaggle_70_frame10.jpg,spoof,0
prepared_liveness_data\raw\real\kaggle_61_frame90.jpg,real,1
prepared_liveness_data\raw\real\kaggle_73_frame285.jpg,real,1
prepared_liveness_data\raw\spoof\kaggle_43_frame450.jpg,spoof,0
prepared_liveness_data\raw\real\kaggle_46_frame195.jpg,real,1
prepared_liveness_data\raw\real\kaggle_35_frame40.jpg,real,1
prepared_liveness_data\raw\real\kaggle_12_frame420.jpg,real,1
prepared_liveness_data\raw\real\kaggle_20_frame220.jpg,real,1
prepared_liveness_data\raw\spoof\kaggle_30_frame415.jpg,spoof,0
prepared_liveness_data\raw\spoof\kaggle_9_frame290.jpg,spoof,0
prepared_liveness_data\raw\spoof\kaggle_55_frame440.jpg,spoof,0
prepared_liveness_data\raw\spoof\kaggle_17_frame340.jpg,spoof,0
prepared_liveness_data\raw\real\kaggle_1_frame270.jpg,real,1
prepared_liveness_data\raw\real\kaggle_26_frame10.jpg,real,1
prepared_liveness_data\raw\spoof\kaggle_69_frame250.jpg,spoof,0
prepared_liveness_data\raw\real\kaggle_75_frame500.jpg,real,1
prepared_liveness_data\raw\spoof\kaggle_64_frame150.jpg,spoof,0
prepared_liveness_data\raw\spoof\kaggle_2_frame185.jpg,spoof,0
prepared_liveness_data\raw\real\kaggle_9_frame155.jpg,real,1
prepared_liveness_data\raw\real\kaggle_2_frame90.jpg,real,1
prepared_liveness_data\raw\spoof\kaggle_34_frame35.jpg,spoof,0
prepared_liveness_data\raw\real\kaggle_65_frame25.jpg,real,1
prepared_liveness_data\raw\real\kaggle_27_frame85.jpg,real,1
prepared_liveness_data\raw\real\kaggle_34_frame165.jpg,real,1
prepared_liveness_data\raw\real\kaggle_25_frame330.jpg,real,1
prepared_liveness_data\raw\spoof\kaggle_60_frame25.jpg,spoof,0
prepared_liveness_data\raw\spoof\kaggle_66_frame185.jpg,spoof,0
prepared_liveness_data\raw\real\kaggle_77_frame110.jpg,real,1
prepared_liveness_data\raw\real\kaggle_76_frame150.jpg,real,1
prepared_liveness_data\raw\spoof\kaggle_41_frame175.jpg,spoof,0
prepared_liveness_data\raw\spoof\kaggle_12_frame315.jpg,spoof,0
prepared_liveness_data\raw\spoof\kaggle_72_frame425.jpg,spoof,0
prepared_liveness_data\raw\spoof\kaggle_14_frame140.jpg,spoof,0
prepared_liveness_data\raw\spoof\kaggle_37_frame160.jpg,spoof,0
prepared_liveness_data\raw\spoof\kaggle_71_frame35.jpg,spoof,0
prepared_liveness_data\raw\spoof\kaggle_25_frame355.jpg,spoof,0
prepared_liveness_data\raw\spoof\kaggle_38_frame20.jpg,spoof,0
prepared_liveness_data\raw\spoof\kaggle_33_frame130.jpg,spoof,0
prepared_liveness_data\raw\spoof\kaggle_19_frame280.jpg,spoof,0
prepared_liveness_data\raw\spoof\kaggle_76_frame120.jpg,spoof,0
prepared_liveness_data\raw\spoof\kaggle_23_frame95.jpg,spoof,0
prepared_liveness_data\raw\spoof\kaggle_5_frame330.jpg,spoof,0
prepared_liveness_data\raw\spoof\kaggle_79_frame415.jpg,spoof,0
prepared_liveness_data\raw\real\kaggle_9_frame105.jpg,real,1
prepared_liveness_data\raw\spoof\kaggle_28_frame145.jpg,spoof,0
prepared_liveness_data\raw\spoof\kaggle_52_frame170.jpg,spoof,0
prepared_liveness_data\raw\spoof\kaggle_16_frame285.jpg,spoof,0
prepared_liveness_data\raw\spoof\kaggle_28_frame240.jpg,spoof,0
prepared_liveness_data\raw\real\kaggle_51_frame20.jpg,real,1
prepared_liveness_data\raw\spoof\kaggle_52_frame410.jpg,spoof,0
prepared_liveness_data\raw\real\kaggle_54_frame175.jpg,real,1
prepared_liveness_data\raw\real\kaggle_31_frame230.jpg,real,1
prepared_liveness_data\raw\real\kaggle_23_frame45.jpg,real,1
prepared_liveness_data\raw\real\kaggle_36_frame180.jpg,real,1
prepared_liveness_data\raw\spoof\kaggle_77_frame405.jpg,spoof,0
prepared_liveness_data\raw\spoof\kaggle_13_frame100.jpg,spoof,0
prepared_liveness_data\raw\real\kaggle_48_frame95.jpg,real,1
prepared_liveness_data\raw\spoof\kaggle_23_frame490.jpg,spoof,0
prepared_liveness_data\raw\real\kaggle_0_frame375.jpg,real,1
prepared_liveness_data\raw\spoof\kaggle_23_frame510.jpg,spoof,0
prepared_liveness_data\raw\real\kaggle_49_frame460.jpg,real,1
prepared_liveness_data\raw\spoof\kaggle_21_frame310.jpg,spoof,0
prepared_liveness_data\raw\spoof\kaggle_74_frame205.jpg,spoof,0
prepared_liveness_data\raw\spoof\kaggle_23_frame315.jpg,spoof,0
prepared_liveness_data\raw\spoof\kaggle_74_frame285.jpg,spoof,0
prepared_liveness_data\raw\spoof\kaggle_35_frame440.jpg,spoof,0
prepared_liveness_data\raw\spoof\kaggle_44_frame260.jpg,spoof,0
prepared_liveness_data\raw\spoof\kaggle_67_frame270.jpg,spoof,0
prepared_liveness_data\raw\real\kaggle_31_frame135.jpg,real,1
prepared_liveness_data\raw\spoof\kaggle_47_frame265.jpg,spoof,0
prepared_liveness_data\raw\spoof\kaggle_35_frame145.jpg,spoof,0
prepared_liveness_data\raw\spoof\kaggle_61_frame395.jpg,spoof,0
prepared_liveness_data\raw\spoof\kaggle_43_frame295.jpg,spoof,0
prepared_liveness_data\raw\spoof\kaggle_53_frame160.jpg,spoof,0
prepared_liveness_data\raw\spoof\kaggle_15_frame35.jpg,spoof,0
prepared_liveness_data\raw\real\kaggle_4_frame125.jpg,real,1
prepared_liveness_data\raw\spoof\kaggle_3_frame15.jpg,spoof,0
prepared_liveness_data\raw\spoof\kaggle_62_frame390.jpg,spoof,0
prepared_liveness_data\raw\spoof\kaggle_58_frame405.jpg,spoof,0
prepared_liveness_data\raw\spoof\kaggle_28_frame130.jpg,spoof,0
prepared_liveness_data\raw\spoof\kaggle_37_frame190.jpg,spoof,0
prepared_liveness_data\raw\real\kaggle_67_frame20.jpg,real,1
prepared_liveness_data\raw\spoof\kaggle_72_frame380.jpg,spoof,0
prepared_liveness_data\raw\real\kaggle_38_frame205.jpg,real,1
prepared_liveness_data\raw\real\kaggle_78_frame280.jpg,real,1
prepared_liveness_data\raw\real\kaggle_40_frame20.jpg,real,1
prepared_liveness_data\raw\real\kaggle_46_frame0.jpg,real,1
prepared_liveness_data\raw\spoof\kaggle_5_frame290.jpg,spoof,0
prepared_liveness_data\raw\real\kaggle_55_frame200.jpg,real,1
prepared_liveness_data\raw\spoof\kaggle_48_frame165.jpg,spoof,0
prepared_liveness_data\raw\real\kaggle_7_frame255.jpg,real,1
prepared_liveness_data\raw\real\kaggle_76_frame270.jpg,real,1
prepared_liveness_data\raw\real\kaggle_66_frame15.jpg,real,1
prepared_liveness_data\raw\real\kaggle_68_frame20.jpg,real,1
prepared_liveness_data\raw\real\kaggle_59_frame70.jpg,real,1
prepared_liveness_data\raw\spoof\kaggle_17_frame335.jpg,spoof,0
prepared_liveness_data\raw\spoof\kaggle_63_frame115.jpg,spoof,0
prepared_liveness_data\raw\spoof\kaggle_44_frame220.jpg,spoof,0
prepared_liveness_data\raw\spoof\kaggle_9_frame25.jpg,spoof,0
prepared_liveness_data\raw\real\kaggle_53_frame85.jpg,real,1
prepared_liveness_data\raw\spoof\kaggle_50_frame120.jpg,spoof,0
prepared_liveness_data\raw\spoof\kaggle_7_frame50.jpg,spoof,0
prepared_liveness_data\raw\real\kaggle_66_frame165.jpg,real,1
prepared_liveness_data\raw\real\kaggle_52_frame80.jpg,real,1
prepared_liveness_data\raw\spoof\kaggle_72_frame75.jpg,spoof,0
prepared_liveness_data\raw\real\kaggle_55_frame45.jpg,real,1
prepared_liveness_data\raw\real\kaggle_65_frame170.jpg,real,1
prepared_liveness_data\raw\spoof\kaggle_10_frame260.jpg,spoof,0
prepared_liveness_data\raw\real\kaggle_36_frame130.jpg,real,1
prepared_liveness_data\raw\real\kaggle_58_frame345.jpg,real,1
prepared_liveness_data\raw\real\kaggle_16_frame55.jpg,real,1
prepared_liveness_data\raw\spoof\kaggle_52_frame220.jpg,spoof,0
prepared_liveness_data\raw\spoof\kaggle_76_frame15.jpg,spoof,0
prepared_liveness_data\raw\real\kaggle_40_frame150.jpg,real,1
prepared_liveness_data\raw\spoof\kaggle_30_frame310.jpg,spoof,0
prepared_liveness_data\raw\spoof\kaggle_11_frame450.jpg,spoof,0
prepared_liveness_data\raw\real\kaggle_21_frame65.jpg,real,1
prepared_liveness_data\raw\spoof\kaggle_63_frame130.jpg,spoof,0
prepared_liveness_data\raw\real\kaggle_58_frame340.jpg,real,1
prepared_liveness_data\raw\real\kaggle_9_frame50.jpg,real,1
prepared_liveness_data\raw\real\kaggle_47_frame120.jpg,real,1
prepared_liveness_data\raw\real\kaggle_59_frame375.jpg,real,1
prepared_liveness_data\raw\spoof\kaggle_3_frame135.jpg,spoof,0
prepared_liveness_data\raw\real\kaggle_42_frame75.jpg,real,1
prepared_liveness_data\raw\spoof\kaggle_50_frame225.jpg,spoof,0
prepared_liveness_data\raw\spoof\kaggle_68_frame75.jpg,spoof,0
prepared_liveness_data\raw\real\kaggle_61_frame170.jpg,real,1
prepared_liveness_data\raw\spoof\kaggle_78_frame275.jpg,spoof,0
prepared_liveness_data\raw\spoof\kaggle_48_frame310.jpg,spoof,0
prepared_liveness_data\raw\real\kaggle_62_frame105.jpg,real,1
prepared_liveness_data\raw\spoof\kaggle_39_frame10.jpg,spoof,0
prepared_liveness_data\raw\spoof\kaggle_62_frame75.jpg,spoof,0
prepared_liveness_data\raw\spoof\kaggle_53_frame265.jpg,spoof,0
prepared_liveness_data\raw\spoof\kaggle_53_frame245.jpg,spoof,0
prepared_liveness_data\raw\spoof\kaggle_5_frame335.jpg,spoof,0
prepared_liveness_data\raw\real\kaggle_17_frame165.jpg,real,1
prepared_liveness_data\raw\real\kaggle_63_frame10.jpg,real,1
prepared_liveness_data\raw\spoof\kaggle_49_frame770.jpg,spoof,0
prepared_liveness_data\raw\real\kaggle_78_frame125.jpg,real,1
prepared_liveness_data\raw\spoof\kaggle_19_frame145.jpg,spoof,0
prepared_liveness_data\raw\spoof\kaggle_49_frame5.jpg,spoof,0
prepared_liveness_data\raw\spoof\kaggle_15_frame145.jpg,spoof,0
prepared_liveness_data\raw\real\kaggle_28_frame60.jpg,real,1
prepared_liveness_data\raw\spoof\kaggle_55_frame60.jpg,spoof,0
prepared_liveness_data\raw\real\kaggle_10_frame60.jpg,real,1
prepared_liveness_data\raw\real\kaggle_7_frame100.jpg,real,1
prepared_liveness_data\raw\real\kaggle_24_frame100.jpg,real,1
prepared_liveness_data\raw\spoof\kaggle_75_frame510.jpg,spoof,0
prepared_liveness_data\raw\real\kaggle_40_frame135.jpg,real,1
prepared_liveness_data\raw\real\kaggle_58_frame160.jpg,real,1
prepared_liveness_data\raw\spoof\kaggle_42_frame180.jpg,spoof,0
prepared_liveness_data\raw\real\kaggle_78_frame205.jpg,real,1
prepared_liveness_data\raw\spoof\kaggle_55_frame95.jpg,spoof,0
prepared_liveness_data\raw\real\kaggle_40_frame185.jpg,real,1
prepared_liveness_data\raw\real\kaggle_50_frame205.jpg,real,1
prepared_liveness_data\raw\spoof\kaggle_75_frame235.jpg,spoof,0
prepared_liveness_data\raw\real\kaggle_64_frame105.jpg,real,1
prepared_liveness_data\raw\real\kaggle_33_frame135.jpg,real,1
prepared_liveness_data\raw\spoof\kaggle_57_frame20.jpg,spoof,0
prepared_liveness_data\raw\spoof\kaggle_10_frame365.jpg,spoof,0
prepared_liveness_data\raw\spoof\kaggle_30_frame485.jpg,spoof,0
prepared_liveness_data\raw\real\kaggle_58_frame420.jpg,real,1
prepared_liveness_data\raw\real\kaggle_25_frame15.jpg,real,1
prepared_liveness_data\raw\real\kaggle_79_frame380.jpg,real,1
prepared_liveness_data\raw\spoof\kaggle_29_frame105.jpg,spoof,0
prepared_liveness_data\raw\real\kaggle_13_frame255.jpg,real,1
prepared_liveness_data\raw\real\kaggle_79_frame120.jpg,real,1
prepared_liveness_data\raw\spoof\kaggle_12_frame165.jpg,spoof,0
prepared_liveness_data\raw\spoof\kaggle_35_frame30.jpg,spoof,0
prepared_liveness_data\raw\real\kaggle_62_frame375.jpg,real,1
prepared_liveness_data\raw\real\kaggle_49_frame470.jpg,real,1
prepared_liveness_data\raw\spoof\kaggle_3_frame120.jpg,spoof,0
prepared_liveness_data\raw\spoof\kaggle_56_frame15.jpg,spoof,0
prepared_liveness_data\raw\spoof\kaggle_18_frame40.jpg,spoof,0
prepared_liveness_data\raw\spoof\kaggle_16_frame40.jpg,spoof,0
prepared_liveness_data\raw\spoof\kaggle_75_frame610.jpg,spoof,0
prepared_liveness_data\raw\spoof\kaggle_18_frame265.jpg,spoof,0
prepared_liveness_data\raw\real\kaggle_15_frame185.jpg,real,1
prepared_liveness_data\raw\real\kaggle_67_frame260.jpg,real,1
prepared_liveness_data\raw\spoof\kaggle_55_frame475.jpg,spoof,0
prepared_liveness_data\raw\real\kaggle_8_frame60.jpg,real,1
prepared_liveness_data\raw\spoof\kaggle_71_frame345.jpg,spoof,0
prepared_liveness_data\raw\spoof\kaggle_43_frame215.jpg,spoof,0
prepared_liveness_data\raw\spoof\kaggle_55_frame330.jpg,spoof,0
prepared_liveness_data\raw\real\kaggle_47_frame100.jpg,real,1
prepared_liveness_data\raw\spoof\kaggle_10_frame425.jpg,spoof,0
prepared_liveness_data\raw\spoof\kaggle_40_frame240.jpg,spoof,0
prepared_liveness_data\raw\spoof\kaggle_36_frame155.jpg,spoof,0
prepared_liveness_data\raw\spoof\kaggle_50_frame105.jpg,spoof,0
prepared_liveness_data\raw\spoof\kaggle_70_frame455.jpg,spoof,0
prepared_liveness_data\raw\spoof\kaggle_12_frame175.jpg,spoof,0
prepared_liveness_data\raw\spoof\kaggle_46_frame525.jpg,spoof,0
prepared_liveness_data\raw\spoof\kaggle_33_frame55.jpg,spoof,0
prepared_liveness_data\raw\real\kaggle_23_frame380.jpg,real,1
prepared_liveness_data\raw\spoof\kaggle_11_frame345.jpg,spoof,0
prepared_liveness_data\raw\spoof\kaggle_14_frame10.jpg,spoof,0
prepared_liveness_data\raw\real\kaggle_41_frame215.jpg,real,1
prepared_liveness_data\raw\spoof\kaggle_1_frame180.jpg,spoof,0
prepared_liveness_data\raw\real\kaggle_15_frame140.jpg,real,1
prepared_liveness_data\raw\spoof\kaggle_10_frame100.jpg,spoof,0
prepared_liveness_data\raw\spoof\kaggle_5_frame30.jpg,spoof,0
prepared_liveness_data\raw\real\kaggle_74_frame130.jpg,real,1
prepared_liveness_data\raw\real\kaggle_49_frame355.jpg,real,1
prepared_liveness_data\raw\spoof\kaggle_41_frame310.jpg,spoof,0
prepared_liveness_data\raw\spoof\kaggle_16_frame245.jpg,spoof,0
prepared_liveness_data\raw\spoof\kaggle_79_frame150.jpg,spoof,0
prepared_liveness_data\raw\real\kaggle_19_frame215.jpg,real,1
prepared_liveness_data\raw\spoof\kaggle_6_frame25.jpg,spoof,0
prepared_liveness_data\raw\real\kaggle_42_frame95.jpg,real,1
prepared_liveness_data\raw\real\kaggle_15_frame400.jpg,real,1
prepared_liveness_data\raw\spoof\kaggle_47_frame100.jpg,spoof,0
prepared_liveness_data\raw\spoof\kaggle_9_frame35.jpg,spoof,0
prepared_liveness_data\raw\spoof\kaggle_62_frame220.jpg,spoof,0
prepared_liveness_data\raw\real\kaggle_71_frame35.jpg,real,1
prepared_liveness_data\raw\spoof\kaggle_54_frame65.jpg,spoof,0
prepared_liveness_data\raw\spoof\kaggle_19_frame370.jpg,spoof,0
prepared_liveness_data\raw\spoof\kaggle_23_frame350.jpg,spoof,0
prepared_liveness_data\raw\real\kaggle_72_frame265.jpg,real,1
prepared_liveness_data\raw\spoof\kaggle_49_frame520.jpg,spoof,0
prepared_liveness_data\raw\spoof\kaggle_47_frame130.jpg,spoof,0
prepared_liveness_data\raw\spoof\kaggle_21_frame100.jpg,spoof,0
prepared_liveness_data\raw\spoof\kaggle_61_frame220.jpg,spoof,0
prepared_liveness_data\raw\spoof\kaggle_10_frame5.jpg,spoof,0
prepared_liveness_data\raw\real\kaggle_2_frame210.jpg,real,1
prepared_liveness_data\raw\real\kaggle_59_frame240.jpg,real,1
prepared_liveness_data\raw\real\kaggle_0_frame50.jpg,real,1
prepared_liveness_data\raw\real\kaggle_30_frame35.jpg,real,1
prepared_liveness_data\raw\spoof\kaggle_46_frame295.jpg,spoof,0
prepared_liveness_data\raw\real\kaggle_32_frame185.jpg,real,1
prepared_liveness_data\raw\real\kaggle_29_frame110.jpg,real,1
prepared_liveness_data\raw\spoof\kaggle_63_frame0.jpg,spoof,0
prepared_liveness_data\raw\spoof\kaggle_18_frame470.jpg,spoof,0
prepared_liveness_data\raw\spoof\kaggle_49_frame290.jpg,spoof,0
prepared_liveness_data\raw\real\kaggle_8_frame215.jpg,real,1
prepared_liveness_data\raw\spoof\kaggle_36_frame200.jpg,spoof,0
prepared_liveness_data\raw\spoof\kaggle_39_frame60.jpg,spoof,0
prepared_liveness_data\raw\real\kaggle_33_frame175.jpg,real,1
prepared_liveness_data\raw\spoof\kaggle_48_frame155.jpg,spoof,0
prepared_liveness_data\raw\spoof\kaggle_24_frame140.jpg,spoof,0
prepared_liveness_data\raw\spoof\kaggle_31_frame250.jpg,spoof,0
prepared_liveness_data\raw\real\kaggle_57_frame280.jpg,real,1
prepared_liveness_data\raw\real\kaggle_20_frame20.jpg,real,1
prepared_liveness_data\raw\spoof\kaggle_30_frame145.jpg,spoof,0
prepared_liveness_data\raw\real\kaggle_46_frame205.jpg,real,1
prepared_liveness_data\raw\real\kaggle_23_frame385.jpg,real,1
prepared_liveness_data\raw\spoof\kaggle_48_frame45.jpg,spoof,0
prepared_liveness_data\raw\real\kaggle_18_frame105.jpg,real,1
prepared_liveness_data\raw\real\kaggle_35_frame325.jpg,real,1
prepared_liveness_data\raw\real\kaggle_17_frame160.jpg,real,1
prepared_liveness_data\raw\real\kaggle_65_frame380.jpg,real,1
prepared_liveness_data\raw\real\kaggle_67_frame80.jpg,real,1
prepared_liveness_data\raw\spoof\kaggle_16_frame155.jpg,spoof,0
prepared_liveness_data\raw\real\kaggle_30_frame205.jpg,real,1
prepared_liveness_data\raw\real\kaggle_15_frame15.jpg,real,1
prepared_liveness_data\raw\spoof\kaggle_71_frame350.jpg,spoof,0
prepared_liveness_data\raw\spoof\kaggle_52_frame285.jpg,spoof,0
prepared_liveness_data\raw\spoof\kaggle_41_frame235.jpg,spoof,0
prepared_liveness_data\raw\spoof\kaggle_48_frame270.jpg,spoof,0
prepared_liveness_data\raw\spoof\kaggle_79_frame75.jpg,spoof,0
prepared_liveness_data\raw\spoof\kaggle_60_frame175.jpg,spoof,0
prepared_liveness_data\raw\spoof\kaggle_43_frame85.jpg,spoof,0
prepared_liveness_data\raw\spoof\kaggle_20_frame145.jpg,spoof,0
prepared_liveness_data\raw\spoof\kaggle_77_frame410.jpg,spoof,0
prepared_liveness_data\raw\real\kaggle_79_frame70.jpg,real,1
prepared_liveness_data\raw\real\kaggle_24_frame95.jpg,real,1
prepared_liveness_data\raw\real\kaggle_2_frame120.jpg,real,1
prepared_liveness_data\raw\spoof\kaggle_47_frame495.jpg,spoof,0
prepared_liveness_data\raw\real\kaggle_45_frame20.jpg,real,1
prepared_liveness_data\raw\spoof\kaggle_67_frame200.jpg,spoof,0
prepared_liveness_data\raw\real\kaggle_71_frame0.jpg,real,1
prepared_liveness_data\raw\spoof\kaggle_57_frame30.jpg,spoof,0
prepared_liveness_data\raw\real\kaggle_30_frame120.jpg,real,1
prepared_liveness_data\raw\spoof\kaggle_75_frame105.jpg,spoof,0
prepared_liveness_data\raw\spoof\kaggle_34_frame180.jpg,spoof,0
prepared_liveness_data\raw\real\kaggle_77_frame290.jpg,real,1
prepared_liveness_data\raw\real\kaggle_43_frame45.jpg,real,1
prepared_liveness_data\raw\real\kaggle_45_frame5.jpg,real,1
prepared_liveness_data\raw\spoof\kaggle_33_frame5.jpg,spoof,0
prepared_liveness_data\raw\real\kaggle_79_frame145.jpg,real,1
prepared_liveness_data\raw\spoof\kaggle_14_frame235.jpg,spoof,0
prepared_liveness_data\raw\real\kaggle_41_frame35.jpg,real,1
prepared_liveness_data\raw\real\kaggle_51_frame195.jpg,real,1
prepared_liveness_data\raw\spoof\kaggle_0_frame350.jpg,spoof,0
prepared_liveness_data\raw\spoof\kaggle_5_frame390.jpg,spoof,0
prepared_liveness_data\raw\spoof\kaggle_62_frame45.jpg,spoof,0
prepared_liveness_data\raw\real\kaggle_31_frame150.jpg,real,1
prepared_liveness_data\raw\real\kaggle_45_frame115.jpg,real,1
prepared_liveness_data\raw\real\kaggle_64_frame40.jpg,real,1
prepared_liveness_data\raw\real\kaggle_62_frame325.jpg,real,1
prepared_liveness_data\raw\spoof\kaggle_52_frame130.jpg,spoof,0
prepared_liveness_data\raw\real\kaggle_77_frame125.jpg,real,1
prepared_liveness_data\raw\real\kaggle_76_frame100.jpg,real,1
prepared_liveness_data\raw\spoof\kaggle_79_frame190.jpg,spoof,0
prepared_liveness_data\raw\real\kaggle_62_frame205.jpg,real,1
prepared_liveness_data\raw\spoof\kaggle_13_frame395.jpg,spoof,0
prepared_liveness_data\raw\real\kaggle_12_frame185.jpg,real,1
prepared_liveness_data\raw\real\kaggle_30_frame195.jpg,real,1
prepared_liveness_data\raw\real\kaggle_78_frame165.jpg,real,1
prepared_liveness_data\raw\spoof\kaggle_55_frame355.jpg,spoof,0
prepared_liveness_data\raw\spoof\kaggle_10_frame305.jpg,spoof,0
prepared_liveness_data\raw\real\kaggle_9_frame170.jpg,real,1
prepared_liveness_data\raw\real\kaggle_65_frame425.jpg,real,1
prepared_liveness_data\raw\real\kaggle_39_frame225.jpg,real,1
prepared_liveness_data\raw\spoof\kaggle_69_frame245.jpg,spoof,0
prepared_liveness_data\raw\spoof\kaggle_42_frame130.jpg,spoof,0
prepared_liveness_data\raw\spoof\kaggle_79_frame360.jpg,spoof,0
prepared_liveness_data\raw\spoof\kaggle_68_frame215.jpg,spoof,0
prepared_liveness_data\raw\real\kaggle_49_frame285.jpg,real,1
prepared_liveness_data\raw\spoof\kaggle_49_frame100.jpg,spoof,0
prepared_liveness_data\raw\real\kaggle_22_frame45.jpg,real,1
prepared_liveness_data\raw\real\kaggle_51_frame200.jpg,real,1
prepared_liveness_data\raw\spoof\kaggle_57_frame260.jpg,spoof,0
prepared_liveness_data\raw\real\kaggle_11_frame250.jpg,real,1
prepared_liveness_data\raw\spoof\kaggle_79_frame35.jpg,spoof,0
prepared_liveness_data\raw\real\kaggle_66_frame225.jpg,real,1
prepared_liveness_data\raw\real\kaggle_70_frame340.jpg,real,1
prepared_liveness_data\raw\spoof\kaggle_11_frame225.jpg,spoof,0
prepared_liveness_data\raw\spoof\kaggle_12_frame415.jpg,spoof,0
prepared_liveness_data\raw\spoof\kaggle_34_frame110.jpg,spoof,0
prepared_liveness_data\raw\real\kaggle_25_frame75.jpg,real,1
prepared_liveness_data\raw\real\kaggle_67_frame130.jpg,real,1
prepared_liveness_data\raw\real\kaggle_6_frame115.jpg,real,1
prepared_liveness_data\raw\real\kaggle_9_frame125.jpg,real,1
prepared_liveness_data\raw\spoof\kaggle_5_frame275.jpg,spoof,0
prepared_liveness_data\raw\real\kaggle_40_frame100.jpg,real,1
prepared_liveness_data\raw\real\kaggle_12_frame145.jpg,real,1
prepared_liveness_data\raw\real\kaggle_1_frame110.jpg,real,1
prepared_liveness_data\raw\spoof\kaggle_51_frame325.jpg,spoof,0
prepared_liveness_data\raw\spoof\kaggle_61_frame0.jpg,spoof,0
prepared_liveness_data\raw\spoof\kaggle_70_frame75.jpg,spoof,0
prepared_liveness_data\raw\spoof\kaggle_43_frame230.jpg,spoof,0
prepared_liveness_data\raw\real\kaggle_59_frame30.jpg,real,1
prepared_liveness_data\raw\spoof\kaggle_1_frame135.jpg,spoof,0
prepared_liveness_data\raw\spoof\kaggle_77_frame160.jpg,spoof,0
prepared_liveness_data\raw\spoof\kaggle_15_frame225.jpg,spoof,0
prepared_liveness_data\raw\spoof\kaggle_34_frame260.jpg,spoof,0
prepared_liveness_data\raw\real\kaggle_40_frame105.jpg,real,1
prepared_liveness_data\raw\spoof\kaggle_35_frame475.jpg,spoof,0
prepared_liveness_data\raw\real\kaggle_19_frame95.jpg,real,1
prepared_liveness_data\raw\spoof\kaggle_9_frame250.jpg,spoof,0
prepared_liveness_data\raw\real\kaggle_47_frame140.jpg,real,1
prepared_liveness_data\raw\spoof\kaggle_27_frame35.jpg,spoof,0
prepared_liveness_data\raw\real\kaggle_28_frame75.jpg,real,1
prepared_liveness_data\raw\real\kaggle_72_frame155.jpg,real,1
prepared_liveness_data\raw\real\kaggle_61_frame240.jpg,real,1
prepared_liveness_data\raw\real\kaggle_53_frame240.jpg,real,1
prepared_liveness_data\raw\real\kaggle_61_frame520.jpg,real,1
prepared_liveness_data\raw\real\kaggle_47_frame315.jpg,real,1
prepared_liveness_data\raw\spoof\kaggle_53_frame115.jpg,spoof,0
prepared_liveness_data\raw\real\kaggle_65_frame440.jpg,real,1
prepared_liveness_data\raw\real\kaggle_10_frame175.jpg,real,1
prepared_liveness_data\raw\spoof\kaggle_2_frame15.jpg,spoof,0
prepared_liveness_data\raw\spoof\kaggle_52_frame205.jpg,spoof,0
prepared_liveness_data\raw\real\kaggle_27_frame5.jpg,real,1
prepared_liveness_data\raw\spoof\kaggle_52_frame55.jpg,spoof,0
prepared_liveness_data\raw\spoof\kaggle_11_frame425.jpg,spoof,0
prepared_liveness_data\raw\spoof\kaggle_28_frame135.jpg,spoof,0
prepared_liveness_data\raw\spoof\kaggle_67_frame230.jpg,spoof,0
prepared_liveness_data\raw\real\kaggle_66_frame5.jpg,real,1
prepared_liveness_data\raw\spoof\kaggle_25_frame30.jpg,spoof,0
prepared_liveness_data\raw\spoof\kaggle_11_frame520.jpg,spoof,0
prepared_liveness_data\raw\real\kaggle_34_frame150.jpg,real,1
prepared_liveness_data\raw\spoof\kaggle_34_frame75.jpg,spoof,0
prepared_liveness_data\raw\spoof\kaggle_76_frame85.jpg,spoof,0
prepared_liveness_data\raw\real\kaggle_67_frame30.jpg,real,1
prepared_liveness_data\raw\spoof\kaggle_15_frame395.jpg,spoof,0
prepared_liveness_data\raw\real\kaggle_52_frame215.jpg,real,1
prepared_liveness_data\raw\spoof\kaggle_27_frame225.jpg,spoof,0
prepared_liveness_data\raw\real\kaggle_66_frame95.jpg,real,1
prepared_liveness_data\raw\spoof\kaggle_46_frame135.jpg,spoof,0
prepared_liveness_data\raw\spoof\kaggle_59_frame335.jpg,spoof,0
prepared_liveness_data\raw\spoof\kaggle_38_frame300.jpg,spoof,0
prepared_liveness_data\raw\real\kaggle_68_frame270.jpg,real,1
prepared_liveness_data\raw\spoof\kaggle_27_frame180.jpg,spoof,0
prepared_liveness_data\raw\spoof\kaggle_22_frame10.jpg,spoof,0
prepared_liveness_data\raw\spoof\kaggle_78_frame95.jpg,spoof,0
prepared_liveness_data\raw\real\kaggle_78_frame235.jpg,real,1
prepared_liveness_data\raw\real\kaggle_35_frame140.jpg,real,1
prepared_liveness_data\raw\real\kaggle_1_frame265.jpg,real,1
prepared_liveness_data\raw\real\kaggle_72_frame190.jpg,real,1
prepared_liveness_data\raw\spoof\kaggle_62_frame320.jpg,spoof,0
prepared_liveness_data\raw\spoof\kaggle_43_frame325.jpg,spoof,0
prepared_liveness_data\raw\spoof\kaggle_52_frame415.jpg,spoof,0
prepared_liveness_data\raw\spoof\kaggle_79_frame365.jpg,spoof,0
prepared_liveness_data\raw\spoof\kaggle_1_frame190.jpg,spoof,0
prepared_liveness_data\raw\spoof\kaggle_75_frame560.jpg,spoof,0
prepared_liveness_data\raw\spoof\kaggle_75_frame515.jpg,spoof,0
prepared_liveness_data\raw\spoof\kaggle_75_frame385.jpg,spoof,0
prepared_liveness_data\raw\real\kaggle_21_frame260.jpg,real,1
prepared_liveness_data\raw\spoof\kaggle_51_frame315.jpg,spoof,0
prepared_liveness_data\raw\real\kaggle_2_frame140.jpg,real,1
prepared_liveness_data\raw\spoof\kaggle_47_frame320.jpg,spoof,0
prepared_liveness_data\raw\real\kaggle_3_frame275.jpg,real,1
prepared_liveness_data\raw\real\kaggle_76_frame80.jpg,real,1
prepared_liveness_data\raw\spoof\kaggle_9_frame120.jpg,spoof,0
prepared_liveness_data\raw\spoof\kaggle_23_frame105.jpg,spoof,0
prepared_liveness_data\raw\real\kaggle_62_frame330.jpg,real,1
prepared_liveness_data\raw\spoof\kaggle_12_frame420.jpg,spoof,0
prepared_liveness_data\raw\real\kaggle_10_frame35.jpg,real,1
prepared_liveness_data\raw\real\kaggle_20_frame175.jpg,real,1
prepared_liveness_data\raw\spoof\kaggle_20_frame245.jpg,spoof,0
prepared_liveness_data\raw\real\kaggle_28_frame80.jpg,real,1
prepared_liveness_data\raw\real\kaggle_28_frame435.jpg,real,1
prepared_liveness_data\raw\real\kaggle_70_frame180.jpg,real,1
prepared_liveness_data\raw\spoof\kaggle_52_frame45.jpg,spoof,0
prepared_liveness_data\raw\spoof\kaggle_53_frame205.jpg,spoof,0
prepared_liveness_data\raw\real\kaggle_48_frame165.jpg,real,1
prepared_liveness_data\raw\real\kaggle_58_frame500.jpg,real,1
prepared_liveness_data\raw\spoof\kaggle_61_frame145.jpg,spoof,0
prepared_liveness_data\raw\spoof\kaggle_2_frame335.jpg,spoof,0
prepared_liveness_data\raw\spoof\kaggle_74_frame175.jpg,spoof,0
prepared_liveness_data\raw\spoof\kaggle_9_frame220.jpg,spoof,0
prepared_liveness_data\raw\real\kaggle_20_frame205.jpg,real,1
prepared_liveness_data\raw\spoof\kaggle_66_frame190.jpg,spoof,0
prepared_liveness_data\raw\real\kaggle_76_frame275.jpg,real,1
prepared_liveness_data\raw\real\kaggle_62_frame200.jpg,real,1
prepared_liveness_data\raw\real\kaggle_62_frame255.jpg,real,1
prepared_liveness_data\raw\spoof\kaggle_12_frame20.jpg,spoof,0
prepared_liveness_data\raw\spoof\kaggle_36_frame20.jpg,spoof,0
prepared_liveness_data\raw\spoof\kaggle_58_frame95.jpg,spoof,0
prepared_liveness_data\raw\spoof\kaggle_25_frame45.jpg,spoof,0
prepared_liveness_data\raw\spoof\kaggle_46_frame535.jpg,spoof,0
prepared_liveness_data\raw\real\kaggle_47_frame375.jpg,real,1
prepared_liveness_data\raw\spoof\kaggle_49_frame445.jpg,spoof,0
prepared_liveness_data\raw\real\kaggle_61_frame140.jpg,real,1
prepared_liveness_data\raw\spoof\kaggle_34_frame60.jpg,spoof,0
prepared_liveness_data\raw\real\kaggle_10_frame185.jpg,real,1
prepared_liveness_data\raw\spoof\kaggle_55_frame230.jpg,spoof,0
prepared_liveness_data\raw\real\kaggle_75_frame400.jpg,real,1
prepared_liveness_data\raw\real\kaggle_66_frame175.jpg,real,1
prepared_liveness_data\raw\real\kaggle_12_frame355.jpg,real,1
prepared_liveness_data\raw\real\kaggle_30_frame200.jpg,real,1
prepared_liveness_data\raw\spoof\kaggle_43_frame390.jpg,spoof,0
prepared_liveness_data\raw\real\kaggle_70_frame120.jpg,real,1
prepared_liveness_data\raw\spoof\kaggle_66_frame0.jpg,spoof,0
prepared_liveness_data\raw\spoof\kaggle_67_frame150.jpg,spoof,0
prepared_liveness_data\raw\real\kaggle_50_frame135.jpg,real,1
prepared_liveness_data\raw\real\kaggle_32_frame90.jpg,real,1
prepared_liveness_data\raw\spoof\kaggle_30_frame210.jpg,spoof,0
prepared_liveness_data\raw\spoof\kaggle_70_frame265.jpg,spoof,0
prepared_liveness_data\raw\spoof\kaggle_7_frame100.jpg,spoof,0
prepared_liveness_data\raw\real\kaggle_23_frame420.jpg,real,1
prepared_liveness_data\raw\real\kaggle_49_frame500.jpg,real,1
prepared_liveness_data\raw\spoof\kaggle_60_frame45.jpg,spoof,0
prepared_liveness_data\raw\spoof\kaggle_2_frame205.jpg,spoof,0
prepared_liveness_data\raw\real\kaggle_6_frame120.jpg,real,1
prepared_liveness_data\raw\real\kaggle_61_frame270.jpg,real,1
prepared_liveness_data\raw\spoof\kaggle_40_frame155.jpg,spoof,0
prepared_liveness_data\raw\spoof\kaggle_8_frame165.jpg,spoof,0
prepared_liveness_data\raw\real\kaggle_61_frame405.jpg,real,1
prepared_liveness_data\raw\real\kaggle_2_frame125.jpg,real,1
prepared_liveness_data\raw\real\kaggle_52_frame410.jpg,real,1
prepared_liveness_data\raw\spoof\kaggle_38_frame260.jpg,spoof,0
prepared_liveness_data\raw\spoof\kaggle_36_frame130.jpg,spoof,0
prepared_liveness_data\raw\real\kaggle_45_frame175.jpg,real,1
prepared_liveness_data\raw\spoof\kaggle_0_frame385.jpg,spoof,0
prepared_liveness_data\raw\real\kaggle_10_frame285.jpg,real,1
prepared_liveness_data\raw\spoof\kaggle_59_frame85.jpg,spoof,0
prepared_liveness_data\raw\spoof\kaggle_30_frame390.jpg,spoof,0
prepared_liveness_data\raw\spoof\kaggle_35_frame160.jpg,spoof,0
prepared_liveness_data\raw\spoof\kaggle_30_frame445.jpg,spoof,0
prepared_liveness_data\raw\spoof\kaggle_3_frame85.jpg,spoof,0
prepared_liveness_data\raw\real\kaggle_69_frame260.jpg,real,1
prepared_liveness_data\raw\real\kaggle_7_frame260.jpg,real,1
prepared_liveness_data\raw\spoof\kaggle_11_frame5.jpg,spoof,0
prepared_liveness_data\raw\spoof\kaggle_58_frame270.jpg,spoof,0
prepared_liveness_data\raw\spoof\kaggle_53_frame260.jpg,spoof,0
prepared_liveness_data\raw\real\kaggle_27_frame195.jpg,real,1
prepared_liveness_data\raw\real\kaggle_19_frame100.jpg,real,1
prepared_liveness_data\raw\real\kaggle_55_frame105.jpg,real,1
prepared_liveness_data\raw\real\kaggle_35_frame160.jpg,real,1
prepared_liveness_data\raw\spoof\kaggle_49_frame135.jpg,spoof,0
prepared_liveness_data\raw\spoof\kaggle_27_frame90.jpg,spoof,0
prepared_liveness_data\raw\spoof\kaggle_76_frame365.jpg,spoof,0
prepared_liveness_data\raw\spoof\kaggle_31_frame65.jpg,spoof,0
prepared_liveness_data\raw\real\kaggle_10_frame115.jpg,real,1
prepared_liveness_data\raw\real\kaggle_44_frame250.jpg,real,1
prepared_liveness_data\raw\spoof\kaggle_13_frame230.jpg,spoof,0
prepared_liveness_data\raw\real\kaggle_30_frame55.jpg,real,1
prepared_liveness_data\raw\real\kaggle_47_frame275.jpg,real,1
prepared_liveness_data\raw\spoof\kaggle_42_frame220.jpg,spoof,0
prepared_liveness_data\raw\real\kaggle_21_frame290.jpg,real,1
prepared_liveness_data\raw\real\kaggle_3_frame190.jpg,real,1
prepared_liveness_data\raw\real\kaggle_12_frame40.jpg,real,1
prepared_liveness_data\raw\real\kaggle_64_frame90.jpg,real,1
prepared_liveness_data\raw\spoof\kaggle_16_frame105.jpg,spoof,0
prepared_liveness_data\raw\real\kaggle_15_frame305.jpg,real,1
prepared_liveness_data\raw\spoof\kaggle_23_frame245.jpg,spoof,0
prepared_liveness_data\raw\spoof\kaggle_11_frame150.jpg,spoof,0
prepared_liveness_data\raw\real\kaggle_79_frame270.jpg,real,1
prepared_liveness_data\raw\real\kaggle_54_frame195.jpg,real,1
prepared_liveness_data\raw\spoof\kaggle_30_frame480.jpg,spoof,0
prepared_liveness_data\raw\spoof\kaggle_48_frame185.jpg,spoof,0
prepared_liveness_data\raw\real\kaggle_13_frame110.jpg,real,1
prepared_liveness_data\raw\real\kaggle_49_frame435.jpg,real,1
prepared_liveness_data\raw\real\kaggle_14_frame25.jpg,real,1
prepared_liveness_data\raw\real\kaggle_4_frame10.jpg,real,1
prepared_liveness_data\raw\spoof\kaggle_4_frame125.jpg,spoof,0
prepared_liveness_data\raw\spoof\kaggle_29_frame80.jpg,spoof,0
prepared_liveness_data\raw\spoof\kaggle_52_frame395.jpg,spoof,0
prepared_liveness_data\raw\spoof\kaggle_49_frame85.jpg,spoof,0
prepared_liveness_data\raw\real\kaggle_35_frame210.jpg,real,1
prepared_liveness_data\raw\real\kaggle_62_frame190.jpg,real,1
prepared_liveness_data\raw\spoof\kaggle_66_frame75.jpg,spoof,0
prepared_liveness_data\raw\spoof\kaggle_0_frame310.jpg,spoof,0
prepared_liveness_data\raw\spoof\kaggle_65_frame90.jpg,spoof,0
prepared_liveness_data\raw\spoof\kaggle_60_frame220.jpg,spoof,0
prepared_liveness_data\raw\spoof\kaggle_18_frame510.jpg,spoof,0
prepared_liveness_data\raw\spoof\kaggle_25_frame310.jpg,spoof,0
prepared_liveness_data\raw\real\kaggle_75_frame75.jpg,real,1
prepared_liveness_data\raw\real\kaggle_42_frame125.jpg,real,1
prepared_liveness_data\raw\spoof\kaggle_69_frame5.jpg,spoof,0
prepared_liveness_data\raw\real\kaggle_43_frame60.jpg,real,1
prepared_liveness_data\raw\spoof\kaggle_28_frame375.jpg,spoof,0
prepared_liveness_data\raw\spoof\kaggle_12_frame405.jpg,spoof,0
prepared_liveness_data\raw\real\kaggle_25_frame335.jpg,real,1
prepared_liveness_data\raw\real\kaggle_28_frame390.jpg,real,1
prepared_liveness_data\raw\spoof\kaggle_44_frame185.jpg,spoof,0
prepared_liveness_data\raw\spoof\kaggle_11_frame565.jpg,spoof,0
prepared_liveness_data\raw\real\kaggle_15_frame290.jpg,real,1
prepared_liveness_data\raw\spoof\kaggle_10_frame45.jpg,spoof,0
prepared_liveness_data\raw\real\kaggle_1_frame35.jpg,real,1
prepared_liveness_data\raw\spoof\kaggle_52_frame10.jpg,spoof,0
prepared_liveness_data\raw\real\kaggle_26_frame15.jpg,real,1
prepared_liveness_data\raw\spoof\kaggle_25_frame375.jpg,spoof,0
prepared_liveness_data\raw\spoof\kaggle_39_frame155.jpg,spoof,0
prepared_liveness_data\raw\spoof\kaggle_70_frame260.jpg,spoof,0
prepared_liveness_data\raw\spoof\kaggle_5_frame5.jpg,spoof,0
prepared_liveness_data\raw\real\kaggle_30_frame0.jpg,real,1
prepared_liveness_data\raw\real\kaggle_72_frame325.jpg,real,1
prepared_liveness_data\raw\spoof\kaggle_44_frame275.jpg,spoof,0
prepared_liveness_data\raw\spoof\kaggle_41_frame325.jpg,spoof,0
prepared_liveness_data\raw\real\kaggle_13_frame155.jpg,real,1
prepared_liveness_data\raw\spoof\kaggle_77_frame130.jpg,spoof,0
prepared_liveness_data\raw\spoof\kaggle_36_frame125.jpg,spoof,0
prepared_liveness_data\raw\spoof\kaggle_47_frame415.jpg,spoof,0
prepared_liveness_data\raw\real\kaggle_23_frame0.jpg,real,1
prepared_liveness_data\raw\real\kaggle_75_frame375.jpg,real,1
prepared_liveness_data\raw\real\kaggle_8_frame270.jpg,real,1
prepared_liveness_data\raw\spoof\kaggle_43_frame270.jpg,spoof,0
prepared_liveness_data\raw\real\kaggle_18_frame280.jpg,real,1
prepared_liveness_data\raw\spoof\kaggle_15_frame205.jpg,spoof,0
prepared_liveness_data\raw\real\kaggle_69_frame35.jpg,real,1
prepared_liveness_data\raw\real\kaggle_4_frame120.jpg,real,1
prepared_liveness_data\raw\spoof\kaggle_33_frame230.jpg,spoof,0
prepared_liveness_data\raw\spoof\kaggle_77_frame380.jpg,spoof,0
prepared_liveness_data\raw\real\kaggle_44_frame240.jpg,real,1
prepared_liveness_data\raw\spoof\kaggle_73_frame75.jpg,spoof,0
prepared_liveness_data\raw\real\kaggle_53_frame45.jpg,real,1
prepared_liveness_data\raw\real\kaggle_11_frame265.jpg,real,1
prepared_liveness_data\raw\spoof\kaggle_16_frame20.jpg,spoof,0
prepared_liveness_data\raw\real\kaggle_6_frame20.jpg,real,1
prepared_liveness_data\raw\spoof\kaggle_48_frame50.jpg,spoof,0
prepared_liveness_data\raw\spoof\kaggle_17_frame305.jpg,spoof,0
prepared_liveness_data\raw\spoof\kaggle_6_frame55.jpg,spoof,0
prepared_liveness_data\raw\spoof\kaggle_75_frame5.jpg,spoof,0
prepared_liveness_data\raw\real\kaggle_69_frame325.jpg,real,1
prepared_liveness_data\raw\spoof\kaggle_71_frame320.jpg,spoof,0
prepared_liveness_data\raw\spoof\kaggle_36_frame165.jpg,spoof,0
prepared_liveness_data\raw\real\kaggle_46_frame410.jpg,real,1
prepared_liveness_data\raw\spoof\kaggle_76_frame260.jpg,spoof,0
prepared_liveness_data\raw\spoof\kaggle_15_frame80.jpg,spoof,0
prepared_liveness_data\raw\spoof\kaggle_0_frame340.jpg,spoof,0
prepared_liveness_data\raw\real\kaggle_64_frame160.jpg,real,1
prepared_liveness_data\raw\real\kaggle_18_frame395.jpg,real,1
prepared_liveness_data\raw\real\kaggle_70_frame330.jpg,real,1
prepared_liveness_data\raw\spoof\kaggle_35_frame460.jpg,spoof,0
prepared_liveness_data\raw\real\kaggle_8_frame195.jpg,real,1
prepared_liveness_data\raw\real\kaggle_61_frame345.jpg,real,1
prepared_liveness_data\raw\real\kaggle_39_frame105.jpg,real,1
prepared_liveness_data\raw\real\kaggle_14_frame205.jpg,real,1
prepared_liveness_data\raw\real\kaggle_0_frame180.jpg,real,1
prepared_liveness_data\raw\spoof\kaggle_39_frame25.jpg,spoof,0
prepared_liveness_data\raw\spoof\kaggle_31_frame200.jpg,spoof,0
prepared_liveness_data\raw\real\kaggle_49_frame95.jpg,real,1
prepared_liveness_data\raw\spoof\kaggle_65_frame360.jpg,spoof,0
prepared_liveness_data\raw\real\kaggle_52_frame130.jpg,real,1
prepared_liveness_data\raw\real\kaggle_6_frame135.jpg,real,1
prepared_liveness_data\raw\spoof\kaggle_40_frame40.jpg,spoof,0
prepared_liveness_data\raw\real\kaggle_77_frame45.jpg,real,1
prepared_liveness_data\raw\spoof\kaggle_67_frame0.jpg,spoof,0
prepared_liveness_data\raw\real\kaggle_35_frame100.jpg,real,1
prepared_liveness_data\raw\real\kaggle_39_frame240.jpg,real,1
prepared_liveness_data\raw\spoof\kaggle_9_frame155.jpg,spoof,0
prepared_liveness_data\raw\spoof\kaggle_7_frame70.jpg,spoof,0
prepared_liveness_data\raw\real\kaggle_28_frame150.jpg,real,1
prepared_liveness_data\raw\spoof\kaggle_55_frame270.jpg,spoof,0
prepared_liveness_data\raw\real\kaggle_58_frame25.jpg,real,1
prepared_liveness_data\raw\spoof\kaggle_59_frame55.jpg,spoof,0
prepared_liveness_data\raw\real\kaggle_66_frame45.jpg,real,1
prepared_liveness_data\raw\spoof\kaggle_23_frame170.jpg,spoof,0
prepared_liveness_data\raw\spoof\kaggle_58_frame180.jpg,spoof,0
prepared_liveness_data\raw\real\kaggle_12_frame360.jpg,real,1
prepared_liveness_data\raw\spoof\kaggle_39_frame265.jpg,spoof,0
prepared_liveness_data\raw\spoof\kaggle_53_frame305.jpg,spoof,0
prepared_liveness_data\raw\spoof\kaggle_74_frame170.jpg,spoof,0
prepared_liveness_data\raw\spoof\kaggle_58_frame160.jpg,spoof,0
prepared_liveness_data\raw\spoof\kaggle_45_frame145.jpg,spoof,0
prepared_liveness_data\raw\spoof\kaggle_49_frame725.jpg,spoof,0
prepared_liveness_data\raw\real\kaggle_75_frame35.jpg,real,1
prepared_liveness_data\raw\spoof\kaggle_1_frame275.jpg,spoof,0
prepared_liveness_data\raw\spoof\kaggle_43_frame435.jpg,spoof,0
prepared_liveness_data\raw\spoof\kaggle_4_frame180.jpg,spoof,0
prepared_liveness_data\raw\spoof\kaggle_33_frame200.jpg,spoof,0
prepared_liveness_data\raw\spoof\kaggle_47_frame395.jpg,spoof,0
prepared_liveness_data\raw\spoof\kaggle_12_frame330.jpg,spoof,0
prepared_liveness_data\raw\spoof\kaggle_64_frame245.jpg,spoof,0
prepared_liveness_data\raw\spoof\kaggle_17_frame150.jpg,spoof,0
prepared_liveness_data\raw\spoof\kaggle_71_frame20.jpg,spoof,0
prepared_liveness_data\raw\spoof\kaggle_35_frame80.jpg,spoof,0
prepared_liveness_data\raw\spoof\kaggle_52_frame420.jpg,spoof,0
prepared_liveness_data\raw\spoof\kaggle_77_frame385.jpg,spoof,0
prepared_liveness_data\raw\spoof\kaggle_68_frame325.jpg,spoof,0
prepared_liveness_data\raw\real\kaggle_19_frame75.jpg,real,1
prepared_liveness_data\raw\real\kaggle_26_frame150.jpg,real,1
prepared_liveness_data\raw\spoof\kaggle_49_frame545.jpg,spoof,0
prepared_liveness_data\raw\spoof\kaggle_56_frame125.jpg,spoof,0
prepared_liveness_data\raw\real\kaggle_71_frame145.jpg,real,1
prepared_liveness_data\raw\real\kaggle_49_frame450.jpg,real,1
prepared_liveness_data\raw\real\kaggle_12_frame510.jpg,real,1
prepared_liveness_data\raw\real\kaggle_19_frame220.jpg,real,1
prepared_liveness_data\raw\real\kaggle_75_frame60.jpg,real,1
prepared_liveness_data\raw\spoof\kaggle_39_frame145.jpg,spoof,0
prepared_liveness_data\raw\real\kaggle_73_frame180.jpg,real,1
prepared_liveness_data\raw\spoof\kaggle_57_frame250.jpg,spoof,0
prepared_liveness_data\raw\real\kaggle_70_frame270.jpg,real,1
prepared_liveness_data\raw\spoof\kaggle_21_frame20.jpg,spoof,0
prepared_liveness_data\raw\real\kaggle_1_frame65.jpg,real,1
prepared_liveness_data\raw\spoof\kaggle_55_frame380.jpg,spoof,0
prepared_liveness_data\raw\spoof\kaggle_9_frame295.jpg,spoof,0
prepared_liveness_data\raw\spoof\kaggle_74_frame365.jpg,spoof,0
prepared_liveness_data\raw\spoof\kaggle_32_frame190.jpg,spoof,0
prepared_liveness_data\raw\real\kaggle_14_frame130.jpg,real,1
prepared_liveness_data\raw\spoof\kaggle_30_frame60.jpg,spoof,0
prepared_liveness_data\raw\real\kaggle_11_frame255.jpg,real,1
prepared_liveness_data\raw\real\kaggle_47_frame295.jpg,real,1
prepared_liveness_data\raw\real\kaggle_23_frame200.jpg,real,1
prepared_liveness_data\raw\real\kaggle_58_frame410.jpg,real,1
prepared_liveness_data\raw\real\kaggle_74_frame50.jpg,real,1
prepared_liveness_data\raw\spoof\kaggle_62_frame185.jpg,spoof,0
prepared_liveness_data\raw\real\kaggle_25_frame50.jpg,real,1
prepared_liveness_data\raw\real\kaggle_10_frame355.jpg,real,1
prepared_liveness_data\raw\spoof\kaggle_35_frame75.jpg,spoof,0
prepared_liveness_data\raw\spoof\kaggle_39_frame100.jpg,spoof,0
prepared_liveness_data\raw\spoof\kaggle_52_frame475.jpg,spoof,0
prepared_liveness_data\raw\spoof\kaggle_20_frame45.jpg,spoof,0
prepared_liveness_data\raw\spoof\kaggle_46_frame60.jpg,spoof,0
prepared_liveness_data\raw\real\kaggle_56_frame25.jpg,real,1
prepared_liveness_data\raw\real\kaggle_75_frame25.jpg,real,1
prepared_liveness_data\raw\spoof\kaggle_37_frame390.jpg,spoof,0
prepared_liveness_data\raw\spoof\kaggle_3_frame220.jpg,spoof,0
prepared_liveness_data\raw\spoof\kaggle_76_frame205.jpg,spoof,0
prepared_liveness_data\raw\real\kaggle_75_frame320.jpg,real,1
prepared_liveness_data\raw\real\kaggle_0_frame55.jpg,real,1
prepared_liveness_data\raw\spoof\kaggle_75_frame360.jpg,spoof,0
prepared_liveness_data\raw\spoof\kaggle_54_frame215.jpg,spoof,0
prepared_liveness_data\raw\real\kaggle_57_frame155.jpg,real,1
prepared_liveness_data\raw\spoof\kaggle_55_frame470.jpg,spoof,0
prepared_liveness_data\raw\spoof\kaggle_46_frame335.jpg,spoof,0
prepared_liveness_data\raw\real\kaggle_50_frame260.jpg,real,1
prepared_liveness_data\raw\real\kaggle_10_frame315.jpg,real,1
prepared_liveness_data\raw\real\kaggle_46_frame230.jpg,real,1
prepared_liveness_data\raw\spoof\kaggle_61_frame160.jpg,spoof,0
prepared_liveness_data\raw\real\kaggle_14_frame170.jpg,real,1
prepared_liveness_data\raw\real\kaggle_38_frame45.jpg,real,1
prepared_liveness_data\raw\spoof\kaggle_24_frame195.jpg,spoof,0
prepared_liveness_data\raw\real\kaggle_74_frame320.jpg,real,1
prepared_liveness_data\raw\real\kaggle_37_frame70.jpg,real,1
prepared_liveness_data\raw\real\kaggle_16_frame25.jpg,real,1
prepared_liveness_data\raw\spoof\kaggle_73_frame205.jpg,spoof,0
prepared_liveness_data\raw\real\kaggle_70_frame5.jpg,real,1
prepared_liveness_data\raw\real\kaggle_19_frame55.jpg,real,1
prepared_liveness_data\raw\spoof\kaggle_70_frame395.jpg,spoof,0
prepared_liveness_data\raw\spoof\kaggle_4_frame80.jpg,spoof,0
prepared_liveness_data\raw\spoof\kaggle_14_frame305.jpg,spoof,0
prepared_liveness_data\raw\spoof\kaggle_0_frame360.jpg,spoof,0
prepared_liveness_data\raw\spoof\kaggle_79_frame405.jpg,spoof,0
prepared_liveness_data\raw\real\kaggle_41_frame60.jpg,real,1
prepared_liveness_data\raw\real\kaggle_79_frame180.jpg,real,1
prepared_liveness_data\raw\real\kaggle_4_frame180.jpg,real,1
prepared_liveness_data\raw\spoof\kaggle_78_frame185.jpg,spoof,0
prepared_liveness_data\raw\real\kaggle_18_frame50.jpg,real,1
prepared_liveness_data\raw\spoof\kaggle_19_frame100.jpg,spoof,0
prepared_liveness_data\raw\spoof\kaggle_49_frame250.jpg,spoof,0
prepared_liveness_data\raw\spoof\kaggle_6_frame50.jpg,spoof,0
prepared_liveness_data\raw\spoof\kaggle_12_frame230.jpg,spoof,0
prepared_liveness_data\raw\spoof\kaggle_49_frame155.jpg,spoof,0
prepared_liveness_data\raw\real\kaggle_38_frame80.jpg,real,1
prepared_liveness_data\raw\real\kaggle_3_frame250.jpg,real,1
prepared_liveness_data\raw\real\kaggle_74_frame330.jpg,real,1
prepared_liveness_data\raw\spoof\kaggle_76_frame195.jpg,spoof,0
prepared_liveness_data\raw\spoof\kaggle_25_frame255.jpg,spoof,0
prepared_liveness_data\raw\real\kaggle_19_frame155.jpg,real,1
prepared_liveness_data\raw\real\kaggle_76_frame165.jpg,real,1
prepared_liveness_data\raw\spoof\kaggle_46_frame150.jpg,spoof,0
prepared_liveness_data\raw\spoof\kaggle_70_frame250.jpg,spoof,0
prepared_liveness_data\raw\spoof\kaggle_37_frame410.jpg,spoof,0
prepared_liveness_data\raw\real\kaggle_74_frame255.jpg,real,1
prepared_liveness_data\raw\real\kaggle_58_frame190.jpg,real,1
prepared_liveness_data\raw\real\kaggle_12_frame65.jpg,real,1
prepared_liveness_data\raw\real\kaggle_74_frame0.jpg,real,1
prepared_liveness_data\raw\spoof\kaggle_42_frame85.jpg,spoof,0
prepared_liveness_data\raw\spoof\kaggle_62_frame15.jpg,spoof,0
prepared_liveness_data\raw\spoof\kaggle_49_frame410.jpg,spoof,0
prepared_liveness_data\raw\real\kaggle_30_frame155.jpg,real,1
prepared_liveness_data\raw\real\kaggle_65_frame40.jpg,real,1
prepared_liveness_data\raw\real\kaggle_13_frame285.jpg,real,1
prepared_liveness_data\raw\real\kaggle_38_frame95.jpg,real,1
prepared_liveness_data\raw\spoof\kaggle_47_frame85.jpg,spoof,0
prepared_liveness_data\raw\real\kaggle_23_frame220.jpg,real,1
prepared_liveness_data\raw\spoof\kaggle_73_frame220.jpg,spoof,0
prepared_liveness_data\raw\spoof\kaggle_66_frame30.jpg,spoof,0
prepared_liveness_data\raw\real\kaggle_15_frame390.jpg,real,1
prepared_liveness_data\raw\spoof\kaggle_42_frame80.jpg,spoof,0
prepared_liveness_data\raw\real\kaggle_62_frame245.jpg,real,1
prepared_liveness_data\raw\spoof\kaggle_35_frame65.jpg,spoof,0
prepared_liveness_data\raw\real\kaggle_31_frame145.jpg,real,1
prepared_liveness_data\raw\real\kaggle_75_frame185.jpg,real,1
prepared_liveness_data\raw\spoof\kaggle_63_frame85.jpg,spoof,0
prepared_liveness_data\raw\spoof\kaggle_76_frame350.jpg,spoof,0
prepared_liveness_data\raw\real\kaggle_71_frame5.jpg,real,1
prepared_liveness_data\raw\real\kaggle_30_frame5.jpg,real,1
prepared_liveness_data\raw\real\kaggle_57_frame80.jpg,real,1
prepared_liveness_data\raw\spoof\kaggle_74_frame55.jpg,spoof,0
prepared_liveness_data\raw\real\kaggle_75_frame205.jpg,real,1
prepared_liveness_data\raw\real\kaggle_0_frame140.jpg,real,1
prepared_liveness_data\raw\spoof\kaggle_69_frame155.jpg,spoof,0
prepared_liveness_data\raw\spoof\kaggle_49_frame435.jpg,spoof,0
prepared_liveness_data\raw\real\kaggle_61_frame100.jpg,real,1
prepared_liveness_data\raw\spoof\kaggle_31_frame265.jpg,spoof,0
prepared_liveness_data\raw\real\kaggle_13_frame245.jpg,real,1
prepared_liveness_data\raw\spoof\kaggle_64_frame30.jpg,spoof,0
prepared_liveness_data\raw\real\kaggle_13_frame65.jpg,real,1
prepared_liveness_data\raw\real\kaggle_62_frame240.jpg,real,1
prepared_liveness_data\raw\spoof\kaggle_28_frame25.jpg,spoof,0
prepared_liveness_data\raw\spoof\kaggle_41_frame250.jpg,spoof,0
prepared_liveness_data\raw\real\kaggle_16_frame90.jpg,real,1
prepared_liveness_data\raw\spoof\kaggle_18_frame150.jpg,spoof,0
prepared_liveness_data\raw\real\kaggle_3_frame145.jpg,real,1
prepared_liveness_data\raw\real\kaggle_68_frame110.jpg,real,1
prepared_liveness_data\raw\spoof\kaggle_16_frame55.jpg,spoof,0
prepared_liveness_data\raw\spoof\kaggle_50_frame165.jpg,spoof,0
prepared_liveness_data\raw\real\kaggle_6_frame10.jpg,real,1
prepared_liveness_data\raw\real\kaggle_71_frame155.jpg,real,1
prepared_liveness_data\raw\spoof\kaggle_38_frame75.jpg,spoof,0
prepared_liveness_data\raw\spoof\kaggle_1_frame130.jpg,spoof,0
prepared_liveness_data\raw\real\kaggle_47_frame65.jpg,real,1
prepared_liveness_data\raw\spoof\kaggle_46_frame35.jpg,spoof,0
prepared_liveness_data\raw\spoof\kaggle_14_frame185.jpg,spoof,0
prepared_liveness_data\raw\spoof\kaggle_55_frame505.jpg,spoof,0
prepared_liveness_data\raw\spoof\kaggle_34_frame85.jpg,spoof,0
prepared_liveness_data\raw\real\kaggle_73_frame105.jpg,real,1
prepared_liveness_data\raw\real\kaggle_23_frame310.jpg,real,1
prepared_liveness_data\raw\real\kaggle_26_frame45.jpg,real,1
prepared_liveness_data\raw\spoof\kaggle_75_frame550.jpg,spoof,0
prepared_liveness_data\raw\real\kaggle_61_frame25.jpg,real,1
prepared_liveness_data\raw\spoof\kaggle_64_frame400.jpg,spoof,0
prepared_liveness_data\raw\real\kaggle_51_frame100.jpg,real,1
prepared_liveness_data\raw\real\kaggle_16_frame5.jpg,real,1
prepared_liveness_data\raw\real\kaggle_33_frame10.jpg,real,1
prepared_liveness_data\raw\spoof\kaggle_44_frame290.jpg,spoof,0
prepared_liveness_data\raw\real\kaggle_15_frame90.jpg,real,1
prepared_liveness_data\raw\spoof\kaggle_30_frame455.jpg,spoof,0
prepared_liveness_data\raw\real\kaggle_34_frame75.jpg,real,1
prepared_liveness_data\raw\real\kaggle_75_frame175.jpg,real,1
prepared_liveness_data\raw\spoof\kaggle_0_frame115.jpg,spoof,0
prepared_liveness_data\raw\spoof\kaggle_12_frame450.jpg,spoof,0
prepared_liveness_data\raw\spoof\kaggle_28_frame100.jpg,spoof,0
prepared_liveness_data\raw\spoof\kaggle_13_frame120.jpg,spoof,0
prepared_liveness_data\raw\real\kaggle_38_frame50.jpg,real,1
prepared_liveness_data\raw\real\kaggle_66_frame65.jpg,real,1
prepared_liveness_data\raw\real\kaggle_75_frame420.jpg,real,1
prepared_liveness_data\raw\real\kaggle_71_frame80.jpg,real,1
prepared_liveness_data\raw\real\kaggle_44_frame90.jpg,real,1
prepared_liveness_data\raw\real\kaggle_72_frame65.jpg,real,1
prepared_liveness_data\raw\spoof\kaggle_77_frame430.jpg,spoof,0
prepared_liveness_data\raw\spoof\kaggle_14_frame390.jpg,spoof,0
prepared_liveness_data\raw\spoof\kaggle_13_frame130.jpg,spoof,0
prepared_liveness_data\raw\real\kaggle_52_frame205.jpg,real,1
prepared_liveness_data\raw\real\kaggle_60_frame40.jpg,real,1
prepared_liveness_data\raw\spoof\kaggle_55_frame455.jpg,spoof,0
prepared_liveness_data\raw\real\kaggle_61_frame475.jpg,real,1
prepared_liveness_data\raw\real\kaggle_15_frame415.jpg,real,1
prepared_liveness_data\raw\spoof\kaggle_16_frame35.jpg,spoof,0
prepared_liveness_data\raw\spoof\kaggle_0_frame335.jpg,spoof,0
prepared_liveness_data\raw\spoof\kaggle_75_frame135.jpg,spoof,0
prepared_liveness_data\raw\spoof\kaggle_68_frame115.jpg,spoof,0
prepared_liveness_data\raw\spoof\kaggle_30_frame505.jpg,spoof,0
prepared_liveness_data\raw\spoof\kaggle_78_frame120.jpg,spoof,0
prepared_liveness_data\raw\real\kaggle_50_frame105.jpg,real,1
prepared_liveness_data\raw\spoof\kaggle_21_frame360.jpg,spoof,0
prepared_liveness_data\raw\spoof\kaggle_34_frame200.jpg,spoof,0
prepared_liveness_data\raw\real\kaggle_72_frame220.jpg,real,1
prepared_liveness_data\raw\spoof\kaggle_51_frame335.jpg,spoof,0
prepared_liveness_data\raw\real\kaggle_28_frame230.jpg,real,1
prepared_liveness_data\raw\real\kaggle_5_frame115.jpg,real,1
prepared_liveness_data\raw\real\kaggle_32_frame115.jpg,real,1
prepared_liveness_data\raw\spoof\kaggle_64_frame180.jpg,spoof,0
prepared_liveness_data\raw\real\kaggle_63_frame70.jpg,real,1
prepared_liveness_data\raw\real\kaggle_75_frame495.jpg,real,1
prepared_liveness_data\raw\spoof\kaggle_0_frame135.jpg,spoof,0
prepared_liveness_data\raw\spoof\kaggle_57_frame160.jpg,spoof,0
prepared_liveness_data\raw\spoof\kaggle_42_frame75.jpg,spoof,0
prepared_liveness_data\raw\real\kaggle_18_frame295.jpg,real,1
prepared_liveness_data\raw\spoof\kaggle_45_frame55.jpg,spoof,0
prepared_liveness_data\raw\real\kaggle_18_frame180.jpg,real,1
prepared_liveness_data\raw\spoof\kaggle_67_frame35.jpg,spoof,0
prepared_liveness_data\raw\spoof\kaggle_23_frame345.jpg,spoof,0
prepared_liveness_data\raw\spoof\kaggle_33_frame100.jpg,spoof,0
prepared_liveness_data\raw\spoof\kaggle_79_frame370.jpg,spoof,0
prepared_liveness_data\raw\spoof\kaggle_42_frame285.jpg,spoof,0
prepared_liveness_data\raw\spoof\kaggle_41_frame40.jpg,spoof,0
prepared_liveness_data\raw\spoof\kaggle_5_frame150.jpg,spoof,0
prepared_liveness_data\raw\spoof\kaggle_73_frame80.jpg,spoof,0
prepared_liveness_data\raw\spoof\kaggle_45_frame10.jpg,spoof,0
prepared_liveness_data\raw\spoof\kaggle_50_frame80.jpg,spoof,0
prepared_liveness_data\raw\spoof\kaggle_39_frame55.jpg,spoof,0
prepared_liveness_data\raw\spoof\kaggle_2_frame30.jpg,spoof,0
prepared_liveness_data\raw\spoof\kaggle_44_frame325.jpg,spoof,0
prepared_liveness_data\raw\spoof\kaggle_0_frame430.jpg,spoof,0
prepared_liveness_data\raw\spoof\kaggle_45_frame65.jpg,spoof,0
prepared_liveness_data\raw\spoof\kaggle_46_frame475.jpg,spoof,0
prepared_liveness_data\raw\spoof\kaggle_46_frame340.jpg,spoof,0
prepared_liveness_data\raw\real\kaggle_52_frame40.jpg,real,1
prepared_liveness_data\raw\spoof\kaggle_43_frame250.jpg,spoof,0
prepared_liveness_data\raw\real\kaggle_1_frame20.jpg,real,1
prepared_liveness_data\raw\real\kaggle_28_frame195.jpg,real,1
prepared_liveness_data\raw\spoof\kaggle_26_frame150.jpg,spoof,0
prepared_liveness_data\raw\real\kaggle_66_frame125.jpg,real,1
prepared_liveness_data\raw\spoof\kaggle_7_frame315.jpg,spoof,0
prepared_liveness_data\raw\spoof\kaggle_41_frame200.jpg,spoof,0
prepared_liveness_data\raw\spoof\kaggle_0_frame455.jpg,spoof,0
prepared_liveness_data\raw\spoof\kaggle_1_frame0.jpg,spoof,0
prepared_liveness_data\raw\real\kaggle_19_frame5.jpg,real,1
prepared_liveness_data\raw\spoof\kaggle_50_frame90.jpg,spoof,0
prepared_liveness_data\raw\spoof\kaggle_61_frame180.jpg,spoof,0
prepared_liveness_data\raw\spoof\kaggle_13_frame85.jpg,spoof,0
prepared_liveness_data\raw\spoof\kaggle_0_frame45.jpg,spoof,0
prepared_liveness_data\raw\spoof\kaggle_64_frame165.jpg,spoof,0
prepared_liveness_data\raw\spoof\kaggle_68_frame240.jpg,spoof,0
prepared_liveness_data\raw\spoof\kaggle_12_frame395.jpg,spoof,0
prepared_liveness_data\raw\real\kaggle_49_frame530.jpg,real,1
prepared_liveness_data\raw\spoof\kaggle_31_frame105.jpg,spoof,0
prepared_liveness_data\raw\spoof\kaggle_75_frame80.jpg,spoof,0
prepared_liveness_data\raw\spoof\kaggle_74_frame60.jpg,spoof,0
prepared_liveness_data\raw\real\kaggle_62_frame340.jpg,real,1
prepared_liveness_data\raw\spoof\kaggle_57_frame40.jpg,spoof,0
prepared_liveness_data\raw\real\kaggle_71_frame125.jpg,real,1
prepared_liveness_data\raw\real\kaggle_20_frame230.jpg,real,1
prepared_liveness_data\raw\spoof\kaggle_18_frame450.jpg,spoof,0
prepared_liveness_data\raw\real\kaggle_45_frame150.jpg,real,1
prepared_liveness_data\raw\real\kaggle_78_frame45.jpg,real,1
prepared_liveness_data\raw\spoof\kaggle_40_frame25.jpg,spoof,0
prepared_liveness_data\raw\spoof\kaggle_17_frame330.jpg,spoof,0
prepared_liveness_data\raw\spoof\kaggle_49_frame115.jpg,spoof,0
prepared_liveness_data\raw\real\kaggle_30_frame130.jpg,real,1
prepared_liveness_data\raw\real\kaggle_0_frame300.jpg,real,1
prepared_liveness_data\raw\real\kaggle_20_frame80.jpg,real,1
prepared_liveness_data\raw\spoof\kaggle_25_frame0.jpg,spoof,0
prepared_liveness_data\raw\real\kaggle_62_frame25.jpg,real,1
prepared_liveness_data\raw\spoof\kaggle_64_frame290.jpg,spoof,0
prepared_liveness_data\raw\spoof\kaggle_5_frame265.jpg,spoof,0
prepared_liveness_data\raw\spoof\kaggle_74_frame70.jpg,spoof,0
prepared_liveness_data\raw\spoof\kaggle_60_frame85.jpg,spoof,0
prepared_liveness_data\raw\real\kaggle_12_frame520.jpg,real,1
prepared_liveness_data\raw\spoof\kaggle_23_frame475.jpg,spoof,0
prepared_liveness_data\raw\spoof\kaggle_61_frame400.jpg,spoof,0
prepared_liveness_data\raw\real\kaggle_12_frame270.jpg,real,1
prepared_liveness_data\raw\spoof\kaggle_31_frame235.jpg,spoof,0
prepared_liveness_data\raw\spoof\kaggle_66_frame115.jpg,spoof,0
prepared_liveness_data\raw\spoof\kaggle_51_frame200.jpg,spoof,0
prepared_liveness_data\raw\real\kaggle_48_frame180.jpg,real,1
prepared_liveness_data\raw\spoof\kaggle_72_frame190.jpg,spoof,0
prepared_liveness_data\raw\real\kaggle_55_frame160.jpg,real,1
prepared_liveness_data\raw\real\kaggle_31_frame90.jpg,real,1
prepared_liveness_data\raw\spoof\kaggle_18_frame495.jpg,spoof,0
prepared_liveness_data\raw\spoof\kaggle_8_frame30.jpg,spoof,0
prepared_liveness_data\raw\spoof\kaggle_45_frame50.jpg,spoof,0
prepared_liveness_data\raw\real\kaggle_59_frame370.jpg,real,1
prepared_liveness_data\raw\spoof\kaggle_22_frame90.jpg,spoof,0
prepared_liveness_data\raw\real\kaggle_52_frame315.jpg,real,1
prepared_liveness_data\raw\real\kaggle_42_frame250.jpg,real,1
prepared_liveness_data\raw\spoof\kaggle_24_frame175.jpg,spoof,0
prepared_liveness_data\raw\real\kaggle_66_frame145.jpg,real,1
prepared_liveness_data\raw\real\kaggle_21_frame155.jpg,real,1
prepared_liveness_data\raw\spoof\kaggle_41_frame305.jpg,spoof,0
prepared_liveness_data\raw\real\kaggle_69_frame10.jpg,real,1
prepared_liveness_data\raw\spoof\kaggle_15_frame285.jpg,spoof,0
prepared_liveness_data\raw\spoof\kaggle_55_frame45.jpg,spoof,0
prepared_liveness_data\raw\spoof\kaggle_17_frame255.jpg,spoof,0
prepared_liveness_data\raw\real\kaggle_68_frame95.jpg,real,1
prepared_liveness_data\raw\spoof\kaggle_46_frame225.jpg,spoof,0
prepared_liveness_data\raw\spoof\kaggle_70_frame200.jpg,spoof,0
prepared_liveness_data\raw\spoof\kaggle_79_frame245.jpg,spoof,0
prepared_liveness_data\raw\spoof\kaggle_11_frame335.jpg,spoof,0
prepared_liveness_data\raw\real\kaggle_25_frame240.jpg,real,1
prepared_liveness_data\raw\spoof\kaggle_36_frame95.jpg,spoof,0
prepared_liveness_data\raw\spoof\kaggle_16_frame340.jpg,spoof,0
prepared_liveness_data\raw\spoof\kaggle_37_frame20.jpg,spoof,0
prepared_liveness_data\raw\real\kaggle_35_frame65.jpg,real,1
prepared_liveness_data\raw\spoof\kaggle_77_frame245.jpg,spoof,0
prepared_liveness_data\raw\spoof\kaggle_76_frame65.jpg,spoof,0
prepared_liveness_data\raw\real\kaggle_37_frame30.jpg,real,1
prepared_liveness_data\raw\real\kaggle_59_frame165.jpg,real,1
prepared_liveness_data\raw\spoof\kaggle_63_frame35.jpg,spoof,0
prepared_liveness_data\raw\real\kaggle_9_frame185.jpg,real,1
prepared_liveness_data\raw\real\kaggle_49_frame465.jpg,real,1
prepared_liveness_data\raw\spoof\kaggle_71_frame60.jpg,spoof,0
prepared_liveness_data\raw\real\kaggle_71_frame140.jpg,real,1
prepared_liveness_data\raw\spoof\kaggle_29_frame20.jpg,spoof,0
prepared_liveness_data\raw\spoof\kaggle_37_frame30.jpg,spoof,0
prepared_liveness_data\raw\spoof\kaggle_37_frame380.jpg,spoof,0
prepared_liveness_data\raw\spoof\kaggle_0_frame150.jpg,spoof,0
prepared_liveness_data\raw\real\kaggle_75_frame280.jpg,real,1
prepared_liveness_data\raw\real\kaggle_72_frame50.jpg,real,1
prepared_liveness_data\raw\real\kaggle_69_frame115.jpg,real,1
prepared_liveness_data\raw\spoof\kaggle_49_frame450.jpg,spoof,0
prepared_liveness_data\raw\spoof\kaggle_65_frame150.jpg,spoof,0
prepared_liveness_data\raw\spoof\kaggle_66_frame85.jpg,spoof,0
prepared_liveness_data\raw\real\kaggle_0_frame235.jpg,real,1
prepared_liveness_data\raw\spoof\kaggle_73_frame35.jpg,spoof,0
prepared_liveness_data\raw\spoof\kaggle_12_frame335.jpg,spoof,0
prepared_liveness_data\raw\spoof\kaggle_27_frame120.jpg,spoof,0
prepared_liveness_data\raw\spoof\kaggle_12_frame100.jpg,spoof,0
prepared_liveness_data\raw\spoof\kaggle_51_frame175.jpg,spoof,0
prepared_liveness_data\raw\real\kaggle_58_frame640.jpg,real,1
prepared_liveness_data\raw\spoof\kaggle_30_frame365.jpg,spoof,0
prepared_liveness_data\raw\spoof\kaggle_15_frame15.jpg,spoof,0
prepared_liveness_data\raw\real\kaggle_58_frame430.jpg,real,1
prepared_liveness_data\raw\spoof\kaggle_7_frame20.jpg,spoof,0
prepared_liveness_data\raw\spoof\kaggle_49_frame395.jpg,spoof,0
prepared_liveness_data\raw\spoof\kaggle_8_frame70.jpg,spoof,0
prepared_liveness_data\raw\real\kaggle_69_frame270.jpg,real,1
prepared_liveness_data\raw\real\kaggle_46_frame275.jpg,real,1
prepared_liveness_data\raw\spoof\kaggle_30_frame545.jpg,spoof,0
prepared_liveness_data\raw\real\kaggle_75_frame15.jpg,real,1
prepared_liveness_data\raw\spoof\kaggle_65_frame115.jpg,spoof,0
prepared_liveness_data\raw\spoof\kaggle_69_frame190.jpg,spoof,0
prepared_liveness_data\raw\spoof\kaggle_23_frame70.jpg,spoof,0
prepared_liveness_data\raw\real\kaggle_15_frame135.jpg,real,1
prepared_liveness_data\raw\real\kaggle_25_frame260.jpg,real,1
prepared_liveness_data\raw\spoof\kaggle_36_frame240.jpg,spoof,0
prepared_liveness_data\raw\real\kaggle_35_frame390.jpg,real,1
prepared_liveness_data\raw\real\kaggle_63_frame40.jpg,real,1
prepared_liveness_data\raw\spoof\kaggle_43_frame165.jpg,spoof,0
prepared_liveness_data\raw\real\kaggle_77_frame305.jpg,real,1
prepared_liveness_data\raw\spoof\kaggle_74_frame240.jpg,spoof,0
prepared_liveness_data\raw\spoof\kaggle_61_frame375.jpg,spoof,0
prepared_liveness_data\raw\real\kaggle_35_frame295.jpg,real,1
prepared_liveness_data\raw\real\kaggle_14_frame320.jpg,real,1
prepared_liveness_data\raw\real\kaggle_71_frame195.jpg,real,1
prepared_liveness_data\raw\spoof\kaggle_23_frame455.jpg,spoof,0
prepared_liveness_data\raw\spoof\kaggle_70_frame305.jpg,spoof,0
prepared_liveness_data\raw\spoof\kaggle_49_frame610.jpg,spoof,0
prepared_liveness_data\raw\real\kaggle_75_frame210.jpg,real,1
prepared_liveness_data\raw\spoof\kaggle_55_frame195.jpg,spoof,0
prepared_liveness_data\raw\spoof\kaggle_60_frame275.jpg,spoof,0
prepared_liveness_data\raw\real\kaggle_23_frame175.jpg,real,1
prepared_liveness_data\raw\spoof\kaggle_78_frame105.jpg,spoof,0
prepared_liveness_data\raw\spoof\kaggle_71_frame160.jpg,spoof,0
prepared_liveness_data\raw\spoof\kaggle_78_frame15.jpg,spoof,0
prepared_liveness_data\raw\spoof\kaggle_65_frame405.jpg,spoof,0
prepared_liveness_data\raw\real\kaggle_30_frame170.jpg,real,1
prepared_liveness_data\raw\spoof\kaggle_0_frame250.jpg,spoof,0
prepared_liveness_data\raw\real\kaggle_23_frame335.jpg,real,1
prepared_liveness_data\raw\real\kaggle_45_frame80.jpg,real,1
prepared_liveness_data\raw\spoof\kaggle_59_frame255.jpg,spoof,0
prepared_liveness_data\raw\real\kaggle_49_frame10.jpg,real,1
prepared_liveness_data\raw\spoof\kaggle_36_frame65.jpg,spoof,0
prepared_liveness_data\raw\real\kaggle_58_frame150.jpg,real,1
prepared_liveness_data\raw\spoof\kaggle_74_frame230.jpg,spoof,0
prepared_liveness_data\raw\spoof\kaggle_36_frame335.jpg,spoof,0
prepared_liveness_data\raw\real\kaggle_43_frame40.jpg,real,1
prepared_liveness_data\raw\spoof\kaggle_0_frame195.jpg,spoof,0
prepared_liveness_data\raw\spoof\kaggle_75_frame580.jpg,spoof,0
prepared_liveness_data\raw\spoof\kaggle_63_frame75.jpg,spoof,0
prepared_liveness_data\raw\real\kaggle_12_frame435.jpg,real,1
prepared_liveness_data\raw\real\kaggle_36_frame195.jpg,real,1
prepared_liveness_data\raw\real\kaggle_74_frame65.jpg,real,1
prepared_liveness_data\raw\spoof\kaggle_27_frame125.jpg,spoof,0
prepared_liveness_data\raw\spoof\kaggle_69_frame280.jpg,spoof,0
prepared_liveness_data\raw\spoof\kaggle_38_frame235.jpg,spoof,0
prepared_liveness_data\raw\spoof\kaggle_27_frame155.jpg,spoof,0
prepared_liveness_data\raw\spoof\kaggle_65_frame145.jpg,spoof,0
prepared_liveness_data\raw\real\kaggle_55_frame170.jpg,real,1
prepared_liveness_data\raw\spoof\kaggle_21_frame325.jpg,spoof,0
prepared_liveness_data\raw\spoof\kaggle_13_frame380.jpg,spoof,0
prepared_liveness_data\raw\spoof\kaggle_37_frame375.jpg,spoof,0
prepared_liveness_data\raw\spoof\kaggle_73_frame5.jpg,spoof,0
prepared_liveness_data\raw\real\kaggle_34_frame70.jpg,real,1
prepared_liveness_data\raw\spoof\kaggle_71_frame215.jpg,spoof,0
prepared_liveness_data\raw\spoof\kaggle_2_frame45.jpg,spoof,0
prepared_liveness_data\raw\spoof\kaggle_28_frame65.jpg,spoof,0
prepared_liveness_data\raw\spoof\kaggle_33_frame45.jpg,spoof,0
prepared_liveness_data\raw\spoof\kaggle_52_frame465.jpg,spoof,0
prepared_liveness_data\raw\real\kaggle_20_frame10.jpg,real,1
prepared_liveness_data\raw\spoof\kaggle_37_frame115.jpg,spoof,0
prepared_liveness_data\raw\spoof\kaggle_47_frame475.jpg,spoof,0
prepared_liveness_data\raw\real\kaggle_36_frame100.jpg,real,1
prepared_liveness_data\raw\real\kaggle_21_frame85.jpg,real,1
prepared_liveness_data\raw\spoof\kaggle_38_frame245.jpg,spoof,0
prepared_liveness_data\raw\real\kaggle_77_frame365.jpg,real,1
prepared_liveness_data\raw\real\kaggle_34_frame210.jpg,real,1
prepared_liveness_data\raw\real\kaggle_59_frame200.jpg,real,1
prepared_liveness_data\raw\spoof\kaggle_43_frame210.jpg,spoof,0
prepared_liveness_data\raw\real\kaggle_30_frame20.jpg,real,1
prepared_liveness_data\raw\real\kaggle_32_frame205.jpg,real,1
prepared_liveness_data\raw\spoof\kaggle_49_frame685.jpg,spoof,0
prepared_liveness_data\raw\spoof\kaggle_72_frame130.jpg,spoof,0
prepared_liveness_data\raw\spoof\kaggle_43_frame225.jpg,spoof,0
prepared_liveness_data\raw\spoof\kaggle_35_frame70.jpg,spoof,0
prepared_liveness_data\raw\real\kaggle_58_frame695.jpg,real,1
prepared_liveness_data\raw\real\kaggle_42_frame190.jpg,real,1
prepared_liveness_data\raw\real\kaggle_76_frame185.jpg,real,1
prepared_liveness_data\raw\spoof\kaggle_34_frame80.jpg,spoof,0
prepared_liveness_data\raw\spoof\kaggle_52_frame450.jpg,spoof,0
prepared_liveness_data\raw\spoof\kaggle_15_frame10.jpg,spoof,0
prepared_liveness_data\raw\real\kaggle_25_frame225.jpg,real,1
prepared_liveness_data\raw\spoof\kaggle_55_frame110.jpg,spoof,0
prepared_liveness_data\raw\real\kaggle_41_frame25.jpg,real,1
prepared_liveness_data\raw\spoof\kaggle_21_frame150.jpg,spoof,0
prepared_liveness_data\raw\spoof\kaggle_18_frame285.jpg,spoof,0
prepared_liveness_data\raw\real\kaggle_73_frame195.jpg,real,1
prepared_liveness_data\raw\spoof\kaggle_70_frame440.jpg,spoof,0
prepared_liveness_data\raw\spoof\kaggle_57_frame45.jpg,spoof,0
prepared_liveness_data\raw\real\kaggle_33_frame75.jpg,real,1
prepared_liveness_data\raw\real\kaggle_29_frame180.jpg,real,1
prepared_liveness_data\raw\spoof\kaggle_45_frame60.jpg,spoof,0
prepared_liveness_data\raw\real\kaggle_58_frame710.jpg,real,1
prepared_liveness_data\raw\real\kaggle_32_frame5.jpg,real,1
prepared_liveness_data\raw\real\kaggle_41_frame115.jpg,real,1
prepared_liveness_data\raw\spoof\kaggle_46_frame115.jpg,spoof,0
prepared_liveness_data\raw\spoof\kaggle_30_frame590.jpg,spoof,0
prepared_liveness_data\raw\spoof\kaggle_42_frame240.jpg,spoof,0
prepared_liveness_data\raw\spoof\kaggle_37_frame255.jpg,spoof,0
prepared_liveness_data\raw\spoof\kaggle_70_frame120.jpg,spoof,0
prepared_liveness_data\raw\spoof\kaggle_10_frame160.jpg,spoof,0
prepared_liveness_data\raw\spoof\kaggle_70_frame400.jpg,spoof,0
prepared_liveness_data\raw\real\kaggle_29_frame90.jpg,real,1
prepared_liveness_data\raw\spoof\kaggle_61_frame90.jpg,spoof,0
prepared_liveness_data\raw\spoof\kaggle_16_frame395.jpg,spoof,0
prepared_liveness_data\raw\spoof\kaggle_29_frame100.jpg,spoof,0
prepared_liveness_data\raw\spoof\kaggle_22_frame60.jpg,spoof,0
prepared_liveness_data\raw\spoof\kaggle_56_frame25.jpg,spoof,0
prepared_liveness_data\raw\real\kaggle_24_frame70.jpg,real,1
prepared_liveness_data\raw\real\kaggle_10_frame350.jpg,real,1
prepared_liveness_data\raw\spoof\kaggle_0_frame445.jpg,spoof,0
prepared_liveness_data\raw\spoof\kaggle_13_frame175.jpg,spoof,0
prepared_liveness_data\raw\real\kaggle_31_frame70.jpg,real,1
prepared_liveness_data\raw\real\kaggle_67_frame215.jpg,real,1
prepared_liveness_data\raw\real\kaggle_16_frame85.jpg,real,1
prepared_liveness_data\raw\real\kaggle_75_frame5.jpg,real,1
prepared_liveness_data\raw\spoof\kaggle_51_frame275.jpg,spoof,0
prepared_liveness_data\raw\spoof\kaggle_31_frame30.jpg,spoof,0
prepared_liveness_data\raw\spoof\kaggle_1_frame105.jpg,spoof,0
prepared_liveness_data\raw\real\kaggle_15_frame365.jpg,real,1
prepared_liveness_data\raw\spoof\kaggle_66_frame175.jpg,spoof,0
prepared_liveness_data\raw\real\kaggle_26_frame100.jpg,real,1
prepared_liveness_data\raw\real\kaggle_7_frame50.jpg,real,1
prepared_liveness_data\raw\spoof\kaggle_26_frame50.jpg,spoof,0
prepared_liveness_data\raw\spoof\kaggle_33_frame95.jpg,spoof,0
prepared_liveness_data\raw\real\kaggle_24_frame30.jpg,real,1
prepared_liveness_data\raw\real\kaggle_49_frame565.jpg,real,1
prepared_liveness_data\raw\spoof\kaggle_20_frame160.jpg,spoof,0
prepared_liveness_data\raw\spoof\kaggle_36_frame260.jpg,spoof,0
prepared_liveness_data\raw\spoof\kaggle_17_frame20.jpg,spoof,0
prepared_liveness_data\raw\real\kaggle_1_frame55.jpg,real,1
prepared_liveness_data\raw\real\kaggle_73_frame230.jpg,real,1
prepared_liveness_data\raw\spoof\kaggle_37_frame130.jpg,spoof,0
prepared_liveness_data\raw\real\kaggle_8_frame10.jpg,real,1
prepared_liveness_data\raw\spoof\kaggle_67_frame105.jpg,spoof,0
prepared_liveness_data\raw\spoof\kaggle_48_frame145.jpg,spoof,0
prepared_liveness_data\raw\spoof\kaggle_74_frame290.jpg,spoof,0
prepared_liveness_data\raw\spoof\kaggle_59_frame195.jpg,spoof,0
prepared_liveness_data\raw\real\kaggle_30_frame225.jpg,real,1
prepared_liveness_data\raw\real\kaggle_18_frame55.jpg,real,1
prepared_liveness_data\raw\real\kaggle_41_frame85.jpg,real,1
prepared_liveness_data\raw\spoof\kaggle_21_frame95.jpg,spoof,0
prepared_liveness_data\raw\spoof\kaggle_13_frame110.jpg,spoof,0
prepared_liveness_data\raw\spoof\kaggle_67_frame90.jpg,spoof,0
prepared_liveness_data\raw\real\kaggle_58_frame225.jpg,real,1
prepared_liveness_data\raw\real\kaggle_38_frame145.jpg,real,1
prepared_liveness_data\raw\spoof\kaggle_49_frame360.jpg,spoof,0
prepared_liveness_data\raw\real\kaggle_38_frame100.jpg,real,1
prepared_liveness_data\raw\real\kaggle_61_frame50.jpg,real,1
prepared_liveness_data\raw\real\kaggle_4_frame170.jpg,real,1
prepared_liveness_data\raw\real\kaggle_64_frame190.jpg,real,1
prepared_liveness_data\raw\spoof\kaggle_6_frame210.jpg,spoof,0
prepared_liveness_data\raw\spoof\kaggle_48_frame195.jpg,spoof,0
prepared_liveness_data\raw\real\kaggle_46_frame95.jpg,real,1
prepared_liveness_data\raw\spoof\kaggle_64_frame205.jpg,spoof,0
prepared_liveness_data\raw\real\kaggle_31_frame140.jpg,real,1
prepared_liveness_data\raw\spoof\kaggle_15_frame255.jpg,spoof,0
prepared_liveness_data\raw\spoof\kaggle_73_frame45.jpg,spoof,0
prepared_liveness_data\raw\spoof\kaggle_17_frame160.jpg,spoof,0
prepared_liveness_data\raw\real\kaggle_57_frame55.jpg,real,1
prepared_liveness_data\raw\real\kaggle_73_frame165.jpg,real,1
prepared_liveness_data\raw\real\kaggle_63_frame165.jpg,real,1
prepared_liveness_data\raw\spoof\kaggle_49_frame230.jpg,spoof,0
prepared_liveness_data\raw\spoof\kaggle_14_frame380.jpg,spoof,0
prepared_liveness_data\raw\real\kaggle_48_frame115.jpg,real,1
prepared_liveness_data\raw\spoof\kaggle_67_frame160.jpg,spoof,0
prepared_liveness_data\raw\spoof\kaggle_6_frame105.jpg,spoof,0
prepared_liveness_data\raw\spoof\kaggle_76_frame125.jpg,spoof,0
prepared_liveness_data\raw\real\kaggle_30_frame40.jpg,real,1
prepared_liveness_data\raw\real\kaggle_41_frame0.jpg,real,1
prepared_liveness_data\raw\real\kaggle_35_frame400.jpg,real,1
prepared_liveness_data\raw\spoof\kaggle_49_frame595.jpg,spoof,0
prepared_liveness_data\raw\real\kaggle_15_frame20.jpg,real,1
prepared_liveness_data\raw\real\kaggle_40_frame65.jpg,real,1
prepared_liveness_data\raw\spoof\kaggle_26_frame85.jpg,spoof,0
prepared_liveness_data\raw\spoof\kaggle_48_frame290.jpg,spoof,0
prepared_liveness_data\raw\spoof\kaggle_10_frame235.jpg,spoof,0
prepared_liveness_data\raw\real\kaggle_29_frame105.jpg,real,1
prepared_liveness_data\raw\spoof\kaggle_12_frame110.jpg,spoof,0
prepared_liveness_data\raw\real\kaggle_65_frame130.jpg,real,1
prepared_liveness_data\raw\spoof\kaggle_78_frame85.jpg,spoof,0
prepared_liveness_data\raw\spoof\kaggle_35_frame465.jpg,spoof,0
prepared_liveness_data\raw\real\kaggle_8_frame85.jpg,real,1
prepared_liveness_data\raw\real\kaggle_33_frame140.jpg,real,1
prepared_liveness_data\raw\real\kaggle_70_frame165.jpg,real,1
prepared_liveness_data\raw\spoof\kaggle_66_frame40.jpg,spoof,0
prepared_liveness_data\raw\spoof\kaggle_21_frame140.jpg,spoof,0
prepared_liveness_data\raw\spoof\kaggle_39_frame210.jpg,spoof,0
prepared_liveness_data\raw\spoof\kaggle_16_frame160.jpg,spoof,0
prepared_liveness_data\raw\spoof\kaggle_0_frame125.jpg,spoof,0
prepared_liveness_data\raw\real\kaggle_54_frame145.jpg,real,1
prepared_liveness_data\raw\spoof\kaggle_18_frame480.jpg,spoof,0
prepared_liveness_data\raw\spoof\kaggle_57_frame80.jpg,spoof,0
prepared_liveness_data\raw\real\kaggle_21_frame210.jpg,real,1
prepared_liveness_data\raw\spoof\kaggle_50_frame255.jpg,spoof,0
prepared_liveness_data\raw\spoof\kaggle_17_frame250.jpg,spoof,0
prepared_liveness_data\raw\spoof\kaggle_63_frame45.jpg,spoof,0
prepared_liveness_data\raw\spoof\kaggle_75_frame635.jpg,spoof,0
prepared_liveness_data\raw\spoof\kaggle_37_frame320.jpg,spoof,0
prepared_liveness_data\raw\spoof\kaggle_22_frame75.jpg,spoof,0
prepared_liveness_data\raw\real\kaggle_13_frame145.jpg,real,1
prepared_liveness_data\raw\spoof\kaggle_6_frame10.jpg,spoof,0
prepared_liveness_data\raw\spoof\kaggle_59_frame95.jpg,spoof,0
prepared_liveness_data\raw\spoof\kaggle_2_frame330.jpg,spoof,0
prepared_liveness_data\raw\real\kaggle_72_frame335.jpg,real,1
prepared_liveness_data\raw\real\kaggle_44_frame5.jpg,real,1
prepared_liveness_data\raw\spoof\kaggle_11_frame375.jpg,spoof,0
prepared_liveness_data\raw\real\kaggle_55_frame65.jpg,real,1
prepared_liveness_data\raw\spoof\kaggle_53_frame270.jpg,spoof,0
prepared_liveness_data\raw\spoof\kaggle_35_frame470.jpg,spoof,0
prepared_liveness_data\raw\real\kaggle_10_frame305.jpg,real,1
prepared_liveness_data\raw\real\kaggle_8_frame70.jpg,real,1
prepared_liveness_data\raw\spoof\kaggle_39_frame310.jpg,spoof,0
prepared_liveness_data\raw\spoof\kaggle_72_frame430.jpg,spoof,0
prepared_liveness_data\raw\real\kaggle_55_frame115.jpg,real,1
prepared_liveness_data\raw\spoof\kaggle_46_frame470.jpg,spoof,0
prepared_liveness_data\raw\spoof\kaggle_43_frame285.jpg,spoof,0
prepared_liveness_data\raw\spoof\kaggle_4_frame15.jpg,spoof,0
prepared_liveness_data\raw\real\kaggle_23_frame325.jpg,real,1
prepared_liveness_data\raw\spoof\kaggle_49_frame495.jpg,spoof,0
prepared_liveness_data\raw\spoof\kaggle_72_frame40.jpg,spoof,0
prepared_liveness_data\raw\real\kaggle_27_frame140.jpg,real,1
prepared_liveness_data\raw\real\kaggle_29_frame150.jpg,real,1
prepared_liveness_data\raw\spoof\kaggle_3_frame230.jpg,spoof,0
prepared_liveness_data\raw\real\kaggle_59_frame335.jpg,real,1
prepared_liveness_data\raw\spoof\kaggle_55_frame490.jpg,spoof,0
prepared_liveness_data\raw\spoof\kaggle_18_frame190.jpg,spoof,0
prepared_liveness_data\raw\real\kaggle_42_frame195.jpg,real,1
prepared_liveness_data\raw\real\kaggle_61_frame10.jpg,real,1
prepared_liveness_data\raw\spoof\kaggle_2_frame215.jpg,spoof,0
prepared_liveness_data\raw\real\kaggle_58_frame170.jpg,real,1
prepared_liveness_data\raw\real\kaggle_3_frame50.jpg,real,1
prepared_liveness_data\raw\spoof\kaggle_34_frame195.jpg,spoof,0
prepared_liveness_data\raw\spoof\kaggle_62_frame365.jpg,spoof,0
prepared_liveness_data\raw\spoof\kaggle_0_frame205.jpg,spoof,0
prepared_liveness_data\raw\spoof\kaggle_72_frame205.jpg,spoof,0
prepared_liveness_data\raw\spoof\kaggle_31_frame120.jpg,spoof,0
prepared_liveness_data\raw\spoof\kaggle_53_frame325.jpg,spoof,0
prepared_liveness_data\raw\real\kaggle_23_frame95.jpg,real,1
prepared_liveness_data\raw\spoof\kaggle_70_frame40.jpg,spoof,0
prepared_liveness_data\raw\real\kaggle_38_frame105.jpg,real,1
prepared_liveness_data\raw\real\kaggle_37_frame345.jpg,real,1
prepared_liveness_data\raw\spoof\kaggle_18_frame425.jpg,spoof,0
prepared_liveness_data\raw\spoof\kaggle_30_frame325.jpg,spoof,0
prepared_liveness_data\raw\spoof\kaggle_74_frame235.jpg,spoof,0
prepared_liveness_data\raw\spoof\kaggle_38_frame30.jpg,spoof,0
prepared_liveness_data\raw\spoof\kaggle_49_frame70.jpg,spoof,0
prepared_liveness_data\raw\real\kaggle_61_frame415.jpg,real,1
prepared_liveness_data\raw\spoof\kaggle_3_frame285.jpg,spoof,0
prepared_liveness_data\raw\spoof\kaggle_58_frame130.jpg,spoof,0
prepared_liveness_data\raw\real\kaggle_68_frame90.jpg,real,1
prepared_liveness_data\raw\spoof\kaggle_2_frame5.jpg,spoof,0
prepared_liveness_data\raw\spoof\kaggle_55_frame480.jpg,spoof,0
prepared_liveness_data\raw\spoof\kaggle_35_frame210.jpg,spoof,0
prepared_liveness_data\raw\real\kaggle_10_frame320.jpg,real,1
prepared_liveness_data\raw\spoof\kaggle_44_frame5.jpg,spoof,0
prepared_liveness_data\raw\spoof\kaggle_76_frame390.jpg,spoof,0
prepared_liveness_data\raw\real\kaggle_72_frame195.jpg,real,1
prepared_liveness_data\raw\spoof\kaggle_26_frame110.jpg,spoof,0
prepared_liveness_data\raw\spoof\kaggle_70_frame205.jpg,spoof,0
prepared_liveness_data\raw\real\kaggle_3_frame230.jpg,real,1
prepared_liveness_data\raw\spoof\kaggle_3_frame50.jpg,spoof,0
prepared_liveness_data\raw\spoof\kaggle_74_frame450.jpg,spoof,0
prepared_liveness_data\raw\spoof\kaggle_46_frame420.jpg,spoof,0
prepared_liveness_data\raw\real\kaggle_70_frame285.jpg,real,1
prepared_liveness_data\raw\spoof\kaggle_2_frame195.jpg,spoof,0
prepared_liveness_data\raw\real\kaggle_58_frame155.jpg,real,1
prepared_liveness_data\raw\real\kaggle_6_frame155.jpg,real,1
prepared_liveness_data\raw\spoof\kaggle_0_frame285.jpg,spoof,0
prepared_liveness_data\raw\real\kaggle_24_frame20.jpg,real,1
prepared_liveness_data\raw\spoof\kaggle_57_frame270.jpg,spoof,0
prepared_liveness_data\raw\real\kaggle_21_frame150.jpg,real,1
prepared_liveness_data\raw\real\kaggle_58_frame130.jpg,real,1
prepared_liveness_data\raw\spoof\kaggle_62_frame105.jpg,spoof,0
prepared_liveness_data\raw\real\kaggle_62_frame90.jpg,real,1
prepared_liveness_data\raw\spoof\kaggle_21_frame245.jpg,spoof,0
prepared_liveness_data\raw\spoof\kaggle_15_frame340.jpg,spoof,0
prepared_liveness_data\raw\spoof\kaggle_2_frame240.jpg,spoof,0
prepared_liveness_data\raw\real\kaggle_37_frame60.jpg,real,1
prepared_liveness_data\raw\spoof\kaggle_59_frame245.jpg,spoof,0
prepared_liveness_data\raw\spoof\kaggle_75_frame585.jpg,spoof,0
prepared_liveness_data\raw\real\kaggle_3_frame125.jpg,real,1
prepared_liveness_data\raw\real\kaggle_70_frame110.jpg,real,1
prepared_liveness_data\raw\spoof\kaggle_49_frame385.jpg,spoof,0
prepared_liveness_data\raw\spoof\kaggle_20_frame260.jpg,spoof,0
prepared_liveness_data\raw\spoof\kaggle_71_frame290.jpg,spoof,0
prepared_liveness_data\raw\real\kaggle_26_frame55.jpg,real,1
prepared_liveness_data\raw\spoof\kaggle_29_frame215.jpg,spoof,0
prepared_liveness_data\raw\spoof\kaggle_7_frame120.jpg,spoof,0
prepared_liveness_data\raw\spoof\kaggle_37_frame385.jpg,spoof,0
prepared_liveness_data\raw\spoof\kaggle_48_frame265.jpg,spoof,0
prepared_liveness_data\raw\spoof\kaggle_15_frame125.jpg,spoof,0
prepared_liveness_data\raw\real\kaggle_63_frame205.jpg,real,1
prepared_liveness_data\raw\real\kaggle_73_frame95.jpg,real,1
prepared_liveness_data\raw\spoof\kaggle_19_frame70.jpg,spoof,0
prepared_liveness_data\raw\spoof\kaggle_12_frame235.jpg,spoof,0
prepared_liveness_data\raw\real\kaggle_9_frame135.jpg,real,1
prepared_liveness_data\raw\real\kaggle_22_frame50.jpg,real,1
prepared_liveness_data\raw\spoof\kaggle_17_frame130.jpg,spoof,0
prepared_liveness_data\raw\real\kaggle_18_frame335.jpg,real,1
prepared_liveness_data\raw\real\kaggle_35_frame25.jpg,real,1
prepared_liveness_data\raw\real\kaggle_23_frame360.jpg,real,1
prepared_liveness_data\raw\real\kaggle_4_frame160.jpg,real,1
prepared_liveness_data\raw\real\kaggle_15_frame150.jpg,real,1
prepared_liveness_data\raw\real\kaggle_35_frame465.jpg,real,1
prepared_liveness_data\raw\spoof\kaggle_3_frame100.jpg,spoof,0
prepared_liveness_data\raw\real\kaggle_9_frame15.jpg,real,1
prepared_liveness_data\raw\real\kaggle_9_frame40.jpg,real,1
prepared_liveness_data\raw\real\kaggle_71_frame50.jpg,real,1
prepared_liveness_data\raw\spoof\kaggle_52_frame485.jpg,spoof,0
prepared_liveness_data\raw\real\kaggle_66_frame0.jpg,real,1
prepared_liveness_data\raw\real\kaggle_13_frame70.jpg,real,1
prepared_liveness_data\raw\spoof\kaggle_10_frame295.jpg,spoof,0
prepared_liveness_data\raw\spoof\kaggle_53_frame220.jpg,spoof,0
prepared_liveness_data\raw\real\kaggle_42_frame85.jpg,real,1
prepared_liveness_data\raw\real\kaggle_65_frame55.jpg,real,1
prepared_liveness_data\raw\real\kaggle_59_frame55.jpg,real,1
prepared_liveness_data\raw\spoof\kaggle_64_frame340.jpg,spoof,0
prepared_liveness_data\raw\spoof\kaggle_9_frame245.jpg,spoof,0
prepared_liveness_data\raw\real\kaggle_70_frame360.jpg,real,1
prepared_liveness_data\raw\real\kaggle_3_frame100.jpg,real,1
prepared_liveness_data\raw\spoof\kaggle_65_frame205.jpg,spoof,0
prepared_liveness_data\raw\real\kaggle_75_frame95.jpg,real,1
prepared_liveness_data\raw\spoof\kaggle_69_frame180.jpg,spoof,0
prepared_liveness_data\raw\real\kaggle_61_frame275.jpg,real,1
prepared_liveness_data\raw\real\kaggle_75_frame615.jpg,real,1
prepared_liveness_data\raw\spoof\kaggle_51_frame215.jpg,spoof,0
prepared_liveness_data\raw\real\kaggle_14_frame270.jpg,real,1
prepared_liveness_data\raw\real\kaggle_21_frame0.jpg,real,1
prepared_liveness_data\raw\real\kaggle_61_frame490.jpg,real,1
prepared_liveness_data\raw\spoof\kaggle_0_frame495.jpg,spoof,0
prepared_liveness_data\raw\spoof\kaggle_28_frame325.jpg,spoof,0
prepared_liveness_data\raw\real\kaggle_40_frame60.jpg,real,1
prepared_liveness_data\raw\spoof\kaggle_45_frame215.jpg,spoof,0
prepared_liveness_data\raw\spoof\kaggle_31_frame190.jpg,spoof,0
prepared_liveness_data\raw\real\kaggle_61_frame60.jpg,real,1
prepared_liveness_data\raw\real\kaggle_13_frame240.jpg,real,1
prepared_liveness_data\raw\spoof\kaggle_16_frame270.jpg,spoof,0
prepared_liveness_data\raw\spoof\kaggle_61_frame85.jpg,spoof,0
prepared_liveness_data\raw\real\kaggle_61_frame455.jpg,real,1
prepared_liveness_data\raw\real\kaggle_66_frame10.jpg,real,1
prepared_liveness_data\raw\spoof\kaggle_14_frame310.jpg,spoof,0
prepared_liveness_data\raw\spoof\kaggle_48_frame60.jpg,spoof,0
prepared_liveness_data\raw\real\kaggle_9_frame80.jpg,real,1
prepared_liveness_data\raw\spoof\kaggle_47_frame300.jpg,spoof,0
prepared_liveness_data\raw\real\kaggle_54_frame100.jpg,real,1
prepared_liveness_data\raw\real\kaggle_47_frame325.jpg,real,1
prepared_liveness_data\raw\real\kaggle_13_frame15.jpg,real,1
prepared_liveness_data\raw\real\kaggle_12_frame320.jpg,real,1
prepared_liveness_data\raw\spoof\kaggle_50_frame40.jpg,spoof,0
prepared_liveness_data\raw\spoof\kaggle_50_frame250.jpg,spoof,0
prepared_liveness_data\raw\spoof\kaggle_79_frame255.jpg,spoof,0
prepared_liveness_data\raw\spoof\kaggle_27_frame55.jpg,spoof,0
prepared_liveness_data\raw\spoof\kaggle_18_frame115.jpg,spoof,0
prepared_liveness_data\raw\real\kaggle_2_frame195.jpg,real,1
prepared_liveness_data\raw\real\kaggle_71_frame110.jpg,real,1
prepared_liveness_data\raw\spoof\kaggle_61_frame490.jpg,spoof,0
prepared_liveness_data\raw\spoof\kaggle_65_frame165.jpg,spoof,0
prepared_liveness_data\raw\real\kaggle_40_frame165.jpg,real,1
prepared_liveness_data\raw\spoof\kaggle_79_frame400.jpg,spoof,0
prepared_liveness_data\raw\spoof\kaggle_13_frame295.jpg,spoof,0
prepared_liveness_data\raw\real\kaggle_65_frame190.jpg,real,1
prepared_liveness_data\raw\real\kaggle_56_frame5.jpg,real,1
prepared_liveness_data\raw\spoof\kaggle_0_frame105.jpg,spoof,0
prepared_liveness_data\raw\spoof\kaggle_17_frame90.jpg,spoof,0
prepared_liveness_data\raw\real\kaggle_27_frame185.jpg,real,1
prepared_liveness_data\raw\real\kaggle_12_frame105.jpg,real,1
prepared_liveness_data\raw\spoof\kaggle_41_frame0.jpg,spoof,0
prepared_liveness_data\raw\spoof\kaggle_14_frame200.jpg,spoof,0
prepared_liveness_data\raw\spoof\kaggle_12_frame65.jpg,spoof,0
prepared_liveness_data\raw\spoof\kaggle_13_frame0.jpg,spoof,0
prepared_liveness_data\raw\spoof\kaggle_69_frame135.jpg,spoof,0
prepared_liveness_data\raw\spoof\kaggle_50_frame45.jpg,spoof,0
prepared_liveness_data\raw\spoof\kaggle_49_frame60.jpg,spoof,0
prepared_liveness_data\raw\real\kaggle_65_frame185.jpg,real,1
prepared_liveness_data\raw\spoof\kaggle_40_frame90.jpg,spoof,0
prepared_liveness_data\raw\spoof\kaggle_65_frame220.jpg,spoof,0
prepared_liveness_data\raw\spoof\kaggle_42_frame260.jpg,spoof,0
prepared_liveness_data\raw\spoof\kaggle_28_frame265.jpg,spoof,0
prepared_liveness_data\raw\spoof\kaggle_78_frame205.jpg,spoof,0
prepared_liveness_data\raw\spoof\kaggle_75_frame220.jpg,spoof,0
prepared_liveness_data\raw\spoof\kaggle_53_frame135.jpg,spoof,0
prepared_liveness_data\raw\real\kaggle_76_frame130.jpg,real,1
prepared_liveness_data\raw\spoof\kaggle_31_frame255.jpg,spoof,0
prepared_liveness_data\raw\spoof\kaggle_9_frame95.jpg,spoof,0
prepared_liveness_data\raw\real\kaggle_62_frame265.jpg,real,1
prepared_liveness_data\raw\real\kaggle_68_frame170.jpg,real,1
prepared_liveness_data\raw\real\kaggle_41_frame90.jpg,real,1
prepared_liveness_data\raw\spoof\kaggle_62_frame245.jpg,spoof,0
prepared_liveness_data\raw\real\kaggle_19_frame65.jpg,real,1
prepared_liveness_data\raw\spoof\kaggle_50_frame330.jpg,spoof,0
prepared_liveness_data\raw\spoof\kaggle_19_frame340.jpg,spoof,0
prepared_liveness_data\raw\spoof\kaggle_7_frame0.jpg,spoof,0
prepared_liveness_data\raw\real\kaggle_57_frame350.jpg,real,1
prepared_liveness_data\raw\spoof\kaggle_23_frame85.jpg,spoof,0
prepared_liveness_data\raw\spoof\kaggle_21_frame350.jpg,spoof,0
prepared_liveness_data\raw\spoof\kaggle_43_frame150.jpg,spoof,0
prepared_liveness_data\raw\real\kaggle_49_frame430.jpg,real,1
prepared_liveness_data\raw\spoof\kaggle_49_frame20.jpg,spoof,0
prepared_liveness_data\raw\spoof\kaggle_35_frame370.jpg,spoof,0
prepared_liveness_data\raw\real\kaggle_11_frame20.jpg,real,1
prepared_liveness_data\raw\spoof\kaggle_14_frame290.jpg,spoof,0
prepared_liveness_data\raw\real\kaggle_77_frame270.jpg,real,1
prepared_liveness_data\raw\spoof\kaggle_26_frame5.jpg,spoof,0
prepared_liveness_data\raw\real\kaggle_51_frame60.jpg,real,1
prepared_liveness_data\raw\spoof\kaggle_1_frame95.jpg,spoof,0
prepared_liveness_data\raw\real\kaggle_12_frame365.jpg,real,1
prepared_liveness_data\raw\spoof\kaggle_44_frame350.jpg,spoof,0
prepared_liveness_data\raw\spoof\kaggle_4_frame165.jpg,spoof,0
prepared_liveness_data\raw\spoof\kaggle_40_frame210.jpg,spoof,0
prepared_liveness_data\raw\spoof\kaggle_77_frame110.jpg,spoof,0
prepared_liveness_data\raw\real\kaggle_8_frame150.jpg,real,1
prepared_liveness_data\raw\spoof\kaggle_4_frame115.jpg,spoof,0
prepared_liveness_data\raw\real\kaggle_35_frame275.jpg,real,1
prepared_liveness_data\raw\spoof\kaggle_1_frame280.jpg,spoof,0
prepared_liveness_data\raw\real\kaggle_65_frame370.jpg,real,1
prepared_liveness_data\raw\real\kaggle_21_frame20.jpg,real,1
prepared_liveness_data\raw\real\kaggle_46_frame150.jpg,real,1
prepared_liveness_data\raw\real\kaggle_12_frame35.jpg,real,1
prepared_liveness_data\raw\spoof\kaggle_19_frame25.jpg,spoof,0
prepared_liveness_data\raw\real\kaggle_68_frame255.jpg,real,1
prepared_liveness_data\raw\real\kaggle_65_frame390.jpg,real,1
prepared_liveness_data\raw\spoof\kaggle_25_frame390.jpg,spoof,0
prepared_liveness_data\raw\spoof\kaggle_11_frame640.jpg,spoof,0
prepared_liveness_data\raw\spoof\kaggle_20_frame20.jpg,spoof,0
prepared_liveness_data\raw\spoof\kaggle_49_frame480.jpg,spoof,0
prepared_liveness_data\raw\real\kaggle_75_frame125.jpg,real,1
prepared_liveness_data\raw\spoof\kaggle_75_frame345.jpg,spoof,0
prepared_liveness_data\raw\real\kaggle_74_frame365.jpg,real,1
prepared_liveness_data\raw\real\kaggle_51_frame125.jpg,real,1
prepared_liveness_data\raw\spoof\kaggle_9_frame160.jpg,spoof,0
prepared_liveness_data\raw\spoof\kaggle_23_frame50.jpg,spoof,0
prepared_liveness_data\raw\spoof\kaggle_41_frame15.jpg,spoof,0
prepared_liveness_data\raw\real\kaggle_2_frame200.jpg,real,1
prepared_liveness_data\raw\real\kaggle_34_frame260.jpg,real,1
prepared_liveness_data\raw\spoof\kaggle_49_frame670.jpg,spoof,0
prepared_liveness_data\raw\real\kaggle_28_frame270.jpg,real,1
prepared_liveness_data\raw\spoof\kaggle_53_frame300.jpg,spoof,0
prepared_liveness_data\raw\spoof\kaggle_73_frame250.jpg,spoof,0
prepared_liveness_data\raw\real\kaggle_20_frame55.jpg,real,1
prepared_liveness_data\raw\real\kaggle_78_frame210.jpg,real,1
prepared_liveness_data\raw\spoof\kaggle_7_frame95.jpg,spoof,0
prepared_liveness_data\raw\real\kaggle_36_frame165.jpg,real,1
prepared_liveness_data\raw\spoof\kaggle_13_frame25.jpg,spoof,0
prepared_liveness_data\raw\spoof\kaggle_72_frame300.jpg,spoof,0
prepared_liveness_data\raw\real\kaggle_15_frame105.jpg,real,1
prepared_liveness_data\raw\spoof\kaggle_4_frame70.jpg,spoof,0
prepared_liveness_data\raw\spoof\kaggle_26_frame225.jpg,spoof,0
prepared_liveness_data\raw\spoof\kaggle_14_frame330.jpg,spoof,0
prepared_liveness_data\raw\spoof\kaggle_66_frame130.jpg,spoof,0
prepared_liveness_data\raw\real\kaggle_4_frame130.jpg,real,1
prepared_liveness_data\raw\spoof\kaggle_60_frame250.jpg,spoof,0
prepared_liveness_data\raw\real\kaggle_71_frame250.jpg,real,1
prepared_liveness_data\raw\real\kaggle_73_frame175.jpg,real,1
prepared_liveness_data\raw\spoof\kaggle_55_frame215.jpg,spoof,0
prepared_liveness_data\raw\real\kaggle_39_frame15.jpg,real,1
prepared_liveness_data\raw\spoof\kaggle_17_frame300.jpg,spoof,0
prepared_liveness_data\raw\spoof\kaggle_19_frame110.jpg,spoof,0
prepared_liveness_data\raw\spoof\kaggle_17_frame290.jpg,spoof,0
prepared_liveness_data\raw\spoof\kaggle_27_frame45.jpg,spoof,0
prepared_liveness_data\raw\real\kaggle_76_frame205.jpg,real,1
prepared_liveness_data\raw\real\kaggle_62_frame75.jpg,real,1
prepared_liveness_data\raw\real\kaggle_18_frame205.jpg,real,1
prepared_liveness_data\raw\spoof\kaggle_5_frame305.jpg,spoof,0
prepared_liveness_data\raw\real\kaggle_35_frame75.jpg,real,1
prepared_liveness_data\raw\spoof\kaggle_58_frame170.jpg,spoof,0
prepared_liveness_data\raw\spoof\kaggle_43_frame105.jpg,spoof,0
prepared_liveness_data\raw\spoof\kaggle_18_frame240.jpg,spoof,0
prepared_liveness_data\raw\spoof\kaggle_60_frame145.jpg,spoof,0
prepared_liveness_data\raw\real\kaggle_62_frame170.jpg,real,1
prepared_liveness_data\raw\spoof\kaggle_18_frame475.jpg,spoof,0
prepared_liveness_data\raw\spoof\kaggle_35_frame120.jpg,spoof,0
prepared_liveness_data\raw\real\kaggle_49_frame35.jpg,real,1
prepared_liveness_data\raw\real\kaggle_44_frame205.jpg,real,1
prepared_liveness_data\raw\real\kaggle_59_frame430.jpg,real,1
prepared_liveness_data\raw\real\kaggle_69_frame100.jpg,real,1
prepared_liveness_data\raw\spoof\kaggle_59_frame115.jpg,spoof,0
prepared_liveness_data\raw\spoof\kaggle_44_frame210.jpg,spoof,0
prepared_liveness_data\raw\spoof\kaggle_72_frame435.jpg,spoof,0
prepared_liveness_data\raw\spoof\kaggle_17_frame225.jpg,spoof,0
prepared_liveness_data\raw\spoof\kaggle_20_frame140.jpg,spoof,0
prepared_liveness_data\raw\real\kaggle_74_frame355.jpg,real,1
prepared_liveness_data\raw\spoof\kaggle_78_frame80.jpg,spoof,0
prepared_liveness_data\raw\real\kaggle_48_frame200.jpg,real,1
prepared_liveness_data\raw\real\kaggle_18_frame260.jpg,real,1
prepared_liveness_data\raw\spoof\kaggle_54_frame15.jpg,spoof,0
prepared_liveness_data\raw\real\kaggle_33_frame110.jpg,real,1
prepared_liveness_data\raw\spoof\kaggle_75_frame95.jpg,spoof,0
prepared_liveness_data\raw\spoof\kaggle_72_frame305.jpg,spoof,0
prepared_liveness_data\raw\spoof\kaggle_31_frame55.jpg,spoof,0
prepared_liveness_data\raw\real\kaggle_36_frame25.jpg,real,1
prepared_liveness_data\raw\real\kaggle_50_frame270.jpg,real,1
prepared_liveness_data\raw\spoof\kaggle_35_frame390.jpg,spoof,0
prepared_liveness_data\raw\spoof\kaggle_30_frame395.jpg,spoof,0
prepared_liveness_data\raw\real\kaggle_56_frame130.jpg,real,1
prepared_liveness_data\raw\real\kaggle_1_frame0.jpg,real,1
prepared_liveness_data\raw\spoof\kaggle_25_frame155.jpg,spoof,0
prepared_liveness_data\raw\spoof\kaggle_25_frame315.jpg,spoof,0
prepared_liveness_data\raw\spoof\kaggle_31_frame195.jpg,spoof,0
prepared_liveness_data\raw\real\kaggle_21_frame145.jpg,real,1
prepared_liveness_data\raw\spoof\kaggle_77_frame40.jpg,spoof,0
prepared_liveness_data\raw\spoof\kaggle_35_frame240.jpg,spoof,0
prepared_liveness_data\raw\real\kaggle_12_frame335.jpg,real,1
prepared_liveness_data\raw\real\kaggle_49_frame360.jpg,real,1
prepared_liveness_data\raw\spoof\kaggle_69_frame195.jpg,spoof,0
prepared_liveness_data\raw\spoof\kaggle_8_frame260.jpg,spoof,0
prepared_liveness_data\raw\real\kaggle_29_frame145.jpg,real,1
prepared_liveness_data\raw\spoof\kaggle_36_frame170.jpg,spoof,0
prepared_liveness_data\raw\real\kaggle_49_frame370.jpg,real,1
prepared_liveness_data\raw\spoof\kaggle_47_frame325.jpg,spoof,0
prepared_liveness_data\raw\spoof\kaggle_23_frame240.jpg,spoof,0
prepared_liveness_data\raw\real\kaggle_21_frame280.jpg,real,1
prepared_liveness_data\raw\real\kaggle_52_frame365.jpg,real,1
prepared_liveness_data\raw\spoof\kaggle_13_frame205.jpg,spoof,0
prepared_liveness_data\raw\real\kaggle_56_frame50.jpg,real,1
prepared_liveness_data\raw\spoof\kaggle_21_frame285.jpg,spoof,0
prepared_liveness_data\raw\spoof\kaggle_51_frame165.jpg,spoof,0
prepared_liveness_data\raw\spoof\kaggle_78_frame190.jpg,spoof,0
prepared_liveness_data\raw\real\kaggle_50_frame165.jpg,real,1
prepared_liveness_data\raw\real\kaggle_7_frame165.jpg,real,1
prepared_liveness_data\raw\real\kaggle_12_frame305.jpg,real,1
prepared_liveness_data\raw\real\kaggle_62_frame195.jpg,real,1
prepared_liveness_data\raw\real\kaggle_5_frame235.jpg,real,1
prepared_liveness_data\raw\real\kaggle_2_frame270.jpg,real,1
prepared_liveness_data\raw\spoof\kaggle_29_frame75.jpg,spoof,0
prepared_liveness_data\raw\real\kaggle_57_frame30.jpg,real,1
prepared_liveness_data\raw\real\kaggle_43_frame90.jpg,real,1
prepared_liveness_data\raw\spoof\kaggle_47_frame35.jpg,spoof,0
prepared_liveness_data\raw\spoof\kaggle_59_frame50.jpg,spoof,0
prepared_liveness_data\raw\spoof\kaggle_79_frame295.jpg,spoof,0
prepared_liveness_data\raw\spoof\kaggle_59_frame35.jpg,spoof,0
prepared_liveness_data\raw\spoof\kaggle_16_frame180.jpg,spoof,0
prepared_liveness_data\raw\spoof\kaggle_51_frame160.jpg,spoof,0
prepared_liveness_data\raw\real\kaggle_48_frame235.jpg,real,1
prepared_liveness_data\raw\spoof\kaggle_0_frame450.jpg,spoof,0
prepared_liveness_data\raw\real\kaggle_47_frame370.jpg,real,1
prepared_liveness_data\raw\spoof\kaggle_68_frame305.jpg,spoof,0
prepared_liveness_data\raw\spoof\kaggle_75_frame540.jpg,spoof,0
prepared_liveness_data\raw\real\kaggle_70_frame385.jpg,real,1
prepared_liveness_data\raw\spoof\kaggle_13_frame410.jpg,spoof,0
prepared_liveness_data\raw\real\kaggle_31_frame180.jpg,real,1
prepared_liveness_data\raw\spoof\kaggle_64_frame350.jpg,spoof,0
prepared_liveness_data\raw\real\kaggle_78_frame190.jpg,real,1
prepared_liveness_data\raw\spoof\kaggle_28_frame140.jpg,spoof,0
prepared_liveness_data\raw\real\kaggle_19_frame170.jpg,real,1
prepared_liveness_data\raw\spoof\kaggle_50_frame265.jpg,spoof,0
prepared_liveness_data\raw\real\kaggle_40_frame80.jpg,real,1
prepared_liveness_data\raw\spoof\kaggle_10_frame330.jpg,spoof,0
prepared_liveness_data\raw\real\kaggle_19_frame90.jpg,real,1
prepared_liveness_data\raw\real\kaggle_0_frame400.jpg,real,1
prepared_liveness_data\raw\spoof\kaggle_50_frame295.jpg,spoof,0
prepared_liveness_data\raw\real\kaggle_2_frame255.jpg,real,1
prepared_liveness_data\raw\spoof\kaggle_74_frame150.jpg,spoof,0
prepared_liveness_data\raw\spoof\kaggle_59_frame430.jpg,spoof,0
prepared_liveness_data\raw\spoof\kaggle_51_frame25.jpg,spoof,0
prepared_liveness_data\raw\real\kaggle_30_frame80.jpg,real,1
prepared_liveness_data\raw\real\kaggle_73_frame65.jpg,real,1
prepared_liveness_data\raw\spoof\kaggle_54_frame245.jpg,spoof,0
prepared_liveness_data\raw\spoof\kaggle_2_frame80.jpg,spoof,0
prepared_liveness_data\raw\spoof\kaggle_33_frame160.jpg,spoof,0
prepared_liveness_data\raw\spoof\kaggle_57_frame220.jpg,spoof,0
prepared_liveness_data\raw\real\kaggle_58_frame515.jpg,real,1
prepared_liveness_data\raw\spoof\kaggle_50_frame280.jpg,spoof,0
prepared_liveness_data\raw\real\kaggle_66_frame195.jpg,real,1
prepared_liveness_data\raw\real\kaggle_36_frame70.jpg,real,1
prepared_liveness_data\raw\spoof\kaggle_79_frame0.jpg,spoof,0
prepared_liveness_data\raw\spoof\kaggle_78_frame90.jpg,spoof,0
prepared_liveness_data\raw\spoof\kaggle_59_frame0.jpg,spoof,0
prepared_liveness_data\raw\real\kaggle_41_frame15.jpg,real,1
prepared_liveness_data\raw\spoof\kaggle_30_frame290.jpg,spoof,0
prepared_liveness_data\raw\spoof\kaggle_11_frame490.jpg,spoof,0
prepared_liveness_data\raw\spoof\kaggle_0_frame190.jpg,spoof,0
prepared_liveness_data\raw\real\kaggle_30_frame30.jpg,real,1
prepared_liveness_data\raw\real\kaggle_70_frame90.jpg,real,1
prepared_liveness_data\raw\spoof\kaggle_66_frame70.jpg,spoof,0
prepared_liveness_data\raw\spoof\kaggle_20_frame75.jpg,spoof,0
prepared_liveness_data\raw\spoof\kaggle_46_frame505.jpg,spoof,0
prepared_liveness_data\raw\spoof\kaggle_36_frame100.jpg,spoof,0
prepared_liveness_data\raw\spoof\kaggle_29_frame35.jpg,spoof,0
prepared_liveness_data\raw\real\kaggle_72_frame0.jpg,real,1
prepared_liveness_data\raw\real\kaggle_72_frame235.jpg,real,1
prepared_liveness_data\raw\real\kaggle_17_frame40.jpg,real,1
prepared_liveness_data\raw\spoof\kaggle_48_frame35.jpg,spoof,0
prepared_liveness_data\raw\real\kaggle_70_frame160.jpg,real,1
prepared_liveness_data\raw\real\kaggle_65_frame135.jpg,real,1
prepared_liveness_data\raw\spoof\kaggle_2_frame35.jpg,spoof,0
prepared_liveness_data\raw\spoof\kaggle_49_frame705.jpg,spoof,0
prepared_liveness_data\raw\spoof\kaggle_64_frame300.jpg,spoof,0
prepared_liveness_data\raw\spoof\kaggle_64_frame280.jpg,spoof,0
prepared_liveness_data\raw\spoof\kaggle_24_frame5.jpg,spoof,0
prepared_liveness_data\raw\spoof\kaggle_1_frame245.jpg,spoof,0
prepared_liveness_data\raw\real\kaggle_10_frame220.jpg,real,1
prepared_liveness_data\raw\real\kaggle_70_frame310.jpg,real,1
prepared_liveness_data\raw\real\kaggle_47_frame25.jpg,real,1
prepared_liveness_data\raw\spoof\kaggle_71_frame355.jpg,spoof,0
prepared_liveness_data\raw\spoof\kaggle_5_frame70.jpg,spoof,0
prepared_liveness_data\raw\real\kaggle_15_frame355.jpg,real,1
prepared_liveness_data\raw\spoof\kaggle_23_frame415.jpg,spoof,0
prepared_liveness_data\raw\real\kaggle_28_frame300.jpg,real,1
prepared_liveness_data\raw\spoof\kaggle_46_frame20.jpg,spoof,0
prepared_liveness_data\raw\real\kaggle_56_frame135.jpg,real,1
prepared_liveness_data\raw\spoof\kaggle_44_frame320.jpg,spoof,0
prepared_liveness_data\raw\spoof\kaggle_52_frame190.jpg,spoof,0
prepared_liveness_data\raw\spoof\kaggle_33_frame65.jpg,spoof,0
prepared_liveness_data\raw\real\kaggle_29_frame60.jpg,real,1
prepared_liveness_data\raw\spoof\kaggle_45_frame125.jpg,spoof,0
prepared_liveness_data\raw\real\kaggle_12_frame135.jpg,real,1
prepared_liveness_data\raw\spoof\kaggle_6_frame135.jpg,spoof,0
prepared_liveness_data\raw\real\kaggle_0_frame240.jpg,real,1
prepared_liveness_data\raw\real\kaggle_70_frame240.jpg,real,1
prepared_liveness_data\raw\real\kaggle_79_frame125.jpg,real,1
prepared_liveness_data\raw\spoof\kaggle_61_frame560.jpg,spoof,0
prepared_liveness_data\raw\spoof\kaggle_47_frame350.jpg,spoof,0
prepared_liveness_data\raw\spoof\kaggle_58_frame255.jpg,spoof,0
prepared_liveness_data\raw\real\kaggle_54_frame80.jpg,real,1
prepared_liveness_data\raw\spoof\kaggle_10_frame210.jpg,spoof,0
prepared_liveness_data\raw\real\kaggle_40_frame15.jpg,real,1
prepared_liveness_data\raw\spoof\kaggle_35_frame360.jpg,spoof,0
prepared_liveness_data\raw\spoof\kaggle_40_frame160.jpg,spoof,0
prepared_liveness_data\raw\spoof\kaggle_55_frame450.jpg,spoof,0
prepared_liveness_data\raw\spoof\kaggle_46_frame170.jpg,spoof,0
prepared_liveness_data\raw\spoof\kaggle_36_frame75.jpg,spoof,0
prepared_liveness_data\raw\spoof\kaggle_28_frame465.jpg,spoof,0
prepared_liveness_data\raw\real\kaggle_44_frame85.jpg,real,1
prepared_liveness_data\raw\real\kaggle_67_frame220.jpg,real,1
prepared_liveness_data\raw\real\kaggle_42_frame220.jpg,real,1
prepared_liveness_data\raw\spoof\kaggle_31_frame35.jpg,spoof,0
prepared_liveness_data\raw\real\kaggle_23_frame460.jpg,real,1
prepared_liveness_data\raw\real\kaggle_67_frame25.jpg,real,1
prepared_liveness_data\raw\spoof\kaggle_23_frame300.jpg,spoof,0
prepared_liveness_data\raw\spoof\kaggle_79_frame60.jpg,spoof,0
prepared_liveness_data\raw\real\kaggle_9_frame220.jpg,real,1
prepared_liveness_data\raw\real\kaggle_62_frame420.jpg,real,1
prepared_liveness_data\raw\real\kaggle_58_frame555.jpg,real,1
prepared_liveness_data\raw\real\kaggle_60_frame50.jpg,real,1
prepared_liveness_data\raw\spoof\kaggle_55_frame55.jpg,spoof,0
prepared_liveness_data\raw\spoof\kaggle_75_frame355.jpg,spoof,0
prepared_liveness_data\raw\real\kaggle_40_frame35.jpg,real,1
prepared_liveness_data\raw\real\kaggle_69_frame290.jpg,real,1
prepared_liveness_data\raw\real\kaggle_33_frame250.jpg,real,1
prepared_liveness_data\raw\real\kaggle_31_frame205.jpg,real,1
prepared_liveness_data\raw\spoof\kaggle_23_frame440.jpg,spoof,0
prepared_liveness_data\raw\spoof\kaggle_75_frame190.jpg,spoof,0
prepared_liveness_data\raw\spoof\kaggle_3_frame95.jpg,spoof,0
prepared_liveness_data\raw\spoof\kaggle_3_frame205.jpg,spoof,0
prepared_liveness_data\raw\spoof\kaggle_0_frame380.jpg,spoof,0
prepared_liveness_data\raw\spoof\kaggle_44_frame55.jpg,spoof,0
prepared_liveness_data\raw\real\kaggle_0_frame315.jpg,real,1
prepared_liveness_data\raw\real\kaggle_64_frame95.jpg,real,1
prepared_liveness_data\raw\spoof\kaggle_12_frame160.jpg,spoof,0
prepared_liveness_data\raw\spoof\kaggle_50_frame290.jpg,spoof,0
prepared_liveness_data\raw\spoof\kaggle_58_frame365.jpg,spoof,0
prepared_liveness_data\raw\real\kaggle_38_frame165.jpg,real,1
prepared_liveness_data\raw\real\kaggle_49_frame120.jpg,real,1
prepared_liveness_data\raw\spoof\kaggle_31_frame75.jpg,spoof,0
prepared_liveness_data\raw\spoof\kaggle_77_frame75.jpg,spoof,0
prepared_liveness_data\raw\real\kaggle_37_frame320.jpg,real,1
prepared_liveness_data\raw\spoof\kaggle_8_frame190.jpg,spoof,0
prepared_liveness_data\raw\real\kaggle_3_frame15.jpg,real,1
prepared_liveness_data\raw\real\kaggle_26_frame75.jpg,real,1
prepared_liveness_data\raw\real\kaggle_59_frame350.jpg,real,1
prepared_liveness_data\raw\real\kaggle_76_frame20.jpg,real,1
prepared_liveness_data\raw\real\kaggle_62_frame110.jpg,real,1
prepared_liveness_data\raw\real\kaggle_78_frame115.jpg,real,1
prepared_liveness_data\raw\spoof\kaggle_44_frame65.jpg,spoof,0
prepared_liveness_data\raw\spoof\kaggle_68_frame235.jpg,spoof,0
prepared_liveness_data\raw\real\kaggle_12_frame55.jpg,real,1
prepared_liveness_data\raw\spoof\kaggle_58_frame135.jpg,spoof,0
prepared_liveness_data\raw\spoof\kaggle_20_frame190.jpg,spoof,0
prepared_liveness_data\raw\real\kaggle_59_frame315.jpg,real,1
prepared_liveness_data\raw\real\kaggle_10_frame435.jpg,real,1
prepared_liveness_data\raw\spoof\kaggle_34_frame15.jpg,spoof,0
prepared_liveness_data\raw\spoof\kaggle_5_frame220.jpg,spoof,0
prepared_liveness_data\raw\real\kaggle_10_frame275.jpg,real,1
prepared_liveness_data\raw\spoof\kaggle_5_frame135.jpg,spoof,0
prepared_liveness_data\raw\spoof\kaggle_36_frame220.jpg,spoof,0
prepared_liveness_data\raw\real\kaggle_34_frame320.jpg,real,1
prepared_liveness_data\raw\real\kaggle_25_frame125.jpg,real,1
prepared_liveness_data\raw\spoof\kaggle_20_frame70.jpg,spoof,0
prepared_liveness_data\raw\real\kaggle_79_frame290.jpg,real,1
prepared_liveness_data\raw\real\kaggle_73_frame190.jpg,real,1
prepared_liveness_data\raw\real\kaggle_53_frame25.jpg,real,1
prepared_liveness_data\raw\real\kaggle_62_frame100.jpg,real,1
prepared_liveness_data\raw\spoof\kaggle_4_frame0.jpg,spoof,0
prepared_liveness_data\raw\real\kaggle_67_frame175.jpg,real,1
prepared_liveness_data\raw\real\kaggle_74_frame150.jpg,real,1
prepared_liveness_data\raw\real\kaggle_45_frame75.jpg,real,1
prepared_liveness_data\raw\real\kaggle_15_frame75.jpg,real,1
prepared_liveness_data\raw\spoof\kaggle_52_frame540.jpg,spoof,0
prepared_liveness_data\raw\spoof\kaggle_49_frame665.jpg,spoof,0
prepared_liveness_data\raw\spoof\kaggle_62_frame30.jpg,spoof,0
prepared_liveness_data\raw\real\kaggle_55_frame0.jpg,real,1
prepared_liveness_data\raw\real\kaggle_43_frame95.jpg,real,1
prepared_liveness_data\raw\spoof\kaggle_14_frame165.jpg,spoof,0
prepared_liveness_data\raw\spoof\kaggle_52_frame520.jpg,spoof,0
prepared_liveness_data\raw\spoof\kaggle_43_frame310.jpg,spoof,0
prepared_liveness_data\raw\real\kaggle_16_frame135.jpg,real,1
prepared_liveness_data\raw\spoof\kaggle_41_frame135.jpg,spoof,0
prepared_liveness_data\raw\spoof\kaggle_23_frame40.jpg,spoof,0
prepared_liveness_data\raw\spoof\kaggle_5_frame295.jpg,spoof,0
prepared_liveness_data\raw\real\kaggle_28_frame0.jpg,real,1
prepared_liveness_data\raw\spoof\kaggle_61_frame520.jpg,spoof,0
prepared_liveness_data\raw\real\kaggle_75_frame145.jpg,real,1
prepared_liveness_data\raw\real\kaggle_62_frame55.jpg,real,1
prepared_liveness_data\raw\spoof\kaggle_76_frame355.jpg,spoof,0
prepared_liveness_data\raw\spoof\kaggle_66_frame145.jpg,spoof,0
prepared_liveness_data\raw\spoof\kaggle_27_frame85.jpg,spoof,0
prepared_liveness_data\raw\spoof\kaggle_27_frame105.jpg,spoof,0
prepared_liveness_data\raw\spoof\kaggle_52_frame375.jpg,spoof,0
prepared_liveness_data\raw\real\kaggle_10_frame255.jpg,real,1
prepared_liveness_data\raw\spoof\kaggle_49_frame700.jpg,spoof,0
prepared_liveness_data\raw\spoof\kaggle_7_frame280.jpg,spoof,0
prepared_liveness_data\raw\real\kaggle_34_frame200.jpg,real,1
prepared_liveness_data\raw\spoof\kaggle_41_frame275.jpg,spoof,0
prepared_liveness_data\raw\spoof\kaggle_25_frame165.jpg,spoof,0
prepared_liveness_data\raw\spoof\kaggle_27_frame15.jpg,spoof,0
prepared_liveness_data\raw\real\kaggle_4_frame45.jpg,real,1
prepared_liveness_data\raw\spoof\kaggle_45_frame30.jpg,spoof,0
prepared_liveness_data\raw\spoof\kaggle_19_frame105.jpg,spoof,0
prepared_liveness_data\raw\real\kaggle_33_frame220.jpg,real,1
prepared_liveness_data\raw\spoof\kaggle_59_frame145.jpg,spoof,0
prepared_liveness_data\raw\real\kaggle_58_frame120.jpg,real,1
prepared_liveness_data\raw\real\kaggle_29_frame45.jpg,real,1
prepared_liveness_data\raw\spoof\kaggle_74_frame115.jpg,spoof,0
prepared_liveness_data\raw\real\kaggle_28_frame335.jpg,real,1
prepared_liveness_data\raw\spoof\kaggle_21_frame305.jpg,spoof,0
prepared_liveness_data\raw\spoof\kaggle_36_frame10.jpg,spoof,0
prepared_liveness_data\raw\spoof\kaggle_15_frame175.jpg,spoof,0
prepared_liveness_data\raw\real\kaggle_66_frame35.jpg,real,1
prepared_liveness_data\raw\real\kaggle_65_frame80.jpg,real,1
prepared_liveness_data\raw\spoof\kaggle_35_frame250.jpg,spoof,0
prepared_liveness_data\raw\real\kaggle_39_frame85.jpg,real,1
prepared_liveness_data\raw\real\kaggle_60_frame10.jpg,real,1
prepared_liveness_data\raw\spoof\kaggle_79_frame300.jpg,spoof,0
prepared_liveness_data\raw\spoof\kaggle_62_frame205.jpg,spoof,0
prepared_liveness_data\raw\real\kaggle_25_frame230.jpg,real,1
prepared_liveness_data\raw\real\kaggle_13_frame205.jpg,real,1
prepared_liveness_data\raw\real\kaggle_52_frame240.jpg,real,1
prepared_liveness_data\raw\spoof\kaggle_70_frame425.jpg,spoof,0
prepared_liveness_data\raw\spoof\kaggle_24_frame125.jpg,spoof,0
prepared_liveness_data\raw\real\kaggle_70_frame350.jpg,real,1
prepared_liveness_data\raw\spoof\kaggle_44_frame310.jpg,spoof,0
prepared_liveness_data\raw\spoof\kaggle_49_frame200.jpg,spoof,0
prepared_liveness_data\raw\real\kaggle_39_frame140.jpg,real,1
prepared_liveness_data\raw\real\kaggle_76_frame55.jpg,real,1
prepared_liveness_data\raw\spoof\kaggle_51_frame60.jpg,spoof,0
prepared_liveness_data\raw\real\kaggle_69_frame140.jpg,real,1
prepared_liveness_data\raw\spoof\kaggle_30_frame70.jpg,spoof,0
prepared_liveness_data\raw\spoof\kaggle_37_frame65.jpg,spoof,0
prepared_liveness_data\raw\spoof\kaggle_61_frame155.jpg,spoof,0
prepared_liveness_data\raw\spoof\kaggle_36_frame120.jpg,spoof,0
prepared_liveness_data\raw\real\kaggle_58_frame140.jpg,real,1
prepared_liveness_data\raw\spoof\kaggle_52_frame85.jpg,spoof,0
prepared_liveness_data\raw\real\kaggle_73_frame90.jpg,real,1
prepared_liveness_data\raw\real\kaggle_28_frame125.jpg,real,1
prepared_liveness_data\raw\spoof\kaggle_18_frame245.jpg,spoof,0
prepared_liveness_data\raw\spoof\kaggle_71_frame335.jpg,spoof,0
prepared_liveness_data\raw\real\kaggle_15_frame410.jpg,real,1
prepared_liveness_data\raw\spoof\kaggle_71_frame190.jpg,spoof,0
prepared_liveness_data\raw\real\kaggle_53_frame255.jpg,real,1
prepared_liveness_data\raw\real\kaggle_1_frame185.jpg,real,1
prepared_liveness_data\raw\spoof\kaggle_57_frame200.jpg,spoof,0
prepared_liveness_data\raw\real\kaggle_59_frame255.jpg,real,1
prepared_liveness_data\raw\real\kaggle_37_frame195.jpg,real,1
prepared_liveness_data\raw\spoof\kaggle_30_frame295.jpg,spoof,0
prepared_liveness_data\raw\spoof\kaggle_40_frame230.jpg,spoof,0
prepared_liveness_data\raw\real\kaggle_14_frame120.jpg,real,1
prepared_liveness_data\raw\real\kaggle_0_frame245.jpg,real,1
prepared_liveness_data\raw\real\kaggle_54_frame170.jpg,real,1
prepared_liveness_data\raw\real\kaggle_38_frame5.jpg,real,1
prepared_liveness_data\raw\spoof\kaggle_6_frame5.jpg,spoof,0
prepared_liveness_data\raw\real\kaggle_3_frame290.jpg,real,1
prepared_liveness_data\raw\spoof\kaggle_35_frame450.jpg,spoof,0
prepared_liveness_data\raw\real\kaggle_33_frame240.jpg,real,1
prepared_liveness_data\raw\real\kaggle_46_frame15.jpg,real,1
prepared_liveness_data\raw\spoof\kaggle_1_frame35.jpg,spoof,0
prepared_liveness_data\raw\spoof\kaggle_37_frame250.jpg,spoof,0
prepared_liveness_data\raw\spoof\kaggle_23_frame165.jpg,spoof,0
prepared_liveness_data\raw\real\kaggle_7_frame180.jpg,real,1
prepared_liveness_data\raw\real\kaggle_49_frame305.jpg,real,1
prepared_liveness_data\raw\spoof\kaggle_49_frame620.jpg,spoof,0
prepared_liveness_data\raw\real\kaggle_62_frame305.jpg,real,1
prepared_liveness_data\raw\spoof\kaggle_57_frame140.jpg,spoof,0
prepared_liveness_data\raw\real\kaggle_47_frame85.jpg,real,1
prepared_liveness_data\raw\spoof\kaggle_43_frame355.jpg,spoof,0
prepared_liveness_data\raw\real\kaggle_0_frame120.jpg,real,1
prepared_liveness_data\raw\spoof\kaggle_44_frame100.jpg,spoof,0
prepared_liveness_data\raw\real\kaggle_53_frame285.jpg,real,1
prepared_liveness_data\raw\spoof\kaggle_72_frame220.jpg,spoof,0
prepared_liveness_data\raw\spoof\kaggle_38_frame320.jpg,spoof,0
prepared_liveness_data\raw\real\kaggle_10_frame135.jpg,real,1
prepared_liveness_data\raw\spoof\kaggle_15_frame180.jpg,spoof,0
prepared_liveness_data\raw\spoof\kaggle_19_frame315.jpg,spoof,0
prepared_liveness_data\raw\spoof\kaggle_24_frame95.jpg,spoof,0
prepared_liveness_data\raw\spoof\kaggle_17_frame145.jpg,spoof,0
prepared_liveness_data\raw\real\kaggle_9_frame260.jpg,real,1
prepared_liveness_data\raw\spoof\kaggle_10_frame380.jpg,spoof,0
prepared_liveness_data\raw\real\kaggle_9_frame175.jpg,real,1
prepared_liveness_data\raw\real\kaggle_57_frame185.jpg,real,1
prepared_liveness_data\raw\spoof\kaggle_58_frame320.jpg,spoof,0
prepared_liveness_data\raw\real\kaggle_32_frame20.jpg,real,1
prepared_liveness_data\raw\spoof\kaggle_70_frame370.jpg,spoof,0
prepared_liveness_data\raw\real\kaggle_78_frame35.jpg,real,1
prepared_liveness_data\raw\spoof\kaggle_55_frame20.jpg,spoof,0
prepared_liveness_data\raw\spoof\kaggle_38_frame285.jpg,spoof,0
prepared_liveness_data\raw\spoof\kaggle_68_frame280.jpg,spoof,0
prepared_liveness_data\raw\spoof\kaggle_58_frame400.jpg,spoof,0
prepared_liveness_data\raw\spoof\kaggle_28_frame370.jpg,spoof,0
prepared_liveness_data\raw\spoof\kaggle_3_frame215.jpg,spoof,0
prepared_liveness_data\raw\real\kaggle_12_frame255.jpg,real,1
prepared_liveness_data\raw\spoof\kaggle_51_frame265.jpg,spoof,0
prepared_liveness_data\raw\spoof\kaggle_56_frame35.jpg,spoof,0
prepared_liveness_data\raw\real\kaggle_21_frame135.jpg,real,1
prepared_liveness_data\raw\real\kaggle_15_frame25.jpg,real,1
prepared_liveness_data\raw\real\kaggle_47_frame180.jpg,real,1
prepared_liveness_data\raw\spoof\kaggle_34_frame55.jpg,spoof,0
prepared_liveness_data\raw\spoof\kaggle_71_frame80.jpg,spoof,0
prepared_liveness_data\raw\spoof\kaggle_30_frame115.jpg,spoof,0
prepared_liveness_data\raw\spoof\kaggle_45_frame155.jpg,spoof,0
prepared_liveness_data\raw\spoof\kaggle_74_frame470.jpg,spoof,0
prepared_liveness_data\raw\spoof\kaggle_28_frame330.jpg,spoof,0
prepared_liveness_data\raw\spoof\kaggle_15_frame160.jpg,spoof,0
prepared_liveness_data\raw\real\kaggle_14_frame295.jpg,real,1
prepared_liveness_data\raw\real\kaggle_79_frame100.jpg,real,1
prepared_liveness_data\raw\spoof\kaggle_75_frame490.jpg,spoof,0
prepared_liveness_data\raw\real\kaggle_67_frame0.jpg,real,1
prepared_liveness_data\raw\real\kaggle_49_frame260.jpg,real,1
prepared_liveness_data\raw\spoof\kaggle_2_frame290.jpg,spoof,0
prepared_liveness_data\raw\spoof\kaggle_12_frame265.jpg,spoof,0
prepared_liveness_data\raw\spoof\kaggle_72_frame45.jpg,spoof,0
prepared_liveness_data\raw\real\kaggle_60_frame95.jpg,real,1
prepared_liveness_data\raw\spoof\kaggle_30_frame120.jpg,spoof,0
prepared_liveness_data\raw\spoof\kaggle_35_frame155.jpg,spoof,0
prepared_liveness_data\raw\spoof\kaggle_66_frame100.jpg,spoof,0
prepared_liveness_data\raw\spoof\kaggle_52_frame100.jpg,spoof,0
prepared_liveness_data\raw\spoof\kaggle_42_frame15.jpg,spoof,0
prepared_liveness_data\raw\real\kaggle_65_frame245.jpg,real,1
prepared_liveness_data\raw\real\kaggle_52_frame50.jpg,real,1
prepared_liveness_data\raw\spoof\kaggle_38_frame45.jpg,spoof,0
prepared_liveness_data\raw\spoof\kaggle_6_frame75.jpg,spoof,0
prepared_liveness_data\raw\spoof\kaggle_47_frame50.jpg,spoof,0
prepared_liveness_data\raw\spoof\kaggle_59_frame370.jpg,spoof,0
prepared_liveness_data\raw\real\kaggle_35_frame80.jpg,real,1
prepared_liveness_data\raw\real\kaggle_46_frame240.jpg,real,1
prepared_liveness_data\raw\spoof\kaggle_15_frame55.jpg,spoof,0
prepared_liveness_data\raw\spoof\kaggle_9_frame300.jpg,spoof,0
prepared_liveness_data\raw\spoof\kaggle_74_frame500.jpg,spoof,0
prepared_liveness_data\raw\spoof\kaggle_51_frame220.jpg,spoof,0
prepared_liveness_data\raw\spoof\kaggle_13_frame125.jpg,spoof,0
prepared_liveness_data\raw\real\kaggle_35_frame410.jpg,real,1
prepared_liveness_data\raw\spoof\kaggle_76_frame10.jpg,spoof,0
prepared_liveness_data\raw\spoof\kaggle_53_frame105.jpg,spoof,0
prepared_liveness_data\raw\spoof\kaggle_78_frame310.jpg,spoof,0
prepared_liveness_data\raw\real\kaggle_75_frame260.jpg,real,1
prepared_liveness_data\raw\real\kaggle_61_frame75.jpg,real,1
prepared_liveness_data\raw\spoof\kaggle_61_frame55.jpg,spoof,0
prepared_liveness_data\raw\real\kaggle_2_frame115.jpg,real,1
prepared_liveness_data\raw\real\kaggle_64_frame20.jpg,real,1
prepared_liveness_data\raw\spoof\kaggle_37_frame275.jpg,spoof,0
prepared_liveness_data\raw\spoof\kaggle_77_frame415.jpg,spoof,0
prepared_liveness_data\raw\spoof\kaggle_75_frame200.jpg,spoof,0
prepared_liveness_data\raw\real\kaggle_65_frame355.jpg,real,1
prepared_liveness_data\raw\real\kaggle_33_frame105.jpg,real,1
prepared_liveness_data\raw\real\kaggle_47_frame190.jpg,real,1
prepared_liveness_data\raw\spoof\kaggle_18_frame230.jpg,spoof,0
prepared_liveness_data\raw\real\kaggle_35_frame255.jpg,real,1
prepared_liveness_data\raw\spoof\kaggle_0_frame90.jpg,spoof,0
prepared_liveness_data\raw\real\kaggle_65_frame320.jpg,real,1
prepared_liveness_data\raw\spoof\kaggle_46_frame425.jpg,spoof,0
prepared_liveness_data\raw\real\kaggle_66_frame150.jpg,real,1
prepared_liveness_data\raw\real\kaggle_2_frame190.jpg,real,1
prepared_liveness_data\raw\real\kaggle_42_frame10.jpg,real,1
prepared_liveness_data\raw\spoof\kaggle_30_frame25.jpg,spoof,0
prepared_liveness_data\raw\spoof\kaggle_74_frame255.jpg,spoof,0
prepared_liveness_data\raw\spoof\kaggle_33_frame90.jpg,spoof,0
prepared_liveness_data\raw\spoof\kaggle_55_frame465.jpg,spoof,0
prepared_liveness_data\raw\real\kaggle_23_frame150.jpg,real,1
prepared_liveness_data\raw\spoof\kaggle_46_frame520.jpg,spoof,0
prepared_liveness_data\raw\spoof\kaggle_11_frame50.jpg,spoof,0
prepared_liveness_data\raw\real\kaggle_58_frame355.jpg,real,1
prepared_liveness_data\raw\spoof\kaggle_65_frame5.jpg,spoof,0
prepared_liveness_data\raw\real\kaggle_65_frame10.jpg,real,1
prepared_liveness_data\raw\spoof\kaggle_8_frame90.jpg,spoof,0
prepared_liveness_data\raw\real\kaggle_74_frame115.jpg,real,1
prepared_liveness_data\raw\real\kaggle_18_frame305.jpg,real,1
prepared_liveness_data\raw\spoof\kaggle_10_frame190.jpg,spoof,0
prepared_liveness_data\raw\spoof\kaggle_35_frame395.jpg,spoof,0
prepared_liveness_data\raw\real\kaggle_36_frame60.jpg,real,1
prepared_liveness_data\raw\real\kaggle_69_frame70.jpg,real,1
prepared_liveness_data\raw\spoof\kaggle_65_frame350.jpg,spoof,0
prepared_liveness_data\raw\spoof\kaggle_13_frame180.jpg,spoof,0
prepared_liveness_data\raw\spoof\kaggle_30_frame105.jpg,spoof,0
prepared_liveness_data\raw\spoof\kaggle_68_frame250.jpg,spoof,0
prepared_liveness_data\raw\real\kaggle_51_frame15.jpg,real,1
prepared_liveness_data\raw\spoof\kaggle_46_frame30.jpg,spoof,0
prepared_liveness_data\raw\real\kaggle_16_frame140.jpg,real,1
prepared_liveness_data\raw\real\kaggle_62_frame0.jpg,real,1
prepared_liveness_data\raw\real\kaggle_37_frame335.jpg,real,1
prepared_liveness_data\raw\spoof\kaggle_63_frame90.jpg,spoof,0
prepared_liveness_data\raw\spoof\kaggle_16_frame125.jpg,spoof,0
prepared_liveness_data\raw\real\kaggle_13_frame175.jpg,real,1
prepared_liveness_data\raw\spoof\kaggle_9_frame345.jpg,spoof,0
prepared_liveness_data\raw\real\kaggle_41_frame180.jpg,real,1
prepared_liveness_data\raw\spoof\kaggle_33_frame145.jpg,spoof,0
prepared_liveness_data\raw\real\kaggle_59_frame5.jpg,real,1
prepared_liveness_data\raw\spoof\kaggle_49_frame10.jpg,spoof,0
prepared_liveness_data\raw\spoof\kaggle_47_frame490.jpg,spoof,0
prepared_liveness_data\raw\real\kaggle_19_frame40.jpg,real,1
prepared_liveness_data\raw\spoof\kaggle_24_frame65.jpg,spoof,0
prepared_liveness_data\raw\spoof\kaggle_8_frame180.jpg,spoof,0
prepared_liveness_data\raw\real\kaggle_12_frame445.jpg,real,1
prepared_liveness_data\raw\real\kaggle_53_frame245.jpg,real,1
prepared_liveness_data\raw\real\kaggle_19_frame80.jpg,real,1
prepared_liveness_data\raw\real\kaggle_16_frame80.jpg,real,1
prepared_liveness_data\raw\real\kaggle_61_frame230.jpg,real,1
prepared_liveness_data\raw\real\kaggle_74_frame240.jpg,real,1
prepared_liveness_data\raw\spoof\kaggle_34_frame100.jpg,spoof,0
prepared_liveness_data\raw\real\kaggle_70_frame265.jpg,real,1
prepared_liveness_data\raw\real\kaggle_33_frame245.jpg,real,1
prepared_liveness_data\raw\real\kaggle_42_frame35.jpg,real,1
prepared_liveness_data\raw\real\kaggle_72_frame90.jpg,real,1
prepared_liveness_data\raw\real\kaggle_23_frame80.jpg,real,1
prepared_liveness_data\raw\spoof\kaggle_54_frame40.jpg,spoof,0
prepared_liveness_data\raw\real\kaggle_65_frame450.jpg,real,1
prepared_liveness_data\raw\real\kaggle_7_frame30.jpg,real,1
prepared_liveness_data\raw\spoof\kaggle_44_frame285.jpg,spoof,0
prepared_liveness_data\raw\real\kaggle_21_frame50.jpg,real,1
prepared_liveness_data\raw\real\kaggle_2_frame30.jpg,real,1
prepared_liveness_data\raw\real\kaggle_62_frame445.jpg,real,1
prepared_liveness_data\raw\real\kaggle_46_frame310.jpg,real,1
prepared_liveness_data\raw\spoof\kaggle_1_frame50.jpg,spoof,0
prepared_liveness_data\raw\spoof\kaggle_20_frame220.jpg,spoof,0
prepared_liveness_data\raw\real\kaggle_61_frame260.jpg,real,1
prepared_liveness_data\raw\spoof\kaggle_36_frame295.jpg,spoof,0
prepared_liveness_data\raw\real\kaggle_47_frame270.jpg,real,1
prepared_liveness_data\raw\spoof\kaggle_71_frame105.jpg,spoof,0
prepared_liveness_data\raw\real\kaggle_52_frame250.jpg,real,1
prepared_liveness_data\raw\real\kaggle_70_frame325.jpg,real,1
prepared_liveness_data\raw\spoof\kaggle_5_frame255.jpg,spoof,0
prepared_liveness_data\raw\real\kaggle_27_frame105.jpg,real,1
prepared_liveness_data\raw\real\kaggle_13_frame140.jpg,real,1
prepared_liveness_data\raw\spoof\kaggle_50_frame325.jpg,spoof,0
prepared_liveness_data\raw\spoof\kaggle_60_frame30.jpg,spoof,0
prepared_liveness_data\raw\real\kaggle_14_frame310.jpg,real,1
prepared_liveness_data\raw\real\kaggle_40_frame85.jpg,real,1
prepared_liveness_data\raw\spoof\kaggle_49_frame465.jpg,spoof,0
prepared_liveness_data\raw\real\kaggle_18_frame160.jpg,real,1
prepared_liveness_data\raw\spoof\kaggle_44_frame35.jpg,spoof,0
prepared_liveness_data\raw\real\kaggle_17_frame25.jpg,real,1
prepared_liveness_data\raw\spoof\kaggle_35_frame265.jpg,spoof,0
prepared_liveness_data\raw\real\kaggle_62_frame285.jpg,real,1
prepared_liveness_data\raw\spoof\kaggle_1_frame300.jpg,spoof,0
prepared_liveness_data\raw\real\kaggle_64_frame55.jpg,real,1
prepared_liveness_data\raw\spoof\kaggle_68_frame80.jpg,spoof,0
prepared_liveness_data\raw\real\kaggle_61_frame300.jpg,real,1
prepared_liveness_data\raw\real\kaggle_74_frame190.jpg,real,1
prepared_liveness_data\raw\spoof\kaggle_46_frame0.jpg,spoof,0
prepared_liveness_data\raw\spoof\kaggle_31_frame80.jpg,spoof,0
prepared_liveness_data\raw\spoof\kaggle_61_frame65.jpg,spoof,0
prepared_liveness_data\raw\spoof\kaggle_28_frame250.jpg,spoof,0
prepared_liveness_data\raw\real\kaggle_41_frame30.jpg,real,1
prepared_liveness_data\raw\spoof\kaggle_17_frame210.jpg,spoof,0
prepared_liveness_data\raw\real\kaggle_52_frame310.jpg,real,1
prepared_liveness_data\raw\real\kaggle_60_frame30.jpg,real,1
prepared_liveness_data\raw\real\kaggle_15_frame130.jpg,real,1
prepared_liveness_data\raw\spoof\kaggle_68_frame410.jpg,spoof,0
prepared_liveness_data\raw\real\kaggle_79_frame325.jpg,real,1
prepared_liveness_data\raw\spoof\kaggle_49_frame285.jpg,spoof,0
prepared_liveness_data\raw\real\kaggle_40_frame125.jpg,real,1
prepared_liveness_data\raw\real\kaggle_39_frame95.jpg,real,1
prepared_liveness_data\raw\spoof\kaggle_49_frame645.jpg,spoof,0
prepared_liveness_data\raw\spoof\kaggle_73_frame20.jpg,spoof,0
prepared_liveness_data\raw\real\kaggle_15_frame170.jpg,real,1
prepared_liveness_data\raw\spoof\kaggle_59_frame380.jpg,spoof,0
prepared_liveness_data\raw\real\kaggle_8_frame260.jpg,real,1
prepared_liveness_data\raw\spoof\kaggle_12_frame75.jpg,spoof,0
prepared_liveness_data\raw\spoof\kaggle_60_frame265.jpg,spoof,0
prepared_liveness_data\raw\spoof\kaggle_64_frame260.jpg,spoof,0
prepared_liveness_data\raw\spoof\kaggle_63_frame50.jpg,spoof,0
prepared_liveness_data\raw\spoof\kaggle_47_frame280.jpg,spoof,0
prepared_liveness_data\raw\spoof\kaggle_74_frame300.jpg,spoof,0
prepared_liveness_data\raw\real\kaggle_70_frame15.jpg,real,1
prepared_liveness_data\raw\real\kaggle_8_frame240.jpg,real,1
prepared_liveness_data\raw\spoof\kaggle_43_frame175.jpg,spoof,0
prepared_liveness_data\raw\spoof\kaggle_1_frame170.jpg,spoof,0
prepared_liveness_data\raw\real\kaggle_62_frame180.jpg,real,1
prepared_liveness_data\raw\real\kaggle_65_frame205.jpg,real,1
prepared_liveness_data\raw\real\kaggle_70_frame260.jpg,real,1
prepared_liveness_data\raw\spoof\kaggle_21_frame115.jpg,spoof,0
prepared_liveness_data\raw\real\kaggle_76_frame155.jpg,real,1
prepared_liveness_data\raw\spoof\kaggle_65_frame245.jpg,spoof,0
prepared_liveness_data\raw\real\kaggle_64_frame15.jpg,real,1
prepared_liveness_data\raw\spoof\kaggle_50_frame275.jpg,spoof,0
prepared_liveness_data\raw\real\kaggle_75_frame555.jpg,real,1
prepared_liveness_data\raw\real\kaggle_72_frame215.jpg,real,1
prepared_liveness_data\raw\spoof\kaggle_64_frame120.jpg,spoof,0
prepared_liveness_data\raw\real\kaggle_49_frame210.jpg,real,1
prepared_liveness_data\raw\real\kaggle_1_frame210.jpg,real,1
prepared_liveness_data\raw\spoof\kaggle_28_frame450.jpg,spoof,0
prepared_liveness_data\raw\real\kaggle_10_frame395.jpg,real,1
prepared_liveness_data\raw\spoof\kaggle_10_frame140.jpg,spoof,0
prepared_liveness_data\raw\real\kaggle_1_frame95.jpg,real,1
prepared_liveness_data\raw\spoof\kaggle_23_frame260.jpg,spoof,0
prepared_liveness_data\raw\real\kaggle_69_frame265.jpg,real,1
prepared_liveness_data\raw\spoof\kaggle_21_frame375.jpg,spoof,0
prepared_liveness_data\raw\spoof\kaggle_43_frame255.jpg,spoof,0
prepared_liveness_data\raw\spoof\kaggle_11_frame125.jpg,spoof,0
prepared_liveness_data\raw\spoof\kaggle_53_frame85.jpg,spoof,0
prepared_liveness_data\raw\spoof\kaggle_50_frame195.jpg,spoof,0
prepared_liveness_data\raw\spoof\kaggle_14_frame265.jpg,spoof,0
prepared_liveness_data\raw\spoof\kaggle_3_frame150.jpg,spoof,0
prepared_liveness_data\raw\real\kaggle_71_frame160.jpg,real,1
prepared_liveness_data\raw\real\kaggle_17_frame115.jpg,real,1
prepared_liveness_data\raw\spoof\kaggle_0_frame140.jpg,spoof,0
prepared_liveness_data\raw\real\kaggle_31_frame10.jpg,real,1
prepared_liveness_data\raw\spoof\kaggle_16_frame370.jpg,spoof,0
prepared_liveness_data\raw\real\kaggle_75_frame515.jpg,real,1
prepared_liveness_data\raw\real\kaggle_14_frame210.jpg,real,1
prepared_liveness_data\raw\spoof\kaggle_1_frame15.jpg,spoof,0
prepared_liveness_data\raw\spoof\kaggle_65_frame365.jpg,spoof,0
prepared_liveness_data\raw\spoof\kaggle_5_frame130.jpg,spoof,0
prepared_liveness_data\raw\spoof\kaggle_60_frame35.jpg,spoof,0
prepared_liveness_data\raw\spoof\kaggle_0_frame80.jpg,spoof,0
prepared_liveness_data\raw\real\kaggle_36_frame20.jpg,real,1
prepared_liveness_data\raw\real\kaggle_35_frame50.jpg,real,1
prepared_liveness_data\raw\real\kaggle_67_frame300.jpg,real,1
prepared_liveness_data\raw\real\kaggle_11_frame160.jpg,real,1
prepared_liveness_data\raw\spoof\kaggle_75_frame100.jpg,spoof,0
prepared_liveness_data\raw\real\kaggle_62_frame150.jpg,real,1
prepared_liveness_data\raw\spoof\kaggle_14_frame15.jpg,spoof,0
prepared_liveness_data\raw\real\kaggle_78_frame160.jpg,real,1
prepared_liveness_data\raw\real\kaggle_56_frame85.jpg,real,1
prepared_liveness_data\raw\spoof\kaggle_25_frame5.jpg,spoof,0
prepared_liveness_data\raw\spoof\kaggle_54_frame225.jpg,spoof,0
prepared_liveness_data\raw\spoof\kaggle_62_frame260.jpg,spoof,0
prepared_liveness_data\raw\spoof\kaggle_25_frame230.jpg,spoof,0
prepared_liveness_data\raw\real\kaggle_35_frame345.jpg,real,1
prepared_liveness_data\raw\spoof\kaggle_2_frame295.jpg,spoof,0
prepared_liveness_data\raw\real\kaggle_65_frame345.jpg,real,1
prepared_liveness_data\raw\spoof\kaggle_62_frame360.jpg,spoof,0
prepared_liveness_data\raw\real\kaggle_18_frame70.jpg,real,1
prepared_liveness_data\raw\spoof\kaggle_78_frame20.jpg,spoof,0
prepared_liveness_data\raw\real\kaggle_79_frame300.jpg,real,1
prepared_liveness_data\raw\real\kaggle_30_frame115.jpg,real,1
prepared_liveness_data\raw\spoof\kaggle_21_frame185.jpg,spoof,0
prepared_liveness_data\raw\real\kaggle_49_frame235.jpg,real,1
prepared_liveness_data\raw\real\kaggle_64_frame145.jpg,real,1
prepared_liveness_data\raw\spoof\kaggle_59_frame40.jpg,spoof,0
prepared_liveness_data\raw\spoof\kaggle_10_frame405.jpg,spoof,0
prepared_liveness_data\raw\real\kaggle_25_frame70.jpg,real,1
prepared_liveness_data\raw\spoof\kaggle_43_frame135.jpg,spoof,0
prepared_liveness_data\raw\real\kaggle_64_frame50.jpg,real,1
prepared_liveness_data\raw\real\kaggle_78_frame315.jpg,real,1
prepared_liveness_data\raw\real\kaggle_13_frame270.jpg,real,1
prepared_liveness_data\raw\real\kaggle_60_frame55.jpg,real,1
prepared_liveness_data\raw\real\kaggle_40_frame0.jpg,real,1
prepared_liveness_data\raw\spoof\kaggle_31_frame205.jpg,spoof,0
prepared_liveness_data\raw\spoof\kaggle_14_frame255.jpg,spoof,0
prepared_liveness_data\raw\spoof\kaggle_44_frame125.jpg,spoof,0
prepared_liveness_data\raw\real\kaggle_78_frame275.jpg,real,1
prepared_liveness_data\raw\spoof\kaggle_7_frame175.jpg,spoof,0
prepared_liveness_data\raw\spoof\kaggle_47_frame285.jpg,spoof,0
prepared_liveness_data\raw\spoof\kaggle_2_frame125.jpg,spoof,0
prepared_liveness_data\raw\real\kaggle_55_frame95.jpg,real,1
prepared_liveness_data\raw\spoof\kaggle_61_frame480.jpg,spoof,0
prepared_liveness_data\raw\real\kaggle_71_frame115.jpg,real,1
prepared_liveness_data\raw\spoof\kaggle_57_frame235.jpg,spoof,0
prepared_liveness_data\raw\spoof\kaggle_37_frame295.jpg,spoof,0
prepared_liveness_data\raw\spoof\kaggle_27_frame60.jpg,spoof,0
prepared_liveness_data\raw\real\kaggle_69_frame50.jpg,real,1
prepared_liveness_data\raw\spoof\kaggle_18_frame390.jpg,spoof,0
prepared_liveness_data\raw\spoof\kaggle_18_frame525.jpg,spoof,0
prepared_liveness_data\raw\spoof\kaggle_39_frame170.jpg,spoof,0
prepared_liveness_data\raw\real\kaggle_20_frame190.jpg,real,1
prepared_liveness_data\raw\spoof\kaggle_13_frame210.jpg,spoof,0
prepared_liveness_data\raw\real\kaggle_13_frame215.jpg,real,1
prepared_liveness_data\raw\spoof\kaggle_29_frame15.jpg,spoof,0
prepared_liveness_data\raw\real\kaggle_61_frame280.jpg,real,1
prepared_liveness_data\raw\spoof\kaggle_46_frame215.jpg,spoof,0
prepared_liveness_data\raw\spoof\kaggle_36_frame135.jpg,spoof,0
prepared_liveness_data\raw\spoof\kaggle_73_frame15.jpg,spoof,0
prepared_liveness_data\raw\spoof\kaggle_24_frame40.jpg,spoof,0
prepared_liveness_data\raw\real\kaggle_14_frame95.jpg,real,1
prepared_liveness_data\raw\spoof\kaggle_27_frame65.jpg,spoof,0
prepared_liveness_data\raw\real\kaggle_69_frame130.jpg,real,1
prepared_liveness_data\raw\spoof\kaggle_18_frame10.jpg,spoof,0
prepared_liveness_data\raw\spoof\kaggle_14_frame50.jpg,spoof,0
prepared_liveness_data\raw\spoof\kaggle_21_frame270.jpg,spoof,0
prepared_liveness_data\raw\spoof\kaggle_5_frame360.jpg,spoof,0
prepared_liveness_data\raw\spoof\kaggle_21_frame110.jpg,spoof,0
prepared_liveness_data\raw\real\kaggle_9_frame145.jpg,real,1
prepared_liveness_data\raw\spoof\kaggle_25_frame35.jpg,spoof,0
prepared_liveness_data\raw\spoof\kaggle_47_frame160.jpg,spoof,0
prepared_liveness_data\raw\spoof\kaggle_8_frame140.jpg,spoof,0
prepared_liveness_data\raw\real\kaggle_41_frame195.jpg,real,1
prepared_liveness_data\raw\spoof\kaggle_76_frame140.jpg,spoof,0
prepared_liveness_data\raw\spoof\kaggle_75_frame280.jpg,spoof,0
prepared_liveness_data\raw\spoof\kaggle_64_frame20.jpg,spoof,0
prepared_liveness_data\raw\real\kaggle_32_frame175.jpg,real,1
prepared_liveness_data\raw\spoof\kaggle_36_frame195.jpg,spoof,0
prepared_liveness_data\raw\real\kaggle_17_frame145.jpg,real,1
prepared_liveness_data\raw\spoof\kaggle_59_frame305.jpg,spoof,0
prepared_liveness_data\raw\real\kaggle_17_frame105.jpg,real,1
prepared_liveness_data\raw\spoof\kaggle_14_frame300.jpg,spoof,0
prepared_liveness_data\raw\real\kaggle_61_frame350.jpg,real,1
prepared_liveness_data\raw\real\kaggle_53_frame215.jpg,real,1
prepared_liveness_data\raw\real\kaggle_28_frame185.jpg,real,1
prepared_liveness_data\raw\real\kaggle_51_frame70.jpg,real,1
prepared_liveness_data\raw\spoof\kaggle_59_frame105.jpg,spoof,0
prepared_liveness_data\raw\spoof\kaggle_15_frame0.jpg,spoof,0
prepared_liveness_data\raw\spoof\kaggle_61_frame40.jpg,spoof,0
prepared_liveness_data\raw\spoof\kaggle_3_frame185.jpg,spoof,0
prepared_liveness_data\raw\spoof\kaggle_59_frame235.jpg,spoof,0
prepared_liveness_data\raw\real\kaggle_9_frame245.jpg,real,1
prepared_liveness_data\raw\real\kaggle_68_frame345.jpg,real,1
prepared_liveness_data\raw\spoof\kaggle_14_frame30.jpg,spoof,0
prepared_liveness_data\raw\spoof\kaggle_71_frame85.jpg,spoof,0
prepared_liveness_data\raw\spoof\kaggle_49_frame55.jpg,spoof,0
prepared_liveness_data\raw\real\kaggle_33_frame100.jpg,real,1
prepared_liveness_data\raw\real\kaggle_46_frame285.jpg,real,1
prepared_liveness_data\raw\spoof\kaggle_62_frame5.jpg,spoof,0
prepared_liveness_data\raw\spoof\kaggle_3_frame210.jpg,spoof,0
prepared_liveness_data\raw\real\kaggle_47_frame305.jpg,real,1
prepared_liveness_data\raw\real\kaggle_74_frame100.jpg,real,1
prepared_liveness_data\raw\spoof\kaggle_4_frame35.jpg,spoof,0
prepared_liveness_data\raw\spoof\kaggle_68_frame310.jpg,spoof,0
prepared_liveness_data\raw\spoof\kaggle_20_frame115.jpg,spoof,0
prepared_liveness_data\raw\real\kaggle_42_frame215.jpg,real,1
prepared_liveness_data\raw\real\kaggle_12_frame380.jpg,real,1
prepared_liveness_data\raw\real\kaggle_47_frame365.jpg,real,1
prepared_liveness_data\raw\spoof\kaggle_77_frame55.jpg,spoof,0
prepared_liveness_data\raw\spoof\kaggle_68_frame120.jpg,spoof,0
prepared_liveness_data\raw\spoof\kaggle_37_frame40.jpg,spoof,0
prepared_liveness_data\raw\real\kaggle_10_frame100.jpg,real,1
prepared_liveness_data\raw\real\kaggle_39_frame40.jpg,real,1
prepared_liveness_data\raw\spoof\kaggle_70_frame85.jpg,spoof,0
prepared_liveness_data\raw\real\kaggle_49_frame270.jpg,real,1
prepared_liveness_data\raw\spoof\kaggle_15_frame45.jpg,spoof,0
prepared_liveness_data\raw\real\kaggle_14_frame155.jpg,real,1
prepared_liveness_data\raw\real\kaggle_69_frame250.jpg,real,1
prepared_liveness_data\raw\spoof\kaggle_47_frame435.jpg,spoof,0
prepared_liveness_data\raw\spoof\kaggle_11_frame245.jpg,spoof,0
prepared_liveness_data\raw\spoof\kaggle_38_frame140.jpg,spoof,0
prepared_liveness_data\raw\real\kaggle_68_frame175.jpg,real,1
prepared_liveness_data\raw\real\kaggle_7_frame175.jpg,real,1
prepared_liveness_data\raw\spoof\kaggle_10_frame440.jpg,spoof,0
prepared_liveness_data\raw\spoof\kaggle_19_frame255.jpg,spoof,0
prepared_liveness_data\raw\real\kaggle_66_frame25.jpg,real,1
prepared_liveness_data\raw\spoof\kaggle_42_frame110.jpg,spoof,0
prepared_liveness_data\raw\spoof\kaggle_36_frame25.jpg,spoof,0
prepared_liveness_data\raw\spoof\kaggle_12_frame195.jpg,spoof,0
prepared_liveness_data\raw\spoof\kaggle_56_frame100.jpg,spoof,0
prepared_liveness_data\raw\spoof\kaggle_77_frame295.jpg,spoof,0
prepared_liveness_data\raw\real\kaggle_63_frame175.jpg,real,1
prepared_liveness_data\raw\spoof\kaggle_16_frame345.jpg,spoof,0
prepared_liveness_data\raw\spoof\kaggle_52_frame115.jpg,spoof,0
prepared_liveness_data\raw\real\kaggle_13_frame325.jpg,real,1
prepared_liveness_data\raw\real\kaggle_10_frame440.jpg,real,1
prepared_liveness_data\raw\spoof\kaggle_73_frame140.jpg,spoof,0
prepared_liveness_data\raw\real\kaggle_44_frame100.jpg,real,1
prepared_liveness_data\raw\real\kaggle_47_frame335.jpg,real,1
prepared_liveness_data\raw\real\kaggle_4_frame145.jpg,real,1
prepared_liveness_data\raw\real\kaggle_35_frame220.jpg,real,1
prepared_liveness_data\raw\real\kaggle_49_frame185.jpg,real,1
prepared_liveness_data\raw\real\kaggle_65_frame330.jpg,real,1
prepared_liveness_data\raw\real\kaggle_58_frame125.jpg,real,1
prepared_liveness_data\raw\real\kaggle_51_frame165.jpg,real,1
prepared_liveness_data\raw\real\kaggle_12_frame210.jpg,real,1
prepared_liveness_data\raw\spoof\kaggle_25_frame210.jpg,spoof,0
prepared_liveness_data\raw\spoof\kaggle_54_frame160.jpg,spoof,0
prepared_liveness_data\raw\spoof\kaggle_55_frame180.jpg,spoof,0
prepared_liveness_data\raw\spoof\kaggle_52_frame150.jpg,spoof,0
prepared_liveness_data\raw\spoof\kaggle_5_frame75.jpg,spoof,0
prepared_liveness_data\raw\real\kaggle_2_frame95.jpg,real,1
prepared_liveness_data\raw\real\kaggle_60_frame110.jpg,real,1
prepared_liveness_data\raw\spoof\kaggle_77_frame100.jpg,spoof,0
prepared_liveness_data\raw\spoof\kaggle_39_frame280.jpg,spoof,0
prepared_liveness_data\raw\spoof\kaggle_54_frame30.jpg,spoof,0
prepared_liveness_data\raw\spoof\kaggle_52_frame160.jpg,spoof,0
prepared_liveness_data\raw\spoof\kaggle_1_frame185.jpg,spoof,0
prepared_liveness_data\raw\spoof\kaggle_65_frame110.jpg,spoof,0
prepared_liveness_data\raw\real\kaggle_61_frame85.jpg,real,1
prepared_liveness_data\raw\real\kaggle_67_frame125.jpg,real,1
prepared_liveness_data\raw\real\kaggle_9_frame95.jpg,real,1
prepared_liveness_data\raw\real\kaggle_50_frame120.jpg,real,1
prepared_liveness_data\raw\real\kaggle_18_frame355.jpg,real,1
prepared_liveness_data\raw\real\kaggle_1_frame240.jpg,real,1
prepared_liveness_data\raw\real\kaggle_2_frame10.jpg,real,1
prepared_liveness_data\raw\spoof\kaggle_19_frame60.jpg,spoof,0
prepared_liveness_data\raw\spoof\kaggle_58_frame280.jpg,spoof,0
prepared_liveness_data\raw\spoof\kaggle_55_frame400.jpg,spoof,0
prepared_liveness_data\raw\real\kaggle_34_frame95.jpg,real,1
prepared_liveness_data\raw\spoof\kaggle_34_frame175.jpg,spoof,0
prepared_liveness_data\raw\spoof\kaggle_35_frame10.jpg,spoof,0
prepared_liveness_data\raw\spoof\kaggle_64_frame230.jpg,spoof,0
prepared_liveness_data\raw\real\kaggle_62_frame465.jpg,real,1
prepared_liveness_data\raw\real\kaggle_18_frame125.jpg,real,1
prepared_liveness_data\raw\real\kaggle_62_frame275.jpg,real,1
prepared_liveness_data\raw\real\kaggle_79_frame90.jpg,real,1
prepared_liveness_data\raw\spoof\kaggle_61_frame80.jpg,spoof,0
prepared_liveness_data\raw\spoof\kaggle_0_frame40.jpg,spoof,0
prepared_liveness_data\raw\spoof\kaggle_50_frame115.jpg,spoof,0
prepared_liveness_data\raw\spoof\kaggle_77_frame240.jpg,spoof,0
prepared_liveness_data\raw\real\kaggle_25_frame65.jpg,real,1
prepared_liveness_data\raw\spoof\kaggle_20_frame50.jpg,spoof,0
prepared_liveness_data\raw\spoof\kaggle_42_frame35.jpg,spoof,0
prepared_liveness_data\raw\real\kaggle_76_frame35.jpg,real,1
prepared_liveness_data\raw\spoof\kaggle_9_frame70.jpg,spoof,0
prepared_liveness_data\raw\spoof\kaggle_67_frame245.jpg,spoof,0
prepared_liveness_data\raw\spoof\kaggle_43_frame405.jpg,spoof,0
prepared_liveness_data\raw\real\kaggle_25_frame275.jpg,real,1
prepared_liveness_data\raw\spoof\kaggle_43_frame125.jpg,spoof,0
prepared_liveness_data\raw\spoof\kaggle_69_frame225.jpg,spoof,0
prepared_liveness_data\raw\real\kaggle_65_frame0.jpg,real,1
prepared_liveness_data\raw\spoof\kaggle_50_frame30.jpg,spoof,0
prepared_liveness_data\raw\spoof\kaggle_60_frame230.jpg,spoof,0
prepared_liveness_data\raw\real\kaggle_58_frame540.jpg,real,1
prepared_liveness_data\raw\spoof\kaggle_29_frame220.jpg,spoof,0
prepared_liveness_data\raw\spoof\kaggle_18_frame215.jpg,spoof,0
prepared_liveness_data\raw\real\kaggle_18_frame75.jpg,real,1
prepared_liveness_data\raw\spoof\kaggle_27_frame50.jpg,spoof,0
prepared_liveness_data\raw\spoof\kaggle_59_frame130.jpg,spoof,0
prepared_liveness_data\raw\real\kaggle_61_frame255.jpg,real,1
prepared_liveness_data\raw\real\kaggle_45_frame60.jpg,real,1
prepared_liveness_data\raw\spoof\kaggle_21_frame480.jpg,spoof,0
prepared_liveness_data\raw\spoof\kaggle_59_frame420.jpg,spoof,0
prepared_liveness_data\raw\real\kaggle_79_frame335.jpg,real,1
prepared_liveness_data\raw\real\kaggle_39_frame155.jpg,real,1
prepared_liveness_data\raw\spoof\kaggle_22_frame65.jpg,spoof,0
prepared_liveness_data\raw\real\kaggle_16_frame170.jpg,real,1
prepared_liveness_data\raw\spoof\kaggle_11_frame115.jpg,spoof,0
prepared_liveness_data\raw\spoof\kaggle_43_frame170.jpg,spoof,0
prepared_liveness_data\raw\spoof\kaggle_20_frame125.jpg,spoof,0
prepared_liveness_data\raw\spoof\kaggle_1_frame150.jpg,spoof,0
prepared_liveness_data\raw\real\kaggle_46_frame20.jpg,real,1
prepared_liveness_data\raw\real\kaggle_57_frame170.jpg,real,1
prepared_liveness_data\raw\spoof\kaggle_67_frame40.jpg,spoof,0
prepared_liveness_data\raw\real\kaggle_13_frame85.jpg,real,1
prepared_liveness_data\raw\real\kaggle_65_frame250.jpg,real,1
prepared_liveness_data\raw\spoof\kaggle_69_frame55.jpg,spoof,0
prepared_liveness_data\raw\real\kaggle_52_frame220.jpg,real,1
prepared_liveness_data\raw\spoof\kaggle_77_frame170.jpg,spoof,0
prepared_liveness_data\raw\spoof\kaggle_76_frame50.jpg,spoof,0
prepared_liveness_data\raw\real\kaggle_40_frame25.jpg,real,1
prepared_liveness_data\raw\spoof\kaggle_29_frame195.jpg,spoof,0
prepared_liveness_data\raw\spoof\kaggle_19_frame325.jpg,spoof,0
prepared_liveness_data\raw\spoof\kaggle_2_frame270.jpg,spoof,0
prepared_liveness_data\raw\spoof\kaggle_78_frame40.jpg,spoof,0
prepared_liveness_data\raw\real\kaggle_15_frame245.jpg,real,1
prepared_liveness_data\raw\spoof\kaggle_2_frame385.jpg,spoof,0
prepared_liveness_data\raw\spoof\kaggle_48_frame245.jpg,spoof,0
prepared_liveness_data\raw\real\kaggle_32_frame145.jpg,real,1
prepared_liveness_data\raw\real\kaggle_12_frame235.jpg,real,1
prepared_liveness_data\raw\spoof\kaggle_76_frame145.jpg,spoof,0
prepared_liveness_data\raw\spoof\kaggle_11_frame135.jpg,spoof,0
prepared_liveness_data\raw\real\kaggle_28_frame250.jpg,real,1
prepared_liveness_data\raw\spoof\kaggle_56_frame75.jpg,spoof,0
prepared_liveness_data\raw\real\kaggle_5_frame270.jpg,real,1
prepared_liveness_data\raw\spoof\kaggle_30_frame385.jpg,spoof,0
prepared_liveness_data\raw\real\kaggle_23_frame25.jpg,real,1
prepared_liveness_data\raw\real\kaggle_6_frame40.jpg,real,1
prepared_liveness_data\raw\spoof\kaggle_37_frame75.jpg,spoof,0
prepared_liveness_data\raw\spoof\kaggle_48_frame235.jpg,spoof,0
prepared_liveness_data\raw\spoof\kaggle_19_frame170.jpg,spoof,0
prepared_liveness_data\raw\spoof\kaggle_52_frame525.jpg,spoof,0
prepared_liveness_data\raw\real\kaggle_13_frame230.jpg,real,1
prepared_liveness_data\raw\real\kaggle_37_frame280.jpg,real,1
prepared_liveness_data\raw\spoof\kaggle_77_frame425.jpg,spoof,0
prepared_liveness_data\raw\spoof\kaggle_12_frame485.jpg,spoof,0
prepared_liveness_data\raw\spoof\kaggle_20_frame40.jpg,spoof,0
prepared_liveness_data\raw\spoof\kaggle_67_frame185.jpg,spoof,0
prepared_liveness_data\raw\real\kaggle_34_frame10.jpg,real,1
prepared_liveness_data\raw\spoof\kaggle_58_frame90.jpg,spoof,0
prepared_liveness_data\raw\real\kaggle_0_frame255.jpg,real,1
prepared_liveness_data\raw\spoof\kaggle_29_frame40.jpg,spoof,0
prepared_liveness_data\raw\real\kaggle_63_frame185.jpg,real,1
prepared_liveness_data\raw\spoof\kaggle_69_frame300.jpg,spoof,0
prepared_liveness_data\raw\real\kaggle_73_frame340.jpg,real,1
prepared_liveness_data\raw\spoof\kaggle_51_frame135.jpg,spoof,0
prepared_liveness_data\raw\spoof\kaggle_52_frame50.jpg,spoof,0
prepared_liveness_data\raw\real\kaggle_31_frame200.jpg,real,1
prepared_liveness_data\raw\spoof\kaggle_77_frame95.jpg,spoof,0
prepared_liveness_data\raw\real\kaggle_12_frame535.jpg,real,1
prepared_liveness_data\raw\spoof\kaggle_25_frame130.jpg,spoof,0
prepared_liveness_data\raw\real\kaggle_29_frame190.jpg,real,1
prepared_liveness_data\raw\spoof\kaggle_61_frame295.jpg,spoof,0
prepared_liveness_data\raw\real\kaggle_16_frame120.jpg,real,1
prepared_liveness_data\raw\real\kaggle_61_frame365.jpg,real,1
prepared_liveness_data\raw\spoof\kaggle_58_frame275.jpg,spoof,0
prepared_liveness_data\raw\spoof\kaggle_67_frame50.jpg,spoof,0
prepared_liveness_data\raw\spoof\kaggle_1_frame215.jpg,spoof,0
prepared_liveness_data\raw\real\kaggle_72_frame345.jpg,real,1
prepared_liveness_data\raw\spoof\kaggle_30_frame75.jpg,spoof,0
prepared_liveness_data\raw\real\kaggle_71_frame275.jpg,real,1
prepared_liveness_data\raw\real\kaggle_51_frame145.jpg,real,1
prepared_liveness_data\raw\spoof\kaggle_11_frame10.jpg,spoof,0
prepared_liveness_data\raw\spoof\kaggle_4_frame160.jpg,spoof,0
prepared_liveness_data\raw\spoof\kaggle_11_frame90.jpg,spoof,0
prepared_liveness_data\raw\real\kaggle_8_frame30.jpg,real,1
prepared_liveness_data\raw\real\kaggle_64_frame100.jpg,real,1
prepared_liveness_data\raw\real\kaggle_21_frame70.jpg,real,1
prepared_liveness_data\raw\spoof\kaggle_42_frame95.jpg,spoof,0
prepared_liveness_data\raw\spoof\kaggle_49_frame80.jpg,spoof,0
prepared_liveness_data\raw\real\kaggle_66_frame115.jpg,real,1
prepared_liveness_data\raw\spoof\kaggle_66_frame10.jpg,spoof,0
prepared_liveness_data\raw\spoof\kaggle_48_frame215.jpg,spoof,0
prepared_liveness_data\raw\spoof\kaggle_71_frame135.jpg,spoof,0
prepared_liveness_data\raw\real\kaggle_2_frame70.jpg,real,1
prepared_liveness_data\raw\spoof\kaggle_46_frame190.jpg,spoof,0
prepared_liveness_data\raw\real\kaggle_33_frame215.jpg,real,1
prepared_liveness_data\raw\spoof\kaggle_59_frame110.jpg,spoof,0
prepared_liveness_data\raw\spoof\kaggle_27_frame160.jpg,spoof,0
prepared_liveness_data\raw\spoof\kaggle_67_frame165.jpg,spoof,0
prepared_liveness_data\raw\real\kaggle_79_frame260.jpg,real,1
prepared_liveness_data\raw\spoof\kaggle_9_frame315.jpg,spoof,0
prepared_liveness_data\raw\spoof\kaggle_16_frame330.jpg,spoof,0
prepared_liveness_data\raw\real\kaggle_38_frame120.jpg,real,1
prepared_liveness_data\raw\real\kaggle_59_frame10.jpg,real,1
prepared_liveness_data\raw\real\kaggle_10_frame405.jpg,real,1
prepared_liveness_data\raw\spoof\kaggle_23_frame480.jpg,spoof,0
prepared_liveness_data\raw\spoof\kaggle_69_frame145.jpg,spoof,0
prepared_liveness_data\raw\spoof\kaggle_72_frame470.jpg,spoof,0
prepared_liveness_data\raw\spoof\kaggle_35_frame105.jpg,spoof,0
prepared_liveness_data\raw\spoof\kaggle_70_frame190.jpg,spoof,0
prepared_liveness_data\raw\spoof\kaggle_12_frame125.jpg,spoof,0
prepared_liveness_data\raw\real\kaggle_4_frame70.jpg,real,1
prepared_liveness_data\raw\spoof\kaggle_3_frame270.jpg,spoof,0
prepared_liveness_data\raw\real\kaggle_75_frame520.jpg,real,1
prepared_liveness_data\raw\spoof\kaggle_51_frame80.jpg,spoof,0
prepared_liveness_data\raw\real\kaggle_73_frame145.jpg,real,1
prepared_liveness_data\raw\spoof\kaggle_45_frame105.jpg,spoof,0
prepared_liveness_data\raw\spoof\kaggle_69_frame45.jpg,spoof,0
prepared_liveness_data\raw\real\kaggle_79_frame50.jpg,real,1
prepared_liveness_data\raw\real\kaggle_0_frame90.jpg,real,1
prepared_liveness_data\raw\real\kaggle_6_frame160.jpg,real,1
prepared_liveness_data\raw\real\kaggle_76_frame50.jpg,real,1
prepared_liveness_data\raw\real\kaggle_19_frame210.jpg,real,1
prepared_liveness_data\raw\real\kaggle_58_frame440.jpg,real,1
prepared_liveness_data\raw\real\kaggle_74_frame175.jpg,real,1
prepared_liveness_data\raw\real\kaggle_73_frame130.jpg,real,1
prepared_liveness_data\raw\real\kaggle_74_frame210.jpg,real,1
prepared_liveness_data\raw\spoof\kaggle_20_frame130.jpg,spoof,0
prepared_liveness_data\raw\real\kaggle_33_frame65.jpg,real,1
prepared_liveness_data\raw\real\kaggle_33_frame210.jpg,real,1
prepared_liveness_data\raw\real\kaggle_62_frame360.jpg,real,1
prepared_liveness_data\raw\spoof\kaggle_12_frame225.jpg,spoof,0
prepared_liveness_data\raw\spoof\kaggle_47_frame425.jpg,spoof,0
prepared_liveness_data\raw\real\kaggle_59_frame225.jpg,real,1
prepared_liveness_data\raw\spoof\kaggle_0_frame500.jpg,spoof,0
prepared_liveness_data\raw\spoof\kaggle_55_frame35.jpg,spoof,0
prepared_liveness_data\raw\spoof\kaggle_74_frame295.jpg,spoof,0
prepared_liveness_data\raw\spoof\kaggle_2_frame20.jpg,spoof,0
prepared_liveness_data\raw\spoof\kaggle_9_frame360.jpg,spoof,0
prepared_liveness_data\raw\real\kaggle_79_frame20.jpg,real,1
prepared_liveness_data\raw\spoof\kaggle_74_frame105.jpg,spoof,0
prepared_liveness_data\raw\real\kaggle_58_frame535.jpg,real,1
prepared_liveness_data\raw\spoof\kaggle_31_frame85.jpg,spoof,0
prepared_liveness_data\raw\real\kaggle_21_frame360.jpg,real,1
prepared_liveness_data\raw\spoof\kaggle_10_frame125.jpg,spoof,0
prepared_liveness_data\raw\spoof\kaggle_41_frame300.jpg,spoof,0
prepared_liveness_data\raw\real\kaggle_41_frame205.jpg,real,1
prepared_liveness_data\raw\spoof\kaggle_12_frame105.jpg,spoof,0
prepared_liveness_data\raw\spoof\kaggle_33_frame40.jpg,spoof,0
prepared_liveness_data\raw\real\kaggle_60_frame25.jpg,real,1
prepared_liveness_data\raw\real\kaggle_65_frame325.jpg,real,1
prepared_liveness_data\raw\real\kaggle_65_frame100.jpg,real,1
prepared_liveness_data\raw\real\kaggle_77_frame235.jpg,real,1
prepared_liveness_data\raw\real\kaggle_59_frame360.jpg,real,1
prepared_liveness_data\raw\real\kaggle_0_frame305.jpg,real,1
prepared_liveness_data\raw\spoof\kaggle_6_frame160.jpg,spoof,0
prepared_liveness_data\raw\real\kaggle_61_frame30.jpg,real,1
prepared_liveness_data\raw\spoof\kaggle_69_frame270.jpg,spoof,0
prepared_liveness_data\raw\real\kaggle_61_frame305.jpg,real,1
prepared_liveness_data\raw\spoof\kaggle_51_frame30.jpg,spoof,0
prepared_liveness_data\raw\spoof\kaggle_40_frame0.jpg,spoof,0
prepared_liveness_data\raw\real\kaggle_46_frame355.jpg,real,1
prepared_liveness_data\raw\real\kaggle_63_frame55.jpg,real,1
prepared_liveness_data\raw\real\kaggle_5_frame110.jpg,real,1
prepared_liveness_data\raw\real\kaggle_79_frame320.jpg,real,1
prepared_liveness_data\raw\spoof\kaggle_46_frame350.jpg,spoof,0
prepared_liveness_data\raw\real\kaggle_31_frame185.jpg,real,1
prepared_liveness_data\raw\spoof\kaggle_10_frame420.jpg,spoof,0
prepared_liveness_data\raw\real\kaggle_40_frame90.jpg,real,1
prepared_liveness_data\raw\real\kaggle_52_frame405.jpg,real,1
prepared_liveness_data\raw\spoof\kaggle_20_frame210.jpg,spoof,0
prepared_liveness_data\raw\real\kaggle_1_frame220.jpg,real,1
prepared_liveness_data\raw\spoof\kaggle_9_frame170.jpg,spoof,0
prepared_liveness_data\raw\spoof\kaggle_4_frame105.jpg,spoof,0
prepared_liveness_data\raw\real\kaggle_67_frame270.jpg,real,1
prepared_liveness_data\raw\real\kaggle_62_frame210.jpg,real,1
prepared_liveness_data\raw\real\kaggle_30_frame25.jpg,real,1
prepared_liveness_data\raw\spoof\kaggle_47_frame120.jpg,spoof,0
prepared_liveness_data\raw\spoof\kaggle_9_frame225.jpg,spoof,0
prepared_liveness_data\raw\real\kaggle_15_frame80.jpg,real,1
prepared_liveness_data\raw\real\kaggle_11_frame125.jpg,real,1
prepared_liveness_data\raw\real\kaggle_41_frame110.jpg,real,1
prepared_liveness_data\raw\spoof\kaggle_67_frame255.jpg,spoof,0
prepared_liveness_data\raw\real\kaggle_18_frame200.jpg,real,1
prepared_liveness_data\raw\real\kaggle_24_frame110.jpg,real,1
prepared_liveness_data\raw\real\kaggle_12_frame170.jpg,real,1
prepared_liveness_data\raw\spoof\kaggle_16_frame405.jpg,spoof,0
prepared_liveness_data\raw\spoof\kaggle_33_frame235.jpg,spoof,0
prepared_liveness_data\raw\real\kaggle_32_frame130.jpg,real,1
prepared_liveness_data\raw\real\kaggle_13_frame150.jpg,real,1
prepared_liveness_data\raw\real\kaggle_48_frame65.jpg,real,1
prepared_liveness_data\raw\spoof\kaggle_32_frame160.jpg,spoof,0
prepared_liveness_data\raw\real\kaggle_65_frame415.jpg,real,1
prepared_liveness_data\raw\spoof\kaggle_71_frame220.jpg,spoof,0
prepared_liveness_data\raw\spoof\kaggle_55_frame265.jpg,spoof,0
prepared_liveness_data\raw\spoof\kaggle_31_frame165.jpg,spoof,0
prepared_liveness_data\raw\spoof\kaggle_64_frame80.jpg,spoof,0
prepared_liveness_data\raw\spoof\kaggle_14_frame145.jpg,spoof,0
