filepath,label,label_index
/content/drive/MyDrive/DataSet_Voice/angry/1050_ITH_ANG_XX.wav,angry,0
/content/drive/MyDrive/DataSet_Voice/angry/1050_IEO_ANG_HI.wav,angry,0
/content/drive/MyDrive/DataSet_Voice/angry/1060_IEO_ANG_HI.wav,angry,0
/content/drive/MyDrive/DataSet_Voice/angry/1052_IOM_ANG_XX.wav,angry,0
/content/drive/MyDrive/DataSet_Voice/angry/1054_IEO_ANG_MD.wav,angry,0
/content/drive/MyDrive/DataSet_Voice/angry/1053_ITS_ANG_XX.wav,angry,0
/content/drive/MyDrive/DataSet_Voice/angry/1048_TSI_ANG_XX.wav,angry,0
/content/drive/MyDrive/DataSet_Voice/angry/1058_DFA_ANG_XX.wav,angry,0
/content/drive/MyDrive/DataSet_Voice/angry/1057_IWL_ANG_XX.wav,angry,0
/content/drive/MyDrive/DataSet_Voice/angry/1058_WSI_ANG_XX.wav,angry,0
/content/drive/MyDrive/DataSet_Voice/angry/1048_TIE_ANG_XX.wav,angry,0
/content/drive/MyDrive/DataSet_Voice/angry/1062_IWL_ANG_XX.wav,angry,0
/content/drive/MyDrive/DataSet_Voice/angry/1074_TSI_ANG_XX.wav,angry,0
/content/drive/MyDrive/DataSet_Voice/angry/1077_WSI_ANG_XX.wav,angry,0
/content/drive/MyDrive/DataSet_Voice/angry/1075_DFA_ANG_XX.wav,angry,0
/content/drive/MyDrive/DataSet_Voice/angry/1066_IOM_ANG_XX.wav,angry,0
/content/drive/MyDrive/DataSet_Voice/angry/1067_ITS_ANG_XX.wav,angry,0
/content/drive/MyDrive/DataSet_Voice/angry/1068_ITS_ANG_XX.wav,angry,0
/content/drive/MyDrive/DataSet_Voice/angry/1063_TIE_ANG_XX.wav,angry,0
/content/drive/MyDrive/DataSet_Voice/angry/1067_IOM_ANG_XX.wav,angry,0
/content/drive/MyDrive/DataSet_Voice/angry/1073_WSI_ANG_XX.wav,angry,0
/content/drive/MyDrive/DataSet_Voice/angry/1068_IOM_ANG_XX.wav,angry,0
/content/drive/MyDrive/DataSet_Voice/angry/1075_IWW_ANG_XX.wav,angry,0
/content/drive/MyDrive/DataSet_Voice/angry/1068_TIE_ANG_XX.wav,angry,0
/content/drive/MyDrive/DataSet_Voice/angry/1064_TSI_ANG_XX.wav,angry,0
/content/drive/MyDrive/DataSet_Voice/angry/1067_WSI_ANG_XX.wav,angry,0
/content/drive/MyDrive/DataSet_Voice/angry/1067_IEO_ANG_MD.wav,angry,0
/content/drive/MyDrive/DataSet_Voice/angry/1077_TSI_ANG_XX.wav,angry,0
/content/drive/MyDrive/DataSet_Voice/angry/1069_IEO_ANG_LO.wav,angry,0
/content/drive/MyDrive/DataSet_Voice/angry/1077_TIE_ANG_XX.wav,angry,0
/content/drive/MyDrive/DataSet_Voice/angry/1069_TAI_ANG_XX.wav,angry,0
/content/drive/MyDrive/DataSet_Voice/angry/1065_IEO_ANG_LO.wav,angry,0
/content/drive/MyDrive/DataSet_Voice/angry/1078_IEO_ANG_MD.wav,angry,0
/content/drive/MyDrive/DataSet_Voice/angry/1069_ITH_ANG_XX.wav,angry,0
/content/drive/MyDrive/DataSet_Voice/angry/1071_IWW_ANG_XX.wav,angry,0
/content/drive/MyDrive/DataSet_Voice/angry/1071_TIE_ANG_XX.wav,angry,0
/content/drive/MyDrive/DataSet_Voice/angry/1065_TAI_ANG_XX.wav,angry,0
/content/drive/MyDrive/DataSet_Voice/angry/1063_WSI_ANG_XX.wav,angry,0
/content/drive/MyDrive/DataSet_Voice/angry/1076_IWL_ANG_XX.wav,angry,0
/content/drive/MyDrive/DataSet_Voice/angry/1068_IWW_ANG_XX.wav,angry,0
/content/drive/MyDrive/DataSet_Voice/angry/1065_ITH_ANG_XX.wav,angry,0
/content/drive/MyDrive/DataSet_Voice/angry/1064_ITS_ANG_XX.wav,angry,0
/content/drive/MyDrive/DataSet_Voice/angry/1068_TSI_ANG_XX.wav,angry,0
/content/drive/MyDrive/DataSet_Voice/angry/1069_MTI_ANG_XX.wav,angry,0
/content/drive/MyDrive/DataSet_Voice/angry/1069_IOM_ANG_XX.wav,angry,0
/content/drive/MyDrive/DataSet_Voice/angry/1064_TIE_ANG_XX.wav,angry,0
/content/drive/MyDrive/DataSet_Voice/angry/1074_ITH_ANG_XX.wav,angry,0
/content/drive/MyDrive/DataSet_Voice/angry/1073_ITS_ANG_XX.wav,angry,0
/content/drive/MyDrive/DataSet_Voice/angry/1063_TSI_ANG_XX.wav,angry,0
/content/drive/MyDrive/DataSet_Voice/angry/1070_TIE_ANG_XX.wav,angry,0
/content/drive/MyDrive/DataSet_Voice/angry/1076_WSI_ANG_XX.wav,angry,0
/content/drive/MyDrive/DataSet_Voice/angry/1070_IEO_ANG_LO.wav,angry,0
/content/drive/MyDrive/DataSet_Voice/angry/1070_IWL_ANG_XX.wav,angry,0
/content/drive/MyDrive/DataSet_Voice/angry/1067_IWL_ANG_XX.wav,angry,0
/content/drive/MyDrive/DataSet_Voice/angry/1071_TAI_ANG_XX.wav,angry,0
/content/drive/MyDrive/DataSet_Voice/angry/1074_IOM_ANG_XX.wav,angry,0
/content/drive/MyDrive/DataSet_Voice/angry/1072_DFA_ANG_XX.wav,angry,0
/content/drive/MyDrive/DataSet_Voice/angry/1074_IEO_ANG_LO.wav,angry,0
/content/drive/MyDrive/DataSet_Voice/angry/1072_IOM_ANG_XX.wav,angry,0
/content/drive/MyDrive/DataSet_Voice/angry/1078_DFA_ANG_XX.wav,angry,0
/content/drive/MyDrive/DataSet_Voice/angry/1077_ITS_ANG_XX.wav,angry,0
/content/drive/MyDrive/DataSet_Voice/angry/1073_TIE_ANG_XX.wav,angry,0
/content/drive/MyDrive/DataSet_Voice/angry/1064_MTI_ANG_XX.wav,angry,0
/content/drive/MyDrive/DataSet_Voice/angry/1076_IEO_ANG_HI.wav,angry,0
/content/drive/MyDrive/DataSet_Voice/angry/1066_WSI_ANG_XX.wav,angry,0
/content/drive/MyDrive/DataSet_Voice/angry/1070_IWW_ANG_XX.wav,angry,0
/content/drive/MyDrive/DataSet_Voice/angry/1075_IEO_ANG_MD.wav,angry,0
/content/drive/MyDrive/DataSet_Voice/angry/1068_IEO_ANG_MD.wav,angry,0
/content/drive/MyDrive/DataSet_Voice/angry/1074_DFA_ANG_XX.wav,angry,0
/content/drive/MyDrive/DataSet_Voice/angry/1073_TAI_ANG_XX.wav,angry,0
/content/drive/MyDrive/DataSet_Voice/angry/1076_IEO_ANG_MD.wav,angry,0
/content/drive/MyDrive/DataSet_Voice/angry/1074_TAI_ANG_XX.wav,angry,0
/content/drive/MyDrive/DataSet_Voice/angry/1071_TSI_ANG_XX.wav,angry,0
/content/drive/MyDrive/DataSet_Voice/angry/1077_TAI_ANG_XX.wav,angry,0
/content/drive/MyDrive/DataSet_Voice/angry/1074_TIE_ANG_XX.wav,angry,0
/content/drive/MyDrive/DataSet_Voice/angry/1066_TIE_ANG_XX.wav,angry,0
/content/drive/MyDrive/DataSet_Voice/angry/1067_MTI_ANG_XX.wav,angry,0
/content/drive/MyDrive/DataSet_Voice/angry/1064_WSI_ANG_XX.wav,angry,0
/content/drive/MyDrive/DataSet_Voice/angry/1071_IOM_ANG_XX.wav,angry,0
/content/drive/MyDrive/DataSet_Voice/angry/1067_IEO_ANG_HI.wav,angry,0
/content/drive/MyDrive/DataSet_Voice/angry/1068_IWL_ANG_XX.wav,angry,0
/content/drive/MyDrive/DataSet_Voice/angry/1071_MTI_ANG_XX.wav,angry,0
/content/drive/MyDrive/DataSet_Voice/angry/1071_ITH_ANG_XX.wav,angry,0
/content/drive/MyDrive/DataSet_Voice/angry/1067_TIE_ANG_XX.wav,angry,0
/content/drive/MyDrive/DataSet_Voice/angry/1076_MTI_ANG_XX.wav,angry,0
/content/drive/MyDrive/DataSet_Voice/angry/1069_TIE_ANG_XX.wav,angry,0
/content/drive/MyDrive/DataSet_Voice/angry/1073_IWL_ANG_XX.wav,angry,0
/content/drive/MyDrive/DataSet_Voice/angry/1070_IEO_ANG_MD.wav,angry,0
/content/drive/MyDrive/DataSet_Voice/angry/1067_DFA_ANG_XX.wav,angry,0
/content/drive/MyDrive/DataSet_Voice/angry/1065_IWW_ANG_XX.wav,angry,0
/content/drive/MyDrive/DataSet_Voice/angry/1072_IEO_ANG_MD.wav,angry,0
/content/drive/MyDrive/DataSet_Voice/angry/1071_IEO_ANG_LO.wav,angry,0
/content/drive/MyDrive/DataSet_Voice/angry/1068_MTI_ANG_XX.wav,angry,0
/content/drive/MyDrive/DataSet_Voice/angry/1078_ITS_ANG_XX.wav,angry,0
/content/drive/MyDrive/DataSet_Voice/angry/1068_ITH_ANG_XX.wav,angry,0
/content/drive/MyDrive/DataSet_Voice/angry/1067_IWW_ANG_XX.wav,angry,0
/content/drive/MyDrive/DataSet_Voice/angry/1077_IWW_ANG_XX.wav,angry,0
/content/drive/MyDrive/DataSet_Voice/angry/1065_DFA_ANG_XX.wav,angry,0
/content/drive/MyDrive/DataSet_Voice/angry/1066_IEO_ANG_HI.wav,angry,0
/content/drive/MyDrive/DataSet_Voice/angry/1070_TSI_ANG_XX.wav,angry,0
/content/drive/MyDrive/DataSet_Voice/angry/1078_IEO_ANG_HI.wav,angry,0
/content/drive/MyDrive/DataSet_Voice/angry/1078_IOM_ANG_XX.wav,angry,0
/content/drive/MyDrive/DataSet_Voice/angry/1067_ITH_ANG_XX.wav,angry,0
/content/drive/MyDrive/DataSet_Voice/angry/1069_IWL_ANG_XX.wav,angry,0
/content/drive/MyDrive/DataSet_Voice/angry/1077_IEO_ANG_LO.wav,angry,0
/content/drive/MyDrive/DataSet_Voice/angry/1072_ITS_ANG_XX.wav,angry,0
/content/drive/MyDrive/DataSet_Voice/angry/1064_IEO_ANG_HI.wav,angry,0
/content/drive/MyDrive/DataSet_Voice/angry/1066_ITS_ANG_XX.wav,angry,0
/content/drive/MyDrive/DataSet_Voice/angry/1069_IEO_ANG_HI.wav,angry,0
/content/drive/MyDrive/DataSet_Voice/angry/1072_IWW_ANG_XX.wav,angry,0
/content/drive/MyDrive/DataSet_Voice/angry/1072_IEO_ANG_LO.wav,angry,0
/content/drive/MyDrive/DataSet_Voice/angry/1076_TAI_ANG_XX.wav,angry,0
/content/drive/MyDrive/DataSet_Voice/angry/1064_IOM_ANG_XX.wav,angry,0
/content/drive/MyDrive/DataSet_Voice/angry/1072_TAI_ANG_XX.wav,angry,0
/content/drive/MyDrive/DataSet_Voice/angry/1071_ITS_ANG_XX.wav,angry,0
/content/drive/MyDrive/DataSet_Voice/angry/1070_IEO_ANG_HI.wav,angry,0
/content/drive/MyDrive/DataSet_Voice/angry/1076_ITH_ANG_XX.wav,angry,0
/content/drive/MyDrive/DataSet_Voice/angry/1074_ITS_ANG_XX.wav,angry,0
/content/drive/MyDrive/DataSet_Voice/angry/1074_MTI_ANG_XX.wav,angry,0
/content/drive/MyDrive/DataSet_Voice/angry/1064_IEO_ANG_LO.wav,angry,0
/content/drive/MyDrive/DataSet_Voice/angry/1071_DFA_ANG_XX.wav,angry,0
/content/drive/MyDrive/DataSet_Voice/angry/1073_TSI_ANG_XX.wav,angry,0
/content/drive/MyDrive/DataSet_Voice/angry/1065_ITS_ANG_XX.wav,angry,0
/content/drive/MyDrive/DataSet_Voice/angry/1072_IEO_ANG_HI.wav,angry,0
/content/drive/MyDrive/DataSet_Voice/angry/1074_WSI_ANG_XX.wav,angry,0
/content/drive/MyDrive/DataSet_Voice/angry/1068_TAI_ANG_XX.wav,angry,0
/content/drive/MyDrive/DataSet_Voice/angry/1076_TSI_ANG_XX.wav,angry,0
/content/drive/MyDrive/DataSet_Voice/angry/1075_IWL_ANG_XX.wav,angry,0
/content/drive/MyDrive/DataSet_Voice/angry/1065_IEO_ANG_MD.wav,angry,0
/content/drive/MyDrive/DataSet_Voice/angry/1066_IWW_ANG_XX.wav,angry,0
/content/drive/MyDrive/DataSet_Voice/angry/1073_IEO_ANG_MD.wav,angry,0
/content/drive/MyDrive/DataSet_Voice/angry/1064_TAI_ANG_XX.wav,angry,0
/content/drive/MyDrive/DataSet_Voice/angry/1069_DFA_ANG_XX.wav,angry,0
/content/drive/MyDrive/DataSet_Voice/angry/1077_DFA_ANG_XX.wav,angry,0
/content/drive/MyDrive/DataSet_Voice/angry/1077_IWL_ANG_XX.wav,angry,0
/content/drive/MyDrive/DataSet_Voice/angry/1069_IWW_ANG_XX.wav,angry,0
/content/drive/MyDrive/DataSet_Voice/angry/1072_MTI_ANG_XX.wav,angry,0
/content/drive/MyDrive/DataSet_Voice/angry/1073_IEO_ANG_LO.wav,angry,0
/content/drive/MyDrive/DataSet_Voice/angry/1077_ITH_ANG_XX.wav,angry,0
/content/drive/MyDrive/DataSet_Voice/angry/1075_IEO_ANG_LO.wav,angry,0
/content/drive/MyDrive/DataSet_Voice/angry/1071_WSI_ANG_XX.wav,angry,0
/content/drive/MyDrive/DataSet_Voice/angry/1069_WSI_ANG_XX.wav,angry,0
/content/drive/MyDrive/DataSet_Voice/angry/1065_WSI_ANG_XX.wav,angry,0
/content/drive/MyDrive/DataSet_Voice/angry/1069_ITS_ANG_XX.wav,angry,0
/content/drive/MyDrive/DataSet_Voice/angry/1065_TIE_ANG_XX.wav,angry,0
/content/drive/MyDrive/DataSet_Voice/angry/1069_IEO_ANG_MD.wav,angry,0
/content/drive/MyDrive/DataSet_Voice/angry/1074_IEO_ANG_MD.wav,angry,0
/content/drive/MyDrive/DataSet_Voice/angry/1066_IWL_ANG_XX.wav,angry,0
/content/drive/MyDrive/DataSet_Voice/angry/1065_TSI_ANG_XX.wav,angry,0
/content/drive/MyDrive/DataSet_Voice/angry/1071_IEO_ANG_MD.wav,angry,0
/content/drive/MyDrive/DataSet_Voice/angry/1064_IWL_ANG_XX.wav,angry,0
/content/drive/MyDrive/DataSet_Voice/angry/1072_IWL_ANG_XX.wav,angry,0
/content/drive/MyDrive/DataSet_Voice/angry/1075_MTI_ANG_XX.wav,angry,0
/content/drive/MyDrive/DataSet_Voice/angry/1074_IWL_ANG_XX.wav,angry,0
/content/drive/MyDrive/DataSet_Voice/angry/1076_DFA_ANG_XX.wav,angry,0
/content/drive/MyDrive/DataSet_Voice/angry/1078_IEO_ANG_LO.wav,angry,0
/content/drive/MyDrive/DataSet_Voice/angry/1074_IWW_ANG_XX.wav,angry,0
/content/drive/MyDrive/DataSet_Voice/angry/1063_TAI_ANG_XX.wav,angry,0
/content/drive/MyDrive/DataSet_Voice/angry/1077_IOM_ANG_XX.wav,angry,0
/content/drive/MyDrive/DataSet_Voice/angry/1068_IEO_ANG_HI.wav,angry,0
/content/drive/MyDrive/DataSet_Voice/angry/1066_MTI_ANG_XX.wav,angry,0
/content/drive/MyDrive/DataSet_Voice/angry/1066_IEO_ANG_MD.wav,angry,0
/content/drive/MyDrive/DataSet_Voice/angry/1073_ITH_ANG_XX.wav,angry,0
/content/drive/MyDrive/DataSet_Voice/angry/1070_IOM_ANG_XX.wav,angry,0
/content/drive/MyDrive/DataSet_Voice/angry/1076_IOM_ANG_XX.wav,angry,0
/content/drive/MyDrive/DataSet_Voice/angry/1073_IWW_ANG_XX.wav,angry,0
/content/drive/MyDrive/DataSet_Voice/angry/1073_IEO_ANG_HI.wav,angry,0
/content/drive/MyDrive/DataSet_Voice/angry/1075_ITS_ANG_XX.wav,angry,0
/content/drive/MyDrive/DataSet_Voice/angry/1075_IEO_ANG_HI.wav,angry,0
/content/drive/MyDrive/DataSet_Voice/angry/1068_WSI_ANG_XX.wav,angry,0
/content/drive/MyDrive/DataSet_Voice/angry/1076_TIE_ANG_XX.wav,angry,0
/content/drive/MyDrive/DataSet_Voice/angry/1070_MTI_ANG_XX.wav,angry,0
/content/drive/MyDrive/DataSet_Voice/angry/1067_IEO_ANG_LO.wav,angry,0
/content/drive/MyDrive/DataSet_Voice/angry/1077_IEO_ANG_MD.wav,angry,0
/content/drive/MyDrive/DataSet_Voice/angry/1066_IEO_ANG_LO.wav,angry,0
/content/drive/MyDrive/DataSet_Voice/angry/1064_IWW_ANG_XX.wav,angry,0
/content/drive/MyDrive/DataSet_Voice/angry/1070_DFA_ANG_XX.wav,angry,0
/content/drive/MyDrive/DataSet_Voice/angry/1066_ITH_ANG_XX.wav,angry,0
/content/drive/MyDrive/DataSet_Voice/angry/1074_IEO_ANG_HI.wav,angry,0
/content/drive/MyDrive/DataSet_Voice/angry/1070_ITS_ANG_XX.wav,angry,0
/content/drive/MyDrive/DataSet_Voice/angry/1075_TAI_ANG_XX.wav,angry,0
/content/drive/MyDrive/DataSet_Voice/angry/1065_IOM_ANG_XX.wav,angry,0
/content/drive/MyDrive/DataSet_Voice/angry/1075_IOM_ANG_XX.wav,angry,0
/content/drive/MyDrive/DataSet_Voice/angry/1075_TIE_ANG_XX.wav,angry,0
/content/drive/MyDrive/DataSet_Voice/angry/1072_ITH_ANG_XX.wav,angry,0
/content/drive/MyDrive/DataSet_Voice/angry/1066_TSI_ANG_XX.wav,angry,0
/content/drive/MyDrive/DataSet_Voice/angry/1065_MTI_ANG_XX.wav,angry,0
/content/drive/MyDrive/DataSet_Voice/angry/1077_IEO_ANG_HI.wav,angry,0
/content/drive/MyDrive/DataSet_Voice/angry/1075_TSI_ANG_XX.wav,angry,0
/content/drive/MyDrive/DataSet_Voice/angry/1078_ITH_ANG_XX.wav,angry,0
/content/drive/MyDrive/DataSet_Voice/angry/1072_TIE_ANG_XX.wav,angry,0
/content/drive/MyDrive/DataSet_Voice/angry/1070_ITH_ANG_XX.wav,angry,0
/content/drive/MyDrive/DataSet_Voice/angry/1071_IWL_ANG_XX.wav,angry,0
/content/drive/MyDrive/DataSet_Voice/angry/1076_ITS_ANG_XX.wav,angry,0
/content/drive/MyDrive/DataSet_Voice/angry/1073_IOM_ANG_XX.wav,angry,0
/content/drive/MyDrive/DataSet_Voice/angry/1072_WSI_ANG_XX.wav,angry,0
/content/drive/MyDrive/DataSet_Voice/angry/1075_ITH_ANG_XX.wav,angry,0
/content/drive/MyDrive/DataSet_Voice/angry/1076_IEO_ANG_LO.wav,angry,0
/content/drive/MyDrive/DataSet_Voice/angry/1066_TAI_ANG_XX.wav,angry,0
/content/drive/MyDrive/DataSet_Voice/angry/1065_IWL_ANG_XX.wav,angry,0
/content/drive/MyDrive/DataSet_Voice/angry/1064_DFA_ANG_XX.wav,angry,0
/content/drive/MyDrive/DataSet_Voice/angry/1068_IEO_ANG_LO.wav,angry,0
/content/drive/MyDrive/DataSet_Voice/angry/1075_WSI_ANG_XX.wav,angry,0
/content/drive/MyDrive/DataSet_Voice/angry/1069_TSI_ANG_XX.wav,angry,0
/content/drive/MyDrive/DataSet_Voice/angry/1068_DFA_ANG_XX.wav,angry,0
/content/drive/MyDrive/DataSet_Voice/angry/1076_IWW_ANG_XX.wav,angry,0
/content/drive/MyDrive/DataSet_Voice/angry/1066_DFA_ANG_XX.wav,angry,0
/content/drive/MyDrive/DataSet_Voice/angry/1072_TSI_ANG_XX.wav,angry,0
/content/drive/MyDrive/DataSet_Voice/angry/1073_MTI_ANG_XX.wav,angry,0
/content/drive/MyDrive/DataSet_Voice/angry/1070_TAI_ANG_XX.wav,angry,0
/content/drive/MyDrive/DataSet_Voice/angry/1064_IEO_ANG_MD.wav,angry,0
/content/drive/MyDrive/DataSet_Voice/angry/1071_IEO_ANG_HI.wav,angry,0
/content/drive/MyDrive/DataSet_Voice/angry/1070_WSI_ANG_XX.wav,angry,0
/content/drive/MyDrive/DataSet_Voice/angry/1077_MTI_ANG_XX.wav,angry,0
/content/drive/MyDrive/DataSet_Voice/angry/1067_TSI_ANG_XX.wav,angry,0
/content/drive/MyDrive/DataSet_Voice/angry/1067_TAI_ANG_XX.wav,angry,0
/content/drive/MyDrive/DataSet_Voice/angry/1073_DFA_ANG_XX.wav,angry,0
/content/drive/MyDrive/DataSet_Voice/angry/1065_IEO_ANG_HI.wav,angry,0
/content/drive/MyDrive/DataSet_Voice/angry/1064_ITH_ANG_XX.wav,angry,0
/content/drive/MyDrive/DataSet_Voice/angry/1084_IOM_ANG_XX.wav,angry,0
/content/drive/MyDrive/DataSet_Voice/angry/1082_DFA_ANG_XX.wav,angry,0
/content/drive/MyDrive/DataSet_Voice/angry/1089_IOM_ANG_XX.wav,angry,0
/content/drive/MyDrive/DataSet_Voice/angry/1090_ITS_ANG_XX.wav,angry,0
/content/drive/MyDrive/DataSet_Voice/angry/1080_IWL_ANG_XX.wav,angry,0
/content/drive/MyDrive/DataSet_Voice/angry/1081_DFA_ANG_XX.wav,angry,0
/content/drive/MyDrive/DataSet_Voice/angry/1087_TAI_ANG_XX.wav,angry,0
/content/drive/MyDrive/DataSet_Voice/angry/1091_IEO_ANG_LO.wav,angry,0
/content/drive/MyDrive/DataSet_Voice/angry/1079_ITH_ANG_XX.wav,angry,0
/content/drive/MyDrive/DataSet_Voice/angry/1091_ITS_ANG_XX.wav,angry,0
/content/drive/MyDrive/DataSet_Voice/angry/1083_IEO_ANG_LO.wav,angry,0
/content/drive/MyDrive/DataSet_Voice/angry/1082_ITH_ANG_XX.wav,angry,0
/content/drive/MyDrive/DataSet_Voice/angry/1090_IEO_ANG_HI.wav,angry,0
/content/drive/MyDrive/DataSet_Voice/angry/1082_WSI_ANG_XX.wav,angry,0
/content/drive/MyDrive/DataSet_Voice/angry/03-01-05-01-02-01-01.wav,angry,0
/content/drive/MyDrive/DataSet_Voice/angry/1088_IWL_ANG_XX.wav,angry,0
/content/drive/MyDrive/DataSet_Voice/angry/1085_IOM_ANG_XX.wav,angry,0
/content/drive/MyDrive/DataSet_Voice/angry/1088_WSI_ANG_XX.wav,angry,0
/content/drive/MyDrive/DataSet_Voice/angry/1087_IEO_ANG_HI.wav,angry,0
/content/drive/MyDrive/DataSet_Voice/angry/1083_IEO_ANG_MD.wav,angry,0
/content/drive/MyDrive/DataSet_Voice/angry/1081_WSI_ANG_XX.wav,angry,0
/content/drive/MyDrive/DataSet_Voice/angry/1083_IWL_ANG_XX.wav,angry,0
/content/drive/MyDrive/DataSet_Voice/angry/1079_TSI_ANG_XX.wav,angry,0
/content/drive/MyDrive/DataSet_Voice/angry/1081_MTI_ANG_XX.wav,angry,0
/content/drive/MyDrive/DataSet_Voice/angry/1081_IEO_ANG_MD.wav,angry,0
/content/drive/MyDrive/DataSet_Voice/angry/1081_TIE_ANG_XX.wav,angry,0
/content/drive/MyDrive/DataSet_Voice/angry/1087_IWW_ANG_XX.wav,angry,0
/content/drive/MyDrive/DataSet_Voice/angry/1089_ITS_ANG_XX.wav,angry,0
/content/drive/MyDrive/DataSet_Voice/angry/1088_TIE_ANG_XX.wav,angry,0
/content/drive/MyDrive/DataSet_Voice/angry/1087_IOM_ANG_XX.wav,angry,0
/content/drive/MyDrive/DataSet_Voice/angry/1083_TIE_ANG_XX.wav,angry,0
/content/drive/MyDrive/DataSet_Voice/angry/1091_IEO_ANG_MD.wav,angry,0
/content/drive/MyDrive/DataSet_Voice/angry/1081_TSI_ANG_XX.wav,angry,0
/content/drive/MyDrive/DataSet_Voice/angry/1089_IEO_ANG_MD.wav,angry,0
/content/drive/MyDrive/DataSet_Voice/angry/1083_IOM_ANG_XX.wav,angry,0
/content/drive/MyDrive/DataSet_Voice/angry/1086_DFA_ANG_XX.wav,angry,0
/content/drive/MyDrive/DataSet_Voice/angry/1086_WSI_ANG_XX.wav,angry,0
/content/drive/MyDrive/DataSet_Voice/angry/1086_TIE_ANG_XX.wav,angry,0
/content/drive/MyDrive/DataSet_Voice/angry/1081_ITS_ANG_XX.wav,angry,0
/content/drive/MyDrive/DataSet_Voice/angry/1085_IWW_ANG_XX.wav,angry,0
/content/drive/MyDrive/DataSet_Voice/angry/1086_IEO_ANG_HI.wav,angry,0
/content/drive/MyDrive/DataSet_Voice/angry/1091_IOM_ANG_XX.wav,angry,0
/content/drive/MyDrive/DataSet_Voice/angry/1089_IEO_ANG_HI.wav,angry,0
/content/drive/MyDrive/DataSet_Voice/angry/1089_TIE_ANG_XX.wav,angry,0
/content/drive/MyDrive/DataSet_Voice/angry/1087_TSI_ANG_XX.wav,angry,0
/content/drive/MyDrive/DataSet_Voice/angry/1084_IEO_ANG_MD.wav,angry,0
/content/drive/MyDrive/DataSet_Voice/angry/03-01-05-01-01-02-01.wav,angry,0
/content/drive/MyDrive/DataSet_Voice/angry/1088_ITS_ANG_XX.wav,angry,0
/content/drive/MyDrive/DataSet_Voice/angry/1089_WSI_ANG_XX.wav,angry,0
/content/drive/MyDrive/DataSet_Voice/angry/1091_IWL_ANG_XX.wav,angry,0
/content/drive/MyDrive/DataSet_Voice/angry/1081_IEO_ANG_HI.wav,angry,0
/content/drive/MyDrive/DataSet_Voice/angry/1082_IOM_ANG_XX.wav,angry,0
/content/drive/MyDrive/DataSet_Voice/angry/1087_TIE_ANG_XX.wav,angry,0
/content/drive/MyDrive/DataSet_Voice/angry/03-01-05-01-01-01-01.wav,angry,0
/content/drive/MyDrive/DataSet_Voice/angry/1087_WSI_ANG_XX.wav,angry,0
/content/drive/MyDrive/DataSet_Voice/angry/1079_IWL_ANG_XX.wav,angry,0
/content/drive/MyDrive/DataSet_Voice/angry/1090_IOM_ANG_XX.wav,angry,0
/content/drive/MyDrive/DataSet_Voice/angry/03-01-05-02-02-02-01.wav,angry,0
/content/drive/MyDrive/DataSet_Voice/angry/1083_IWW_ANG_XX.wav,angry,0
/content/drive/MyDrive/DataSet_Voice/angry/1078_TSI_ANG_XX.wav,angry,0
/content/drive/MyDrive/DataSet_Voice/angry/1078_IWL_ANG_XX.wav,angry,0
/content/drive/MyDrive/DataSet_Voice/angry/1080_IEO_ANG_LO.wav,angry,0
/content/drive/MyDrive/DataSet_Voice/angry/1091_TAI_ANG_XX.wav,angry,0
/content/drive/MyDrive/DataSet_Voice/angry/1091_MTI_ANG_XX.wav,angry,0
/content/drive/MyDrive/DataSet_Voice/angry/1078_MTI_ANG_XX.wav,angry,0
/content/drive/MyDrive/DataSet_Voice/angry/1084_IEO_ANG_HI.wav,angry,0
/content/drive/MyDrive/DataSet_Voice/angry/03-01-05-01-02-02-01.wav,angry,0
/content/drive/MyDrive/DataSet_Voice/angry/1088_IEO_ANG_HI.wav,angry,0
/content/drive/MyDrive/DataSet_Voice/angry/1078_IWW_ANG_XX.wav,angry,0
/content/drive/MyDrive/DataSet_Voice/angry/1081_IOM_ANG_XX.wav,angry,0
/content/drive/MyDrive/DataSet_Voice/angry/1085_TIE_ANG_XX.wav,angry,0
/content/drive/MyDrive/DataSet_Voice/angry/1083_ITH_ANG_XX.wav,angry,0
/content/drive/MyDrive/DataSet_Voice/angry/1083_IEO_ANG_HI.wav,angry,0
/content/drive/MyDrive/DataSet_Voice/angry/1091_TSI_ANG_XX.wav,angry,0
/content/drive/MyDrive/DataSet_Voice/angry/1082_IEO_ANG_MD.wav,angry,0
/content/drive/MyDrive/DataSet_Voice/angry/1084_MTI_ANG_XX.wav,angry,0
/content/drive/MyDrive/DataSet_Voice/angry/1086_ITH_ANG_XX.wav,angry,0
/content/drive/MyDrive/DataSet_Voice/angry/1080_ITH_ANG_XX.wav,angry,0
/content/drive/MyDrive/DataSet_Voice/angry/1084_IWL_ANG_XX.wav,angry,0
/content/drive/MyDrive/DataSet_Voice/angry/1091_DFA_ANG_XX.wav,angry,0
/content/drive/MyDrive/DataSet_Voice/angry/1084_WSI_ANG_XX.wav,angry,0
/content/drive/MyDrive/DataSet_Voice/angry/1080_TAI_ANG_XX.wav,angry,0
/content/drive/MyDrive/DataSet_Voice/angry/1090_TIE_ANG_XX.wav,angry,0
/content/drive/MyDrive/DataSet_Voice/angry/1089_MTI_ANG_XX.wav,angry,0
/content/drive/MyDrive/DataSet_Voice/angry/1090_WSI_ANG_XX.wav,angry,0
/content/drive/MyDrive/DataSet_Voice/angry/1088_DFA_ANG_XX.wav,angry,0
/content/drive/MyDrive/DataSet_Voice/angry/1083_DFA_ANG_XX.wav,angry,0
/content/drive/MyDrive/DataSet_Voice/angry/1085_IEO_ANG_MD.wav,angry,0
/content/drive/MyDrive/DataSet_Voice/angry/1090_IWW_ANG_XX.wav,angry,0
/content/drive/MyDrive/DataSet_Voice/angry/1082_IEO_ANG_HI.wav,angry,0
/content/drive/MyDrive/DataSet_Voice/angry/1081_ITH_ANG_XX.wav,angry,0
/content/drive/MyDrive/DataSet_Voice/angry/1088_ITH_ANG_XX.wav,angry,0
/content/drive/MyDrive/DataSet_Voice/angry/1091_WSI_ANG_XX.wav,angry,0
/content/drive/MyDrive/DataSet_Voice/angry/1083_MTI_ANG_XX.wav,angry,0
/content/drive/MyDrive/DataSet_Voice/angry/1085_TSI_ANG_XX.wav,angry,0
/content/drive/MyDrive/DataSet_Voice/angry/1088_TAI_ANG_XX.wav,angry,0
/content/drive/MyDrive/DataSet_Voice/angry/1080_MTI_ANG_XX.wav,angry,0
/content/drive/MyDrive/DataSet_Voice/angry/1081_IWL_ANG_XX.wav,angry,0
/content/drive/MyDrive/DataSet_Voice/angry/1088_MTI_ANG_XX.wav,angry,0
/content/drive/MyDrive/DataSet_Voice/angry/1088_IOM_ANG_XX.wav,angry,0
/content/drive/MyDrive/DataSet_Voice/angry/1086_IEO_ANG_MD.wav,angry,0
/content/drive/MyDrive/DataSet_Voice/angry/1088_IEO_ANG_LO.wav,angry,0
/content/drive/MyDrive/DataSet_Voice/angry/1080_TSI_ANG_XX.wav,angry,0
/content/drive/MyDrive/DataSet_Voice/angry/1086_IOM_ANG_XX.wav,angry,0
/content/drive/MyDrive/DataSet_Voice/angry/1084_IEO_ANG_LO.wav,angry,0
/content/drive/MyDrive/DataSet_Voice/angry/1085_IEO_ANG_LO.wav,angry,0
/content/drive/MyDrive/DataSet_Voice/angry/1091_IWW_ANG_XX.wav,angry,0
/content/drive/MyDrive/DataSet_Voice/angry/1083_ITS_ANG_XX.wav,angry,0
/content/drive/MyDrive/DataSet_Voice/angry/1079_IEO_ANG_LO.wav,angry,0
/content/drive/MyDrive/DataSet_Voice/angry/1085_IWL_ANG_XX.wav,angry,0
/content/drive/MyDrive/DataSet_Voice/angry/1079_TAI_ANG_XX.wav,angry,0
/content/drive/MyDrive/DataSet_Voice/angry/1090_MTI_ANG_XX.wav,angry,0
/content/drive/MyDrive/DataSet_Voice/angry/1079_WSI_ANG_XX.wav,angry,0
/content/drive/MyDrive/DataSet_Voice/angry/1091_IEO_ANG_HI.wav,angry,0
/content/drive/MyDrive/DataSet_Voice/angry/1091_TIE_ANG_XX.wav,angry,0
/content/drive/MyDrive/DataSet_Voice/angry/1090_IEO_ANG_LO.wav,angry,0
/content/drive/MyDrive/DataSet_Voice/angry/1084_ITH_ANG_XX.wav,angry,0
/content/drive/MyDrive/DataSet_Voice/angry/1086_ITS_ANG_XX.wav,angry,0
/content/drive/MyDrive/DataSet_Voice/angry/1080_IEO_ANG_HI.wav,angry,0
/content/drive/MyDrive/DataSet_Voice/angry/1090_IEO_ANG_MD.wav,angry,0
/content/drive/MyDrive/DataSet_Voice/angry/1085_TAI_ANG_XX.wav,angry,0
/content/drive/MyDrive/DataSet_Voice/angry/1084_DFA_ANG_XX.wav,angry,0
/content/drive/MyDrive/DataSet_Voice/angry/1079_IEO_ANG_MD.wav,angry,0
/content/drive/MyDrive/DataSet_Voice/angry/1080_DFA_ANG_XX.wav,angry,0
/content/drive/MyDrive/DataSet_Voice/angry/1090_IWL_ANG_XX.wav,angry,0
/content/drive/MyDrive/DataSet_Voice/angry/1080_IOM_ANG_XX.wav,angry,0
/content/drive/MyDrive/DataSet_Voice/angry/1088_IEO_ANG_MD.wav,angry,0
/content/drive/MyDrive/DataSet_Voice/angry/1090_TAI_ANG_XX.wav,angry,0
/content/drive/MyDrive/DataSet_Voice/angry/1085_MTI_ANG_XX.wav,angry,0
/content/drive/MyDrive/DataSet_Voice/angry/1084_IWW_ANG_XX.wav,angry,0
/content/drive/MyDrive/DataSet_Voice/angry/1080_WSI_ANG_XX.wav,angry,0
/content/drive/MyDrive/DataSet_Voice/angry/1080_IWW_ANG_XX.wav,angry,0
/content/drive/MyDrive/DataSet_Voice/angry/1087_IEO_ANG_LO.wav,angry,0
/content/drive/MyDrive/DataSet_Voice/angry/1082_IWW_ANG_XX.wav,angry,0
/content/drive/MyDrive/DataSet_Voice/angry/1083_TSI_ANG_XX.wav,angry,0
/content/drive/MyDrive/DataSet_Voice/angry/1086_MTI_ANG_XX.wav,angry,0
/content/drive/MyDrive/DataSet_Voice/angry/1078_TAI_ANG_XX.wav,angry,0
/content/drive/MyDrive/DataSet_Voice/angry/1082_TIE_ANG_XX.wav,angry,0
/content/drive/MyDrive/DataSet_Voice/angry/1086_IWL_ANG_XX.wav,angry,0
/content/drive/MyDrive/DataSet_Voice/angry/1079_DFA_ANG_XX.wav,angry,0
/content/drive/MyDrive/DataSet_Voice/angry/1080_IEO_ANG_MD.wav,angry,0
/content/drive/MyDrive/DataSet_Voice/angry/1079_TIE_ANG_XX.wav,angry,0
/content/drive/MyDrive/DataSet_Voice/angry/1089_IWW_ANG_XX.wav,angry,0
/content/drive/MyDrive/DataSet_Voice/angry/1090_DFA_ANG_XX.wav,angry,0
/content/drive/MyDrive/DataSet_Voice/angry/1082_IEO_ANG_LO.wav,angry,0
/content/drive/MyDrive/DataSet_Voice/angry/03-01-05-02-01-01-01.wav,angry,0
/content/drive/MyDrive/DataSet_Voice/angry/1091_ITH_ANG_XX.wav,angry,0
/content/drive/MyDrive/DataSet_Voice/angry/1089_IEO_ANG_LO.wav,angry,0
/content/drive/MyDrive/DataSet_Voice/angry/1082_IWL_ANG_XX.wav,angry,0
/content/drive/MyDrive/DataSet_Voice/angry/1086_IEO_ANG_LO.wav,angry,0
/content/drive/MyDrive/DataSet_Voice/angry/1082_ITS_ANG_XX.wav,angry,0
/content/drive/MyDrive/DataSet_Voice/angry/1081_IWW_ANG_XX.wav,angry,0
/content/drive/MyDrive/DataSet_Voice/angry/1090_ITH_ANG_XX.wav,angry,0
/content/drive/MyDrive/DataSet_Voice/angry/1080_ITS_ANG_XX.wav,angry,0
/content/drive/MyDrive/DataSet_Voice/angry/1082_TSI_ANG_XX.wav,angry,0
/content/drive/MyDrive/DataSet_Voice/angry/1082_MTI_ANG_XX.wav,angry,0
/content/drive/MyDrive/DataSet_Voice/angry/1079_IEO_ANG_HI.wav,angry,0
/content/drive/MyDrive/DataSet_Voice/angry/1081_IEO_ANG_LO.wav,angry,0
/content/drive/MyDrive/DataSet_Voice/angry/1085_DFA_ANG_XX.wav,angry,0
/content/drive/MyDrive/DataSet_Voice/angry/1079_IOM_ANG_XX.wav,angry,0
/content/drive/MyDrive/DataSet_Voice/angry/1088_TSI_ANG_XX.wav,angry,0
/content/drive/MyDrive/DataSet_Voice/angry/1089_DFA_ANG_XX.wav,angry,0
/content/drive/MyDrive/DataSet_Voice/angry/1084_TSI_ANG_XX.wav,angry,0
/content/drive/MyDrive/DataSet_Voice/angry/1081_TAI_ANG_XX.wav,angry,0
/content/drive/MyDrive/DataSet_Voice/angry/1082_TAI_ANG_XX.wav,angry,0
/content/drive/MyDrive/DataSet_Voice/angry/1079_MTI_ANG_XX.wav,angry,0
/content/drive/MyDrive/DataSet_Voice/angry/1083_WSI_ANG_XX.wav,angry,0
/content/drive/MyDrive/DataSet_Voice/angry/1090_TSI_ANG_XX.wav,angry,0
/content/drive/MyDrive/DataSet_Voice/angry/1085_ITS_ANG_XX.wav,angry,0
/content/drive/MyDrive/DataSet_Voice/angry/1087_MTI_ANG_XX.wav,angry,0
/content/drive/MyDrive/DataSet_Voice/angry/1087_DFA_ANG_XX.wav,angry,0
/content/drive/MyDrive/DataSet_Voice/angry/1083_TAI_ANG_XX.wav,angry,0
/content/drive/MyDrive/DataSet_Voice/angry/1085_IEO_ANG_HI.wav,angry,0
/content/drive/MyDrive/DataSet_Voice/angry/1086_IWW_ANG_XX.wav,angry,0
/content/drive/MyDrive/DataSet_Voice/angry/1079_ITS_ANG_XX.wav,angry,0
/content/drive/MyDrive/DataSet_Voice/angry/1087_IWL_ANG_XX.wav,angry,0
/content/drive/MyDrive/DataSet_Voice/angry/03-01-05-02-02-01-01.wav,angry,0
/content/drive/MyDrive/DataSet_Voice/angry/1084_TIE_ANG_XX.wav,angry,0
/content/drive/MyDrive/DataSet_Voice/angry/03-01-05-02-01-02-01.wav,angry,0
/content/drive/MyDrive/DataSet_Voice/angry/1087_ITS_ANG_XX.wav,angry,0
/content/drive/MyDrive/DataSet_Voice/angry/1085_WSI_ANG_XX.wav,angry,0
/content/drive/MyDrive/DataSet_Voice/angry/1087_ITH_ANG_XX.wav,angry,0
/content/drive/MyDrive/DataSet_Voice/angry/1086_TSI_ANG_XX.wav,angry,0
/content/drive/MyDrive/DataSet_Voice/angry/1084_ITS_ANG_XX.wav,angry,0
/content/drive/MyDrive/DataSet_Voice/angry/1085_ITH_ANG_XX.wav,angry,0
/content/drive/MyDrive/DataSet_Voice/angry/1078_TIE_ANG_XX.wav,angry,0
/content/drive/MyDrive/DataSet_Voice/angry/1089_ITH_ANG_XX.wav,angry,0
/content/drive/MyDrive/DataSet_Voice/angry/1089_IWL_ANG_XX.wav,angry,0
/content/drive/MyDrive/DataSet_Voice/angry/1080_TIE_ANG_XX.wav,angry,0
/content/drive/MyDrive/DataSet_Voice/angry/1089_TAI_ANG_XX.wav,angry,0
/content/drive/MyDrive/DataSet_Voice/angry/1084_TAI_ANG_XX.wav,angry,0
/content/drive/MyDrive/DataSet_Voice/angry/1086_TAI_ANG_XX.wav,angry,0
/content/drive/MyDrive/DataSet_Voice/angry/1087_IEO_ANG_MD.wav,angry,0
/content/drive/MyDrive/DataSet_Voice/angry/1088_IWW_ANG_XX.wav,angry,0
/content/drive/MyDrive/DataSet_Voice/angry/1079_IWW_ANG_XX.wav,angry,0
/content/drive/MyDrive/DataSet_Voice/angry/1078_WSI_ANG_XX.wav,angry,0
/content/drive/MyDrive/DataSet_Voice/angry/1089_TSI_ANG_XX.wav,angry,0
/content/drive/MyDrive/DataSet_Voice/angry/03-01-05-02-01-02-03.wav,angry,0
/content/drive/MyDrive/DataSet_Voice/angry/03-01-05-01-02-02-09.wav,angry,0
/content/drive/MyDrive/DataSet_Voice/angry/03-01-05-02-01-01-06.wav,angry,0
/content/drive/MyDrive/DataSet_Voice/angry/03-01-05-02-02-01-12.wav,angry,0
/content/drive/MyDrive/DataSet_Voice/angry/03-01-05-01-01-01-10.wav,angry,0
/content/drive/MyDrive/DataSet_Voice/angry/03-01-05-02-01-02-16.wav,angry,0
/content/drive/MyDrive/DataSet_Voice/angry/03-01-05-01-02-02-10.wav,angry,0
/content/drive/MyDrive/DataSet_Voice/angry/03-01-05-02-01-01-11.wav,angry,0
/content/drive/MyDrive/DataSet_Voice/angry/03-01-05-02-01-01-09.wav,angry,0
/content/drive/MyDrive/DataSet_Voice/angry/03-01-05-02-01-01-12.wav,angry,0
/content/drive/MyDrive/DataSet_Voice/angry/03-01-05-02-01-01-15.wav,angry,0
/content/drive/MyDrive/DataSet_Voice/angry/03-01-05-01-01-02-13.wav,angry,0
/content/drive/MyDrive/DataSet_Voice/angry/03-01-05-01-01-01-12.wav,angry,0
/content/drive/MyDrive/DataSet_Voice/angry/03-01-05-01-02-02-03.wav,angry,0
/content/drive/MyDrive/DataSet_Voice/angry/03-01-05-02-01-02-08.wav,angry,0
/content/drive/MyDrive/DataSet_Voice/angry/03-01-05-02-02-01-11.wav,angry,0
/content/drive/MyDrive/DataSet_Voice/angry/03-01-05-02-02-01-14.wav,angry,0
/content/drive/MyDrive/DataSet_Voice/angry/03-01-05-01-01-02-10.wav,angry,0
/content/drive/MyDrive/DataSet_Voice/angry/03-01-05-02-01-02-09.wav,angry,0
/content/drive/MyDrive/DataSet_Voice/angry/03-01-05-01-01-02-11.wav,angry,0
/content/drive/MyDrive/DataSet_Voice/angry/03-01-05-01-02-02-02.wav,angry,0
/content/drive/MyDrive/DataSet_Voice/angry/03-01-05-01-02-02-15.wav,angry,0
/content/drive/MyDrive/DataSet_Voice/angry/03-01-05-02-01-01-10.wav,angry,0
/content/drive/MyDrive/DataSet_Voice/angry/03-01-05-01-02-01-02.wav,angry,0
/content/drive/MyDrive/DataSet_Voice/angry/03-01-05-02-01-02-14.wav,angry,0
/content/drive/MyDrive/DataSet_Voice/angry/03-01-05-02-02-01-07.wav,angry,0
/content/drive/MyDrive/DataSet_Voice/angry/03-01-05-01-01-01-07.wav,angry,0
/content/drive/MyDrive/DataSet_Voice/angry/03-01-05-01-02-02-11.wav,angry,0
/content/drive/MyDrive/DataSet_Voice/angry/03-01-05-02-01-02-05.wav,angry,0
/content/drive/MyDrive/DataSet_Voice/angry/03-01-05-01-02-02-06.wav,angry,0
/content/drive/MyDrive/DataSet_Voice/angry/03-01-05-02-01-02-11.wav,angry,0
/content/drive/MyDrive/DataSet_Voice/angry/03-01-05-01-01-02-12.wav,angry,0
/content/drive/MyDrive/DataSet_Voice/angry/03-01-05-02-02-01-05.wav,angry,0
/content/drive/MyDrive/DataSet_Voice/angry/03-01-05-02-01-01-05.wav,angry,0
/content/drive/MyDrive/DataSet_Voice/angry/03-01-05-01-02-01-10.wav,angry,0
/content/drive/MyDrive/DataSet_Voice/angry/03-01-05-01-01-02-08.wav,angry,0
/content/drive/MyDrive/DataSet_Voice/angry/03-01-05-02-02-02-06.wav,angry,0
/content/drive/MyDrive/DataSet_Voice/angry/03-01-05-01-02-02-08.wav,angry,0
/content/drive/MyDrive/DataSet_Voice/angry/03-01-05-02-02-02-11.wav,angry,0
/content/drive/MyDrive/DataSet_Voice/angry/03-01-05-01-01-01-03.wav,angry,0
/content/drive/MyDrive/DataSet_Voice/angry/03-01-05-02-01-01-03.wav,angry,0
/content/drive/MyDrive/DataSet_Voice/angry/03-01-05-01-01-02-18.wav,angry,0
/content/drive/MyDrive/DataSet_Voice/angry/03-01-05-01-01-01-15.wav,angry,0
/content/drive/MyDrive/DataSet_Voice/angry/03-01-05-01-01-01-17.wav,angry,0
/content/drive/MyDrive/DataSet_Voice/angry/03-01-05-02-01-01-08.wav,angry,0
/content/drive/MyDrive/DataSet_Voice/angry/03-01-05-01-02-01-09.wav,angry,0
/content/drive/MyDrive/DataSet_Voice/angry/03-01-05-01-02-02-17.wav,angry,0
/content/drive/MyDrive/DataSet_Voice/angry/03-01-05-02-01-02-17.wav,angry,0
/content/drive/MyDrive/DataSet_Voice/angry/03-01-05-01-02-01-06.wav,angry,0
/content/drive/MyDrive/DataSet_Voice/angry/03-01-05-01-01-01-14.wav,angry,0
/content/drive/MyDrive/DataSet_Voice/angry/03-01-05-02-02-01-16.wav,angry,0
/content/drive/MyDrive/DataSet_Voice/angry/03-01-05-02-02-02-10.wav,angry,0
/content/drive/MyDrive/DataSet_Voice/angry/03-01-05-01-02-02-05.wav,angry,0
/content/drive/MyDrive/DataSet_Voice/angry/03-01-05-01-02-02-13.wav,angry,0
/content/drive/MyDrive/DataSet_Voice/angry/03-01-05-02-01-01-14.wav,angry,0
/content/drive/MyDrive/DataSet_Voice/angry/03-01-05-01-02-01-08.wav,angry,0
/content/drive/MyDrive/DataSet_Voice/angry/03-01-05-01-01-02-07.wav,angry,0
/content/drive/MyDrive/DataSet_Voice/angry/03-01-05-02-02-02-09.wav,angry,0
/content/drive/MyDrive/DataSet_Voice/angry/03-01-05-01-02-02-14.wav,angry,0
/content/drive/MyDrive/DataSet_Voice/angry/03-01-05-01-01-01-18.wav,angry,0
/content/drive/MyDrive/DataSet_Voice/angry/03-01-05-01-01-01-04.wav,angry,0
/content/drive/MyDrive/DataSet_Voice/angry/03-01-05-02-02-02-02.wav,angry,0
/content/drive/MyDrive/DataSet_Voice/angry/03-01-05-02-02-02-04.wav,angry,0
/content/drive/MyDrive/DataSet_Voice/angry/03-01-05-02-02-01-04.wav,angry,0
/content/drive/MyDrive/DataSet_Voice/angry/03-01-05-01-01-02-03.wav,angry,0
/content/drive/MyDrive/DataSet_Voice/angry/03-01-05-01-01-01-11.wav,angry,0
/content/drive/MyDrive/DataSet_Voice/angry/03-01-05-02-02-01-13.wav,angry,0
/content/drive/MyDrive/DataSet_Voice/angry/03-01-05-02-02-02-07.wav,angry,0
/content/drive/MyDrive/DataSet_Voice/angry/03-01-05-01-02-01-18.wav,angry,0
/content/drive/MyDrive/DataSet_Voice/angry/03-01-05-01-01-02-09.wav,angry,0
/content/drive/MyDrive/DataSet_Voice/angry/03-01-05-02-01-01-07.wav,angry,0
/content/drive/MyDrive/DataSet_Voice/angry/03-01-05-01-02-01-12.wav,angry,0
/content/drive/MyDrive/DataSet_Voice/angry/03-01-05-01-01-02-06.wav,angry,0
/content/drive/MyDrive/DataSet_Voice/angry/03-01-05-01-02-02-04.wav,angry,0
/content/drive/MyDrive/DataSet_Voice/angry/03-01-05-01-02-01-11.wav,angry,0
/content/drive/MyDrive/DataSet_Voice/angry/03-01-05-01-02-01-14.wav,angry,0
/content/drive/MyDrive/DataSet_Voice/angry/03-01-05-02-01-02-13.wav,angry,0
/content/drive/MyDrive/DataSet_Voice/angry/03-01-05-02-02-01-08.wav,angry,0
/content/drive/MyDrive/DataSet_Voice/angry/03-01-05-01-01-02-14.wav,angry,0
/content/drive/MyDrive/DataSet_Voice/angry/03-01-05-02-02-02-05.wav,angry,0
/content/drive/MyDrive/DataSet_Voice/angry/03-01-05-01-02-01-04.wav,angry,0
/content/drive/MyDrive/DataSet_Voice/angry/03-01-05-02-02-02-03.wav,angry,0
/content/drive/MyDrive/DataSet_Voice/angry/03-01-05-02-02-02-13.wav,angry,0
/content/drive/MyDrive/DataSet_Voice/angry/03-01-05-01-01-01-16.wav,angry,0
/content/drive/MyDrive/DataSet_Voice/angry/03-01-05-01-02-01-03.wav,angry,0
/content/drive/MyDrive/DataSet_Voice/angry/03-01-05-01-02-01-05.wav,angry,0
/content/drive/MyDrive/DataSet_Voice/angry/03-01-05-02-01-01-04.wav,angry,0
/content/drive/MyDrive/DataSet_Voice/angry/03-01-05-02-01-02-15.wav,angry,0
/content/drive/MyDrive/DataSet_Voice/angry/03-01-05-01-01-01-06.wav,angry,0
/content/drive/MyDrive/DataSet_Voice/angry/03-01-05-01-02-02-16.wav,angry,0
/content/drive/MyDrive/DataSet_Voice/angry/03-01-05-02-02-01-17.wav,angry,0
/content/drive/MyDrive/DataSet_Voice/angry/03-01-05-02-01-01-02.wav,angry,0
/content/drive/MyDrive/DataSet_Voice/angry/03-01-05-02-01-01-13.wav,angry,0
/content/drive/MyDrive/DataSet_Voice/angry/03-01-05-01-01-02-02.wav,angry,0
/content/drive/MyDrive/DataSet_Voice/angry/03-01-05-01-02-01-13.wav,angry,0
/content/drive/MyDrive/DataSet_Voice/angry/03-01-05-02-01-01-16.wav,angry,0
/content/drive/MyDrive/DataSet_Voice/angry/03-01-05-01-02-02-12.wav,angry,0
/content/drive/MyDrive/DataSet_Voice/angry/03-01-05-02-02-01-15.wav,angry,0
/content/drive/MyDrive/DataSet_Voice/angry/03-01-05-01-02-01-07.wav,angry,0
/content/drive/MyDrive/DataSet_Voice/angry/03-01-05-01-01-01-02.wav,angry,0
/content/drive/MyDrive/DataSet_Voice/angry/03-01-05-01-01-01-09.wav,angry,0
/content/drive/MyDrive/DataSet_Voice/angry/03-01-05-02-02-02-17.wav,angry,0
/content/drive/MyDrive/DataSet_Voice/angry/03-01-05-02-01-02-10.wav,angry,0
/content/drive/MyDrive/DataSet_Voice/angry/03-01-05-01-02-02-07.wav,angry,0
/content/drive/MyDrive/DataSet_Voice/angry/03-01-05-02-02-02-15.wav,angry,0
/content/drive/MyDrive/DataSet_Voice/angry/03-01-05-01-01-02-15.wav,angry,0
/content/drive/MyDrive/DataSet_Voice/angry/03-01-05-02-02-01-10.wav,angry,0
/content/drive/MyDrive/DataSet_Voice/angry/03-01-05-01-01-01-08.wav,angry,0
/content/drive/MyDrive/DataSet_Voice/angry/03-01-05-02-02-02-08.wav,angry,0
/content/drive/MyDrive/DataSet_Voice/angry/03-01-05-02-02-02-12.wav,angry,0
/content/drive/MyDrive/DataSet_Voice/angry/03-01-05-01-01-02-04.wav,angry,0
/content/drive/MyDrive/DataSet_Voice/angry/03-01-05-02-02-01-06.wav,angry,0
/content/drive/MyDrive/DataSet_Voice/angry/03-01-05-01-01-02-16.wav,angry,0
/content/drive/MyDrive/DataSet_Voice/angry/03-01-05-02-02-02-14.wav,angry,0
/content/drive/MyDrive/DataSet_Voice/angry/03-01-05-02-01-02-04.wav,angry,0
/content/drive/MyDrive/DataSet_Voice/angry/03-01-05-02-01-01-17.wav,angry,0
/content/drive/MyDrive/DataSet_Voice/angry/03-01-05-01-01-01-05.wav,angry,0
/content/drive/MyDrive/DataSet_Voice/angry/03-01-05-01-01-01-13.wav,angry,0
/content/drive/MyDrive/DataSet_Voice/angry/03-01-05-01-02-01-17.wav,angry,0
/content/drive/MyDrive/DataSet_Voice/angry/03-01-05-02-01-02-02.wav,angry,0
/content/drive/MyDrive/DataSet_Voice/angry/03-01-05-02-02-01-09.wav,angry,0
/content/drive/MyDrive/DataSet_Voice/angry/03-01-05-02-02-02-16.wav,angry,0
/content/drive/MyDrive/DataSet_Voice/angry/03-01-05-01-02-01-16.wav,angry,0
/content/drive/MyDrive/DataSet_Voice/angry/03-01-05-01-02-01-15.wav,angry,0
/content/drive/MyDrive/DataSet_Voice/angry/03-01-05-02-01-02-07.wav,angry,0
/content/drive/MyDrive/DataSet_Voice/angry/03-01-05-02-01-02-12.wav,angry,0
/content/drive/MyDrive/DataSet_Voice/angry/03-01-05-01-01-02-05.wav,angry,0
/content/drive/MyDrive/DataSet_Voice/angry/03-01-05-01-01-02-17.wav,angry,0
/content/drive/MyDrive/DataSet_Voice/angry/03-01-05-02-01-02-06.wav,angry,0
/content/drive/MyDrive/DataSet_Voice/angry/03-01-05-02-02-01-02.wav,angry,0
/content/drive/MyDrive/DataSet_Voice/angry/03-01-05-02-02-01-03.wav,angry,0
/content/drive/MyDrive/DataSet_Voice/angry/OAF_hall_angry.wav,angry,0
/content/drive/MyDrive/DataSet_Voice/angry/OAF_lore_angry.wav,angry,0
/content/drive/MyDrive/DataSet_Voice/angry/OAF_keen_angry.wav,angry,0
/content/drive/MyDrive/DataSet_Voice/angry/OAF_laud_angry.wav,angry,0
/content/drive/MyDrive/DataSet_Voice/angry/03-01-05-01-01-02-23.wav,angry,0
/content/drive/MyDrive/DataSet_Voice/angry/OAF_jug_angry.wav,angry,0
/content/drive/MyDrive/DataSet_Voice/angry/OAF_hire_angry.wav,angry,0
/content/drive/MyDrive/DataSet_Voice/angry/OAF_life_angry.wav,angry,0
/content/drive/MyDrive/DataSet_Voice/angry/03-01-05-02-01-02-20.wav,angry,0
/content/drive/MyDrive/DataSet_Voice/angry/OAF_lid_angry.wav,angry,0
/content/drive/MyDrive/DataSet_Voice/angry/OAF_lose_angry.wav,angry,0
/content/drive/MyDrive/DataSet_Voice/angry/03-01-05-01-01-02-21.wav,angry,0
/content/drive/MyDrive/DataSet_Voice/angry/OAF_kite_angry.wav,angry,0
/content/drive/MyDrive/DataSet_Voice/angry/OAF_jar_angry.wav,angry,0
/content/drive/MyDrive/DataSet_Voice/angry/OAF_fat_angry.wav,angry,0
/content/drive/MyDrive/DataSet_Voice/angry/OAF_check_angry.wav,angry,0
/content/drive/MyDrive/DataSet_Voice/angry/OAF_dime_angry.wav,angry,0
/content/drive/MyDrive/DataSet_Voice/angry/OAF_gaze_angry.wav,angry,0
/content/drive/MyDrive/DataSet_Voice/angry/OAF_fail_angry.wav,angry,0
/content/drive/MyDrive/DataSet_Voice/angry/OAF_goal_angry.wav,angry,0
/content/drive/MyDrive/DataSet_Voice/angry/03-01-05-01-01-02-24.wav,angry,0
/content/drive/MyDrive/DataSet_Voice/angry/03-01-05-02-01-01-21.wav,angry,0
/content/drive/MyDrive/DataSet_Voice/angry/OAF_choice_angry.wav,angry,0
/content/drive/MyDrive/DataSet_Voice/angry/OAF_chief_angry.wav,angry,0
/content/drive/MyDrive/DataSet_Voice/angry/OAF_get_angry.wav,angry,0
/content/drive/MyDrive/DataSet_Voice/angry/03-01-05-02-02-01-22.wav,angry,0
/content/drive/MyDrive/DataSet_Voice/angry/OAF_came_angry.wav,angry,0
/content/drive/MyDrive/DataSet_Voice/angry/OAF_chalk_angry.wav,angry,0
/content/drive/MyDrive/DataSet_Voice/angry/OAF_book_angry.wav,angry,0
/content/drive/MyDrive/DataSet_Voice/angry/OAF_mouse_angry.wav,angry,0
/content/drive/MyDrive/DataSet_Voice/angry/03-01-05-01-01-01-20.wav,angry,0
/content/drive/MyDrive/DataSet_Voice/angry/OAF_loaf_angry.wav,angry,0
/content/drive/MyDrive/DataSet_Voice/angry/OAF_gap_angry.wav,angry,0
/content/drive/MyDrive/DataSet_Voice/angry/OAF_learn_angry.wav,angry,0
/content/drive/MyDrive/DataSet_Voice/angry/03-01-05-02-02-02-21.wav,angry,0
/content/drive/MyDrive/DataSet_Voice/angry/03-01-05-01-01-01-21.wav,angry,0
/content/drive/MyDrive/DataSet_Voice/angry/03-01-05-01-02-02-19.wav,angry,0
/content/drive/MyDrive/DataSet_Voice/angry/OAF_dip_angry.wav,angry,0
/content/drive/MyDrive/DataSet_Voice/angry/03-01-05-02-01-01-24.wav,angry,0
/content/drive/MyDrive/DataSet_Voice/angry/OAF_germ_angry.wav,angry,0
/content/drive/MyDrive/DataSet_Voice/angry/03-01-05-02-01-01-22.wav,angry,0
/content/drive/MyDrive/DataSet_Voice/angry/OAF_bar_angry.wav,angry,0
/content/drive/MyDrive/DataSet_Voice/angry/OAF_hate_angry.wav,angry,0
/content/drive/MyDrive/DataSet_Voice/angry/03-01-05-02-02-02-22.wav,angry,0
/content/drive/MyDrive/DataSet_Voice/angry/OAF_cool_angry.wav,angry,0
/content/drive/MyDrive/DataSet_Voice/angry/03-01-05-02-02-01-19.wav,angry,0
/content/drive/MyDrive/DataSet_Voice/angry/03-01-05-02-01-02-21.wav,angry,0
/content/drive/MyDrive/DataSet_Voice/angry/03-01-05-01-02-01-21.wav,angry,0
/content/drive/MyDrive/DataSet_Voice/angry/03-01-05-02-02-02-19.wav,angry,0
/content/drive/MyDrive/DataSet_Voice/angry/OAF_mess_angry.wav,angry,0
/content/drive/MyDrive/DataSet_Voice/angry/OAF_beg_angry.wav,angry,0
/content/drive/MyDrive/DataSet_Voice/angry/OAF_mood_angry.wav,angry,0
/content/drive/MyDrive/DataSet_Voice/angry/OAF_base_angry.wav,angry,0
/content/drive/MyDrive/DataSet_Voice/angry/03-01-05-02-02-01-21.wav,angry,0
/content/drive/MyDrive/DataSet_Voice/angry/OAF_home_angry.wav,angry,0
/content/drive/MyDrive/DataSet_Voice/angry/03-01-05-01-01-01-22.wav,angry,0
/content/drive/MyDrive/DataSet_Voice/angry/OAF_bite_angry.wav,angry,0
/content/drive/MyDrive/DataSet_Voice/angry/OAF_juice_angry.wav,angry,0
/content/drive/MyDrive/DataSet_Voice/angry/OAF_goose_angry.wav,angry,0
/content/drive/MyDrive/DataSet_Voice/angry/03-01-05-01-02-02-23.wav,angry,0
/content/drive/MyDrive/DataSet_Voice/angry/OAF_limb_angry.wav,angry,0
/content/drive/MyDrive/DataSet_Voice/angry/OAF_food_angry.wav,angry,0
/content/drive/MyDrive/DataSet_Voice/angry/OAF_bath_angry.wav,angry,0
/content/drive/MyDrive/DataSet_Voice/angry/03-01-05-02-01-02-23.wav,angry,0
/content/drive/MyDrive/DataSet_Voice/angry/OAF_boat_angry.wav,angry,0
/content/drive/MyDrive/DataSet_Voice/angry/OAF_hush_angry.wav,angry,0
/content/drive/MyDrive/DataSet_Voice/angry/OAF_make_angry.wav,angry,0
/content/drive/MyDrive/DataSet_Voice/angry/OAF_keep_angry.wav,angry,0
/content/drive/MyDrive/DataSet_Voice/angry/OAF_cause_angry.wav,angry,0
/content/drive/MyDrive/DataSet_Voice/angry/OAF_mill_angry.wav,angry,0
/content/drive/MyDrive/DataSet_Voice/angry/OAF_fall_angry.wav,angry,0
/content/drive/MyDrive/DataSet_Voice/angry/OAF_haze_angry.wav,angry,0
/content/drive/MyDrive/DataSet_Voice/angry/03-01-05-02-01-02-19.wav,angry,0
/content/drive/MyDrive/DataSet_Voice/angry/OAF_king_angry.wav,angry,0
/content/drive/MyDrive/DataSet_Voice/angry/03-01-05-02-02-01-23.wav,angry,0
/content/drive/MyDrive/DataSet_Voice/angry/OAF_bean_angry.wav,angry,0
/content/drive/MyDrive/DataSet_Voice/angry/OAF_dog_angry.wav,angry,0
/content/drive/MyDrive/DataSet_Voice/angry/03-01-05-01-01-02-19.wav,angry,0
/content/drive/MyDrive/DataSet_Voice/angry/OAF_ditch_angry.wav,angry,0
/content/drive/MyDrive/DataSet_Voice/angry/03-01-05-02-01-01-20.wav,angry,0
/content/drive/MyDrive/DataSet_Voice/angry/OAF_late_angry.wav,angry,0
/content/drive/MyDrive/DataSet_Voice/angry/03-01-05-01-02-01-20.wav,angry,0
/content/drive/MyDrive/DataSet_Voice/angry/03-01-05-02-01-01-23.wav,angry,0
/content/drive/MyDrive/DataSet_Voice/angry/OAF_lean_angry.wav,angry,0
/content/drive/MyDrive/DataSet_Voice/angry/03-01-05-01-02-02-24.wav,angry,0
/content/drive/MyDrive/DataSet_Voice/angry/OAF_gin_angry.wav,angry,0
/content/drive/MyDrive/DataSet_Voice/angry/OAF_five_angry.wav,angry,0
/content/drive/MyDrive/DataSet_Voice/angry/OAF_merge_angry.wav,angry,0
/content/drive/MyDrive/DataSet_Voice/angry/OAF_dead_angry.wav,angry,0
/content/drive/MyDrive/DataSet_Voice/angry/03-01-05-01-01-01-19.wav,angry,0
/content/drive/MyDrive/DataSet_Voice/angry/03-01-05-01-02-02-22.wav,angry,0
/content/drive/MyDrive/DataSet_Voice/angry/OAF_kick_angry.wav,angry,0
/content/drive/MyDrive/DataSet_Voice/angry/OAF_far_angry.wav,angry,0
/content/drive/MyDrive/DataSet_Voice/angry/OAF_dab_angry.wav,angry,0
/content/drive/MyDrive/DataSet_Voice/angry/03-01-05-01-02-02-18.wav,angry,0
/content/drive/MyDrive/DataSet_Voice/angry/OAF_hit_angry.wav,angry,0
/content/drive/MyDrive/DataSet_Voice/angry/03-01-05-01-02-02-21.wav,angry,0
/content/drive/MyDrive/DataSet_Voice/angry/03-01-05-01-01-01-24.wav,angry,0
/content/drive/MyDrive/DataSet_Voice/angry/03-01-05-02-01-01-19.wav,angry,0
/content/drive/MyDrive/DataSet_Voice/angry/OAF_long_angry.wav,angry,0
/content/drive/MyDrive/DataSet_Voice/angry/OAF_lease_angry.wav,angry,0
/content/drive/MyDrive/DataSet_Voice/angry/OAF_cab_angry.wav,angry,0
/content/drive/MyDrive/DataSet_Voice/angry/OAF_luck_angry.wav,angry,0
/content/drive/MyDrive/DataSet_Voice/angry/OAF_burn_angry.wav,angry,0
/content/drive/MyDrive/DataSet_Voice/angry/OAF_love_angry.wav,angry,0
/content/drive/MyDrive/DataSet_Voice/angry/03-01-05-02-02-01-20.wav,angry,0
/content/drive/MyDrive/DataSet_Voice/angry/03-01-05-01-02-01-19.wav,angry,0
/content/drive/MyDrive/DataSet_Voice/angry/OAF_hurl_angry.wav,angry,0
/content/drive/MyDrive/DataSet_Voice/angry/OAF_kill_angry.wav,angry,0
/content/drive/MyDrive/DataSet_Voice/angry/OAF_calm_angry.wav,angry,0
/content/drive/MyDrive/DataSet_Voice/angry/OAF_lot_angry.wav,angry,0
/content/drive/MyDrive/DataSet_Voice/angry/03-01-05-02-02-01-24.wav,angry,0
/content/drive/MyDrive/DataSet_Voice/angry/OAF_moon_angry.wav,angry,0
/content/drive/MyDrive/DataSet_Voice/angry/03-01-05-02-01-02-22.wav,angry,0
/content/drive/MyDrive/DataSet_Voice/angry/03-01-05-02-01-02-24.wav,angry,0
/content/drive/MyDrive/DataSet_Voice/angry/OAF_judge_angry.wav,angry,0
/content/drive/MyDrive/DataSet_Voice/angry/OAF_mob_angry.wav,angry,0
/content/drive/MyDrive/DataSet_Voice/angry/OAF_fit_angry.wav,angry,0
/content/drive/MyDrive/DataSet_Voice/angry/OAF_have_angry.wav,angry,0
/content/drive/MyDrive/DataSet_Voice/angry/OAF_death_angry.wav,angry,0
/content/drive/MyDrive/DataSet_Voice/angry/OAF_knock_angry.wav,angry,0
/content/drive/MyDrive/DataSet_Voice/angry/03-01-05-02-02-02-24.wav,angry,0
/content/drive/MyDrive/DataSet_Voice/angry/OAF_chat_angry.wav,angry,0
/content/drive/MyDrive/DataSet_Voice/angry/OAF_live_angry.wav,angry,0
/content/drive/MyDrive/DataSet_Voice/angry/03-01-05-01-02-01-22.wav,angry,0
/content/drive/MyDrive/DataSet_Voice/angry/03-01-05-01-01-01-23.wav,angry,0
/content/drive/MyDrive/DataSet_Voice/angry/OAF_chain_angry.wav,angry,0
/content/drive/MyDrive/DataSet_Voice/angry/OAF_met_angry.wav,angry,0
/content/drive/MyDrive/DataSet_Voice/angry/OAF_gas_angry.wav,angry,0
/content/drive/MyDrive/DataSet_Voice/angry/OAF_good_angry.wav,angry,0
/content/drive/MyDrive/DataSet_Voice/angry/OAF_cheek_angry.wav,angry,0
/content/drive/MyDrive/DataSet_Voice/angry/OAF_match_angry.wav,angry,0
/content/drive/MyDrive/DataSet_Voice/angry/OAF_join_angry.wav,angry,0
/content/drive/MyDrive/DataSet_Voice/angry/OAF_door_angry.wav,angry,0
/content/drive/MyDrive/DataSet_Voice/angry/03-01-05-01-01-02-20.wav,angry,0
/content/drive/MyDrive/DataSet_Voice/angry/OAF_jail_angry.wav,angry,0
/content/drive/MyDrive/DataSet_Voice/angry/OAF_bought_angry.wav,angry,0
/content/drive/MyDrive/DataSet_Voice/angry/OAF_mode_angry.wav,angry,0
/content/drive/MyDrive/DataSet_Voice/angry/03-01-05-01-01-02-22.wav,angry,0
/content/drive/MyDrive/DataSet_Voice/angry/03-01-05-02-02-02-18.wav,angry,0
/content/drive/MyDrive/DataSet_Voice/angry/03-01-05-01-02-02-20.wav,angry,0
/content/drive/MyDrive/DataSet_Voice/angry/03-01-05-01-02-01-24.wav,angry,0
/content/drive/MyDrive/DataSet_Voice/angry/OAF_deep_angry.wav,angry,0
/content/drive/MyDrive/DataSet_Voice/angry/OAF_hole_angry.wav,angry,0
/content/drive/MyDrive/DataSet_Voice/angry/OAF_keg_angry.wav,angry,0
/content/drive/MyDrive/DataSet_Voice/angry/OAF_date_angry.wav,angry,0
/content/drive/MyDrive/DataSet_Voice/angry/03-01-05-02-02-02-20.wav,angry,0
/content/drive/MyDrive/DataSet_Voice/angry/03-01-05-02-01-02-18.wav,angry,0
/content/drive/MyDrive/DataSet_Voice/angry/OAF_mop_angry.wav,angry,0
/content/drive/MyDrive/DataSet_Voice/angry/OAF_back_angry.wav,angry,0
/content/drive/MyDrive/DataSet_Voice/angry/OAF_gun_angry.wav,angry,0
/content/drive/MyDrive/DataSet_Voice/angry/OAF_half_angry.wav,angry,0
/content/drive/MyDrive/DataSet_Voice/angry/OAF_dodge_angry.wav,angry,0
/content/drive/MyDrive/DataSet_Voice/angry/OAF_doll_angry.wav,angry,0
/content/drive/MyDrive/DataSet_Voice/angry/OAF_bone_angry.wav,angry,0
/content/drive/MyDrive/DataSet_Voice/angry/03-01-05-02-02-01-18.wav,angry,0
/content/drive/MyDrive/DataSet_Voice/angry/03-01-05-01-02-01-23.wav,angry,0
/content/drive/MyDrive/DataSet_Voice/angry/OAF_chair_angry.wav,angry,0
/content/drive/MyDrive/DataSet_Voice/angry/03-01-05-02-02-02-23.wav,angry,0
/content/drive/MyDrive/DataSet_Voice/angry/03-01-05-02-01-01-18.wav,angry,0
/content/drive/MyDrive/DataSet_Voice/angry/OAF_hash_angry.wav,angry,0
/content/drive/MyDrive/DataSet_Voice/angry/YAF_came_angry.wav,angry,0
/content/drive/MyDrive/DataSet_Voice/angry/OAF_name_angry.wav,angry,0
/content/drive/MyDrive/DataSet_Voice/angry/YAF_gin_angry.wav,angry,0
/content/drive/MyDrive/DataSet_Voice/angry/OAF_pool_angry.wav,angry,0
/content/drive/MyDrive/DataSet_Voice/angry/YAF_judge_angry.wav,angry,0
/content/drive/MyDrive/DataSet_Voice/angry/OAF_page_angry.wav,angry,0
/content/drive/MyDrive/DataSet_Voice/angry/OAF_such_angry.wav,angry,0
/content/drive/MyDrive/DataSet_Voice/angry/YAF_hall_angry.wav,angry,0
/content/drive/MyDrive/DataSet_Voice/angry/OAF_void_angry.wav,angry,0
/content/drive/MyDrive/DataSet_Voice/angry/OAF_sure_angry.wav,angry,0
/content/drive/MyDrive/DataSet_Voice/angry/OAF_rag_angry.wav,angry,0
/content/drive/MyDrive/DataSet_Voice/angry/OAF_seize_angry.wav,angry,0
/content/drive/MyDrive/DataSet_Voice/angry/OAF_wash_angry.wav,angry,0
/content/drive/MyDrive/DataSet_Voice/angry/OAF_soap_angry.wav,angry,0
/content/drive/MyDrive/DataSet_Voice/angry/OAF_nice_angry.wav,angry,0
/content/drive/MyDrive/DataSet_Voice/angry/YAF_cause_angry.wav,angry,0
/content/drive/MyDrive/DataSet_Voice/angry/OAF_yearn_angry.wav,angry,0
/content/drive/MyDrive/DataSet_Voice/angry/OAF_pad_angry.wav,angry,0
/content/drive/MyDrive/DataSet_Voice/angry/YAF_dead_angry.wav,angry,0
/content/drive/MyDrive/DataSet_Voice/angry/OAF_when_angry.wav,angry,0
/content/drive/MyDrive/DataSet_Voice/angry/YAF_hire_angry.wav,angry,0
/content/drive/MyDrive/DataSet_Voice/angry/OAF_white_angry.wav,angry,0
/content/drive/MyDrive/DataSet_Voice/angry/YAF_ditch_angry.wav,angry,0
/content/drive/MyDrive/DataSet_Voice/angry/OAF_raid_angry.wav,angry,0
/content/drive/MyDrive/DataSet_Voice/angry/OAF_time_angry.wav,angry,0
/content/drive/MyDrive/DataSet_Voice/angry/OAF_road_angry.wav,angry,0
/content/drive/MyDrive/DataSet_Voice/angry/OAF_which_angry.wav,angry,0
/content/drive/MyDrive/DataSet_Voice/angry/OAF_sail_angry.wav,angry,0
/content/drive/MyDrive/DataSet_Voice/angry/OAF_shack_angry.wav,angry,0
/content/drive/MyDrive/DataSet_Voice/angry/OAF_said_angry.wav,angry,0
/content/drive/MyDrive/DataSet_Voice/angry/OAF_tough_angry.wav,angry,0
/content/drive/MyDrive/DataSet_Voice/angry/YAF_haze_angry.wav,angry,0
/content/drive/MyDrive/DataSet_Voice/angry/YAF_half_angry.wav,angry,0
/content/drive/MyDrive/DataSet_Voice/angry/OAF_thumb_angry.wav,angry,0
/content/drive/MyDrive/DataSet_Voice/angry/YAF_bath_angry.wav,angry,0
/content/drive/MyDrive/DataSet_Voice/angry/YAF_hash_angry.wav,angry,0
/content/drive/MyDrive/DataSet_Voice/angry/YAF_germ_angry.wav,angry,0
/content/drive/MyDrive/DataSet_Voice/angry/OAF_sheep_angry.wav,angry,0
/content/drive/MyDrive/DataSet_Voice/angry/OAF_thin_angry.wav,angry,0
/content/drive/MyDrive/DataSet_Voice/angry/OAF_room_angry.wav,angry,0
/content/drive/MyDrive/DataSet_Voice/angry/OAF_note_angry.wav,angry,0
/content/drive/MyDrive/DataSet_Voice/angry/YAF_dab_angry.wav,angry,0
/content/drive/MyDrive/DataSet_Voice/angry/OAF_phone_angry.wav,angry,0
/content/drive/MyDrive/DataSet_Voice/angry/OAF_wheat_angry.wav,angry,0
/content/drive/MyDrive/DataSet_Voice/angry/YAF_fail_angry.wav,angry,0
/content/drive/MyDrive/DataSet_Voice/angry/OAF_rough_angry.wav,angry,0
/content/drive/MyDrive/DataSet_Voice/angry/YAF_deep_angry.wav,angry,0
/content/drive/MyDrive/DataSet_Voice/angry/OAF_reach_angry.wav,angry,0
/content/drive/MyDrive/DataSet_Voice/angry/YAF_jug_angry.wav,angry,0
/content/drive/MyDrive/DataSet_Voice/angry/YAF_door_angry.wav,angry,0
/content/drive/MyDrive/DataSet_Voice/angry/YAF_gas_angry.wav,angry,0
/content/drive/MyDrive/DataSet_Voice/angry/YAF_join_angry.wav,angry,0
/content/drive/MyDrive/DataSet_Voice/angry/OAF_tape_angry.wav,angry,0
/content/drive/MyDrive/DataSet_Voice/angry/OAF_size_angry.wav,angry,0
/content/drive/MyDrive/DataSet_Voice/angry/OAF_pick_angry.wav,angry,0
/content/drive/MyDrive/DataSet_Voice/angry/YAF_calm_angry.wav,angry,0
/content/drive/MyDrive/DataSet_Voice/angry/YAF_have_angry.wav,angry,0
/content/drive/MyDrive/DataSet_Voice/angry/OAF_shall_angry.wav,angry,0
/content/drive/MyDrive/DataSet_Voice/angry/OAF_third_angry.wav,angry,0
/content/drive/MyDrive/DataSet_Voice/angry/OAF_pole_angry.wav,angry,0
/content/drive/MyDrive/DataSet_Voice/angry/YAF_hurl_angry.wav,angry,0
/content/drive/MyDrive/DataSet_Voice/angry/OAF_soup_angry.wav,angry,0
/content/drive/MyDrive/DataSet_Voice/angry/YAF_check_angry.wav,angry,0
/content/drive/MyDrive/DataSet_Voice/angry/YAF_good_angry.wav,angry,0
/content/drive/MyDrive/DataSet_Voice/angry/OAF_sour_angry.wav,angry,0
/content/drive/MyDrive/DataSet_Voice/angry/YAF_back_angry.wav,angry,0
/content/drive/MyDrive/DataSet_Voice/angry/OAF_sub_angry.wav,angry,0
/content/drive/MyDrive/DataSet_Voice/angry/OAF_peg_angry.wav,angry,0
/content/drive/MyDrive/DataSet_Voice/angry/OAF_shirt_angry.wav,angry,0
/content/drive/MyDrive/DataSet_Voice/angry/OAF_tell_angry.wav,angry,0
/content/drive/MyDrive/DataSet_Voice/angry/YAF_chief_angry.wav,angry,0
/content/drive/MyDrive/DataSet_Voice/angry/OAF_week_angry.wav,angry,0
/content/drive/MyDrive/DataSet_Voice/angry/OAF_tire_angry.wav,angry,0
/content/drive/MyDrive/DataSet_Voice/angry/YAF_base_angry.wav,angry,0
/content/drive/MyDrive/DataSet_Voice/angry/YAF_gun_angry.wav,angry,0
/content/drive/MyDrive/DataSet_Voice/angry/OAF_team_angry.wav,angry,0
/content/drive/MyDrive/DataSet_Voice/angry/YAF_boat_angry.wav,angry,0
/content/drive/MyDrive/DataSet_Voice/angry/YAF_chat_angry.wav,angry,0
/content/drive/MyDrive/DataSet_Voice/angry/YAF_jar_angry.wav,angry,0
/content/drive/MyDrive/DataSet_Voice/angry/YAF_five_angry.wav,angry,0
/content/drive/MyDrive/DataSet_Voice/angry/OAF_rush_angry.wav,angry,0
/content/drive/MyDrive/DataSet_Voice/angry/OAF_ring_angry.wav,angry,0
/content/drive/MyDrive/DataSet_Voice/angry/OAF_near_angry.wav,angry,0
/content/drive/MyDrive/DataSet_Voice/angry/OAF_wife_angry.wav,angry,0
/content/drive/MyDrive/DataSet_Voice/angry/YAF_gap_angry.wav,angry,0
/content/drive/MyDrive/DataSet_Voice/angry/YAF_dip_angry.wav,angry,0
/content/drive/MyDrive/DataSet_Voice/angry/OAF_ripe_angry.wav,angry,0
/content/drive/MyDrive/DataSet_Voice/angry/OAF_numb_angry.wav,angry,0
/content/drive/MyDrive/DataSet_Voice/angry/OAF_vine_angry.wav,angry,0
/content/drive/MyDrive/DataSet_Voice/angry/YAF_fall_angry.wav,angry,0
/content/drive/MyDrive/DataSet_Voice/angry/OAF_shawl_angry.wav,angry,0
/content/drive/MyDrive/DataSet_Voice/angry/YAF_far_angry.wav,angry,0
/content/drive/MyDrive/DataSet_Voice/angry/OAF_rose_angry.wav,angry,0
/content/drive/MyDrive/DataSet_Voice/angry/YAF_chain_angry.wav,angry,0
/content/drive/MyDrive/DataSet_Voice/angry/OAF_rot_angry.wav,angry,0
/content/drive/MyDrive/DataSet_Voice/angry/YAF_get_angry.wav,angry,0
/content/drive/MyDrive/DataSet_Voice/angry/OAF_witch_angry.wav,angry,0
/content/drive/MyDrive/DataSet_Voice/angry/YAF_beg_angry.wav,angry,0
/content/drive/MyDrive/DataSet_Voice/angry/OAF_whip_angry.wav,angry,0
/content/drive/MyDrive/DataSet_Voice/angry/YAF_cab_angry.wav,angry,0
/content/drive/MyDrive/DataSet_Voice/angry/YAF_book_angry.wav,angry,0
/content/drive/MyDrive/DataSet_Voice/angry/OAF_turn_angry.wav,angry,0
/content/drive/MyDrive/DataSet_Voice/angry/YAF_cool_angry.wav,angry,0
/content/drive/MyDrive/DataSet_Voice/angry/OAF_pass_angry.wav,angry,0
/content/drive/MyDrive/DataSet_Voice/angry/OAF_rat_angry.wav,angry,0
/content/drive/MyDrive/DataSet_Voice/angry/YAF_hit_angry.wav,angry,0
/content/drive/MyDrive/DataSet_Voice/angry/OAF_take_angry.wav,angry,0
/content/drive/MyDrive/DataSet_Voice/angry/YAF_chair_angry.wav,angry,0
/content/drive/MyDrive/DataSet_Voice/angry/YAF_chalk_angry.wav,angry,0
/content/drive/MyDrive/DataSet_Voice/angry/YAF_bone_angry.wav,angry,0
/content/drive/MyDrive/DataSet_Voice/angry/OAF_tip_angry.wav,angry,0
/content/drive/MyDrive/DataSet_Voice/angry/OAF_perch_angry.wav,angry,0
/content/drive/MyDrive/DataSet_Voice/angry/OAF_red_angry.wav,angry,0
/content/drive/MyDrive/DataSet_Voice/angry/YAF_gaze_angry.wav,angry,0
/content/drive/MyDrive/DataSet_Voice/angry/YAF_bean_angry.wav,angry,0
/content/drive/MyDrive/DataSet_Voice/angry/OAF_voice_angry.wav,angry,0
/content/drive/MyDrive/DataSet_Voice/angry/YAF_death_angry.wav,angry,0
/content/drive/MyDrive/DataSet_Voice/angry/OAF_shout_angry.wav,angry,0
/content/drive/MyDrive/DataSet_Voice/angry/YAF_jail_angry.wav,angry,0
/content/drive/MyDrive/DataSet_Voice/angry/YAF_burn_angry.wav,angry,0
/content/drive/MyDrive/DataSet_Voice/angry/OAF_pike_angry.wav,angry,0
/content/drive/MyDrive/DataSet_Voice/angry/OAF_nag_angry.wav,angry,0
/content/drive/MyDrive/DataSet_Voice/angry/YAF_keen_angry.wav,angry,0
/content/drive/MyDrive/DataSet_Voice/angry/OAF_walk_angry.wav,angry,0
/content/drive/MyDrive/DataSet_Voice/angry/OAF_neat_angry.wav,angry,0
/content/drive/MyDrive/DataSet_Voice/angry/OAF_vote_angry.wav,angry,0
/content/drive/MyDrive/DataSet_Voice/angry/YAF_dime_angry.wav,angry,0
/content/drive/MyDrive/DataSet_Voice/angry/YAF_dog_angry.wav,angry,0
/content/drive/MyDrive/DataSet_Voice/angry/OAF_rain_angry.wav,angry,0
/content/drive/MyDrive/DataSet_Voice/angry/YAF_bar_angry.wav,angry,0
/content/drive/MyDrive/DataSet_Voice/angry/YAF_goose_angry.wav,angry,0
/content/drive/MyDrive/DataSet_Voice/angry/OAF_sell_angry.wav,angry,0
/content/drive/MyDrive/DataSet_Voice/angry/YAF_doll_angry.wav,angry,0
/content/drive/MyDrive/DataSet_Voice/angry/OAF_raise_angry.wav,angry,0
/content/drive/MyDrive/DataSet_Voice/angry/OAF_youth_angry.wav,angry,0
/content/drive/MyDrive/DataSet_Voice/angry/OAF_thought_angry.wav,angry,0
/content/drive/MyDrive/DataSet_Voice/angry/YAF_fat_angry.wav,angry,0
/content/drive/MyDrive/DataSet_Voice/angry/YAF_date_angry.wav,angry,0
/content/drive/MyDrive/DataSet_Voice/angry/OAF_pain_angry.wav,angry,0
/content/drive/MyDrive/DataSet_Voice/angry/OAF_yes_angry.wav,angry,0
/content/drive/MyDrive/DataSet_Voice/angry/OAF_read_angry.wav,angry,0
/content/drive/MyDrive/DataSet_Voice/angry/YAF_home_angry.wav,angry,0
/content/drive/MyDrive/DataSet_Voice/angry/OAF_search_angry.wav,angry,0
/content/drive/MyDrive/DataSet_Voice/angry/OAF_puff_angry.wav,angry,0
/content/drive/MyDrive/DataSet_Voice/angry/YAF_food_angry.wav,angry,0
/content/drive/MyDrive/DataSet_Voice/angry/OAF_ton_angry.wav,angry,0
/content/drive/MyDrive/DataSet_Voice/angry/YAF_hate_angry.wav,angry,0
/content/drive/MyDrive/DataSet_Voice/angry/YAF_goal_angry.wav,angry,0
/content/drive/MyDrive/DataSet_Voice/angry/YAF_hush_angry.wav,angry,0
/content/drive/MyDrive/DataSet_Voice/angry/YAF_dodge_angry.wav,angry,0
/content/drive/MyDrive/DataSet_Voice/angry/YAF_choice_angry.wav,angry,0
/content/drive/MyDrive/DataSet_Voice/angry/OAF_wag_angry.wav,angry,0
/content/drive/MyDrive/DataSet_Voice/angry/OAF_tool_angry.wav,angry,0
/content/drive/MyDrive/DataSet_Voice/angry/YAF_bite_angry.wav,angry,0
/content/drive/MyDrive/DataSet_Voice/angry/OAF_pearl_angry.wav,angry,0
/content/drive/MyDrive/DataSet_Voice/angry/OAF_wire_angry.wav,angry,0
/content/drive/MyDrive/DataSet_Voice/angry/YAF_juice_angry.wav,angry,0
/content/drive/MyDrive/DataSet_Voice/angry/YAF_cheek_angry.wav,angry,0
/content/drive/MyDrive/DataSet_Voice/angry/OAF_young_angry.wav,angry,0
/content/drive/MyDrive/DataSet_Voice/angry/YAF_bought_angry.wav,angry,0
/content/drive/MyDrive/DataSet_Voice/angry/OAF_should_angry.wav,angry,0
/content/drive/MyDrive/DataSet_Voice/angry/OAF_south_angry.wav,angry,0
/content/drive/MyDrive/DataSet_Voice/angry/YAF_fit_angry.wav,angry,0
/content/drive/MyDrive/DataSet_Voice/angry/OAF_talk_angry.wav,angry,0
/content/drive/MyDrive/DataSet_Voice/angry/YAF_hole_angry.wav,angry,0
/content/drive/MyDrive/DataSet_Voice/angry/YAF_void_angry.wav,angry,0
/content/drive/MyDrive/DataSet_Voice/angry/YAF_late_angry.wav,angry,0
/content/drive/MyDrive/DataSet_Voice/angry/YAF_rose_angry.wav,angry,0
/content/drive/MyDrive/DataSet_Voice/angry/YAF_shout_angry.wav,angry,0
/content/drive/MyDrive/DataSet_Voice/angry/YAF_merge_angry.wav,angry,0
/content/drive/MyDrive/DataSet_Voice/angry/YAF_mode_angry.wav,angry,0
/content/drive/MyDrive/DataSet_Voice/angry/YAF_wag_angry.wav,angry,0
/content/drive/MyDrive/DataSet_Voice/angry/YAF_rag_angry.wav,angry,0
/content/drive/MyDrive/DataSet_Voice/angry/YAF_laud_angry.wav,angry,0
/content/drive/MyDrive/DataSet_Voice/angry/YAF_turn_angry.wav,angry,0
/content/drive/MyDrive/DataSet_Voice/angry/YAF_lore_angry.wav,angry,0
/content/drive/MyDrive/DataSet_Voice/angry/YAF_puff_angry.wav,angry,0
/content/drive/MyDrive/DataSet_Voice/angry/YAF_sell_angry.wav,angry,0
/content/drive/MyDrive/DataSet_Voice/angry/YAF_name_angry.wav,angry,0
/content/drive/MyDrive/DataSet_Voice/angry/YAF_yes_angry.wav,angry,0
/content/drive/MyDrive/DataSet_Voice/angry/YAF_should_angry.wav,angry,0
/content/drive/MyDrive/DataSet_Voice/angry/YAF_long_angry.wav,angry,0
/content/drive/MyDrive/DataSet_Voice/angry/YAF_vine_angry.wav,angry,0
/content/drive/MyDrive/DataSet_Voice/angry/YAF_tape_angry.wav,angry,0
/content/drive/MyDrive/DataSet_Voice/angry/YAF_read_angry.wav,angry,0
/content/drive/MyDrive/DataSet_Voice/angry/YAF_soup_angry.wav,angry,0
/content/drive/MyDrive/DataSet_Voice/angry/YAF_talk_angry.wav,angry,0
/content/drive/MyDrive/DataSet_Voice/angry/YAF_tire_angry.wav,angry,0
/content/drive/MyDrive/DataSet_Voice/angry/YAF_luck_angry.wav,angry,0
/content/drive/MyDrive/DataSet_Voice/angry/YAF_lease_angry.wav,angry,0
/content/drive/MyDrive/DataSet_Voice/angry/YAF_tool_angry.wav,angry,0
/content/drive/MyDrive/DataSet_Voice/angry/YAF_knock_angry.wav,angry,0
/content/drive/MyDrive/DataSet_Voice/angry/YAF_wash_angry.wav,angry,0
/content/drive/MyDrive/DataSet_Voice/angry/YAF_pain_angry.wav,angry,0
/content/drive/MyDrive/DataSet_Voice/angry/YAF_pike_angry.wav,angry,0
/content/drive/MyDrive/DataSet_Voice/angry/YAF_thought_angry.wav,angry,0
/content/drive/MyDrive/DataSet_Voice/angry/YAF_tough_angry.wav,angry,0
/content/drive/MyDrive/DataSet_Voice/angry/YAF_phone_angry.wav,angry,0
/content/drive/MyDrive/DataSet_Voice/angry/YAF_whip_angry.wav,angry,0
/content/drive/MyDrive/DataSet_Voice/angry/YAF_live_angry.wav,angry,0
/content/drive/MyDrive/DataSet_Voice/angry/YAF_make_angry.wav,angry,0
/content/drive/MyDrive/DataSet_Voice/angry/YAF_red_angry.wav,angry,0
/content/drive/MyDrive/DataSet_Voice/angry/YAF_loaf_angry.wav,angry,0
/content/drive/MyDrive/DataSet_Voice/angry/YAF_tip_angry.wav,angry,0
/content/drive/MyDrive/DataSet_Voice/angry/YAF_reach_angry.wav,angry,0
/content/drive/MyDrive/DataSet_Voice/angry/YAF_week_angry.wav,angry,0
/content/drive/MyDrive/DataSet_Voice/angry/YAF_search_angry.wav,angry,0
/content/drive/MyDrive/DataSet_Voice/angry/YAF_youth_angry.wav,angry,0
/content/drive/MyDrive/DataSet_Voice/angry/YAF_young_angry.wav,angry,0
/content/drive/MyDrive/DataSet_Voice/angry/YAF_pole_angry.wav,angry,0
/content/drive/MyDrive/DataSet_Voice/angry/YAF_sub_angry.wav,angry,0
/content/drive/MyDrive/DataSet_Voice/angry/YAF_kite_angry.wav,angry,0
/content/drive/MyDrive/DataSet_Voice/angry/YAF_thumb_angry.wav,angry,0
/content/drive/MyDrive/DataSet_Voice/angry/YAF_shawl_angry.wav,angry,0
/content/drive/MyDrive/DataSet_Voice/angry/YAF_perch_angry.wav,angry,0
/content/drive/MyDrive/DataSet_Voice/angry/YAF_sail_angry.wav,angry,0
/content/drive/MyDrive/DataSet_Voice/angry/YAF_lid_angry.wav,angry,0
/content/drive/MyDrive/DataSet_Voice/angry/YAF_raid_angry.wav,angry,0
/content/drive/MyDrive/DataSet_Voice/angry/YAF_mill_angry.wav,angry,0
/content/drive/MyDrive/DataSet_Voice/angry/YAF_ton_angry.wav,angry,0
/content/drive/MyDrive/DataSet_Voice/angry/YAF_neat_angry.wav,angry,0
/content/drive/MyDrive/DataSet_Voice/angry/YAF_kick_angry.wav,angry,0
/content/drive/MyDrive/DataSet_Voice/angry/YAF_room_angry.wav,angry,0
/content/drive/MyDrive/DataSet_Voice/angry/YAF_rough_angry.wav,angry,0
/content/drive/MyDrive/DataSet_Voice/angry/YAF_mob_angry.wav,angry,0
/content/drive/MyDrive/DataSet_Voice/angry/YAF_thin_angry.wav,angry,0
/content/drive/MyDrive/DataSet_Voice/angry/YAF_note_angry.wav,angry,0
/content/drive/MyDrive/DataSet_Voice/angry/YAF_south_angry.wav,angry,0
/content/drive/MyDrive/DataSet_Voice/angry/YAF_numb_angry.wav,angry,0
/content/drive/MyDrive/DataSet_Voice/angry/YAF_ripe_angry.wav,angry,0
/content/drive/MyDrive/DataSet_Voice/angry/YAF_lean_angry.wav,angry,0
/content/drive/MyDrive/DataSet_Voice/angry/YAF_pool_angry.wav,angry,0
/content/drive/MyDrive/DataSet_Voice/angry/YAF_pick_angry.wav,angry,0
/content/drive/MyDrive/DataSet_Voice/angry/YAF_lot_angry.wav,angry,0
/content/drive/MyDrive/DataSet_Voice/angry/YAF_nice_angry.wav,angry,0
/content/drive/MyDrive/DataSet_Voice/angry/YAF_life_angry.wav,angry,0
/content/drive/MyDrive/DataSet_Voice/angry/YAF_walk_angry.wav,angry,0
/content/drive/MyDrive/DataSet_Voice/angry/YAF_mop_angry.wav,angry,0
/content/drive/MyDrive/DataSet_Voice/angry/YAF_pad_angry.wav,angry,0
/content/drive/MyDrive/DataSet_Voice/angry/YAF_white_angry.wav,angry,0
/content/drive/MyDrive/DataSet_Voice/angry/YAF_such_angry.wav,angry,0
/content/drive/MyDrive/DataSet_Voice/angry/YAF_rush_angry.wav,angry,0
/content/drive/MyDrive/DataSet_Voice/angry/YAF_third_angry.wav,angry,0
/content/drive/MyDrive/DataSet_Voice/angry/YAF_raise_angry.wav,angry,0
/content/drive/MyDrive/DataSet_Voice/angry/YAF_keg_angry.wav,angry,0
/content/drive/MyDrive/DataSet_Voice/angry/YAF_wire_angry.wav,angry,0
/content/drive/MyDrive/DataSet_Voice/angry/YAF_said_angry.wav,angry,0
/content/drive/MyDrive/DataSet_Voice/angry/YAF_page_angry.wav,angry,0
/content/drive/MyDrive/DataSet_Voice/angry/YAF_met_angry.wav,angry,0
/content/drive/MyDrive/DataSet_Voice/angry/YAF_match_angry.wav,angry,0
/content/drive/MyDrive/DataSet_Voice/angry/YAF_wheat_angry.wav,angry,0
/content/drive/MyDrive/DataSet_Voice/angry/YAF_witch_angry.wav,angry,0
/content/drive/MyDrive/DataSet_Voice/angry/YAF_shack_angry.wav,angry,0
/content/drive/MyDrive/DataSet_Voice/angry/YAF_mess_angry.wav,angry,0
/content/drive/MyDrive/DataSet_Voice/angry/YAF_pearl_angry.wav,angry,0
/content/drive/MyDrive/DataSet_Voice/angry/YAF_limb_angry.wav,angry,0
/content/drive/MyDrive/DataSet_Voice/angry/YAF_yearn_angry.wav,angry,0
/content/drive/MyDrive/DataSet_Voice/angry/YAF_peg_angry.wav,angry,0
/content/drive/MyDrive/DataSet_Voice/angry/YAF_sheep_angry.wav,angry,0
/content/drive/MyDrive/DataSet_Voice/angry/YAF_time_angry.wav,angry,0
/content/drive/MyDrive/DataSet_Voice/angry/YAF_rat_angry.wav,angry,0
/content/drive/MyDrive/DataSet_Voice/angry/YAF_take_angry.wav,angry,0
/content/drive/MyDrive/DataSet_Voice/angry/YAF_seize_angry.wav,angry,0
/content/drive/MyDrive/DataSet_Voice/angry/YAF_sure_angry.wav,angry,0
/content/drive/MyDrive/DataSet_Voice/angry/YAF_king_angry.wav,angry,0
/content/drive/MyDrive/DataSet_Voice/angry/YAF_vote_angry.wav,angry,0
/content/drive/MyDrive/DataSet_Voice/angry/YAF_rain_angry.wav,angry,0
/content/drive/MyDrive/DataSet_Voice/angry/YAF_soap_angry.wav,angry,0
/content/drive/MyDrive/DataSet_Voice/angry/YAF_near_angry.wav,angry,0
/content/drive/MyDrive/DataSet_Voice/angry/YAF_shall_angry.wav,angry,0
/content/drive/MyDrive/DataSet_Voice/angry/YAF_shirt_angry.wav,angry,0
/content/drive/MyDrive/DataSet_Voice/angry/YAF_mouse_angry.wav,angry,0
/content/drive/MyDrive/DataSet_Voice/angry/YAF_when_angry.wav,angry,0
/content/drive/MyDrive/DataSet_Voice/angry/YAF_learn_angry.wav,angry,0
/content/drive/MyDrive/DataSet_Voice/angry/YAF_nag_angry.wav,angry,0
/content/drive/MyDrive/DataSet_Voice/angry/YAF_tell_angry.wav,angry,0
/content/drive/MyDrive/DataSet_Voice/angry/YAF_wife_angry.wav,angry,0
/content/drive/MyDrive/DataSet_Voice/angry/YAF_mood_angry.wav,angry,0
/content/drive/MyDrive/DataSet_Voice/angry/YAF_ring_angry.wav,angry,0
/content/drive/MyDrive/DataSet_Voice/angry/YAF_size_angry.wav,angry,0
/content/drive/MyDrive/DataSet_Voice/angry/YAF_kill_angry.wav,angry,0
/content/drive/MyDrive/DataSet_Voice/angry/YAF_which_angry.wav,angry,0
/content/drive/MyDrive/DataSet_Voice/angry/YAF_moon_angry.wav,angry,0
/content/drive/MyDrive/DataSet_Voice/angry/YAF_pass_angry.wav,angry,0
/content/drive/MyDrive/DataSet_Voice/angry/YAF_love_angry.wav,angry,0
/content/drive/MyDrive/DataSet_Voice/angry/YAF_lose_angry.wav,angry,0
/content/drive/MyDrive/DataSet_Voice/angry/YAF_team_angry.wav,angry,0
/content/drive/MyDrive/DataSet_Voice/angry/YAF_rot_angry.wav,angry,0
/content/drive/MyDrive/DataSet_Voice/angry/YAF_sour_angry.wav,angry,0
/content/drive/MyDrive/DataSet_Voice/angry/YAF_voice_angry.wav,angry,0
/content/drive/MyDrive/DataSet_Voice/angry/YAF_keep_angry.wav,angry,0
/content/drive/MyDrive/DataSet_Voice/angry/YAF_road_angry.wav,angry,0
/content/drive/MyDrive/DataSet_Voice/angry/1007_TAI_ANG_XX.wav,angry,0
/content/drive/MyDrive/DataSet_Voice/angry/1004_MTI_ANG_XX.wav,angry,0
/content/drive/MyDrive/DataSet_Voice/angry/1007_TIE_ANG_XX.wav,angry,0
/content/drive/MyDrive/DataSet_Voice/angry/1002_MTI_ANG_XX.wav,angry,0
/content/drive/MyDrive/DataSet_Voice/angry/1008_IOM_ANG_XX.wav,angry,0
/content/drive/MyDrive/DataSet_Voice/angry/1006_IWW_ANG_XX.wav,angry,0
/content/drive/MyDrive/DataSet_Voice/angry/1006_TAI_ANG_XX.wav,angry,0
/content/drive/MyDrive/DataSet_Voice/angry/1003_IWL_ANG_XX.wav,angry,0
/content/drive/MyDrive/DataSet_Voice/angry/1006_WSI_ANG_XX.wav,angry,0
/content/drive/MyDrive/DataSet_Voice/angry/1007_IWL_ANG_XX.wav,angry,0
/content/drive/MyDrive/DataSet_Voice/angry/1004_IEO_ANG_LO.wav,angry,0
/content/drive/MyDrive/DataSet_Voice/angry/1008_MTI_ANG_XX.wav,angry,0
/content/drive/MyDrive/DataSet_Voice/angry/1006_IEO_ANG_MD.wav,angry,0
/content/drive/MyDrive/DataSet_Voice/angry/1003_DFA_ANG_XX.wav,angry,0
/content/drive/MyDrive/DataSet_Voice/angry/1007_IEO_ANG_HI.wav,angry,0
/content/drive/MyDrive/DataSet_Voice/angry/1005_MTI_ANG_XX.wav,angry,0
/content/drive/MyDrive/DataSet_Voice/angry/1005_WSI_ANG_XX.wav,angry,0
/content/drive/MyDrive/DataSet_Voice/angry/1008_ITH_ANG_XX.wav,angry,0
/content/drive/MyDrive/DataSet_Voice/angry/1008_IEO_ANG_LO.wav,angry,0
/content/drive/MyDrive/DataSet_Voice/angry/1008_TIE_ANG_XX.wav,angry,0
/content/drive/MyDrive/DataSet_Voice/angry/1003_TAI_ANG_XX.wav,angry,0
/content/drive/MyDrive/DataSet_Voice/angry/1001_WSI_ANG_XX.wav,angry,0
/content/drive/MyDrive/DataSet_Voice/angry/1002_IEO_ANG_LO.wav,angry,0
/content/drive/MyDrive/DataSet_Voice/angry/1001_TIE_ANG_XX.wav,angry,0
/content/drive/MyDrive/DataSet_Voice/angry/1001_ITS_ANG_XX.wav,angry,0
/content/drive/MyDrive/DataSet_Voice/angry/1001_IEO_ANG_MD.wav,angry,0
/content/drive/MyDrive/DataSet_Voice/angry/1001_MTI_ANG_XX.wav,angry,0
/content/drive/MyDrive/DataSet_Voice/angry/1005_IWW_ANG_XX.wav,angry,0
/content/drive/MyDrive/DataSet_Voice/angry/1003_IWW_ANG_XX.wav,angry,0
/content/drive/MyDrive/DataSet_Voice/angry/1004_IWW_ANG_XX.wav,angry,0
/content/drive/MyDrive/DataSet_Voice/angry/1005_TSI_ANG_XX.wav,angry,0
/content/drive/MyDrive/DataSet_Voice/angry/1004_TSI_ANG_XX.wav,angry,0
/content/drive/MyDrive/DataSet_Voice/angry/1008_IWW_ANG_XX.wav,angry,0
/content/drive/MyDrive/DataSet_Voice/angry/1005_IWL_ANG_XX.wav,angry,0
/content/drive/MyDrive/DataSet_Voice/angry/1003_IEO_ANG_LO.wav,angry,0
/content/drive/MyDrive/DataSet_Voice/angry/1005_TAI_ANG_XX.wav,angry,0
/content/drive/MyDrive/DataSet_Voice/angry/1001_IWL_ANG_XX.wav,angry,0
/content/drive/MyDrive/DataSet_Voice/angry/1007_MTI_ANG_XX.wav,angry,0
/content/drive/MyDrive/DataSet_Voice/angry/1002_TSI_ANG_XX.wav,angry,0
/content/drive/MyDrive/DataSet_Voice/angry/1005_ITH_ANG_XX.wav,angry,0
/content/drive/MyDrive/DataSet_Voice/angry/1006_ITS_ANG_XX.wav,angry,0
/content/drive/MyDrive/DataSet_Voice/angry/1007_IEO_ANG_MD.wav,angry,0
/content/drive/MyDrive/DataSet_Voice/angry/1007_TSI_ANG_XX.wav,angry,0
/content/drive/MyDrive/DataSet_Voice/angry/1004_IEO_ANG_HI.wav,angry,0
/content/drive/MyDrive/DataSet_Voice/angry/1005_IEO_ANG_MD.wav,angry,0
/content/drive/MyDrive/DataSet_Voice/angry/1005_IEO_ANG_LO.wav,angry,0
/content/drive/MyDrive/DataSet_Voice/angry/1005_DFA_ANG_XX.wav,angry,0
/content/drive/MyDrive/DataSet_Voice/angry/1004_ITS_ANG_XX.wav,angry,0
/content/drive/MyDrive/DataSet_Voice/angry/1006_IEO_ANG_HI.wav,angry,0
/content/drive/MyDrive/DataSet_Voice/angry/1001_ITH_ANG_XX.wav,angry,0
/content/drive/MyDrive/DataSet_Voice/angry/1001_TAI_ANG_XX.wav,angry,0
/content/drive/MyDrive/DataSet_Voice/angry/1002_ITH_ANG_XX.wav,angry,0
/content/drive/MyDrive/DataSet_Voice/angry/1006_DFA_ANG_XX.wav,angry,0
/content/drive/MyDrive/DataSet_Voice/angry/1008_IEO_ANG_MD.wav,angry,0
/content/drive/MyDrive/DataSet_Voice/angry/1005_IOM_ANG_XX.wav,angry,0
/content/drive/MyDrive/DataSet_Voice/angry/1002_IWW_ANG_XX.wav,angry,0
/content/drive/MyDrive/DataSet_Voice/angry/1003_ITH_ANG_XX.wav,angry,0
/content/drive/MyDrive/DataSet_Voice/angry/1002_WSI_ANG_XX.wav,angry,0
/content/drive/MyDrive/DataSet_Voice/angry/1005_IEO_ANG_HI.wav,angry,0
/content/drive/MyDrive/DataSet_Voice/angry/1007_DFA_ANG_XX.wav,angry,0
/content/drive/MyDrive/DataSet_Voice/angry/1004_TIE_ANG_XX.wav,angry,0
/content/drive/MyDrive/DataSet_Voice/angry/1001_IWW_ANG_XX.wav,angry,0
/content/drive/MyDrive/DataSet_Voice/angry/1004_ITH_ANG_XX.wav,angry,0
/content/drive/MyDrive/DataSet_Voice/angry/1002_TIE_ANG_XX.wav,angry,0
/content/drive/MyDrive/DataSet_Voice/angry/1007_ITH_ANG_XX.wav,angry,0
/content/drive/MyDrive/DataSet_Voice/angry/1006_TSI_ANG_XX.wav,angry,0
/content/drive/MyDrive/DataSet_Voice/angry/1004_IWL_ANG_XX.wav,angry,0
/content/drive/MyDrive/DataSet_Voice/angry/1002_IEO_ANG_MD.wav,angry,0
/content/drive/MyDrive/DataSet_Voice/angry/1001_IEO_ANG_HI.wav,angry,0
/content/drive/MyDrive/DataSet_Voice/angry/1007_IWW_ANG_XX.wav,angry,0
/content/drive/MyDrive/DataSet_Voice/angry/1007_IOM_ANG_XX.wav,angry,0
/content/drive/MyDrive/DataSet_Voice/angry/1002_IEO_ANG_HI.wav,angry,0
/content/drive/MyDrive/DataSet_Voice/angry/1002_ITS_ANG_XX.wav,angry,0
/content/drive/MyDrive/DataSet_Voice/angry/1002_IOM_ANG_XX.wav,angry,0
/content/drive/MyDrive/DataSet_Voice/angry/1004_TAI_ANG_XX.wav,angry,0
/content/drive/MyDrive/DataSet_Voice/angry/1003_TSI_ANG_XX.wav,angry,0
/content/drive/MyDrive/DataSet_Voice/angry/1007_WSI_ANG_XX.wav,angry,0
/content/drive/MyDrive/DataSet_Voice/angry/1002_TAI_ANG_XX.wav,angry,0
/content/drive/MyDrive/DataSet_Voice/angry/1001_DFA_ANG_XX.wav,angry,0
/content/drive/MyDrive/DataSet_Voice/angry/1003_IEO_ANG_MD.wav,angry,0
/content/drive/MyDrive/DataSet_Voice/angry/1006_IEO_ANG_LO.wav,angry,0
/content/drive/MyDrive/DataSet_Voice/angry/1006_TIE_ANG_XX.wav,angry,0
/content/drive/MyDrive/DataSet_Voice/angry/1001_IEO_ANG_LO.wav,angry,0
/content/drive/MyDrive/DataSet_Voice/angry/1006_IOM_ANG_XX.wav,angry,0
/content/drive/MyDrive/DataSet_Voice/angry/1004_DFA_ANG_XX.wav,angry,0
/content/drive/MyDrive/DataSet_Voice/angry/1008_IWL_ANG_XX.wav,angry,0
/content/drive/MyDrive/DataSet_Voice/angry/1008_IEO_ANG_HI.wav,angry,0
/content/drive/MyDrive/DataSet_Voice/angry/1008_ITS_ANG_XX.wav,angry,0
/content/drive/MyDrive/DataSet_Voice/angry/1008_TSI_ANG_XX.wav,angry,0
/content/drive/MyDrive/DataSet_Voice/angry/1003_TIE_ANG_XX.wav,angry,0
/content/drive/MyDrive/DataSet_Voice/angry/1004_IEO_ANG_MD.wav,angry,0
/content/drive/MyDrive/DataSet_Voice/angry/1006_ITH_ANG_XX.wav,angry,0
/content/drive/MyDrive/DataSet_Voice/angry/1004_WSI_ANG_XX.wav,angry,0
/content/drive/MyDrive/DataSet_Voice/angry/1007_IEO_ANG_LO.wav,angry,0
/content/drive/MyDrive/DataSet_Voice/angry/1006_IWL_ANG_XX.wav,angry,0
/content/drive/MyDrive/DataSet_Voice/angry/1009_DFA_ANG_XX.wav,angry,0
/content/drive/MyDrive/DataSet_Voice/angry/1001_IOM_ANG_XX.wav,angry,0
/content/drive/MyDrive/DataSet_Voice/angry/1003_ITS_ANG_XX.wav,angry,0
/content/drive/MyDrive/DataSet_Voice/angry/1002_DFA_ANG_XX.wav,angry,0
/content/drive/MyDrive/DataSet_Voice/angry/1003_IEO_ANG_HI.wav,angry,0
/content/drive/MyDrive/DataSet_Voice/angry/1005_ITS_ANG_XX.wav,angry,0
/content/drive/MyDrive/DataSet_Voice/angry/1007_ITS_ANG_XX.wav,angry,0
/content/drive/MyDrive/DataSet_Voice/angry/1002_IWL_ANG_XX.wav,angry,0
/content/drive/MyDrive/DataSet_Voice/angry/1004_IOM_ANG_XX.wav,angry,0
/content/drive/MyDrive/DataSet_Voice/angry/1006_MTI_ANG_XX.wav,angry,0
/content/drive/MyDrive/DataSet_Voice/angry/1008_TAI_ANG_XX.wav,angry,0
/content/drive/MyDrive/DataSet_Voice/angry/1005_TIE_ANG_XX.wav,angry,0
/content/drive/MyDrive/DataSet_Voice/angry/1003_MTI_ANG_XX.wav,angry,0
/content/drive/MyDrive/DataSet_Voice/angry/1001_TSI_ANG_XX.wav,angry,0
/content/drive/MyDrive/DataSet_Voice/angry/1003_WSI_ANG_XX.wav,angry,0
/content/drive/MyDrive/DataSet_Voice/angry/1008_DFA_ANG_XX.wav,angry,0
/content/drive/MyDrive/DataSet_Voice/angry/1003_IOM_ANG_XX.wav,angry,0
/content/drive/MyDrive/DataSet_Voice/angry/1013_IEO_ANG_MD.wav,angry,0
/content/drive/MyDrive/DataSet_Voice/angry/1024_TAI_ANG_XX.wav,angry,0
/content/drive/MyDrive/DataSet_Voice/angry/1024_TSI_ANG_XX.wav,angry,0
/content/drive/MyDrive/DataSet_Voice/angry/1013_ITS_ANG_XX.wav,angry,0
/content/drive/MyDrive/DataSet_Voice/angry/1014_DFA_ANG_XX.wav,angry,0
/content/drive/MyDrive/DataSet_Voice/angry/1024_IEO_ANG_HI.wav,angry,0
/content/drive/MyDrive/DataSet_Voice/angry/1025_MTI_ANG_XX.wav,angry,0
/content/drive/MyDrive/DataSet_Voice/angry/1012_IEO_ANG_MD.wav,angry,0
/content/drive/MyDrive/DataSet_Voice/angry/1019_IEO_ANG_MD.wav,angry,0
/content/drive/MyDrive/DataSet_Voice/angry/1028_DFA_ANG_XX.wav,angry,0
/content/drive/MyDrive/DataSet_Voice/angry/1026_WSI_ANG_XX.wav,angry,0
/content/drive/MyDrive/DataSet_Voice/angry/1026_TSI_ANG_XX.wav,angry,0
/content/drive/MyDrive/DataSet_Voice/angry/1022_IEO_ANG_MD.wav,angry,0
/content/drive/MyDrive/DataSet_Voice/angry/1010_ITS_ANG_XX.wav,angry,0
/content/drive/MyDrive/DataSet_Voice/angry/1027_MTI_ANG_XX.wav,angry,0
/content/drive/MyDrive/DataSet_Voice/angry/1014_IWL_ANG_XX.wav,angry,0
/content/drive/MyDrive/DataSet_Voice/angry/1021_IWL_ANG_XX.wav,angry,0
/content/drive/MyDrive/DataSet_Voice/angry/1027_IWL_ANG_XX.wav,angry,0
/content/drive/MyDrive/DataSet_Voice/angry/1016_ITH_ANG_XX.wav,angry,0
/content/drive/MyDrive/DataSet_Voice/angry/1018_TSI_ANG_XX.wav,angry,0
/content/drive/MyDrive/DataSet_Voice/angry/1015_WSI_ANG_XX.wav,angry,0
/content/drive/MyDrive/DataSet_Voice/angry/1012_WSI_ANG_XX.wav,angry,0
/content/drive/MyDrive/DataSet_Voice/angry/1012_DFA_ANG_XX.wav,angry,0
/content/drive/MyDrive/DataSet_Voice/angry/1012_IEO_ANG_HI.wav,angry,0
/content/drive/MyDrive/DataSet_Voice/angry/1020_IEO_ANG_MD.wav,angry,0
/content/drive/MyDrive/DataSet_Voice/angry/1024_ITS_ANG_XX.wav,angry,0
/content/drive/MyDrive/DataSet_Voice/angry/1014_ITH_ANG_XX.wav,angry,0
/content/drive/MyDrive/DataSet_Voice/angry/1027_ITH_ANG_XX.wav,angry,0
/content/drive/MyDrive/DataSet_Voice/angry/1020_TSI_ANG_XX.wav,angry,0
/content/drive/MyDrive/DataSet_Voice/angry/1021_TIE_ANG_XX.wav,angry,0
/content/drive/MyDrive/DataSet_Voice/angry/1025_IWL_ANG_XX.wav,angry,0
/content/drive/MyDrive/DataSet_Voice/angry/1023_TSI_ANG_XX.wav,angry,0
/content/drive/MyDrive/DataSet_Voice/angry/1011_IEO_ANG_MD.wav,angry,0
/content/drive/MyDrive/DataSet_Voice/angry/1013_TIE_ANG_XX.wav,angry,0
/content/drive/MyDrive/DataSet_Voice/angry/1020_IWL_ANG_XX.wav,angry,0
/content/drive/MyDrive/DataSet_Voice/angry/1021_IOM_ANG_XX.wav,angry,0
/content/drive/MyDrive/DataSet_Voice/angry/1009_IEO_ANG_HI.wav,angry,0
/content/drive/MyDrive/DataSet_Voice/angry/1017_TAI_ANG_XX.wav,angry,0
/content/drive/MyDrive/DataSet_Voice/angry/1014_IOM_ANG_XX.wav,angry,0
/content/drive/MyDrive/DataSet_Voice/angry/1018_MTI_ANG_XX.wav,angry,0
/content/drive/MyDrive/DataSet_Voice/angry/1015_IWW_ANG_XX.wav,angry,0
/content/drive/MyDrive/DataSet_Voice/angry/1019_IWL_ANG_XX.wav,angry,0
/content/drive/MyDrive/DataSet_Voice/angry/1017_IEO_ANG_HI.wav,angry,0
/content/drive/MyDrive/DataSet_Voice/angry/1021_DFA_ANG_XX.wav,angry,0
/content/drive/MyDrive/DataSet_Voice/angry/1024_IOM_ANG_XX.wav,angry,0
/content/drive/MyDrive/DataSet_Voice/angry/1024_IEO_ANG_LO.wav,angry,0
/content/drive/MyDrive/DataSet_Voice/angry/1014_MTI_ANG_XX.wav,angry,0
/content/drive/MyDrive/DataSet_Voice/angry/1011_IEO_ANG_LO.wav,angry,0
/content/drive/MyDrive/DataSet_Voice/angry/1013_IEO_ANG_HI.wav,angry,0
/content/drive/MyDrive/DataSet_Voice/angry/1013_MTI_ANG_XX.wav,angry,0
/content/drive/MyDrive/DataSet_Voice/angry/1026_IEO_ANG_MD.wav,angry,0
/content/drive/MyDrive/DataSet_Voice/angry/1024_WSI_ANG_XX.wav,angry,0
/content/drive/MyDrive/DataSet_Voice/angry/1017_DFA_ANG_XX.wav,angry,0
/content/drive/MyDrive/DataSet_Voice/angry/1014_TIE_ANG_XX.wav,angry,0
/content/drive/MyDrive/DataSet_Voice/angry/1023_IWW_ANG_XX.wav,angry,0
/content/drive/MyDrive/DataSet_Voice/angry/1018_ITH_ANG_XX.wav,angry,0
/content/drive/MyDrive/DataSet_Voice/angry/1024_IEO_ANG_MD.wav,angry,0
/content/drive/MyDrive/DataSet_Voice/angry/1012_MTI_ANG_XX.wav,angry,0
/content/drive/MyDrive/DataSet_Voice/angry/1010_DFA_ANG_XX.wav,angry,0
/content/drive/MyDrive/DataSet_Voice/angry/1011_MTI_ANG_XX.wav,angry,0
/content/drive/MyDrive/DataSet_Voice/angry/1019_ITS_ANG_XX.wav,angry,0
/content/drive/MyDrive/DataSet_Voice/angry/1012_TIE_ANG_XX.wav,angry,0
/content/drive/MyDrive/DataSet_Voice/angry/1015_TSI_ANG_XX.wav,angry,0
/content/drive/MyDrive/DataSet_Voice/angry/1011_IEO_ANG_HI.wav,angry,0
/content/drive/MyDrive/DataSet_Voice/angry/1020_TIE_ANG_XX.wav,angry,0
/content/drive/MyDrive/DataSet_Voice/angry/1026_TIE_ANG_XX.wav,angry,0
/content/drive/MyDrive/DataSet_Voice/angry/1023_ITS_ANG_XX.wav,angry,0
/content/drive/MyDrive/DataSet_Voice/angry/1011_ITS_ANG_XX.wav,angry,0
/content/drive/MyDrive/DataSet_Voice/angry/1026_ITH_ANG_XX.wav,angry,0
/content/drive/MyDrive/DataSet_Voice/angry/1016_IEO_ANG_LO.wav,angry,0
/content/drive/MyDrive/DataSet_Voice/angry/1021_IEO_ANG_LO.wav,angry,0
/content/drive/MyDrive/DataSet_Voice/angry/1014_TAI_ANG_XX.wav,angry,0
/content/drive/MyDrive/DataSet_Voice/angry/1011_ITH_ANG_XX.wav,angry,0
/content/drive/MyDrive/DataSet_Voice/angry/1017_IEO_ANG_LO.wav,angry,0
/content/drive/MyDrive/DataSet_Voice/angry/1012_TAI_ANG_XX.wav,angry,0
/content/drive/MyDrive/DataSet_Voice/angry/1015_DFA_ANG_XX.wav,angry,0
/content/drive/MyDrive/DataSet_Voice/angry/1023_WSI_ANG_XX.wav,angry,0
/content/drive/MyDrive/DataSet_Voice/angry/1019_MTI_ANG_XX.wav,angry,0
/content/drive/MyDrive/DataSet_Voice/angry/1010_IWL_ANG_XX.wav,angry,0
/content/drive/MyDrive/DataSet_Voice/angry/1027_TAI_ANG_XX.wav,angry,0
/content/drive/MyDrive/DataSet_Voice/angry/1009_IWL_ANG_XX.wav,angry,0
/content/drive/MyDrive/DataSet_Voice/angry/1015_IWL_ANG_XX.wav,angry,0
/content/drive/MyDrive/DataSet_Voice/angry/1021_IWW_ANG_XX.wav,angry,0
/content/drive/MyDrive/DataSet_Voice/angry/1014_IEO_ANG_HI.wav,angry,0
/content/drive/MyDrive/DataSet_Voice/angry/1011_DFA_ANG_XX.wav,angry,0
/content/drive/MyDrive/DataSet_Voice/angry/1028_IEO_ANG_LO.wav,angry,0
/content/drive/MyDrive/DataSet_Voice/angry/1018_TAI_ANG_XX.wav,angry,0
/content/drive/MyDrive/DataSet_Voice/angry/1022_IEO_ANG_HI.wav,angry,0
/content/drive/MyDrive/DataSet_Voice/angry/1016_MTI_ANG_XX.wav,angry,0
/content/drive/MyDrive/DataSet_Voice/angry/1023_TIE_ANG_XX.wav,angry,0
/content/drive/MyDrive/DataSet_Voice/angry/1020_IEO_ANG_HI.wav,angry,0
/content/drive/MyDrive/DataSet_Voice/angry/1011_TIE_ANG_XX.wav,angry,0
/content/drive/MyDrive/DataSet_Voice/angry/1009_TIE_ANG_XX.wav,angry,0
/content/drive/MyDrive/DataSet_Voice/angry/1022_ITS_ANG_XX.wav,angry,0
/content/drive/MyDrive/DataSet_Voice/angry/1015_ITS_ANG_XX.wav,angry,0
/content/drive/MyDrive/DataSet_Voice/angry/1012_ITH_ANG_XX.wav,angry,0
/content/drive/MyDrive/DataSet_Voice/angry/1026_ITS_ANG_XX.wav,angry,0
/content/drive/MyDrive/DataSet_Voice/angry/1010_IEO_ANG_MD.wav,angry,0
/content/drive/MyDrive/DataSet_Voice/angry/1015_IEO_ANG_MD.wav,angry,0
/content/drive/MyDrive/DataSet_Voice/angry/1010_IEO_ANG_LO.wav,angry,0
/content/drive/MyDrive/DataSet_Voice/angry/1026_TAI_ANG_XX.wav,angry,0
/content/drive/MyDrive/DataSet_Voice/angry/1018_WSI_ANG_XX.wav,angry,0
/content/drive/MyDrive/DataSet_Voice/angry/1015_TAI_ANG_XX.wav,angry,0
/content/drive/MyDrive/DataSet_Voice/angry/1009_ITH_ANG_XX.wav,angry,0
/content/drive/MyDrive/DataSet_Voice/angry/1023_MTI_ANG_XX.wav,angry,0
/content/drive/MyDrive/DataSet_Voice/angry/1022_TAI_ANG_XX.wav,angry,0
/content/drive/MyDrive/DataSet_Voice/angry/1022_TSI_ANG_XX.wav,angry,0
/content/drive/MyDrive/DataSet_Voice/angry/1019_WSI_ANG_XX.wav,angry,0
/content/drive/MyDrive/DataSet_Voice/angry/1020_ITH_ANG_XX.wav,angry,0
/content/drive/MyDrive/DataSet_Voice/angry/1025_IEO_ANG_MD.wav,angry,0
/content/drive/MyDrive/DataSet_Voice/angry/1026_IOM_ANG_XX.wav,angry,0
/content/drive/MyDrive/DataSet_Voice/angry/1026_IEO_ANG_LO.wav,angry,0
/content/drive/MyDrive/DataSet_Voice/angry/1025_TAI_ANG_XX.wav,angry,0
/content/drive/MyDrive/DataSet_Voice/angry/1019_TIE_ANG_XX.wav,angry,0
/content/drive/MyDrive/DataSet_Voice/angry/1015_IEO_ANG_LO.wav,angry,0
/content/drive/MyDrive/DataSet_Voice/angry/1018_TIE_ANG_XX.wav,angry,0
/content/drive/MyDrive/DataSet_Voice/angry/1014_WSI_ANG_XX.wav,angry,0
/content/drive/MyDrive/DataSet_Voice/angry/1019_IWW_ANG_XX.wav,angry,0
/content/drive/MyDrive/DataSet_Voice/angry/1009_ITS_ANG_XX.wav,angry,0
/content/drive/MyDrive/DataSet_Voice/angry/1023_DFA_ANG_XX.wav,angry,0
/content/drive/MyDrive/DataSet_Voice/angry/1025_IEO_ANG_HI.wav,angry,0
/content/drive/MyDrive/DataSet_Voice/angry/1013_IEO_ANG_LO.wav,angry,0
/content/drive/MyDrive/DataSet_Voice/angry/1027_IEO_ANG_LO.wav,angry,0
/content/drive/MyDrive/DataSet_Voice/angry/1021_ITS_ANG_XX.wav,angry,0
/content/drive/MyDrive/DataSet_Voice/angry/1014_IEO_ANG_MD.wav,angry,0
/content/drive/MyDrive/DataSet_Voice/angry/1022_IWW_ANG_XX.wav,angry,0
/content/drive/MyDrive/DataSet_Voice/angry/1026_IWW_ANG_XX.wav,angry,0
/content/drive/MyDrive/DataSet_Voice/angry/1025_DFA_ANG_XX.wav,angry,0
/content/drive/MyDrive/DataSet_Voice/angry/1010_TSI_ANG_XX.wav,angry,0
/content/drive/MyDrive/DataSet_Voice/angry/1012_IOM_ANG_XX.wav,angry,0
/content/drive/MyDrive/DataSet_Voice/angry/1017_ITH_ANG_XX.wav,angry,0
/content/drive/MyDrive/DataSet_Voice/angry/1015_IEO_ANG_HI.wav,angry,0
/content/drive/MyDrive/DataSet_Voice/angry/1016_IWW_ANG_XX.wav,angry,0
/content/drive/MyDrive/DataSet_Voice/angry/1013_WSI_ANG_XX.wav,angry,0
/content/drive/MyDrive/DataSet_Voice/angry/1016_IEO_ANG_MD.wav,angry,0
/content/drive/MyDrive/DataSet_Voice/angry/1025_TSI_ANG_XX.wav,angry,0
/content/drive/MyDrive/DataSet_Voice/angry/1022_IOM_ANG_XX.wav,angry,0
/content/drive/MyDrive/DataSet_Voice/angry/1020_IEO_ANG_LO.wav,angry,0
/content/drive/MyDrive/DataSet_Voice/angry/1013_ITH_ANG_XX.wav,angry,0
/content/drive/MyDrive/DataSet_Voice/angry/1010_MTI_ANG_XX.wav,angry,0
/content/drive/MyDrive/DataSet_Voice/angry/1018_IOM_ANG_XX.wav,angry,0
/content/drive/MyDrive/DataSet_Voice/angry/1024_DFA_ANG_XX.wav,angry,0
/content/drive/MyDrive/DataSet_Voice/angry/1012_IWL_ANG_XX.wav,angry,0
/content/drive/MyDrive/DataSet_Voice/angry/1019_TAI_ANG_XX.wav,angry,0
/content/drive/MyDrive/DataSet_Voice/angry/1020_IOM_ANG_XX.wav,angry,0
/content/drive/MyDrive/DataSet_Voice/angry/1018_IWW_ANG_XX.wav,angry,0
/content/drive/MyDrive/DataSet_Voice/angry/1015_MTI_ANG_XX.wav,angry,0
/content/drive/MyDrive/DataSet_Voice/angry/1020_TAI_ANG_XX.wav,angry,0
/content/drive/MyDrive/DataSet_Voice/angry/1016_TAI_ANG_XX.wav,angry,0
/content/drive/MyDrive/DataSet_Voice/angry/1009_IEO_ANG_MD.wav,angry,0
/content/drive/MyDrive/DataSet_Voice/angry/1027_IEO_ANG_HI.wav,angry,0
/content/drive/MyDrive/DataSet_Voice/angry/1010_WSI_ANG_XX.wav,angry,0
/content/drive/MyDrive/DataSet_Voice/angry/1016_IWL_ANG_XX.wav,angry,0
/content/drive/MyDrive/DataSet_Voice/angry/1027_WSI_ANG_XX.wav,angry,0
/content/drive/MyDrive/DataSet_Voice/angry/1013_IWL_ANG_XX.wav,angry,0
/content/drive/MyDrive/DataSet_Voice/angry/1014_ITS_ANG_XX.wav,angry,0
/content/drive/MyDrive/DataSet_Voice/angry/1017_MTI_ANG_XX.wav,angry,0
/content/drive/MyDrive/DataSet_Voice/angry/1009_IWW_ANG_XX.wav,angry,0
/content/drive/MyDrive/DataSet_Voice/angry/1013_IOM_ANG_XX.wav,angry,0
/content/drive/MyDrive/DataSet_Voice/angry/1025_ITS_ANG_XX.wav,angry,0
/content/drive/MyDrive/DataSet_Voice/angry/1015_IOM_ANG_XX.wav,angry,0
/content/drive/MyDrive/DataSet_Voice/angry/1022_MTI_ANG_XX.wav,angry,0
/content/drive/MyDrive/DataSet_Voice/angry/1022_TIE_ANG_XX.wav,angry,0
/content/drive/MyDrive/DataSet_Voice/angry/1013_TAI_ANG_XX.wav,angry,0
/content/drive/MyDrive/DataSet_Voice/angry/1025_IWW_ANG_XX.wav,angry,0
/content/drive/MyDrive/DataSet_Voice/angry/1019_IOM_ANG_XX.wav,angry,0
/content/drive/MyDrive/DataSet_Voice/angry/1010_TIE_ANG_XX.wav,angry,0
/content/drive/MyDrive/DataSet_Voice/angry/1020_ITS_ANG_XX.wav,angry,0
/content/drive/MyDrive/DataSet_Voice/angry/1011_WSI_ANG_XX.wav,angry,0
/content/drive/MyDrive/DataSet_Voice/angry/1024_IWW_ANG_XX.wav,angry,0
/content/drive/MyDrive/DataSet_Voice/angry/1021_TSI_ANG_XX.wav,angry,0
/content/drive/MyDrive/DataSet_Voice/angry/1011_TAI_ANG_XX.wav,angry,0
/content/drive/MyDrive/DataSet_Voice/angry/1009_IOM_ANG_XX.wav,angry,0
/content/drive/MyDrive/DataSet_Voice/angry/1015_ITH_ANG_XX.wav,angry,0
/content/drive/MyDrive/DataSet_Voice/angry/1027_DFA_ANG_XX.wav,angry,0
/content/drive/MyDrive/DataSet_Voice/angry/1021_IEO_ANG_HI.wav,angry,0
/content/drive/MyDrive/DataSet_Voice/angry/1022_ITH_ANG_XX.wav,angry,0
/content/drive/MyDrive/DataSet_Voice/angry/1022_WSI_ANG_XX.wav,angry,0
/content/drive/MyDrive/DataSet_Voice/angry/1021_IEO_ANG_MD.wav,angry,0
/content/drive/MyDrive/DataSet_Voice/angry/1022_IWL_ANG_XX.wav,angry,0
/content/drive/MyDrive/DataSet_Voice/angry/1022_IEO_ANG_LO.wav,angry,0
/content/drive/MyDrive/DataSet_Voice/angry/1018_IWL_ANG_XX.wav,angry,0
/content/drive/MyDrive/DataSet_Voice/angry/1014_TSI_ANG_XX.wav,angry,0
/content/drive/MyDrive/DataSet_Voice/angry/1017_IEO_ANG_MD.wav,angry,0
/content/drive/MyDrive/DataSet_Voice/angry/1027_IWW_ANG_XX.wav,angry,0
/content/drive/MyDrive/DataSet_Voice/angry/1025_ITH_ANG_XX.wav,angry,0
/content/drive/MyDrive/DataSet_Voice/angry/1026_DFA_ANG_XX.wav,angry,0
/content/drive/MyDrive/DataSet_Voice/angry/1018_DFA_ANG_XX.wav,angry,0
/content/drive/MyDrive/DataSet_Voice/angry/1009_IEO_ANG_LO.wav,angry,0
/content/drive/MyDrive/DataSet_Voice/angry/1012_IWW_ANG_XX.wav,angry,0
/content/drive/MyDrive/DataSet_Voice/angry/1020_MTI_ANG_XX.wav,angry,0
/content/drive/MyDrive/DataSet_Voice/angry/1019_IEO_ANG_LO.wav,angry,0
/content/drive/MyDrive/DataSet_Voice/angry/1010_IOM_ANG_XX.wav,angry,0
/content/drive/MyDrive/DataSet_Voice/angry/1013_IWW_ANG_XX.wav,angry,0
/content/drive/MyDrive/DataSet_Voice/angry/1027_ITS_ANG_XX.wav,angry,0
/content/drive/MyDrive/DataSet_Voice/angry/1010_ITH_ANG_XX.wav,angry,0
/content/drive/MyDrive/DataSet_Voice/angry/1024_TIE_ANG_XX.wav,angry,0
/content/drive/MyDrive/DataSet_Voice/angry/1010_IEO_ANG_HI.wav,angry,0
/content/drive/MyDrive/DataSet_Voice/angry/1016_DFA_ANG_XX.wav,angry,0
/content/drive/MyDrive/DataSet_Voice/angry/1018_IEO_ANG_LO.wav,angry,0
/content/drive/MyDrive/DataSet_Voice/angry/1017_TIE_ANG_XX.wav,angry,0
/content/drive/MyDrive/DataSet_Voice/angry/1028_IEO_ANG_MD.wav,angry,0
/content/drive/MyDrive/DataSet_Voice/angry/1017_IWL_ANG_XX.wav,angry,0
/content/drive/MyDrive/DataSet_Voice/angry/1023_TAI_ANG_XX.wav,angry,0
/content/drive/MyDrive/DataSet_Voice/angry/1016_WSI_ANG_XX.wav,angry,0
/content/drive/MyDrive/DataSet_Voice/angry/1017_ITS_ANG_XX.wav,angry,0
/content/drive/MyDrive/DataSet_Voice/angry/1009_WSI_ANG_XX.wav,angry,0
/content/drive/MyDrive/DataSet_Voice/angry/1011_IWL_ANG_XX.wav,angry,0
/content/drive/MyDrive/DataSet_Voice/angry/1020_WSI_ANG_XX.wav,angry,0
/content/drive/MyDrive/DataSet_Voice/angry/1010_IWW_ANG_XX.wav,angry,0
/content/drive/MyDrive/DataSet_Voice/angry/1025_IOM_ANG_XX.wav,angry,0
/content/drive/MyDrive/DataSet_Voice/angry/1014_IWW_ANG_XX.wav,angry,0
/content/drive/MyDrive/DataSet_Voice/angry/1023_ITH_ANG_XX.wav,angry,0
/content/drive/MyDrive/DataSet_Voice/angry/1023_IEO_ANG_MD.wav,angry,0
/content/drive/MyDrive/DataSet_Voice/angry/1016_TSI_ANG_XX.wav,angry,0
/content/drive/MyDrive/DataSet_Voice/angry/1020_DFA_ANG_XX.wav,angry,0
/content/drive/MyDrive/DataSet_Voice/angry/1011_IOM_ANG_XX.wav,angry,0
/content/drive/MyDrive/DataSet_Voice/angry/1009_TAI_ANG_XX.wav,angry,0
/content/drive/MyDrive/DataSet_Voice/angry/1026_MTI_ANG_XX.wav,angry,0
/content/drive/MyDrive/DataSet_Voice/angry/1009_TSI_ANG_XX.wav,angry,0
/content/drive/MyDrive/DataSet_Voice/angry/1027_TIE_ANG_XX.wav,angry,0
/content/drive/MyDrive/DataSet_Voice/angry/1013_DFA_ANG_XX.wav,angry,0
/content/drive/MyDrive/DataSet_Voice/angry/1023_IEO_ANG_LO.wav,angry,0
/content/drive/MyDrive/DataSet_Voice/angry/1025_WSI_ANG_XX.wav,angry,0
/content/drive/MyDrive/DataSet_Voice/angry/1018_IEO_ANG_HI.wav,angry,0
/content/drive/MyDrive/DataSet_Voice/angry/1017_TSI_ANG_XX.wav,angry,0
/content/drive/MyDrive/DataSet_Voice/angry/1011_TSI_ANG_XX.wav,angry,0
/content/drive/MyDrive/DataSet_Voice/angry/1021_ITH_ANG_XX.wav,angry,0
/content/drive/MyDrive/DataSet_Voice/angry/1018_IEO_ANG_MD.wav,angry,0
/content/drive/MyDrive/DataSet_Voice/angry/1027_IOM_ANG_XX.wav,angry,0
/content/drive/MyDrive/DataSet_Voice/angry/1021_MTI_ANG_XX.wav,angry,0
/content/drive/MyDrive/DataSet_Voice/angry/1012_ITS_ANG_XX.wav,angry,0
/content/drive/MyDrive/DataSet_Voice/angry/1020_IWW_ANG_XX.wav,angry,0
/content/drive/MyDrive/DataSet_Voice/angry/1023_IWL_ANG_XX.wav,angry,0
/content/drive/MyDrive/DataSet_Voice/angry/1021_WSI_ANG_XX.wav,angry,0
/content/drive/MyDrive/DataSet_Voice/angry/1025_IEO_ANG_LO.wav,angry,0
/content/drive/MyDrive/DataSet_Voice/angry/1016_TIE_ANG_XX.wav,angry,0
/content/drive/MyDrive/DataSet_Voice/angry/1016_IOM_ANG_XX.wav,angry,0
/content/drive/MyDrive/DataSet_Voice/angry/1015_TIE_ANG_XX.wav,angry,0
/content/drive/MyDrive/DataSet_Voice/angry/1016_IEO_ANG_HI.wav,angry,0
/content/drive/MyDrive/DataSet_Voice/angry/1011_IWW_ANG_XX.wav,angry,0
/content/drive/MyDrive/DataSet_Voice/angry/1026_IWL_ANG_XX.wav,angry,0
/content/drive/MyDrive/DataSet_Voice/angry/1028_IEO_ANG_HI.wav,angry,0
/content/drive/MyDrive/DataSet_Voice/angry/1018_ITS_ANG_XX.wav,angry,0
/content/drive/MyDrive/DataSet_Voice/angry/1017_WSI_ANG_XX.wav,angry,0
/content/drive/MyDrive/DataSet_Voice/angry/1023_IOM_ANG_XX.wav,angry,0
/content/drive/MyDrive/DataSet_Voice/angry/1016_ITS_ANG_XX.wav,angry,0
/content/drive/MyDrive/DataSet_Voice/angry/1019_IEO_ANG_HI.wav,angry,0
/content/drive/MyDrive/DataSet_Voice/angry/1014_IEO_ANG_LO.wav,angry,0
/content/drive/MyDrive/DataSet_Voice/angry/1021_TAI_ANG_XX.wav,angry,0
/content/drive/MyDrive/DataSet_Voice/angry/1024_MTI_ANG_XX.wav,angry,0
/content/drive/MyDrive/DataSet_Voice/angry/1024_ITH_ANG_XX.wav,angry,0
/content/drive/MyDrive/DataSet_Voice/angry/1017_IWW_ANG_XX.wav,angry,0
/content/drive/MyDrive/DataSet_Voice/angry/1027_IEO_ANG_MD.wav,angry,0
/content/drive/MyDrive/DataSet_Voice/angry/1023_IEO_ANG_HI.wav,angry,0
/content/drive/MyDrive/DataSet_Voice/angry/1025_TIE_ANG_XX.wav,angry,0
/content/drive/MyDrive/DataSet_Voice/angry/1017_IOM_ANG_XX.wav,angry,0
/content/drive/MyDrive/DataSet_Voice/angry/1013_TSI_ANG_XX.wav,angry,0
/content/drive/MyDrive/DataSet_Voice/angry/1010_TAI_ANG_XX.wav,angry,0
/content/drive/MyDrive/DataSet_Voice/angry/1019_DFA_ANG_XX.wav,angry,0
/content/drive/MyDrive/DataSet_Voice/angry/1024_IWL_ANG_XX.wav,angry,0
/content/drive/MyDrive/DataSet_Voice/angry/1026_IEO_ANG_HI.wav,angry,0
/content/drive/MyDrive/DataSet_Voice/angry/1022_DFA_ANG_XX.wav,angry,0
/content/drive/MyDrive/DataSet_Voice/angry/1012_IEO_ANG_LO.wav,angry,0
/content/drive/MyDrive/DataSet_Voice/angry/1012_TSI_ANG_XX.wav,angry,0
/content/drive/MyDrive/DataSet_Voice/angry/1027_TSI_ANG_XX.wav,angry,0
/content/drive/MyDrive/DataSet_Voice/angry/1019_TSI_ANG_XX.wav,angry,0
/content/drive/MyDrive/DataSet_Voice/angry/1044_MTI_ANG_XX.wav,angry,0
/content/drive/MyDrive/DataSet_Voice/angry/1045_IEO_ANG_HI.wav,angry,0
/content/drive/MyDrive/DataSet_Voice/angry/1040_DFA_ANG_XX.wav,angry,0
/content/drive/MyDrive/DataSet_Voice/angry/1044_IEO_ANG_HI.wav,angry,0
/content/drive/MyDrive/DataSet_Voice/angry/1039_TIE_ANG_XX.wav,angry,0
/content/drive/MyDrive/DataSet_Voice/angry/1043_IEO_ANG_HI.wav,angry,0
/content/drive/MyDrive/DataSet_Voice/angry/1043_IWW_ANG_XX.wav,angry,0
/content/drive/MyDrive/DataSet_Voice/angry/1041_TAI_ANG_XX.wav,angry,0
/content/drive/MyDrive/DataSet_Voice/angry/1032_IEO_ANG_MD.wav,angry,0
/content/drive/MyDrive/DataSet_Voice/angry/1032_IWW_ANG_XX.wav,angry,0
/content/drive/MyDrive/DataSet_Voice/angry/1046_TSI_ANG_XX.wav,angry,0
/content/drive/MyDrive/DataSet_Voice/angry/1040_IEO_ANG_HI.wav,angry,0
/content/drive/MyDrive/DataSet_Voice/angry/1032_WSI_ANG_XX.wav,angry,0
/content/drive/MyDrive/DataSet_Voice/angry/1030_IWW_ANG_XX.wav,angry,0
/content/drive/MyDrive/DataSet_Voice/angry/1040_MTI_ANG_XX.wav,angry,0
/content/drive/MyDrive/DataSet_Voice/angry/1045_IOM_ANG_XX.wav,angry,0
/content/drive/MyDrive/DataSet_Voice/angry/1034_TSI_ANG_XX.wav,angry,0
/content/drive/MyDrive/DataSet_Voice/angry/1045_IEO_ANG_MD.wav,angry,0
/content/drive/MyDrive/DataSet_Voice/angry/1044_IOM_ANG_XX.wav,angry,0
/content/drive/MyDrive/DataSet_Voice/angry/1044_ITH_ANG_XX.wav,angry,0
/content/drive/MyDrive/DataSet_Voice/angry/1032_IWL_ANG_XX.wav,angry,0
/content/drive/MyDrive/DataSet_Voice/angry/1030_TAI_ANG_XX.wav,angry,0
/content/drive/MyDrive/DataSet_Voice/angry/1039_TSI_ANG_XX.wav,angry,0
/content/drive/MyDrive/DataSet_Voice/angry/1039_ITH_ANG_XX.wav,angry,0
/content/drive/MyDrive/DataSet_Voice/angry/1039_ITS_ANG_XX.wav,angry,0
/content/drive/MyDrive/DataSet_Voice/angry/1044_TAI_ANG_XX.wav,angry,0
/content/drive/MyDrive/DataSet_Voice/angry/1038_IEO_ANG_MD.wav,angry,0
/content/drive/MyDrive/DataSet_Voice/angry/1037_MTI_ANG_XX.wav,angry,0
/content/drive/MyDrive/DataSet_Voice/angry/1030_MTI_ANG_XX.wav,angry,0
/content/drive/MyDrive/DataSet_Voice/angry/1046_ITH_ANG_XX.wav,angry,0
/content/drive/MyDrive/DataSet_Voice/angry/1035_IOM_ANG_XX.wav,angry,0
/content/drive/MyDrive/DataSet_Voice/angry/1029_IEO_ANG_HI.wav,angry,0
/content/drive/MyDrive/DataSet_Voice/angry/1034_IWW_ANG_XX.wav,angry,0
/content/drive/MyDrive/DataSet_Voice/angry/1034_ITS_ANG_XX.wav,angry,0
/content/drive/MyDrive/DataSet_Voice/angry/1035_IWW_ANG_XX.wav,angry,0
/content/drive/MyDrive/DataSet_Voice/angry/1036_IEO_ANG_LO.wav,angry,0
/content/drive/MyDrive/DataSet_Voice/angry/1041_ITH_ANG_XX.wav,angry,0
/content/drive/MyDrive/DataSet_Voice/angry/1039_IEO_ANG_LO.wav,angry,0
/content/drive/MyDrive/DataSet_Voice/angry/1033_TSI_ANG_XX.wav,angry,0
/content/drive/MyDrive/DataSet_Voice/angry/1036_MTI_ANG_XX.wav,angry,0
/content/drive/MyDrive/DataSet_Voice/angry/1046_IWL_ANG_XX.wav,angry,0
/content/drive/MyDrive/DataSet_Voice/angry/1045_TIE_ANG_XX.wav,angry,0
/content/drive/MyDrive/DataSet_Voice/angry/1044_IWW_ANG_XX.wav,angry,0
/content/drive/MyDrive/DataSet_Voice/angry/1044_TSI_ANG_XX.wav,angry,0
/content/drive/MyDrive/DataSet_Voice/angry/1033_IOM_ANG_XX.wav,angry,0
/content/drive/MyDrive/DataSet_Voice/angry/1037_IEO_ANG_HI.wav,angry,0
/content/drive/MyDrive/DataSet_Voice/angry/1031_IOM_ANG_XX.wav,angry,0
/content/drive/MyDrive/DataSet_Voice/angry/1033_ITH_ANG_XX.wav,angry,0
/content/drive/MyDrive/DataSet_Voice/angry/1035_IWL_ANG_XX.wav,angry,0
/content/drive/MyDrive/DataSet_Voice/angry/1040_TIE_ANG_XX.wav,angry,0
/content/drive/MyDrive/DataSet_Voice/angry/1046_IOM_ANG_XX.wav,angry,0
/content/drive/MyDrive/DataSet_Voice/angry/1032_IEO_ANG_HI.wav,angry,0
/content/drive/MyDrive/DataSet_Voice/angry/1029_IWL_ANG_XX.wav,angry,0
/content/drive/MyDrive/DataSet_Voice/angry/1032_ITS_ANG_XX.wav,angry,0
/content/drive/MyDrive/DataSet_Voice/angry/1030_IOM_ANG_XX.wav,angry,0
/content/drive/MyDrive/DataSet_Voice/angry/1033_ITS_ANG_XX.wav,angry,0
/content/drive/MyDrive/DataSet_Voice/angry/1040_ITS_ANG_XX.wav,angry,0
/content/drive/MyDrive/DataSet_Voice/angry/1045_WSI_ANG_XX.wav,angry,0
/content/drive/MyDrive/DataSet_Voice/angry/1031_ITS_ANG_XX.wav,angry,0
/content/drive/MyDrive/DataSet_Voice/angry/1036_ITS_ANG_XX.wav,angry,0
/content/drive/MyDrive/DataSet_Voice/angry/1045_IEO_ANG_LO.wav,angry,0
/content/drive/MyDrive/DataSet_Voice/angry/1047_IEO_ANG_LO.wav,angry,0
/content/drive/MyDrive/DataSet_Voice/angry/1036_TIE_ANG_XX.wav,angry,0
/content/drive/MyDrive/DataSet_Voice/angry/1041_DFA_ANG_XX.wav,angry,0
/content/drive/MyDrive/DataSet_Voice/angry/1035_IEO_ANG_HI.wav,angry,0
/content/drive/MyDrive/DataSet_Voice/angry/1044_WSI_ANG_XX.wav,angry,0
/content/drive/MyDrive/DataSet_Voice/angry/1033_IEO_ANG_LO.wav,angry,0
/content/drive/MyDrive/DataSet_Voice/angry/1028_TAI_ANG_XX.wav,angry,0
/content/drive/MyDrive/DataSet_Voice/angry/1041_IWL_ANG_XX.wav,angry,0
/content/drive/MyDrive/DataSet_Voice/angry/1030_WSI_ANG_XX.wav,angry,0
/content/drive/MyDrive/DataSet_Voice/angry/1040_TAI_ANG_XX.wav,angry,0
/content/drive/MyDrive/DataSet_Voice/angry/1031_TSI_ANG_XX.wav,angry,0
/content/drive/MyDrive/DataSet_Voice/angry/1034_IOM_ANG_XX.wav,angry,0
/content/drive/MyDrive/DataSet_Voice/angry/1043_TSI_ANG_XX.wav,angry,0
/content/drive/MyDrive/DataSet_Voice/angry/1028_TIE_ANG_XX.wav,angry,0
/content/drive/MyDrive/DataSet_Voice/angry/1039_MTI_ANG_XX.wav,angry,0
/content/drive/MyDrive/DataSet_Voice/angry/1038_IWL_ANG_XX.wav,angry,0
/content/drive/MyDrive/DataSet_Voice/angry/1043_WSI_ANG_XX.wav,angry,0
/content/drive/MyDrive/DataSet_Voice/angry/1042_IWW_ANG_XX.wav,angry,0
/content/drive/MyDrive/DataSet_Voice/angry/1029_ITH_ANG_XX.wav,angry,0
/content/drive/MyDrive/DataSet_Voice/angry/1035_TAI_ANG_XX.wav,angry,0
/content/drive/MyDrive/DataSet_Voice/angry/1043_ITH_ANG_XX.wav,angry,0
/content/drive/MyDrive/DataSet_Voice/angry/1034_IWL_ANG_XX.wav,angry,0
/content/drive/MyDrive/DataSet_Voice/angry/1036_DFA_ANG_XX.wav,angry,0
/content/drive/MyDrive/DataSet_Voice/angry/1038_IEO_ANG_HI.wav,angry,0
/content/drive/MyDrive/DataSet_Voice/angry/1036_IEO_ANG_HI.wav,angry,0
/content/drive/MyDrive/DataSet_Voice/angry/1032_DFA_ANG_XX.wav,angry,0
/content/drive/MyDrive/DataSet_Voice/angry/1030_IEO_ANG_MD.wav,angry,0
/content/drive/MyDrive/DataSet_Voice/angry/1034_ITH_ANG_XX.wav,angry,0
/content/drive/MyDrive/DataSet_Voice/angry/1037_WSI_ANG_XX.wav,angry,0
/content/drive/MyDrive/DataSet_Voice/angry/1041_IWW_ANG_XX.wav,angry,0
/content/drive/MyDrive/DataSet_Voice/angry/1039_IEO_ANG_HI.wav,angry,0
/content/drive/MyDrive/DataSet_Voice/angry/1033_IWL_ANG_XX.wav,angry,0
/content/drive/MyDrive/DataSet_Voice/angry/1038_IEO_ANG_LO.wav,angry,0
/content/drive/MyDrive/DataSet_Voice/angry/1028_WSI_ANG_XX.wav,angry,0
/content/drive/MyDrive/DataSet_Voice/angry/1033_WSI_ANG_XX.wav,angry,0
/content/drive/MyDrive/DataSet_Voice/angry/1037_IEO_ANG_MD.wav,angry,0
/content/drive/MyDrive/DataSet_Voice/angry/1039_IWL_ANG_XX.wav,angry,0
/content/drive/MyDrive/DataSet_Voice/angry/1035_IEO_ANG_MD.wav,angry,0
/content/drive/MyDrive/DataSet_Voice/angry/1036_IOM_ANG_XX.wav,angry,0
/content/drive/MyDrive/DataSet_Voice/angry/1034_IEO_ANG_HI.wav,angry,0
/content/drive/MyDrive/DataSet_Voice/angry/1037_TIE_ANG_XX.wav,angry,0
/content/drive/MyDrive/DataSet_Voice/angry/1042_ITH_ANG_XX.wav,angry,0
/content/drive/MyDrive/DataSet_Voice/angry/1036_IWW_ANG_XX.wav,angry,0
/content/drive/MyDrive/DataSet_Voice/angry/1046_WSI_ANG_XX.wav,angry,0
/content/drive/MyDrive/DataSet_Voice/angry/1043_TAI_ANG_XX.wav,angry,0
/content/drive/MyDrive/DataSet_Voice/angry/1038_ITH_ANG_XX.wav,angry,0
/content/drive/MyDrive/DataSet_Voice/angry/1031_TIE_ANG_XX.wav,angry,0
/content/drive/MyDrive/DataSet_Voice/angry/1031_IEO_ANG_HI.wav,angry,0
/content/drive/MyDrive/DataSet_Voice/angry/1046_TAI_ANG_XX.wav,angry,0
/content/drive/MyDrive/DataSet_Voice/angry/1040_IWL_ANG_XX.wav,angry,0
/content/drive/MyDrive/DataSet_Voice/angry/1034_MTI_ANG_XX.wav,angry,0
/content/drive/MyDrive/DataSet_Voice/angry/1042_IWL_ANG_XX.wav,angry,0
/content/drive/MyDrive/DataSet_Voice/angry/1036_ITH_ANG_XX.wav,angry,0
/content/drive/MyDrive/DataSet_Voice/angry/1028_TSI_ANG_XX.wav,angry,0
/content/drive/MyDrive/DataSet_Voice/angry/1042_IEO_ANG_HI.wav,angry,0
/content/drive/MyDrive/DataSet_Voice/angry/1032_TAI_ANG_XX.wav,angry,0
/content/drive/MyDrive/DataSet_Voice/angry/1037_TSI_ANG_XX.wav,angry,0
/content/drive/MyDrive/DataSet_Voice/angry/1046_IEO_ANG_LO.wav,angry,0
/content/drive/MyDrive/DataSet_Voice/angry/1041_MTI_ANG_XX.wav,angry,0
/content/drive/MyDrive/DataSet_Voice/angry/1035_IEO_ANG_LO.wav,angry,0
/content/drive/MyDrive/DataSet_Voice/angry/1043_MTI_ANG_XX.wav,angry,0
/content/drive/MyDrive/DataSet_Voice/angry/1041_TSI_ANG_XX.wav,angry,0
/content/drive/MyDrive/DataSet_Voice/angry/1038_IOM_ANG_XX.wav,angry,0
/content/drive/MyDrive/DataSet_Voice/angry/1038_TAI_ANG_XX.wav,angry,0
/content/drive/MyDrive/DataSet_Voice/angry/1032_IEO_ANG_LO.wav,angry,0
/content/drive/MyDrive/DataSet_Voice/angry/1033_DFA_ANG_XX.wav,angry,0
/content/drive/MyDrive/DataSet_Voice/angry/1043_ITS_ANG_XX.wav,angry,0
/content/drive/MyDrive/DataSet_Voice/angry/1042_ITS_ANG_XX.wav,angry,0
/content/drive/MyDrive/DataSet_Voice/angry/1032_TSI_ANG_XX.wav,angry,0
/content/drive/MyDrive/DataSet_Voice/angry/1036_TAI_ANG_XX.wav,angry,0
/content/drive/MyDrive/DataSet_Voice/angry/1037_DFA_ANG_XX.wav,angry,0
/content/drive/MyDrive/DataSet_Voice/angry/1029_TIE_ANG_XX.wav,angry,0
/content/drive/MyDrive/DataSet_Voice/angry/1046_ITS_ANG_XX.wav,angry,0
/content/drive/MyDrive/DataSet_Voice/angry/1030_DFA_ANG_XX.wav,angry,0
/content/drive/MyDrive/DataSet_Voice/angry/1045_ITS_ANG_XX.wav,angry,0
/content/drive/MyDrive/DataSet_Voice/angry/1044_TIE_ANG_XX.wav,angry,0
/content/drive/MyDrive/DataSet_Voice/angry/1046_DFA_ANG_XX.wav,angry,0
/content/drive/MyDrive/DataSet_Voice/angry/1028_ITS_ANG_XX.wav,angry,0
/content/drive/MyDrive/DataSet_Voice/angry/1028_ITH_ANG_XX.wav,angry,0
/content/drive/MyDrive/DataSet_Voice/angry/1034_DFA_ANG_XX.wav,angry,0
/content/drive/MyDrive/DataSet_Voice/angry/1046_IEO_ANG_MD.wav,angry,0
/content/drive/MyDrive/DataSet_Voice/angry/1031_IEO_ANG_LO.wav,angry,0
/content/drive/MyDrive/DataSet_Voice/angry/1036_WSI_ANG_XX.wav,angry,0
/content/drive/MyDrive/DataSet_Voice/angry/1037_TAI_ANG_XX.wav,angry,0
/content/drive/MyDrive/DataSet_Voice/angry/1039_IWW_ANG_XX.wav,angry,0
/content/drive/MyDrive/DataSet_Voice/angry/1041_WSI_ANG_XX.wav,angry,0
/content/drive/MyDrive/DataSet_Voice/angry/1042_DFA_ANG_XX.wav,angry,0
/content/drive/MyDrive/DataSet_Voice/angry/1046_IEO_ANG_HI.wav,angry,0
/content/drive/MyDrive/DataSet_Voice/angry/1028_IOM_ANG_XX.wav,angry,0
/content/drive/MyDrive/DataSet_Voice/angry/1038_MTI_ANG_XX.wav,angry,0
/content/drive/MyDrive/DataSet_Voice/angry/1034_WSI_ANG_XX.wav,angry,0
/content/drive/MyDrive/DataSet_Voice/angry/1040_WSI_ANG_XX.wav,angry,0
/content/drive/MyDrive/DataSet_Voice/angry/1035_ITS_ANG_XX.wav,angry,0
/content/drive/MyDrive/DataSet_Voice/angry/1031_ITH_ANG_XX.wav,angry,0
/content/drive/MyDrive/DataSet_Voice/angry/1034_IEO_ANG_LO.wav,angry,0
/content/drive/MyDrive/DataSet_Voice/angry/1031_WSI_ANG_XX.wav,angry,0
/content/drive/MyDrive/DataSet_Voice/angry/1044_IEO_ANG_MD.wav,angry,0
/content/drive/MyDrive/DataSet_Voice/angry/1038_TIE_ANG_XX.wav,angry,0
/content/drive/MyDrive/DataSet_Voice/angry/1039_IEO_ANG_MD.wav,angry,0
/content/drive/MyDrive/DataSet_Voice/angry/1046_TIE_ANG_XX.wav,angry,0
/content/drive/MyDrive/DataSet_Voice/angry/1037_ITH_ANG_XX.wav,angry,0
/content/drive/MyDrive/DataSet_Voice/angry/1033_TAI_ANG_XX.wav,angry,0
/content/drive/MyDrive/DataSet_Voice/angry/1031_DFA_ANG_XX.wav,angry,0
/content/drive/MyDrive/DataSet_Voice/angry/1042_IEO_ANG_MD.wav,angry,0
/content/drive/MyDrive/DataSet_Voice/angry/1029_IEO_ANG_MD.wav,angry,0
/content/drive/MyDrive/DataSet_Voice/angry/1029_TAI_ANG_XX.wav,angry,0
/content/drive/MyDrive/DataSet_Voice/angry/1034_IEO_ANG_MD.wav,angry,0
/content/drive/MyDrive/DataSet_Voice/angry/1040_IEO_ANG_LO.wav,angry,0
/content/drive/MyDrive/DataSet_Voice/angry/1029_ITS_ANG_XX.wav,angry,0
/content/drive/MyDrive/DataSet_Voice/angry/1029_MTI_ANG_XX.wav,angry,0
/content/drive/MyDrive/DataSet_Voice/angry/1033_TIE_ANG_XX.wav,angry,0
/content/drive/MyDrive/DataSet_Voice/angry/1039_DFA_ANG_XX.wav,angry,0
/content/drive/MyDrive/DataSet_Voice/angry/1035_TIE_ANG_XX.wav,angry,0
/content/drive/MyDrive/DataSet_Voice/angry/1040_IEO_ANG_MD.wav,angry,0
/content/drive/MyDrive/DataSet_Voice/angry/1045_TSI_ANG_XX.wav,angry,0
/content/drive/MyDrive/DataSet_Voice/angry/1037_IEO_ANG_LO.wav,angry,0
/content/drive/MyDrive/DataSet_Voice/angry/1033_IEO_ANG_HI.wav,angry,0
/content/drive/MyDrive/DataSet_Voice/angry/1045_IWW_ANG_XX.wav,angry,0
/content/drive/MyDrive/DataSet_Voice/angry/1044_IWL_ANG_XX.wav,angry,0
/content/drive/MyDrive/DataSet_Voice/angry/1030_IEO_ANG_LO.wav,angry,0
/content/drive/MyDrive/DataSet_Voice/angry/1030_ITS_ANG_XX.wav,angry,0
/content/drive/MyDrive/DataSet_Voice/angry/1036_IEO_ANG_MD.wav,angry,0
/content/drive/MyDrive/DataSet_Voice/angry/1030_ITH_ANG_XX.wav,angry,0
/content/drive/MyDrive/DataSet_Voice/angry/1041_TIE_ANG_XX.wav,angry,0
/content/drive/MyDrive/DataSet_Voice/angry/1043_IWL_ANG_XX.wav,angry,0
/content/drive/MyDrive/DataSet_Voice/angry/1034_TIE_ANG_XX.wav,angry,0
/content/drive/MyDrive/DataSet_Voice/angry/1029_WSI_ANG_XX.wav,angry,0
/content/drive/MyDrive/DataSet_Voice/angry/1038_ITS_ANG_XX.wav,angry,0
/content/drive/MyDrive/DataSet_Voice/angry/1047_IEO_ANG_HI.wav,angry,0
/content/drive/MyDrive/DataSet_Voice/angry/1043_IEO_ANG_MD.wav,angry,0
/content/drive/MyDrive/DataSet_Voice/angry/1047_DFA_ANG_XX.wav,angry,0
/content/drive/MyDrive/DataSet_Voice/angry/1046_IWW_ANG_XX.wav,angry,0
/content/drive/MyDrive/DataSet_Voice/angry/1033_MTI_ANG_XX.wav,angry,0
/content/drive/MyDrive/DataSet_Voice/angry/1028_MTI_ANG_XX.wav,angry,0
/content/drive/MyDrive/DataSet_Voice/angry/1032_ITH_ANG_XX.wav,angry,0
/content/drive/MyDrive/DataSet_Voice/angry/1043_IOM_ANG_XX.wav,angry,0
/content/drive/MyDrive/DataSet_Voice/angry/1038_TSI_ANG_XX.wav,angry,0
/content/drive/MyDrive/DataSet_Voice/angry/1031_IEO_ANG_MD.wav,angry,0
/content/drive/MyDrive/DataSet_Voice/angry/1040_TSI_ANG_XX.wav,angry,0
/content/drive/MyDrive/DataSet_Voice/angry/1041_IEO_ANG_HI.wav,angry,0
/content/drive/MyDrive/DataSet_Voice/angry/1036_IWL_ANG_XX.wav,angry,0
/content/drive/MyDrive/DataSet_Voice/angry/1034_TAI_ANG_XX.wav,angry,0
/content/drive/MyDrive/DataSet_Voice/angry/1043_DFA_ANG_XX.wav,angry,0
/content/drive/MyDrive/DataSet_Voice/angry/1031_MTI_ANG_XX.wav,angry,0
/content/drive/MyDrive/DataSet_Voice/angry/1042_IEO_ANG_LO.wav,angry,0
/content/drive/MyDrive/DataSet_Voice/angry/1040_ITH_ANG_XX.wav,angry,0
/content/drive/MyDrive/DataSet_Voice/angry/1037_IOM_ANG_XX.wav,angry,0
/content/drive/MyDrive/DataSet_Voice/angry/1042_TSI_ANG_XX.wav,angry,0
/content/drive/MyDrive/DataSet_Voice/angry/1035_TSI_ANG_XX.wav,angry,0
/content/drive/MyDrive/DataSet_Voice/angry/1042_WSI_ANG_XX.wav,angry,0
/content/drive/MyDrive/DataSet_Voice/angry/1031_TAI_ANG_XX.wav,angry,0
/content/drive/MyDrive/DataSet_Voice/angry/1042_TIE_ANG_XX.wav,angry,0
/content/drive/MyDrive/DataSet_Voice/angry/1038_DFA_ANG_XX.wav,angry,0
/content/drive/MyDrive/DataSet_Voice/angry/1045_TAI_ANG_XX.wav,angry,0
/content/drive/MyDrive/DataSet_Voice/angry/1044_ITS_ANG_XX.wav,angry,0
/content/drive/MyDrive/DataSet_Voice/angry/1039_WSI_ANG_XX.wav,angry,0
/content/drive/MyDrive/DataSet_Voice/angry/1046_MTI_ANG_XX.wav,angry,0
/content/drive/MyDrive/DataSet_Voice/angry/1041_IEO_ANG_MD.wav,angry,0
/content/drive/MyDrive/DataSet_Voice/angry/1047_IEO_ANG_MD.wav,angry,0
/content/drive/MyDrive/DataSet_Voice/angry/1040_IOM_ANG_XX.wav,angry,0
/content/drive/MyDrive/DataSet_Voice/angry/1029_IWW_ANG_XX.wav,angry,0
/content/drive/MyDrive/DataSet_Voice/angry/1039_TAI_ANG_XX.wav,angry,0
/content/drive/MyDrive/DataSet_Voice/angry/1037_IWL_ANG_XX.wav,angry,0
/content/drive/MyDrive/DataSet_Voice/angry/1030_IWL_ANG_XX.wav,angry,0
/content/drive/MyDrive/DataSet_Voice/angry/1043_TIE_ANG_XX.wav,angry,0
/content/drive/MyDrive/DataSet_Voice/angry/1030_IEO_ANG_HI.wav,angry,0
/content/drive/MyDrive/DataSet_Voice/angry/1041_ITS_ANG_XX.wav,angry,0
/content/drive/MyDrive/DataSet_Voice/angry/1041_IEO_ANG_LO.wav,angry,0
/content/drive/MyDrive/DataSet_Voice/angry/1036_TSI_ANG_XX.wav,angry,0
/content/drive/MyDrive/DataSet_Voice/angry/1044_DFA_ANG_XX.wav,angry,0
/content/drive/MyDrive/DataSet_Voice/angry/1038_WSI_ANG_XX.wav,angry,0
/content/drive/MyDrive/DataSet_Voice/angry/1043_IEO_ANG_LO.wav,angry,0
/content/drive/MyDrive/DataSet_Voice/angry/1041_IOM_ANG_XX.wav,angry,0
/content/drive/MyDrive/DataSet_Voice/angry/1033_IEO_ANG_MD.wav,angry,0
/content/drive/MyDrive/DataSet_Voice/angry/1032_TIE_ANG_XX.wav,angry,0
/content/drive/MyDrive/DataSet_Voice/angry/1032_IOM_ANG_XX.wav,angry,0
/content/drive/MyDrive/DataSet_Voice/angry/1035_ITH_ANG_XX.wav,angry,0
/content/drive/MyDrive/DataSet_Voice/angry/1037_ITS_ANG_XX.wav,angry,0
/content/drive/MyDrive/DataSet_Voice/angry/1045_IWL_ANG_XX.wav,angry,0
/content/drive/MyDrive/DataSet_Voice/angry/1032_MTI_ANG_XX.wav,angry,0
/content/drive/MyDrive/DataSet_Voice/angry/1028_IWW_ANG_XX.wav,angry,0
/content/drive/MyDrive/DataSet_Voice/angry/1029_IOM_ANG_XX.wav,angry,0
/content/drive/MyDrive/DataSet_Voice/angry/1042_IOM_ANG_XX.wav,angry,0
/content/drive/MyDrive/DataSet_Voice/angry/1042_TAI_ANG_XX.wav,angry,0
/content/drive/MyDrive/DataSet_Voice/angry/1038_IWW_ANG_XX.wav,angry,0
/content/drive/MyDrive/DataSet_Voice/angry/1030_TSI_ANG_XX.wav,angry,0
/content/drive/MyDrive/DataSet_Voice/angry/1045_MTI_ANG_XX.wav,angry,0
/content/drive/MyDrive/DataSet_Voice/angry/1029_TSI_ANG_XX.wav,angry,0
/content/drive/MyDrive/DataSet_Voice/angry/1045_ITH_ANG_XX.wav,angry,0
/content/drive/MyDrive/DataSet_Voice/angry/1044_IEO_ANG_LO.wav,angry,0
/content/drive/MyDrive/DataSet_Voice/angry/1035_WSI_ANG_XX.wav,angry,0
/content/drive/MyDrive/DataSet_Voice/angry/1042_MTI_ANG_XX.wav,angry,0
/content/drive/MyDrive/DataSet_Voice/angry/1035_MTI_ANG_XX.wav,angry,0
/content/drive/MyDrive/DataSet_Voice/angry/1029_DFA_ANG_XX.wav,angry,0
/content/drive/MyDrive/DataSet_Voice/angry/1045_DFA_ANG_XX.wav,angry,0
/content/drive/MyDrive/DataSet_Voice/angry/1035_DFA_ANG_XX.wav,angry,0
/content/drive/MyDrive/DataSet_Voice/angry/1030_TIE_ANG_XX.wav,angry,0
/content/drive/MyDrive/DataSet_Voice/angry/1028_IWL_ANG_XX.wav,angry,0
/content/drive/MyDrive/DataSet_Voice/angry/1037_IWW_ANG_XX.wav,angry,0
/content/drive/MyDrive/DataSet_Voice/angry/1040_IWW_ANG_XX.wav,angry,0
/content/drive/MyDrive/DataSet_Voice/angry/1033_IWW_ANG_XX.wav,angry,0
/content/drive/MyDrive/DataSet_Voice/angry/1031_IWW_ANG_XX.wav,angry,0
/content/drive/MyDrive/DataSet_Voice/angry/1029_IEO_ANG_LO.wav,angry,0
/content/drive/MyDrive/DataSet_Voice/angry/1039_IOM_ANG_XX.wav,angry,0
/content/drive/MyDrive/DataSet_Voice/angry/1031_IWL_ANG_XX.wav,angry,0
/content/drive/MyDrive/DataSet_Voice/angry/1061_DFA_ANG_XX.wav,angry,0
/content/drive/MyDrive/DataSet_Voice/angry/1052_WSI_ANG_XX.wav,angry,0
/content/drive/MyDrive/DataSet_Voice/angry/1063_IWL_ANG_XX.wav,angry,0
/content/drive/MyDrive/DataSet_Voice/angry/1062_DFA_ANG_XX.wav,angry,0
/content/drive/MyDrive/DataSet_Voice/angry/1058_IEO_ANG_LO.wav,angry,0
/content/drive/MyDrive/DataSet_Voice/angry/1060_MTI_ANG_XX.wav,angry,0
/content/drive/MyDrive/DataSet_Voice/angry/1048_IEO_ANG_HI.wav,angry,0
/content/drive/MyDrive/DataSet_Voice/angry/1051_IOM_ANG_XX.wav,angry,0
/content/drive/MyDrive/DataSet_Voice/angry/1047_ITH_ANG_XX.wav,angry,0
/content/drive/MyDrive/DataSet_Voice/angry/1049_IWW_ANG_XX.wav,angry,0
/content/drive/MyDrive/DataSet_Voice/angry/1056_ITH_ANG_XX.wav,angry,0
/content/drive/MyDrive/DataSet_Voice/angry/1047_TSI_ANG_XX.wav,angry,0
/content/drive/MyDrive/DataSet_Voice/angry/1048_DFA_ANG_XX.wav,angry,0
/content/drive/MyDrive/DataSet_Voice/angry/1051_IEO_ANG_LO.wav,angry,0
/content/drive/MyDrive/DataSet_Voice/angry/1056_IWL_ANG_XX.wav,angry,0
/content/drive/MyDrive/DataSet_Voice/angry/1057_ITH_ANG_XX.wav,angry,0
/content/drive/MyDrive/DataSet_Voice/angry/1062_TIE_ANG_XX.wav,angry,0
/content/drive/MyDrive/DataSet_Voice/angry/1049_IWL_ANG_XX.wav,angry,0
/content/drive/MyDrive/DataSet_Voice/angry/1048_ITS_ANG_XX.wav,angry,0
/content/drive/MyDrive/DataSet_Voice/angry/1061_IEO_ANG_LO.wav,angry,0
/content/drive/MyDrive/DataSet_Voice/angry/1055_IOM_ANG_XX.wav,angry,0
/content/drive/MyDrive/DataSet_Voice/angry/1060_IEO_ANG_LO.wav,angry,0
/content/drive/MyDrive/DataSet_Voice/angry/1059_TIE_ANG_XX.wav,angry,0
/content/drive/MyDrive/DataSet_Voice/angry/1060_TIE_ANG_XX.wav,angry,0
/content/drive/MyDrive/DataSet_Voice/angry/1062_TSI_ANG_XX.wav,angry,0
/content/drive/MyDrive/DataSet_Voice/angry/1048_MTI_ANG_XX.wav,angry,0
/content/drive/MyDrive/DataSet_Voice/angry/1053_IWW_ANG_XX.wav,angry,0
/content/drive/MyDrive/DataSet_Voice/angry/1059_DFA_ANG_XX.wav,angry,0
/content/drive/MyDrive/DataSet_Voice/angry/1053_IEO_ANG_HI.wav,angry,0
/content/drive/MyDrive/DataSet_Voice/angry/1060_IEO_ANG_MD.wav,angry,0
/content/drive/MyDrive/DataSet_Voice/angry/1057_TAI_ANG_XX.wav,angry,0
/content/drive/MyDrive/DataSet_Voice/angry/1062_TAI_ANG_XX.wav,angry,0
/content/drive/MyDrive/DataSet_Voice/angry/1062_IWW_ANG_XX.wav,angry,0
/content/drive/MyDrive/DataSet_Voice/angry/1047_IWL_ANG_XX.wav,angry,0
/content/drive/MyDrive/DataSet_Voice/angry/1052_IWL_ANG_XX.wav,angry,0
/content/drive/MyDrive/DataSet_Voice/angry/1062_WSI_ANG_XX.wav,angry,0
/content/drive/MyDrive/DataSet_Voice/angry/1061_IEO_ANG_HI.wav,angry,0
/content/drive/MyDrive/DataSet_Voice/angry/1047_TIE_ANG_XX.wav,angry,0
/content/drive/MyDrive/DataSet_Voice/angry/1055_TSI_ANG_XX.wav,angry,0
/content/drive/MyDrive/DataSet_Voice/angry/1056_IEO_ANG_MD.wav,angry,0
/content/drive/MyDrive/DataSet_Voice/angry/1060_IWW_ANG_XX.wav,angry,0
/content/drive/MyDrive/DataSet_Voice/angry/1061_WSI_ANG_XX.wav,angry,0
/content/drive/MyDrive/DataSet_Voice/angry/1053_WSI_ANG_XX.wav,angry,0
/content/drive/MyDrive/DataSet_Voice/angry/1052_IWW_ANG_XX.wav,angry,0
/content/drive/MyDrive/DataSet_Voice/angry/1060_ITH_ANG_XX.wav,angry,0
/content/drive/MyDrive/DataSet_Voice/angry/1058_ITH_ANG_XX.wav,angry,0
/content/drive/MyDrive/DataSet_Voice/angry/1060_DFA_ANG_XX.wav,angry,0
/content/drive/MyDrive/DataSet_Voice/angry/1057_MTI_ANG_XX.wav,angry,0
/content/drive/MyDrive/DataSet_Voice/angry/1049_TAI_ANG_XX.wav,angry,0
/content/drive/MyDrive/DataSet_Voice/angry/1059_IOM_ANG_XX.wav,angry,0
/content/drive/MyDrive/DataSet_Voice/angry/1063_ITS_ANG_XX.wav,angry,0
/content/drive/MyDrive/DataSet_Voice/angry/1052_IEO_ANG_MD.wav,angry,0
/content/drive/MyDrive/DataSet_Voice/angry/1058_MTI_ANG_XX.wav,angry,0
/content/drive/MyDrive/DataSet_Voice/angry/1050_TSI_ANG_XX.wav,angry,0
/content/drive/MyDrive/DataSet_Voice/angry/1063_MTI_ANG_XX.wav,angry,0
/content/drive/MyDrive/DataSet_Voice/angry/1061_MTI_ANG_XX.wav,angry,0
/content/drive/MyDrive/DataSet_Voice/angry/1060_IOM_ANG_XX.wav,angry,0
/content/drive/MyDrive/DataSet_Voice/angry/1056_DFA_ANG_XX.wav,angry,0
/content/drive/MyDrive/DataSet_Voice/angry/1059_IWW_ANG_XX.wav,angry,0
/content/drive/MyDrive/DataSet_Voice/angry/1048_TAI_ANG_XX.wav,angry,0
/content/drive/MyDrive/DataSet_Voice/angry/1049_WSI_ANG_XX.wav,angry,0
/content/drive/MyDrive/DataSet_Voice/angry/1057_TSI_ANG_XX.wav,angry,0
/content/drive/MyDrive/DataSet_Voice/angry/1054_TIE_ANG_XX.wav,angry,0
/content/drive/MyDrive/DataSet_Voice/angry/1062_IEO_ANG_MD.wav,angry,0
/content/drive/MyDrive/DataSet_Voice/angry/1058_IEO_ANG_HI.wav,angry,0
/content/drive/MyDrive/DataSet_Voice/angry/1056_ITS_ANG_XX.wav,angry,0
/content/drive/MyDrive/DataSet_Voice/angry/1061_TAI_ANG_XX.wav,angry,0
/content/drive/MyDrive/DataSet_Voice/angry/1052_TSI_ANG_XX.wav,angry,0
/content/drive/MyDrive/DataSet_Voice/angry/1059_TAI_ANG_XX.wav,angry,0
/content/drive/MyDrive/DataSet_Voice/angry/1051_IWW_ANG_XX.wav,angry,0
/content/drive/MyDrive/DataSet_Voice/angry/1054_ITS_ANG_XX.wav,angry,0
/content/drive/MyDrive/DataSet_Voice/angry/1061_IWW_ANG_XX.wav,angry,0
/content/drive/MyDrive/DataSet_Voice/angry/1053_IEO_ANG_LO.wav,angry,0
/content/drive/MyDrive/DataSet_Voice/angry/1062_IOM_ANG_XX.wav,angry,0
/content/drive/MyDrive/DataSet_Voice/angry/1053_DFA_ANG_XX.wav,angry,0
/content/drive/MyDrive/DataSet_Voice/angry/1054_DFA_ANG_XX.wav,angry,0
/content/drive/MyDrive/DataSet_Voice/angry/1055_IWW_ANG_XX.wav,angry,0
/content/drive/MyDrive/DataSet_Voice/angry/1050_IWW_ANG_XX.wav,angry,0
/content/drive/MyDrive/DataSet_Voice/angry/1048_IEO_ANG_LO.wav,angry,0
/content/drive/MyDrive/DataSet_Voice/angry/1053_TSI_ANG_XX.wav,angry,0
/content/drive/MyDrive/DataSet_Voice/angry/1058_IWL_ANG_XX.wav,angry,0
/content/drive/MyDrive/DataSet_Voice/angry/1055_IWL_ANG_XX.wav,angry,0
/content/drive/MyDrive/DataSet_Voice/angry/1058_TIE_ANG_XX.wav,angry,0
/content/drive/MyDrive/DataSet_Voice/angry/1049_ITS_ANG_XX.wav,angry,0
/content/drive/MyDrive/DataSet_Voice/angry/1056_IWW_ANG_XX.wav,angry,0
/content/drive/MyDrive/DataSet_Voice/angry/1063_IEO_ANG_HI.wav,angry,0
/content/drive/MyDrive/DataSet_Voice/angry/1057_WSI_ANG_XX.wav,angry,0
/content/drive/MyDrive/DataSet_Voice/angry/1049_DFA_ANG_XX.wav,angry,0
/content/drive/MyDrive/DataSet_Voice/angry/1052_IEO_ANG_LO.wav,angry,0
/content/drive/MyDrive/DataSet_Voice/angry/1055_TAI_ANG_XX.wav,angry,0
/content/drive/MyDrive/DataSet_Voice/angry/1060_ITS_ANG_XX.wav,angry,0
/content/drive/MyDrive/DataSet_Voice/angry/1056_TSI_ANG_XX.wav,angry,0
/content/drive/MyDrive/DataSet_Voice/angry/1055_WSI_ANG_XX.wav,angry,0
/content/drive/MyDrive/DataSet_Voice/angry/1053_TIE_ANG_XX.wav,angry,0
/content/drive/MyDrive/DataSet_Voice/angry/1054_TSI_ANG_XX.wav,angry,0
/content/drive/MyDrive/DataSet_Voice/angry/1051_IEO_ANG_MD.wav,angry,0
/content/drive/MyDrive/DataSet_Voice/angry/1059_IEO_ANG_HI.wav,angry,0
/content/drive/MyDrive/DataSet_Voice/angry/1047_WSI_ANG_XX.wav,angry,0
/content/drive/MyDrive/DataSet_Voice/angry/1057_IOM_ANG_XX.wav,angry,0
/content/drive/MyDrive/DataSet_Voice/angry/1054_WSI_ANG_XX.wav,angry,0
/content/drive/MyDrive/DataSet_Voice/angry/1049_ITH_ANG_XX.wav,angry,0
/content/drive/MyDrive/DataSet_Voice/angry/1059_IEO_ANG_MD.wav,angry,0
/content/drive/MyDrive/DataSet_Voice/angry/1057_IEO_ANG_HI.wav,angry,0
/content/drive/MyDrive/DataSet_Voice/angry/1048_IEO_ANG_MD.wav,angry,0
/content/drive/MyDrive/DataSet_Voice/angry/1055_IEO_ANG_HI.wav,angry,0
/content/drive/MyDrive/DataSet_Voice/angry/1062_ITH_ANG_XX.wav,angry,0
/content/drive/MyDrive/DataSet_Voice/angry/1051_ITH_ANG_XX.wav,angry,0
/content/drive/MyDrive/DataSet_Voice/angry/1048_IWL_ANG_XX.wav,angry,0
/content/drive/MyDrive/DataSet_Voice/angry/1054_IEO_ANG_HI.wav,angry,0
/content/drive/MyDrive/DataSet_Voice/angry/1054_IWL_ANG_XX.wav,angry,0
/content/drive/MyDrive/DataSet_Voice/angry/1056_IOM_ANG_XX.wav,angry,0
/content/drive/MyDrive/DataSet_Voice/angry/1061_IEO_ANG_MD.wav,angry,0
/content/drive/MyDrive/DataSet_Voice/angry/1053_MTI_ANG_XX.wav,angry,0
/content/drive/MyDrive/DataSet_Voice/angry/1062_MTI_ANG_XX.wav,angry,0
/content/drive/MyDrive/DataSet_Voice/angry/1047_TAI_ANG_XX.wav,angry,0
/content/drive/MyDrive/DataSet_Voice/angry/1054_IWW_ANG_XX.wav,angry,0
/content/drive/MyDrive/DataSet_Voice/angry/1058_ITS_ANG_XX.wav,angry,0
/content/drive/MyDrive/DataSet_Voice/angry/1061_IOM_ANG_XX.wav,angry,0
/content/drive/MyDrive/DataSet_Voice/angry/1057_IWW_ANG_XX.wav,angry,0
/content/drive/MyDrive/DataSet_Voice/angry/1059_MTI_ANG_XX.wav,angry,0
/content/drive/MyDrive/DataSet_Voice/angry/1059_IEO_ANG_LO.wav,angry,0
/content/drive/MyDrive/DataSet_Voice/angry/1056_IEO_ANG_LO.wav,angry,0
/content/drive/MyDrive/DataSet_Voice/angry/1049_MTI_ANG_XX.wav,angry,0
/content/drive/MyDrive/DataSet_Voice/angry/1051_IWL_ANG_XX.wav,angry,0
/content/drive/MyDrive/DataSet_Voice/angry/1055_ITS_ANG_XX.wav,angry,0
/content/drive/MyDrive/DataSet_Voice/angry/1051_IEO_ANG_HI.wav,angry,0
/content/drive/MyDrive/DataSet_Voice/angry/1061_ITS_ANG_XX.wav,angry,0
/content/drive/MyDrive/DataSet_Voice/angry/1050_MTI_ANG_XX.wav,angry,0
/content/drive/MyDrive/DataSet_Voice/angry/1050_ITS_ANG_XX.wav,angry,0
/content/drive/MyDrive/DataSet_Voice/angry/1047_MTI_ANG_XX.wav,angry,0
/content/drive/MyDrive/DataSet_Voice/angry/1056_TAI_ANG_XX.wav,angry,0
/content/drive/MyDrive/DataSet_Voice/angry/1053_IEO_ANG_MD.wav,angry,0
/content/drive/MyDrive/DataSet_Voice/angry/1057_TIE_ANG_XX.wav,angry,0
/content/drive/MyDrive/DataSet_Voice/angry/1051_ITS_ANG_XX.wav,angry,0
/content/drive/MyDrive/DataSet_Voice/angry/1060_TAI_ANG_XX.wav,angry,0
/content/drive/MyDrive/DataSet_Voice/angry/1054_IOM_ANG_XX.wav,angry,0
/content/drive/MyDrive/DataSet_Voice/angry/1054_ITH_ANG_XX.wav,angry,0
/content/drive/MyDrive/DataSet_Voice/angry/1063_DFA_ANG_XX.wav,angry,0
/content/drive/MyDrive/DataSet_Voice/angry/1050_TIE_ANG_XX.wav,angry,0
/content/drive/MyDrive/DataSet_Voice/angry/1053_TAI_ANG_XX.wav,angry,0
/content/drive/MyDrive/DataSet_Voice/angry/1050_WSI_ANG_XX.wav,angry,0
/content/drive/MyDrive/DataSet_Voice/angry/1047_IWW_ANG_XX.wav,angry,0
/content/drive/MyDrive/DataSet_Voice/angry/1053_ITH_ANG_XX.wav,angry,0
/content/drive/MyDrive/DataSet_Voice/angry/1052_TIE_ANG_XX.wav,angry,0
/content/drive/MyDrive/DataSet_Voice/angry/1049_IEO_ANG_LO.wav,angry,0
/content/drive/MyDrive/DataSet_Voice/angry/1059_IWL_ANG_XX.wav,angry,0
/content/drive/MyDrive/DataSet_Voice/angry/1055_DFA_ANG_XX.wav,angry,0
/content/drive/MyDrive/DataSet_Voice/angry/1059_TSI_ANG_XX.wav,angry,0
/content/drive/MyDrive/DataSet_Voice/angry/1052_ITH_ANG_XX.wav,angry,0
/content/drive/MyDrive/DataSet_Voice/angry/1058_IOM_ANG_XX.wav,angry,0
/content/drive/MyDrive/DataSet_Voice/angry/1055_MTI_ANG_XX.wav,angry,0
/content/drive/MyDrive/DataSet_Voice/angry/1051_WSI_ANG_XX.wav,angry,0
/content/drive/MyDrive/DataSet_Voice/angry/1050_IEO_ANG_MD.wav,angry,0
/content/drive/MyDrive/DataSet_Voice/angry/1050_DFA_ANG_XX.wav,angry,0
/content/drive/MyDrive/DataSet_Voice/angry/1063_IOM_ANG_XX.wav,angry,0
/content/drive/MyDrive/DataSet_Voice/angry/1052_DFA_ANG_XX.wav,angry,0
/content/drive/MyDrive/DataSet_Voice/angry/1053_IWL_ANG_XX.wav,angry,0
/content/drive/MyDrive/DataSet_Voice/angry/1054_IEO_ANG_LO.wav,angry,0
/content/drive/MyDrive/DataSet_Voice/angry/1052_IEO_ANG_HI.wav,angry,0
/content/drive/MyDrive/DataSet_Voice/angry/1055_TIE_ANG_XX.wav,angry,0
/content/drive/MyDrive/DataSet_Voice/angry/1056_IEO_ANG_HI.wav,angry,0
/content/drive/MyDrive/DataSet_Voice/angry/1058_TAI_ANG_XX.wav,angry,0
/content/drive/MyDrive/DataSet_Voice/angry/1054_MTI_ANG_XX.wav,angry,0
/content/drive/MyDrive/DataSet_Voice/angry/1051_DFA_ANG_XX.wav,angry,0
/content/drive/MyDrive/DataSet_Voice/angry/1057_DFA_ANG_XX.wav,angry,0
/content/drive/MyDrive/DataSet_Voice/angry/1060_TSI_ANG_XX.wav,angry,0
/content/drive/MyDrive/DataSet_Voice/angry/1058_IWW_ANG_XX.wav,angry,0
/content/drive/MyDrive/DataSet_Voice/angry/1056_TIE_ANG_XX.wav,angry,0
/content/drive/MyDrive/DataSet_Voice/angry/1051_MTI_ANG_XX.wav,angry,0
/content/drive/MyDrive/DataSet_Voice/angry/1063_IWW_ANG_XX.wav,angry,0
/content/drive/MyDrive/DataSet_Voice/angry/1059_ITH_ANG_XX.wav,angry,0
/content/drive/MyDrive/DataSet_Voice/angry/1050_IWL_ANG_XX.wav,angry,0
/content/drive/MyDrive/DataSet_Voice/angry/1049_TIE_ANG_XX.wav,angry,0
/content/drive/MyDrive/DataSet_Voice/angry/1060_WSI_ANG_XX.wav,angry,0
/content/drive/MyDrive/DataSet_Voice/angry/1052_MTI_ANG_XX.wav,angry,0
/content/drive/MyDrive/DataSet_Voice/angry/1052_ITS_ANG_XX.wav,angry,0
/content/drive/MyDrive/DataSet_Voice/angry/1055_ITH_ANG_XX.wav,angry,0
/content/drive/MyDrive/DataSet_Voice/angry/1048_IWW_ANG_XX.wav,angry,0
/content/drive/MyDrive/DataSet_Voice/angry/1062_IEO_ANG_LO.wav,angry,0
/content/drive/MyDrive/DataSet_Voice/angry/1050_IEO_ANG_LO.wav,angry,0
/content/drive/MyDrive/DataSet_Voice/angry/1057_IEO_ANG_MD.wav,angry,0
/content/drive/MyDrive/DataSet_Voice/angry/1051_TIE_ANG_XX.wav,angry,0
/content/drive/MyDrive/DataSet_Voice/angry/1054_TAI_ANG_XX.wav,angry,0
/content/drive/MyDrive/DataSet_Voice/angry/1050_TAI_ANG_XX.wav,angry,0
/content/drive/MyDrive/DataSet_Voice/angry/1049_TSI_ANG_XX.wav,angry,0
/content/drive/MyDrive/DataSet_Voice/angry/1055_IEO_ANG_LO.wav,angry,0
/content/drive/MyDrive/DataSet_Voice/angry/1049_IEO_ANG_MD.wav,angry,0
/content/drive/MyDrive/DataSet_Voice/angry/1048_WSI_ANG_XX.wav,angry,0
/content/drive/MyDrive/DataSet_Voice/angry/1052_TAI_ANG_XX.wav,angry,0
/content/drive/MyDrive/DataSet_Voice/angry/1056_WSI_ANG_XX.wav,angry,0
/content/drive/MyDrive/DataSet_Voice/angry/1058_TSI_ANG_XX.wav,angry,0
/content/drive/MyDrive/DataSet_Voice/angry/1062_IEO_ANG_HI.wav,angry,0
/content/drive/MyDrive/DataSet_Voice/angry/1047_ITS_ANG_XX.wav,angry,0
/content/drive/MyDrive/DataSet_Voice/angry/1057_ITS_ANG_XX.wav,angry,0
/content/drive/MyDrive/DataSet_Voice/angry/1049_IOM_ANG_XX.wav,angry,0
/content/drive/MyDrive/DataSet_Voice/angry/1048_ITH_ANG_XX.wav,angry,0
/content/drive/MyDrive/DataSet_Voice/angry/1061_ITH_ANG_XX.wav,angry,0
/content/drive/MyDrive/DataSet_Voice/angry/1053_IOM_ANG_XX.wav,angry,0
/content/drive/MyDrive/DataSet_Voice/angry/1062_ITS_ANG_XX.wav,angry,0
/content/drive/MyDrive/DataSet_Voice/angry/1063_IEO_ANG_MD.wav,angry,0
/content/drive/MyDrive/DataSet_Voice/angry/1050_IOM_ANG_XX.wav,angry,0
/content/drive/MyDrive/DataSet_Voice/angry/1058_IEO_ANG_MD.wav,angry,0
/content/drive/MyDrive/DataSet_Voice/angry/1057_IEO_ANG_LO.wav,angry,0
/content/drive/MyDrive/DataSet_Voice/angry/1059_WSI_ANG_XX.wav,angry,0
/content/drive/MyDrive/DataSet_Voice/angry/1051_TSI_ANG_XX.wav,angry,0
/content/drive/MyDrive/DataSet_Voice/angry/1061_IWL_ANG_XX.wav,angry,0
/content/drive/MyDrive/DataSet_Voice/angry/1048_IOM_ANG_XX.wav,angry,0
/content/drive/MyDrive/DataSet_Voice/angry/1059_ITS_ANG_XX.wav,angry,0
/content/drive/MyDrive/DataSet_Voice/angry/1056_MTI_ANG_XX.wav,angry,0
/content/drive/MyDrive/DataSet_Voice/angry/1055_IEO_ANG_MD.wav,angry,0
/content/drive/MyDrive/DataSet_Voice/angry/1049_IEO_ANG_HI.wav,angry,0
/content/drive/MyDrive/DataSet_Voice/angry/1060_IWL_ANG_XX.wav,angry,0
/content/drive/MyDrive/DataSet_Voice/angry/1051_TAI_ANG_XX.wav,angry,0
/content/drive/MyDrive/DataSet_Voice/angry/1061_TSI_ANG_XX.wav,angry,0
/content/drive/MyDrive/DataSet_Voice/angry/1061_TIE_ANG_XX.wav,angry,0
/content/drive/MyDrive/DataSet_Voice/angry/1063_IEO_ANG_LO.wav,angry,0
/content/drive/MyDrive/DataSet_Voice/angry/1047_IOM_ANG_XX.wav,angry,0
/content/drive/MyDrive/DataSet_Voice/angry/1063_ITH_ANG_XX.wav,angry,0
/content/drive/MyDrive/DataSet_Voice/disgust/1049_TAI_DIS_XX.wav,disgust,1
/content/drive/MyDrive/DataSet_Voice/disgust/1054_IEO_DIS_MD.wav,disgust,1
/content/drive/MyDrive/DataSet_Voice/disgust/1055_WSI_DIS_XX.wav,disgust,1
/content/drive/MyDrive/DataSet_Voice/disgust/1061_ITH_DIS_XX.wav,disgust,1
/content/drive/MyDrive/DataSet_Voice/disgust/1048_WSI_DIS_XX.wav,disgust,1
/content/drive/MyDrive/DataSet_Voice/disgust/1058_IOM_DIS_XX.wav,disgust,1
/content/drive/MyDrive/DataSet_Voice/disgust/1058_TAI_DIS_XX.wav,disgust,1
/content/drive/MyDrive/DataSet_Voice/disgust/1054_TIE_DIS_XX.wav,disgust,1
/content/drive/MyDrive/DataSet_Voice/disgust/1062_TSI_DIS_XX.wav,disgust,1
/content/drive/MyDrive/DataSet_Voice/disgust/1050_DFA_DIS_XX.wav,disgust,1
/content/drive/MyDrive/DataSet_Voice/disgust/1058_ITS_DIS_XX.wav,disgust,1
/content/drive/MyDrive/DataSet_Voice/disgust/1062_IEO_DIS_HI.wav,disgust,1
/content/drive/MyDrive/DataSet_Voice/disgust/1071_IWW_DIS_XX.wav,disgust,1
/content/drive/MyDrive/DataSet_Voice/disgust/1071_ITS_DIS_XX.wav,disgust,1
/content/drive/MyDrive/DataSet_Voice/disgust/1073_IEO_DIS_HI.wav,disgust,1
/content/drive/MyDrive/DataSet_Voice/disgust/1064_ITS_DIS_XX.wav,disgust,1
/content/drive/MyDrive/DataSet_Voice/disgust/1067_WSI_DIS_XX.wav,disgust,1
/content/drive/MyDrive/DataSet_Voice/disgust/1065_IEO_DIS_LO.wav,disgust,1
/content/drive/MyDrive/DataSet_Voice/disgust/1069_ITH_DIS_XX.wav,disgust,1
/content/drive/MyDrive/DataSet_Voice/disgust/1068_IEO_DIS_LO.wav,disgust,1
/content/drive/MyDrive/DataSet_Voice/disgust/1075_TIE_DIS_XX.wav,disgust,1
/content/drive/MyDrive/DataSet_Voice/disgust/1068_TIE_DIS_XX.wav,disgust,1
/content/drive/MyDrive/DataSet_Voice/disgust/1064_ITH_DIS_XX.wav,disgust,1
/content/drive/MyDrive/DataSet_Voice/disgust/1066_TSI_DIS_XX.wav,disgust,1
/content/drive/MyDrive/DataSet_Voice/disgust/1063_TAI_DIS_XX.wav,disgust,1
/content/drive/MyDrive/DataSet_Voice/disgust/1067_IEO_DIS_LO.wav,disgust,1
/content/drive/MyDrive/DataSet_Voice/disgust/1065_DFA_DIS_XX.wav,disgust,1
/content/drive/MyDrive/DataSet_Voice/disgust/1068_MTI_DIS_XX.wav,disgust,1
/content/drive/MyDrive/DataSet_Voice/disgust/1069_MTI_DIS_XX.wav,disgust,1
/content/drive/MyDrive/DataSet_Voice/disgust/1067_TSI_DIS_XX.wav,disgust,1
/content/drive/MyDrive/DataSet_Voice/disgust/1077_WSI_DIS_XX.wav,disgust,1
/content/drive/MyDrive/DataSet_Voice/disgust/1076_MTI_DIS_XX.wav,disgust,1
/content/drive/MyDrive/DataSet_Voice/disgust/1069_IEO_DIS_MD.wav,disgust,1
/content/drive/MyDrive/DataSet_Voice/disgust/1066_IEO_DIS_MD.wav,disgust,1
/content/drive/MyDrive/DataSet_Voice/disgust/1074_IEO_DIS_MD.wav,disgust,1
/content/drive/MyDrive/DataSet_Voice/disgust/1075_TSI_DIS_XX.wav,disgust,1
/content/drive/MyDrive/DataSet_Voice/disgust/1074_IWW_DIS_XX.wav,disgust,1
/content/drive/MyDrive/DataSet_Voice/disgust/1069_IWL_DIS_XX.wav,disgust,1
/content/drive/MyDrive/DataSet_Voice/disgust/1072_IWL_DIS_XX.wav,disgust,1
/content/drive/MyDrive/DataSet_Voice/disgust/1073_WSI_DIS_XX.wav,disgust,1
/content/drive/MyDrive/DataSet_Voice/disgust/1064_WSI_DIS_XX.wav,disgust,1
/content/drive/MyDrive/DataSet_Voice/disgust/1070_MTI_DIS_XX.wav,disgust,1
/content/drive/MyDrive/DataSet_Voice/disgust/1072_TSI_DIS_XX.wav,disgust,1
/content/drive/MyDrive/DataSet_Voice/disgust/1066_ITS_DIS_XX.wav,disgust,1
/content/drive/MyDrive/DataSet_Voice/disgust/1070_DFA_DIS_XX.wav,disgust,1
/content/drive/MyDrive/DataSet_Voice/disgust/1076_DFA_DIS_XX.wav,disgust,1
/content/drive/MyDrive/DataSet_Voice/disgust/1065_TAI_DIS_XX.wav,disgust,1
/content/drive/MyDrive/DataSet_Voice/disgust/1075_IOM_DIS_XX.wav,disgust,1
/content/drive/MyDrive/DataSet_Voice/disgust/1076_WSI_DIS_XX.wav,disgust,1
/content/drive/MyDrive/DataSet_Voice/disgust/1066_ITH_DIS_XX.wav,disgust,1
/content/drive/MyDrive/DataSet_Voice/disgust/1074_MTI_DIS_XX.wav,disgust,1
/content/drive/MyDrive/DataSet_Voice/disgust/1077_TSI_DIS_XX.wav,disgust,1
/content/drive/MyDrive/DataSet_Voice/disgust/1069_ITS_DIS_XX.wav,disgust,1
/content/drive/MyDrive/DataSet_Voice/disgust/1077_MTI_DIS_XX.wav,disgust,1
/content/drive/MyDrive/DataSet_Voice/disgust/1074_TSI_DIS_XX.wav,disgust,1
/content/drive/MyDrive/DataSet_Voice/disgust/1073_MTI_DIS_XX.wav,disgust,1
/content/drive/MyDrive/DataSet_Voice/disgust/1076_IEO_DIS_LO.wav,disgust,1
/content/drive/MyDrive/DataSet_Voice/disgust/1070_ITS_DIS_XX.wav,disgust,1
/content/drive/MyDrive/DataSet_Voice/disgust/1064_IOM_DIS_XX.wav,disgust,1
/content/drive/MyDrive/DataSet_Voice/disgust/1076_IEO_DIS_MD.wav,disgust,1
/content/drive/MyDrive/DataSet_Voice/disgust/1071_TAI_DIS_XX.wav,disgust,1
/content/drive/MyDrive/DataSet_Voice/disgust/1063_TSI_DIS_XX.wav,disgust,1
/content/drive/MyDrive/DataSet_Voice/disgust/1075_ITH_DIS_XX.wav,disgust,1
/content/drive/MyDrive/DataSet_Voice/disgust/1074_IEO_DIS_LO.wav,disgust,1
/content/drive/MyDrive/DataSet_Voice/disgust/1076_IWW_DIS_XX.wav,disgust,1
/content/drive/MyDrive/DataSet_Voice/disgust/1069_IOM_DIS_XX.wav,disgust,1
/content/drive/MyDrive/DataSet_Voice/disgust/1067_ITH_DIS_XX.wav,disgust,1
/content/drive/MyDrive/DataSet_Voice/disgust/1065_ITH_DIS_XX.wav,disgust,1
/content/drive/MyDrive/DataSet_Voice/disgust/1067_IOM_DIS_XX.wav,disgust,1
/content/drive/MyDrive/DataSet_Voice/disgust/1067_IEO_DIS_MD.wav,disgust,1
/content/drive/MyDrive/DataSet_Voice/disgust/1068_WSI_DIS_XX.wav,disgust,1
/content/drive/MyDrive/DataSet_Voice/disgust/1070_IEO_DIS_LO.wav,disgust,1
/content/drive/MyDrive/DataSet_Voice/disgust/1078_IEO_DIS_MD.wav,disgust,1
/content/drive/MyDrive/DataSet_Voice/disgust/1065_WSI_DIS_XX.wav,disgust,1
/content/drive/MyDrive/DataSet_Voice/disgust/1073_ITS_DIS_XX.wav,disgust,1
/content/drive/MyDrive/DataSet_Voice/disgust/1071_IWL_DIS_XX.wav,disgust,1
/content/drive/MyDrive/DataSet_Voice/disgust/1071_IEO_DIS_LO.wav,disgust,1
/content/drive/MyDrive/DataSet_Voice/disgust/1074_IWL_DIS_XX.wav,disgust,1
/content/drive/MyDrive/DataSet_Voice/disgust/1077_ITH_DIS_XX.wav,disgust,1
/content/drive/MyDrive/DataSet_Voice/disgust/1073_IWW_DIS_XX.wav,disgust,1
/content/drive/MyDrive/DataSet_Voice/disgust/1069_TSI_DIS_XX.wav,disgust,1
/content/drive/MyDrive/DataSet_Voice/disgust/1078_ITH_DIS_XX.wav,disgust,1
/content/drive/MyDrive/DataSet_Voice/disgust/1069_DFA_DIS_XX.wav,disgust,1
/content/drive/MyDrive/DataSet_Voice/disgust/1065_IEO_DIS_MD.wav,disgust,1
/content/drive/MyDrive/DataSet_Voice/disgust/1064_IWL_DIS_XX.wav,disgust,1
/content/drive/MyDrive/DataSet_Voice/disgust/1065_MTI_DIS_XX.wav,disgust,1
/content/drive/MyDrive/DataSet_Voice/disgust/1077_DFA_DIS_XX.wav,disgust,1
/content/drive/MyDrive/DataSet_Voice/disgust/1072_IOM_DIS_XX.wav,disgust,1
/content/drive/MyDrive/DataSet_Voice/disgust/1072_TIE_DIS_XX.wav,disgust,1
/content/drive/MyDrive/DataSet_Voice/disgust/1067_IWL_DIS_XX.wav,disgust,1
/content/drive/MyDrive/DataSet_Voice/disgust/1065_IWW_DIS_XX.wav,disgust,1
/content/drive/MyDrive/DataSet_Voice/disgust/1078_IEO_DIS_HI.wav,disgust,1
/content/drive/MyDrive/DataSet_Voice/disgust/1070_IEO_DIS_HI.wav,disgust,1
/content/drive/MyDrive/DataSet_Voice/disgust/1078_IOM_DIS_XX.wav,disgust,1
/content/drive/MyDrive/DataSet_Voice/disgust/1064_TSI_DIS_XX.wav,disgust,1
/content/drive/MyDrive/DataSet_Voice/disgust/1070_TAI_DIS_XX.wav,disgust,1
/content/drive/MyDrive/DataSet_Voice/disgust/1070_ITH_DIS_XX.wav,disgust,1
/content/drive/MyDrive/DataSet_Voice/disgust/1070_IWW_DIS_XX.wav,disgust,1
/content/drive/MyDrive/DataSet_Voice/disgust/1075_DFA_DIS_XX.wav,disgust,1
/content/drive/MyDrive/DataSet_Voice/disgust/1075_IEO_DIS_HI.wav,disgust,1
/content/drive/MyDrive/DataSet_Voice/disgust/1065_IWL_DIS_XX.wav,disgust,1
/content/drive/MyDrive/DataSet_Voice/disgust/1063_WSI_DIS_XX.wav,disgust,1
/content/drive/MyDrive/DataSet_Voice/disgust/1074_TAI_DIS_XX.wav,disgust,1
/content/drive/MyDrive/DataSet_Voice/disgust/1067_IWW_DIS_XX.wav,disgust,1
/content/drive/MyDrive/DataSet_Voice/disgust/1068_ITH_DIS_XX.wav,disgust,1
/content/drive/MyDrive/DataSet_Voice/disgust/1069_IWW_DIS_XX.wav,disgust,1
/content/drive/MyDrive/DataSet_Voice/disgust/1076_ITS_DIS_XX.wav,disgust,1
/content/drive/MyDrive/DataSet_Voice/disgust/1069_IEO_DIS_LO.wav,disgust,1
/content/drive/MyDrive/DataSet_Voice/disgust/1073_DFA_DIS_XX.wav,disgust,1
/content/drive/MyDrive/DataSet_Voice/disgust/1076_IOM_DIS_XX.wav,disgust,1
/content/drive/MyDrive/DataSet_Voice/disgust/1075_IEO_DIS_LO.wav,disgust,1
/content/drive/MyDrive/DataSet_Voice/disgust/1077_ITS_DIS_XX.wav,disgust,1
/content/drive/MyDrive/DataSet_Voice/disgust/1066_IWW_DIS_XX.wav,disgust,1
/content/drive/MyDrive/DataSet_Voice/disgust/1065_TSI_DIS_XX.wav,disgust,1
/content/drive/MyDrive/DataSet_Voice/disgust/1077_IEO_DIS_LO.wav,disgust,1
/content/drive/MyDrive/DataSet_Voice/disgust/1068_IOM_DIS_XX.wav,disgust,1
/content/drive/MyDrive/DataSet_Voice/disgust/1065_IOM_DIS_XX.wav,disgust,1
/content/drive/MyDrive/DataSet_Voice/disgust/1066_MTI_DIS_XX.wav,disgust,1
/content/drive/MyDrive/DataSet_Voice/disgust/1073_ITH_DIS_XX.wav,disgust,1
/content/drive/MyDrive/DataSet_Voice/disgust/1072_IEO_DIS_HI.wav,disgust,1
/content/drive/MyDrive/DataSet_Voice/disgust/1070_IWL_DIS_XX.wav,disgust,1
/content/drive/MyDrive/DataSet_Voice/disgust/1064_IEO_DIS_HI.wav,disgust,1
/content/drive/MyDrive/DataSet_Voice/disgust/1066_IEO_DIS_LO.wav,disgust,1
/content/drive/MyDrive/DataSet_Voice/disgust/1073_IEO_DIS_LO.wav,disgust,1
/content/drive/MyDrive/DataSet_Voice/disgust/1068_DFA_DIS_XX.wav,disgust,1
/content/drive/MyDrive/DataSet_Voice/disgust/1076_IEO_DIS_HI.wav,disgust,1
/content/drive/MyDrive/DataSet_Voice/disgust/1074_DFA_DIS_XX.wav,disgust,1
/content/drive/MyDrive/DataSet_Voice/disgust/1070_IOM_DIS_XX.wav,disgust,1
/content/drive/MyDrive/DataSet_Voice/disgust/1077_IEO_DIS_HI.wav,disgust,1
/content/drive/MyDrive/DataSet_Voice/disgust/1068_IEO_DIS_HI.wav,disgust,1
/content/drive/MyDrive/DataSet_Voice/disgust/1073_TIE_DIS_XX.wav,disgust,1
/content/drive/MyDrive/DataSet_Voice/disgust/1067_IEO_DIS_HI.wav,disgust,1
/content/drive/MyDrive/DataSet_Voice/disgust/1069_TIE_DIS_XX.wav,disgust,1
/content/drive/MyDrive/DataSet_Voice/disgust/1077_TAI_DIS_XX.wav,disgust,1
/content/drive/MyDrive/DataSet_Voice/disgust/1071_IEO_DIS_MD.wav,disgust,1
/content/drive/MyDrive/DataSet_Voice/disgust/1073_IWL_DIS_XX.wav,disgust,1
/content/drive/MyDrive/DataSet_Voice/disgust/1072_DFA_DIS_XX.wav,disgust,1
/content/drive/MyDrive/DataSet_Voice/disgust/1073_IEO_DIS_MD.wav,disgust,1
/content/drive/MyDrive/DataSet_Voice/disgust/1077_TIE_DIS_XX.wav,disgust,1
/content/drive/MyDrive/DataSet_Voice/disgust/1076_TIE_DIS_XX.wav,disgust,1
/content/drive/MyDrive/DataSet_Voice/disgust/1074_ITH_DIS_XX.wav,disgust,1
/content/drive/MyDrive/DataSet_Voice/disgust/1066_TIE_DIS_XX.wav,disgust,1
/content/drive/MyDrive/DataSet_Voice/disgust/1077_IWW_DIS_XX.wav,disgust,1
/content/drive/MyDrive/DataSet_Voice/disgust/1072_WSI_DIS_XX.wav,disgust,1
/content/drive/MyDrive/DataSet_Voice/disgust/1072_TAI_DIS_XX.wav,disgust,1
/content/drive/MyDrive/DataSet_Voice/disgust/1065_TIE_DIS_XX.wav,disgust,1
/content/drive/MyDrive/DataSet_Voice/disgust/1077_IWL_DIS_XX.wav,disgust,1
/content/drive/MyDrive/DataSet_Voice/disgust/1076_TSI_DIS_XX.wav,disgust,1
/content/drive/MyDrive/DataSet_Voice/disgust/1066_DFA_DIS_XX.wav,disgust,1
/content/drive/MyDrive/DataSet_Voice/disgust/1072_IWW_DIS_XX.wav,disgust,1
/content/drive/MyDrive/DataSet_Voice/disgust/1067_DFA_DIS_XX.wav,disgust,1
/content/drive/MyDrive/DataSet_Voice/disgust/1064_TAI_DIS_XX.wav,disgust,1
/content/drive/MyDrive/DataSet_Voice/disgust/1072_IEO_DIS_LO.wav,disgust,1
/content/drive/MyDrive/DataSet_Voice/disgust/1076_IWL_DIS_XX.wav,disgust,1
/content/drive/MyDrive/DataSet_Voice/disgust/1069_WSI_DIS_XX.wav,disgust,1
/content/drive/MyDrive/DataSet_Voice/disgust/1074_TIE_DIS_XX.wav,disgust,1
/content/drive/MyDrive/DataSet_Voice/disgust/1066_WSI_DIS_XX.wav,disgust,1
/content/drive/MyDrive/DataSet_Voice/disgust/1074_IEO_DIS_HI.wav,disgust,1
/content/drive/MyDrive/DataSet_Voice/disgust/1070_IEO_DIS_MD.wav,disgust,1
/content/drive/MyDrive/DataSet_Voice/disgust/1073_TAI_DIS_XX.wav,disgust,1
/content/drive/MyDrive/DataSet_Voice/disgust/1064_IWW_DIS_XX.wav,disgust,1
/content/drive/MyDrive/DataSet_Voice/disgust/1072_MTI_DIS_XX.wav,disgust,1
/content/drive/MyDrive/DataSet_Voice/disgust/1066_IOM_DIS_XX.wav,disgust,1
/content/drive/MyDrive/DataSet_Voice/disgust/1078_IEO_DIS_LO.wav,disgust,1
/content/drive/MyDrive/DataSet_Voice/disgust/1063_TIE_DIS_XX.wav,disgust,1
/content/drive/MyDrive/DataSet_Voice/disgust/1068_ITS_DIS_XX.wav,disgust,1
/content/drive/MyDrive/DataSet_Voice/disgust/1066_IWL_DIS_XX.wav,disgust,1
/content/drive/MyDrive/DataSet_Voice/disgust/1070_TIE_DIS_XX.wav,disgust,1
/content/drive/MyDrive/DataSet_Voice/disgust/1071_IOM_DIS_XX.wav,disgust,1
/content/drive/MyDrive/DataSet_Voice/disgust/1068_TAI_DIS_XX.wav,disgust,1
/content/drive/MyDrive/DataSet_Voice/disgust/1068_TSI_DIS_XX.wav,disgust,1
/content/drive/MyDrive/DataSet_Voice/disgust/1071_WSI_DIS_XX.wav,disgust,1
/content/drive/MyDrive/DataSet_Voice/disgust/1066_TAI_DIS_XX.wav,disgust,1
/content/drive/MyDrive/DataSet_Voice/disgust/1068_IWW_DIS_XX.wav,disgust,1
/content/drive/MyDrive/DataSet_Voice/disgust/1075_TAI_DIS_XX.wav,disgust,1
/content/drive/MyDrive/DataSet_Voice/disgust/1070_TSI_DIS_XX.wav,disgust,1
/content/drive/MyDrive/DataSet_Voice/disgust/1074_IOM_DIS_XX.wav,disgust,1
/content/drive/MyDrive/DataSet_Voice/disgust/1071_IEO_DIS_HI.wav,disgust,1
/content/drive/MyDrive/DataSet_Voice/disgust/1077_IOM_DIS_XX.wav,disgust,1
/content/drive/MyDrive/DataSet_Voice/disgust/1075_WSI_DIS_XX.wav,disgust,1
/content/drive/MyDrive/DataSet_Voice/disgust/1070_WSI_DIS_XX.wav,disgust,1
/content/drive/MyDrive/DataSet_Voice/disgust/1064_IEO_DIS_MD.wav,disgust,1
/content/drive/MyDrive/DataSet_Voice/disgust/1075_IWW_DIS_XX.wav,disgust,1
/content/drive/MyDrive/DataSet_Voice/disgust/1065_IEO_DIS_HI.wav,disgust,1
/content/drive/MyDrive/DataSet_Voice/disgust/1069_IEO_DIS_HI.wav,disgust,1
/content/drive/MyDrive/DataSet_Voice/disgust/1068_IWL_DIS_XX.wav,disgust,1
/content/drive/MyDrive/DataSet_Voice/disgust/1071_TIE_DIS_XX.wav,disgust,1
/content/drive/MyDrive/DataSet_Voice/disgust/1064_IEO_DIS_LO.wav,disgust,1
/content/drive/MyDrive/DataSet_Voice/disgust/1071_MTI_DIS_XX.wav,disgust,1
/content/drive/MyDrive/DataSet_Voice/disgust/1064_DFA_DIS_XX.wav,disgust,1
/content/drive/MyDrive/DataSet_Voice/disgust/1067_MTI_DIS_XX.wav,disgust,1
/content/drive/MyDrive/DataSet_Voice/disgust/1072_IEO_DIS_MD.wav,disgust,1
/content/drive/MyDrive/DataSet_Voice/disgust/1076_ITH_DIS_XX.wav,disgust,1
/content/drive/MyDrive/DataSet_Voice/disgust/1076_TAI_DIS_XX.wav,disgust,1
/content/drive/MyDrive/DataSet_Voice/disgust/1075_ITS_DIS_XX.wav,disgust,1
/content/drive/MyDrive/DataSet_Voice/disgust/1074_WSI_DIS_XX.wav,disgust,1
/content/drive/MyDrive/DataSet_Voice/disgust/1073_IOM_DIS_XX.wav,disgust,1
/content/drive/MyDrive/DataSet_Voice/disgust/1068_IEO_DIS_MD.wav,disgust,1
/content/drive/MyDrive/DataSet_Voice/disgust/1075_IEO_DIS_MD.wav,disgust,1
/content/drive/MyDrive/DataSet_Voice/disgust/1065_ITS_DIS_XX.wav,disgust,1
/content/drive/MyDrive/DataSet_Voice/disgust/1074_ITS_DIS_XX.wav,disgust,1
/content/drive/MyDrive/DataSet_Voice/disgust/1073_TSI_DIS_XX.wav,disgust,1
/content/drive/MyDrive/DataSet_Voice/disgust/1078_DFA_DIS_XX.wav,disgust,1
/content/drive/MyDrive/DataSet_Voice/disgust/1077_IEO_DIS_MD.wav,disgust,1
/content/drive/MyDrive/DataSet_Voice/disgust/1075_MTI_DIS_XX.wav,disgust,1
/content/drive/MyDrive/DataSet_Voice/disgust/1067_ITS_DIS_XX.wav,disgust,1
/content/drive/MyDrive/DataSet_Voice/disgust/1067_TAI_DIS_XX.wav,disgust,1
/content/drive/MyDrive/DataSet_Voice/disgust/1071_DFA_DIS_XX.wav,disgust,1
/content/drive/MyDrive/DataSet_Voice/disgust/1071_ITH_DIS_XX.wav,disgust,1
/content/drive/MyDrive/DataSet_Voice/disgust/1075_IWL_DIS_XX.wav,disgust,1
/content/drive/MyDrive/DataSet_Voice/disgust/1064_TIE_DIS_XX.wav,disgust,1
/content/drive/MyDrive/DataSet_Voice/disgust/1064_MTI_DIS_XX.wav,disgust,1
/content/drive/MyDrive/DataSet_Voice/disgust/1071_TSI_DIS_XX.wav,disgust,1
/content/drive/MyDrive/DataSet_Voice/disgust/1067_TIE_DIS_XX.wav,disgust,1
/content/drive/MyDrive/DataSet_Voice/disgust/1066_IEO_DIS_HI.wav,disgust,1
/content/drive/MyDrive/DataSet_Voice/disgust/1072_ITS_DIS_XX.wav,disgust,1
/content/drive/MyDrive/DataSet_Voice/disgust/1069_TAI_DIS_XX.wav,disgust,1
/content/drive/MyDrive/DataSet_Voice/disgust/1072_ITH_DIS_XX.wav,disgust,1
/content/drive/MyDrive/DataSet_Voice/disgust/1087_IWL_DIS_XX.wav,disgust,1
/content/drive/MyDrive/DataSet_Voice/disgust/1088_IOM_DIS_XX.wav,disgust,1
/content/drive/MyDrive/DataSet_Voice/disgust/1088_IWL_DIS_XX.wav,disgust,1
/content/drive/MyDrive/DataSet_Voice/disgust/1085_ITS_DIS_XX.wav,disgust,1
/content/drive/MyDrive/DataSet_Voice/disgust/1088_IEO_DIS_LO.wav,disgust,1
/content/drive/MyDrive/DataSet_Voice/disgust/1088_ITH_DIS_XX.wav,disgust,1
/content/drive/MyDrive/DataSet_Voice/disgust/1081_IEO_DIS_HI.wav,disgust,1
/content/drive/MyDrive/DataSet_Voice/disgust/1090_IWW_DIS_XX.wav,disgust,1
/content/drive/MyDrive/DataSet_Voice/disgust/1079_TSI_DIS_XX.wav,disgust,1
/content/drive/MyDrive/DataSet_Voice/disgust/1086_IEO_DIS_LO.wav,disgust,1
/content/drive/MyDrive/DataSet_Voice/disgust/1087_TSI_DIS_XX.wav,disgust,1
/content/drive/MyDrive/DataSet_Voice/disgust/1091_IWW_DIS_XX.wav,disgust,1
/content/drive/MyDrive/DataSet_Voice/disgust/1091_ITS_DIS_XX.wav,disgust,1
/content/drive/MyDrive/DataSet_Voice/disgust/1081_WSI_DIS_XX.wav,disgust,1
/content/drive/MyDrive/DataSet_Voice/disgust/1087_IEO_DIS_HI.wav,disgust,1
/content/drive/MyDrive/DataSet_Voice/disgust/03-01-07-02-01-02-01.wav,disgust,1
/content/drive/MyDrive/DataSet_Voice/disgust/1082_MTI_DIS_XX.wav,disgust,1
/content/drive/MyDrive/DataSet_Voice/disgust/1086_TIE_DIS_XX.wav,disgust,1
/content/drive/MyDrive/DataSet_Voice/disgust/1081_IOM_DIS_XX.wav,disgust,1
/content/drive/MyDrive/DataSet_Voice/disgust/1078_TSI_DIS_XX.wav,disgust,1
/content/drive/MyDrive/DataSet_Voice/disgust/1079_TAI_DIS_XX.wav,disgust,1
/content/drive/MyDrive/DataSet_Voice/disgust/1082_WSI_DIS_XX.wav,disgust,1
/content/drive/MyDrive/DataSet_Voice/disgust/1078_TIE_DIS_XX.wav,disgust,1
/content/drive/MyDrive/DataSet_Voice/disgust/1079_IOM_DIS_XX.wav,disgust,1
/content/drive/MyDrive/DataSet_Voice/disgust/1083_IWW_DIS_XX.wav,disgust,1
/content/drive/MyDrive/DataSet_Voice/disgust/1085_IWL_DIS_XX.wav,disgust,1
/content/drive/MyDrive/DataSet_Voice/disgust/1087_MTI_DIS_XX.wav,disgust,1
/content/drive/MyDrive/DataSet_Voice/disgust/1083_TSI_DIS_XX.wav,disgust,1
/content/drive/MyDrive/DataSet_Voice/disgust/1083_WSI_DIS_XX.wav,disgust,1
/content/drive/MyDrive/DataSet_Voice/disgust/1083_IEO_DIS_HI.wav,disgust,1
/content/drive/MyDrive/DataSet_Voice/disgust/1084_WSI_DIS_XX.wav,disgust,1
/content/drive/MyDrive/DataSet_Voice/disgust/1083_IEO_DIS_MD.wav,disgust,1
/content/drive/MyDrive/DataSet_Voice/disgust/1089_MTI_DIS_XX.wav,disgust,1
/content/drive/MyDrive/DataSet_Voice/disgust/1088_TAI_DIS_XX.wav,disgust,1
/content/drive/MyDrive/DataSet_Voice/disgust/1081_ITH_DIS_XX.wav,disgust,1
/content/drive/MyDrive/DataSet_Voice/disgust/1079_MTI_DIS_XX.wav,disgust,1
/content/drive/MyDrive/DataSet_Voice/disgust/1090_TAI_DIS_XX.wav,disgust,1
/content/drive/MyDrive/DataSet_Voice/disgust/1083_MTI_DIS_XX.wav,disgust,1
/content/drive/MyDrive/DataSet_Voice/disgust/1081_TAI_DIS_XX.wav,disgust,1
/content/drive/MyDrive/DataSet_Voice/disgust/1088_MTI_DIS_XX.wav,disgust,1
/content/drive/MyDrive/DataSet_Voice/disgust/1088_TIE_DIS_XX.wav,disgust,1
/content/drive/MyDrive/DataSet_Voice/disgust/1085_DFA_DIS_XX.wav,disgust,1
/content/drive/MyDrive/DataSet_Voice/disgust/1087_IEO_DIS_MD.wav,disgust,1
/content/drive/MyDrive/DataSet_Voice/disgust/1090_IEO_DIS_HI.wav,disgust,1
/content/drive/MyDrive/DataSet_Voice/disgust/1079_ITS_DIS_XX.wav,disgust,1
/content/drive/MyDrive/DataSet_Voice/disgust/1085_IEO_DIS_HI.wav,disgust,1
/content/drive/MyDrive/DataSet_Voice/disgust/1084_DFA_DIS_XX.wav,disgust,1
/content/drive/MyDrive/DataSet_Voice/disgust/03-01-07-01-01-02-01.wav,disgust,1
/content/drive/MyDrive/DataSet_Voice/disgust/1084_ITH_DIS_XX.wav,disgust,1
/content/drive/MyDrive/DataSet_Voice/disgust/1082_TAI_DIS_XX.wav,disgust,1
/content/drive/MyDrive/DataSet_Voice/disgust/1090_WSI_DIS_XX.wav,disgust,1
/content/drive/MyDrive/DataSet_Voice/disgust/1087_WSI_DIS_XX.wav,disgust,1
/content/drive/MyDrive/DataSet_Voice/disgust/1081_TSI_DIS_XX.wav,disgust,1
/content/drive/MyDrive/DataSet_Voice/disgust/1082_ITH_DIS_XX.wav,disgust,1
/content/drive/MyDrive/DataSet_Voice/disgust/1090_MTI_DIS_XX.wav,disgust,1
/content/drive/MyDrive/DataSet_Voice/disgust/1082_DFA_DIS_XX.wav,disgust,1
/content/drive/MyDrive/DataSet_Voice/disgust/1088_DFA_DIS_XX.wav,disgust,1
/content/drive/MyDrive/DataSet_Voice/disgust/1087_TIE_DIS_XX.wav,disgust,1
/content/drive/MyDrive/DataSet_Voice/disgust/1089_IOM_DIS_XX.wav,disgust,1
/content/drive/MyDrive/DataSet_Voice/disgust/1088_TSI_DIS_XX.wav,disgust,1
/content/drive/MyDrive/DataSet_Voice/disgust/1084_MTI_DIS_XX.wav,disgust,1
/content/drive/MyDrive/DataSet_Voice/disgust/1087_ITH_DIS_XX.wav,disgust,1
/content/drive/MyDrive/DataSet_Voice/disgust/1078_ITS_DIS_XX.wav,disgust,1
/content/drive/MyDrive/DataSet_Voice/disgust/1083_IOM_DIS_XX.wav,disgust,1
/content/drive/MyDrive/DataSet_Voice/disgust/1085_TIE_DIS_XX.wav,disgust,1
/content/drive/MyDrive/DataSet_Voice/disgust/1085_IWW_DIS_XX.wav,disgust,1
/content/drive/MyDrive/DataSet_Voice/disgust/1088_IEO_DIS_MD.wav,disgust,1
/content/drive/MyDrive/DataSet_Voice/disgust/1083_IWL_DIS_XX.wav,disgust,1
/content/drive/MyDrive/DataSet_Voice/disgust/1082_TIE_DIS_XX.wav,disgust,1
/content/drive/MyDrive/DataSet_Voice/disgust/1091_IWL_DIS_XX.wav,disgust,1
/content/drive/MyDrive/DataSet_Voice/disgust/1089_ITS_DIS_XX.wav,disgust,1
/content/drive/MyDrive/DataSet_Voice/disgust/1082_IEO_DIS_LO.wav,disgust,1
/content/drive/MyDrive/DataSet_Voice/disgust/1080_TIE_DIS_XX.wav,disgust,1
/content/drive/MyDrive/DataSet_Voice/disgust/1086_TAI_DIS_XX.wav,disgust,1
/content/drive/MyDrive/DataSet_Voice/disgust/1091_ITH_DIS_XX.wav,disgust,1
/content/drive/MyDrive/DataSet_Voice/disgust/03-01-07-01-02-02-01.wav,disgust,1
/content/drive/MyDrive/DataSet_Voice/disgust/1080_IEO_DIS_LO.wav,disgust,1
/content/drive/MyDrive/DataSet_Voice/disgust/1080_ITH_DIS_XX.wav,disgust,1
/content/drive/MyDrive/DataSet_Voice/disgust/1082_IWL_DIS_XX.wav,disgust,1
/content/drive/MyDrive/DataSet_Voice/disgust/1086_IWW_DIS_XX.wav,disgust,1
/content/drive/MyDrive/DataSet_Voice/disgust/1086_IOM_DIS_XX.wav,disgust,1
/content/drive/MyDrive/DataSet_Voice/disgust/1089_IEO_DIS_MD.wav,disgust,1
/content/drive/MyDrive/DataSet_Voice/disgust/1080_DFA_DIS_XX.wav,disgust,1
/content/drive/MyDrive/DataSet_Voice/disgust/1082_IEO_DIS_HI.wav,disgust,1
/content/drive/MyDrive/DataSet_Voice/disgust/1079_IEO_DIS_HI.wav,disgust,1
/content/drive/MyDrive/DataSet_Voice/disgust/1084_TAI_DIS_XX.wav,disgust,1
/content/drive/MyDrive/DataSet_Voice/disgust/1089_TIE_DIS_XX.wav,disgust,1
/content/drive/MyDrive/DataSet_Voice/disgust/03-01-07-02-02-02-01.wav,disgust,1
/content/drive/MyDrive/DataSet_Voice/disgust/1078_MTI_DIS_XX.wav,disgust,1
/content/drive/MyDrive/DataSet_Voice/disgust/1081_ITS_DIS_XX.wav,disgust,1
/content/drive/MyDrive/DataSet_Voice/disgust/1089_IEO_DIS_LO.wav,disgust,1
/content/drive/MyDrive/DataSet_Voice/disgust/1084_TSI_DIS_XX.wav,disgust,1
/content/drive/MyDrive/DataSet_Voice/disgust/1086_TSI_DIS_XX.wav,disgust,1
/content/drive/MyDrive/DataSet_Voice/disgust/1084_IEO_DIS_HI.wav,disgust,1
/content/drive/MyDrive/DataSet_Voice/disgust/1085_ITH_DIS_XX.wav,disgust,1
/content/drive/MyDrive/DataSet_Voice/disgust/1091_TIE_DIS_XX.wav,disgust,1
/content/drive/MyDrive/DataSet_Voice/disgust/03-01-07-01-01-01-01.wav,disgust,1
/content/drive/MyDrive/DataSet_Voice/disgust/1091_IEO_DIS_HI.wav,disgust,1
/content/drive/MyDrive/DataSet_Voice/disgust/1086_MTI_DIS_XX.wav,disgust,1
/content/drive/MyDrive/DataSet_Voice/disgust/1090_IOM_DIS_XX.wav,disgust,1
/content/drive/MyDrive/DataSet_Voice/disgust/1086_IEO_DIS_MD.wav,disgust,1
/content/drive/MyDrive/DataSet_Voice/disgust/1085_TSI_DIS_XX.wav,disgust,1
/content/drive/MyDrive/DataSet_Voice/disgust/1078_IWW_DIS_XX.wav,disgust,1
/content/drive/MyDrive/DataSet_Voice/disgust/1091_IOM_DIS_XX.wav,disgust,1
/content/drive/MyDrive/DataSet_Voice/disgust/1091_TAI_DIS_XX.wav,disgust,1
/content/drive/MyDrive/DataSet_Voice/disgust/1089_ITH_DIS_XX.wav,disgust,1
/content/drive/MyDrive/DataSet_Voice/disgust/1079_IEO_DIS_MD.wav,disgust,1
/content/drive/MyDrive/DataSet_Voice/disgust/1080_ITS_DIS_XX.wav,disgust,1
/content/drive/MyDrive/DataSet_Voice/disgust/1090_ITS_DIS_XX.wav,disgust,1
/content/drive/MyDrive/DataSet_Voice/disgust/1078_WSI_DIS_XX.wav,disgust,1
/content/drive/MyDrive/DataSet_Voice/disgust/1084_IWL_DIS_XX.wav,disgust,1
/content/drive/MyDrive/DataSet_Voice/disgust/1079_ITH_DIS_XX.wav,disgust,1
/content/drive/MyDrive/DataSet_Voice/disgust/1080_IWW_DIS_XX.wav,disgust,1
/content/drive/MyDrive/DataSet_Voice/disgust/1080_IWL_DIS_XX.wav,disgust,1
/content/drive/MyDrive/DataSet_Voice/disgust/1079_IEO_DIS_LO.wav,disgust,1
/content/drive/MyDrive/DataSet_Voice/disgust/1082_ITS_DIS_XX.wav,disgust,1
/content/drive/MyDrive/DataSet_Voice/disgust/1090_IWL_DIS_XX.wav,disgust,1
/content/drive/MyDrive/DataSet_Voice/disgust/03-01-07-01-02-01-01.wav,disgust,1
/content/drive/MyDrive/DataSet_Voice/disgust/1080_MTI_DIS_XX.wav,disgust,1
/content/drive/MyDrive/DataSet_Voice/disgust/1086_ITS_DIS_XX.wav,disgust,1
/content/drive/MyDrive/DataSet_Voice/disgust/1089_TAI_DIS_XX.wav,disgust,1
/content/drive/MyDrive/DataSet_Voice/disgust/1087_IWW_DIS_XX.wav,disgust,1
/content/drive/MyDrive/DataSet_Voice/disgust/1081_TIE_DIS_XX.wav,disgust,1
/content/drive/MyDrive/DataSet_Voice/disgust/1085_IEO_DIS_MD.wav,disgust,1
/content/drive/MyDrive/DataSet_Voice/disgust/1091_MTI_DIS_XX.wav,disgust,1
/content/drive/MyDrive/DataSet_Voice/disgust/1080_IOM_DIS_XX.wav,disgust,1
/content/drive/MyDrive/DataSet_Voice/disgust/1090_IEO_DIS_LO.wav,disgust,1
/content/drive/MyDrive/DataSet_Voice/disgust/1087_IOM_DIS_XX.wav,disgust,1
/content/drive/MyDrive/DataSet_Voice/disgust/1081_IWW_DIS_XX.wav,disgust,1
/content/drive/MyDrive/DataSet_Voice/disgust/1085_TAI_DIS_XX.wav,disgust,1
/content/drive/MyDrive/DataSet_Voice/disgust/1084_IEO_DIS_MD.wav,disgust,1
/content/drive/MyDrive/DataSet_Voice/disgust/1088_ITS_DIS_XX.wav,disgust,1
/content/drive/MyDrive/DataSet_Voice/disgust/1086_ITH_DIS_XX.wav,disgust,1
/content/drive/MyDrive/DataSet_Voice/disgust/1089_TSI_DIS_XX.wav,disgust,1
/content/drive/MyDrive/DataSet_Voice/disgust/1089_WSI_DIS_XX.wav,disgust,1
/content/drive/MyDrive/DataSet_Voice/disgust/1087_TAI_DIS_XX.wav,disgust,1
/content/drive/MyDrive/DataSet_Voice/disgust/1083_TIE_DIS_XX.wav,disgust,1
/content/drive/MyDrive/DataSet_Voice/disgust/1081_IEO_DIS_LO.wav,disgust,1
/content/drive/MyDrive/DataSet_Voice/disgust/1079_IWW_DIS_XX.wav,disgust,1
/content/drive/MyDrive/DataSet_Voice/disgust/1089_IWW_DIS_XX.wav,disgust,1
/content/drive/MyDrive/DataSet_Voice/disgust/1085_IOM_DIS_XX.wav,disgust,1
/content/drive/MyDrive/DataSet_Voice/disgust/1089_IEO_DIS_HI.wav,disgust,1
/content/drive/MyDrive/DataSet_Voice/disgust/1086_IWL_DIS_XX.wav,disgust,1
/content/drive/MyDrive/DataSet_Voice/disgust/1078_IWL_DIS_XX.wav,disgust,1
/content/drive/MyDrive/DataSet_Voice/disgust/1086_IEO_DIS_HI.wav,disgust,1
/content/drive/MyDrive/DataSet_Voice/disgust/1091_IEO_DIS_MD.wav,disgust,1
/content/drive/MyDrive/DataSet_Voice/disgust/1085_WSI_DIS_XX.wav,disgust,1
/content/drive/MyDrive/DataSet_Voice/disgust/1081_IWL_DIS_XX.wav,disgust,1
/content/drive/MyDrive/DataSet_Voice/disgust/1080_WSI_DIS_XX.wav,disgust,1
/content/drive/MyDrive/DataSet_Voice/disgust/1089_DFA_DIS_XX.wav,disgust,1
/content/drive/MyDrive/DataSet_Voice/disgust/1082_TSI_DIS_XX.wav,disgust,1
/content/drive/MyDrive/DataSet_Voice/disgust/1090_ITH_DIS_XX.wav,disgust,1
/content/drive/MyDrive/DataSet_Voice/disgust/1084_ITS_DIS_XX.wav,disgust,1
/content/drive/MyDrive/DataSet_Voice/disgust/1080_TAI_DIS_XX.wav,disgust,1
/content/drive/MyDrive/DataSet_Voice/disgust/1087_ITS_DIS_XX.wav,disgust,1
/content/drive/MyDrive/DataSet_Voice/disgust/03-01-07-02-02-01-01.wav,disgust,1
/content/drive/MyDrive/DataSet_Voice/disgust/1087_DFA_DIS_XX.wav,disgust,1
/content/drive/MyDrive/DataSet_Voice/disgust/1090_TSI_DIS_XX.wav,disgust,1
/content/drive/MyDrive/DataSet_Voice/disgust/1090_IEO_DIS_MD.wav,disgust,1
/content/drive/MyDrive/DataSet_Voice/disgust/1081_DFA_DIS_XX.wav,disgust,1
/content/drive/MyDrive/DataSet_Voice/disgust/1090_TIE_DIS_XX.wav,disgust,1
/content/drive/MyDrive/DataSet_Voice/disgust/1082_IEO_DIS_MD.wav,disgust,1
/content/drive/MyDrive/DataSet_Voice/disgust/1079_TIE_DIS_XX.wav,disgust,1
/content/drive/MyDrive/DataSet_Voice/disgust/1084_IEO_DIS_LO.wav,disgust,1
/content/drive/MyDrive/DataSet_Voice/disgust/1084_TIE_DIS_XX.wav,disgust,1
/content/drive/MyDrive/DataSet_Voice/disgust/1079_IWL_DIS_XX.wav,disgust,1
/content/drive/MyDrive/DataSet_Voice/disgust/1088_WSI_DIS_XX.wav,disgust,1
/content/drive/MyDrive/DataSet_Voice/disgust/1078_TAI_DIS_XX.wav,disgust,1
/content/drive/MyDrive/DataSet_Voice/disgust/03-01-07-02-01-01-01.wav,disgust,1
/content/drive/MyDrive/DataSet_Voice/disgust/1089_IWL_DIS_XX.wav,disgust,1
/content/drive/MyDrive/DataSet_Voice/disgust/1084_IOM_DIS_XX.wav,disgust,1
/content/drive/MyDrive/DataSet_Voice/disgust/1082_IOM_DIS_XX.wav,disgust,1
/content/drive/MyDrive/DataSet_Voice/disgust/1081_MTI_DIS_XX.wav,disgust,1
/content/drive/MyDrive/DataSet_Voice/disgust/1083_TAI_DIS_XX.wav,disgust,1
/content/drive/MyDrive/DataSet_Voice/disgust/1083_ITH_DIS_XX.wav,disgust,1
/content/drive/MyDrive/DataSet_Voice/disgust/1091_TSI_DIS_XX.wav,disgust,1
/content/drive/MyDrive/DataSet_Voice/disgust/1088_IWW_DIS_XX.wav,disgust,1
/content/drive/MyDrive/DataSet_Voice/disgust/1086_DFA_DIS_XX.wav,disgust,1
/content/drive/MyDrive/DataSet_Voice/disgust/1085_MTI_DIS_XX.wav,disgust,1
/content/drive/MyDrive/DataSet_Voice/disgust/1083_IEO_DIS_LO.wav,disgust,1
/content/drive/MyDrive/DataSet_Voice/disgust/1079_DFA_DIS_XX.wav,disgust,1
/content/drive/MyDrive/DataSet_Voice/disgust/1083_DFA_DIS_XX.wav,disgust,1
/content/drive/MyDrive/DataSet_Voice/disgust/1084_IWW_DIS_XX.wav,disgust,1
/content/drive/MyDrive/DataSet_Voice/disgust/1090_DFA_DIS_XX.wav,disgust,1
/content/drive/MyDrive/DataSet_Voice/disgust/1087_IEO_DIS_LO.wav,disgust,1
/content/drive/MyDrive/DataSet_Voice/disgust/1086_WSI_DIS_XX.wav,disgust,1
/content/drive/MyDrive/DataSet_Voice/disgust/1080_TSI_DIS_XX.wav,disgust,1
/content/drive/MyDrive/DataSet_Voice/disgust/1079_WSI_DIS_XX.wav,disgust,1
/content/drive/MyDrive/DataSet_Voice/disgust/1091_DFA_DIS_XX.wav,disgust,1
/content/drive/MyDrive/DataSet_Voice/disgust/1088_IEO_DIS_HI.wav,disgust,1
/content/drive/MyDrive/DataSet_Voice/disgust/1080_IEO_DIS_MD.wav,disgust,1
/content/drive/MyDrive/DataSet_Voice/disgust/1091_WSI_DIS_XX.wav,disgust,1
/content/drive/MyDrive/DataSet_Voice/disgust/1091_IEO_DIS_LO.wav,disgust,1
/content/drive/MyDrive/DataSet_Voice/disgust/1085_IEO_DIS_LO.wav,disgust,1
/content/drive/MyDrive/DataSet_Voice/disgust/1082_IWW_DIS_XX.wav,disgust,1
/content/drive/MyDrive/DataSet_Voice/disgust/1083_ITS_DIS_XX.wav,disgust,1
/content/drive/MyDrive/DataSet_Voice/disgust/1081_IEO_DIS_MD.wav,disgust,1
/content/drive/MyDrive/DataSet_Voice/disgust/1080_IEO_DIS_HI.wav,disgust,1
/content/drive/MyDrive/DataSet_Voice/disgust/03-01-07-02-01-01-03.wav,disgust,1
/content/drive/MyDrive/DataSet_Voice/disgust/03-01-07-02-02-02-02.wav,disgust,1
/content/drive/MyDrive/DataSet_Voice/disgust/03-01-07-02-01-01-04.wav,disgust,1
/content/drive/MyDrive/DataSet_Voice/disgust/03-01-07-01-02-01-15.wav,disgust,1
/content/drive/MyDrive/DataSet_Voice/disgust/03-01-07-01-01-02-16.wav,disgust,1
/content/drive/MyDrive/DataSet_Voice/disgust/03-01-07-01-01-01-04.wav,disgust,1
/content/drive/MyDrive/DataSet_Voice/disgust/03-01-07-02-01-01-17.wav,disgust,1
/content/drive/MyDrive/DataSet_Voice/disgust/03-01-07-02-02-02-03.wav,disgust,1
/content/drive/MyDrive/DataSet_Voice/disgust/03-01-07-02-02-02-06.wav,disgust,1
/content/drive/MyDrive/DataSet_Voice/disgust/03-01-07-01-02-02-14.wav,disgust,1
/content/drive/MyDrive/DataSet_Voice/disgust/03-01-07-01-02-01-14.wav,disgust,1
/content/drive/MyDrive/DataSet_Voice/disgust/03-01-07-02-02-01-03.wav,disgust,1
/content/drive/MyDrive/DataSet_Voice/disgust/03-01-07-01-02-01-17.wav,disgust,1
/content/drive/MyDrive/DataSet_Voice/disgust/03-01-07-01-01-02-06.wav,disgust,1
/content/drive/MyDrive/DataSet_Voice/disgust/03-01-07-01-02-02-06.wav,disgust,1
/content/drive/MyDrive/DataSet_Voice/disgust/03-01-07-02-02-02-05.wav,disgust,1
/content/drive/MyDrive/DataSet_Voice/disgust/03-01-07-01-01-02-12.wav,disgust,1
/content/drive/MyDrive/DataSet_Voice/disgust/03-01-07-02-02-02-13.wav,disgust,1
/content/drive/MyDrive/DataSet_Voice/disgust/03-01-07-01-01-02-04.wav,disgust,1
/content/drive/MyDrive/DataSet_Voice/disgust/03-01-07-02-02-02-07.wav,disgust,1
/content/drive/MyDrive/DataSet_Voice/disgust/03-01-07-01-02-01-07.wav,disgust,1
/content/drive/MyDrive/DataSet_Voice/disgust/03-01-07-01-02-01-13.wav,disgust,1
/content/drive/MyDrive/DataSet_Voice/disgust/03-01-07-01-01-02-14.wav,disgust,1
/content/drive/MyDrive/DataSet_Voice/disgust/03-01-07-02-02-02-15.wav,disgust,1
/content/drive/MyDrive/DataSet_Voice/disgust/03-01-07-01-02-01-09.wav,disgust,1
/content/drive/MyDrive/DataSet_Voice/disgust/03-01-07-02-02-01-05.wav,disgust,1
/content/drive/MyDrive/DataSet_Voice/disgust/03-01-07-01-02-02-11.wav,disgust,1
/content/drive/MyDrive/DataSet_Voice/disgust/03-01-07-02-02-02-12.wav,disgust,1
/content/drive/MyDrive/DataSet_Voice/disgust/03-01-07-02-01-01-07.wav,disgust,1
/content/drive/MyDrive/DataSet_Voice/disgust/03-01-07-01-01-02-05.wav,disgust,1
/content/drive/MyDrive/DataSet_Voice/disgust/03-01-07-01-02-02-04.wav,disgust,1
/content/drive/MyDrive/DataSet_Voice/disgust/03-01-07-02-01-02-03.wav,disgust,1
/content/drive/MyDrive/DataSet_Voice/disgust/03-01-07-02-01-02-09.wav,disgust,1
/content/drive/MyDrive/DataSet_Voice/disgust/03-01-07-02-01-02-08.wav,disgust,1
/content/drive/MyDrive/DataSet_Voice/disgust/03-01-07-01-01-01-17.wav,disgust,1
/content/drive/MyDrive/DataSet_Voice/disgust/03-01-07-01-01-02-10.wav,disgust,1
/content/drive/MyDrive/DataSet_Voice/disgust/03-01-07-01-02-01-06.wav,disgust,1
/content/drive/MyDrive/DataSet_Voice/disgust/03-01-07-02-01-02-05.wav,disgust,1
/content/drive/MyDrive/DataSet_Voice/disgust/03-01-07-01-02-02-03.wav,disgust,1
/content/drive/MyDrive/DataSet_Voice/disgust/03-01-07-01-01-01-16.wav,disgust,1
/content/drive/MyDrive/DataSet_Voice/disgust/03-01-07-02-01-02-06.wav,disgust,1
/content/drive/MyDrive/DataSet_Voice/disgust/03-01-07-01-01-01-14.wav,disgust,1
/content/drive/MyDrive/DataSet_Voice/disgust/03-01-07-02-01-01-10.wav,disgust,1
/content/drive/MyDrive/DataSet_Voice/disgust/03-01-07-02-01-01-13.wav,disgust,1
/content/drive/MyDrive/DataSet_Voice/disgust/03-01-07-01-02-02-12.wav,disgust,1
/content/drive/MyDrive/DataSet_Voice/disgust/03-01-07-01-02-01-16.wav,disgust,1
/content/drive/MyDrive/DataSet_Voice/disgust/03-01-07-01-01-01-06.wav,disgust,1
/content/drive/MyDrive/DataSet_Voice/disgust/03-01-07-01-02-02-16.wav,disgust,1
/content/drive/MyDrive/DataSet_Voice/disgust/03-01-07-01-02-01-05.wav,disgust,1
/content/drive/MyDrive/DataSet_Voice/disgust/03-01-07-01-02-02-02.wav,disgust,1
/content/drive/MyDrive/DataSet_Voice/disgust/03-01-07-01-02-02-05.wav,disgust,1
/content/drive/MyDrive/DataSet_Voice/disgust/03-01-07-01-02-02-09.wav,disgust,1
/content/drive/MyDrive/DataSet_Voice/disgust/03-01-07-02-01-02-15.wav,disgust,1
/content/drive/MyDrive/DataSet_Voice/disgust/03-01-07-01-02-02-17.wav,disgust,1
/content/drive/MyDrive/DataSet_Voice/disgust/03-01-07-02-01-01-05.wav,disgust,1
/content/drive/MyDrive/DataSet_Voice/disgust/03-01-07-02-01-01-14.wav,disgust,1
/content/drive/MyDrive/DataSet_Voice/disgust/03-01-07-01-01-02-13.wav,disgust,1
/content/drive/MyDrive/DataSet_Voice/disgust/03-01-07-01-02-02-15.wav,disgust,1
/content/drive/MyDrive/DataSet_Voice/disgust/03-01-07-02-02-01-06.wav,disgust,1
/content/drive/MyDrive/DataSet_Voice/disgust/03-01-07-02-01-02-14.wav,disgust,1
/content/drive/MyDrive/DataSet_Voice/disgust/03-01-07-02-01-01-15.wav,disgust,1
/content/drive/MyDrive/DataSet_Voice/disgust/03-01-07-01-01-01-09.wav,disgust,1
/content/drive/MyDrive/DataSet_Voice/disgust/03-01-07-01-02-02-07.wav,disgust,1
/content/drive/MyDrive/DataSet_Voice/disgust/03-01-07-01-01-02-15.wav,disgust,1
/content/drive/MyDrive/DataSet_Voice/disgust/03-01-07-02-01-01-09.wav,disgust,1
/content/drive/MyDrive/DataSet_Voice/disgust/03-01-07-01-01-02-08.wav,disgust,1
/content/drive/MyDrive/DataSet_Voice/disgust/03-01-07-02-02-02-09.wav,disgust,1
/content/drive/MyDrive/DataSet_Voice/disgust/03-01-07-02-02-01-11.wav,disgust,1
/content/drive/MyDrive/DataSet_Voice/disgust/03-01-07-02-01-02-11.wav,disgust,1
/content/drive/MyDrive/DataSet_Voice/disgust/03-01-07-02-01-01-08.wav,disgust,1
/content/drive/MyDrive/DataSet_Voice/disgust/03-01-07-01-02-01-12.wav,disgust,1
/content/drive/MyDrive/DataSet_Voice/disgust/03-01-07-01-01-02-02.wav,disgust,1
/content/drive/MyDrive/DataSet_Voice/disgust/03-01-07-01-01-01-07.wav,disgust,1
/content/drive/MyDrive/DataSet_Voice/disgust/03-01-07-01-01-02-09.wav,disgust,1
/content/drive/MyDrive/DataSet_Voice/disgust/03-01-07-01-02-01-03.wav,disgust,1
/content/drive/MyDrive/DataSet_Voice/disgust/03-01-07-02-01-02-12.wav,disgust,1
/content/drive/MyDrive/DataSet_Voice/disgust/03-01-07-02-01-01-02.wav,disgust,1
/content/drive/MyDrive/DataSet_Voice/disgust/03-01-07-02-02-01-12.wav,disgust,1
/content/drive/MyDrive/DataSet_Voice/disgust/03-01-07-02-01-01-16.wav,disgust,1
/content/drive/MyDrive/DataSet_Voice/disgust/03-01-07-02-01-01-06.wav,disgust,1
/content/drive/MyDrive/DataSet_Voice/disgust/03-01-07-02-02-02-17.wav,disgust,1
/content/drive/MyDrive/DataSet_Voice/disgust/03-01-07-01-02-02-13.wav,disgust,1
/content/drive/MyDrive/DataSet_Voice/disgust/03-01-07-01-02-01-02.wav,disgust,1
/content/drive/MyDrive/DataSet_Voice/disgust/03-01-07-01-01-01-05.wav,disgust,1
/content/drive/MyDrive/DataSet_Voice/disgust/03-01-07-02-01-02-16.wav,disgust,1
/content/drive/MyDrive/DataSet_Voice/disgust/03-01-07-01-01-02-11.wav,disgust,1
/content/drive/MyDrive/DataSet_Voice/disgust/03-01-07-02-02-01-14.wav,disgust,1
/content/drive/MyDrive/DataSet_Voice/disgust/03-01-07-02-02-01-15.wav,disgust,1
/content/drive/MyDrive/DataSet_Voice/disgust/03-01-07-01-01-01-03.wav,disgust,1
/content/drive/MyDrive/DataSet_Voice/disgust/03-01-07-02-02-01-10.wav,disgust,1
/content/drive/MyDrive/DataSet_Voice/disgust/03-01-07-02-02-01-13.wav,disgust,1
/content/drive/MyDrive/DataSet_Voice/disgust/03-01-07-02-01-02-17.wav,disgust,1
/content/drive/MyDrive/DataSet_Voice/disgust/03-01-07-01-01-01-15.wav,disgust,1
/content/drive/MyDrive/DataSet_Voice/disgust/03-01-07-02-02-02-08.wav,disgust,1
/content/drive/MyDrive/DataSet_Voice/disgust/03-01-07-02-02-01-07.wav,disgust,1
/content/drive/MyDrive/DataSet_Voice/disgust/03-01-07-02-02-02-16.wav,disgust,1
/content/drive/MyDrive/DataSet_Voice/disgust/03-01-07-02-01-01-12.wav,disgust,1
/content/drive/MyDrive/DataSet_Voice/disgust/03-01-07-02-02-02-10.wav,disgust,1
/content/drive/MyDrive/DataSet_Voice/disgust/03-01-07-01-02-01-11.wav,disgust,1
/content/drive/MyDrive/DataSet_Voice/disgust/03-01-07-02-02-01-09.wav,disgust,1
/content/drive/MyDrive/DataSet_Voice/disgust/03-01-07-01-01-01-02.wav,disgust,1
/content/drive/MyDrive/DataSet_Voice/disgust/03-01-07-01-01-01-12.wav,disgust,1
/content/drive/MyDrive/DataSet_Voice/disgust/03-01-07-02-01-02-07.wav,disgust,1
/content/drive/MyDrive/DataSet_Voice/disgust/03-01-07-01-02-01-10.wav,disgust,1
/content/drive/MyDrive/DataSet_Voice/disgust/03-01-07-01-01-02-17.wav,disgust,1
/content/drive/MyDrive/DataSet_Voice/disgust/03-01-07-02-01-02-10.wav,disgust,1
/content/drive/MyDrive/DataSet_Voice/disgust/03-01-07-01-01-01-10.wav,disgust,1
/content/drive/MyDrive/DataSet_Voice/disgust/03-01-07-02-02-01-17.wav,disgust,1
/content/drive/MyDrive/DataSet_Voice/disgust/03-01-07-02-01-01-11.wav,disgust,1
/content/drive/MyDrive/DataSet_Voice/disgust/03-01-07-01-01-01-13.wav,disgust,1
/content/drive/MyDrive/DataSet_Voice/disgust/03-01-07-01-01-01-08.wav,disgust,1
/content/drive/MyDrive/DataSet_Voice/disgust/03-01-07-02-02-01-02.wav,disgust,1
/content/drive/MyDrive/DataSet_Voice/disgust/03-01-07-01-01-02-03.wav,disgust,1
/content/drive/MyDrive/DataSet_Voice/disgust/03-01-07-01-01-02-07.wav,disgust,1
/content/drive/MyDrive/DataSet_Voice/disgust/03-01-07-01-02-01-08.wav,disgust,1
/content/drive/MyDrive/DataSet_Voice/disgust/03-01-07-02-01-02-04.wav,disgust,1
/content/drive/MyDrive/DataSet_Voice/disgust/03-01-07-02-02-01-08.wav,disgust,1
/content/drive/MyDrive/DataSet_Voice/disgust/03-01-07-01-01-01-11.wav,disgust,1
/content/drive/MyDrive/DataSet_Voice/disgust/03-01-07-02-02-01-04.wav,disgust,1
/content/drive/MyDrive/DataSet_Voice/disgust/03-01-07-02-02-02-11.wav,disgust,1
/content/drive/MyDrive/DataSet_Voice/disgust/03-01-07-02-01-02-13.wav,disgust,1
/content/drive/MyDrive/DataSet_Voice/disgust/03-01-07-02-02-02-14.wav,disgust,1
/content/drive/MyDrive/DataSet_Voice/disgust/03-01-07-02-01-02-02.wav,disgust,1
/content/drive/MyDrive/DataSet_Voice/disgust/03-01-07-01-02-02-08.wav,disgust,1
/content/drive/MyDrive/DataSet_Voice/disgust/03-01-07-02-02-02-04.wav,disgust,1
/content/drive/MyDrive/DataSet_Voice/disgust/03-01-07-02-02-01-16.wav,disgust,1
/content/drive/MyDrive/DataSet_Voice/disgust/03-01-07-01-02-02-10.wav,disgust,1
/content/drive/MyDrive/DataSet_Voice/disgust/03-01-07-01-02-01-04.wav,disgust,1
/content/drive/MyDrive/DataSet_Voice/disgust/OAF_goose_disgust.wav,disgust,1
/content/drive/MyDrive/DataSet_Voice/disgust/OAF_lid_disgust.wav,disgust,1
/content/drive/MyDrive/DataSet_Voice/disgust/OAF_book_disgust.wav,disgust,1
/content/drive/MyDrive/DataSet_Voice/disgust/03-01-07-01-01-02-21.wav,disgust,1
/content/drive/MyDrive/DataSet_Voice/disgust/OAF_king_disgust.wav,disgust,1
/content/drive/MyDrive/DataSet_Voice/disgust/OAF_choice_disgust.wav,disgust,1
/content/drive/MyDrive/DataSet_Voice/disgust/OAF_hit_disgust.wav,disgust,1
/content/drive/MyDrive/DataSet_Voice/disgust/OAF_lean_disgust.wav,disgust,1
/content/drive/MyDrive/DataSet_Voice/disgust/03-01-07-02-02-02-19.wav,disgust,1
/content/drive/MyDrive/DataSet_Voice/disgust/OAF_mode_disgust.wav,disgust,1
/content/drive/MyDrive/DataSet_Voice/disgust/03-01-07-01-01-01-22.wav,disgust,1
/content/drive/MyDrive/DataSet_Voice/disgust/03-01-07-01-02-01-20.wav,disgust,1
/content/drive/MyDrive/DataSet_Voice/disgust/03-01-07-01-01-02-18.wav,disgust,1
/content/drive/MyDrive/DataSet_Voice/disgust/OAF_dab_disgust.wav,disgust,1
/content/drive/MyDrive/DataSet_Voice/disgust/OAF_boat_disgust.wav,disgust,1
/content/drive/MyDrive/DataSet_Voice/disgust/03-01-07-02-01-02-24.wav,disgust,1
/content/drive/MyDrive/DataSet_Voice/disgust/03-01-07-01-02-01-23.wav,disgust,1
/content/drive/MyDrive/DataSet_Voice/disgust/03-01-07-01-02-01-22.wav,disgust,1
/content/drive/MyDrive/DataSet_Voice/disgust/OAF_gaze_disgust.wav,disgust,1
/content/drive/MyDrive/DataSet_Voice/disgust/03-01-07-02-01-01-21.wav,disgust,1
/content/drive/MyDrive/DataSet_Voice/disgust/OAF_door_disgust.wav,disgust,1
/content/drive/MyDrive/DataSet_Voice/disgust/OAF_jug_disgust.wav,disgust,1
/content/drive/MyDrive/DataSet_Voice/disgust/OAF_lore_disgust.wav,disgust,1
/content/drive/MyDrive/DataSet_Voice/disgust/03-01-07-01-01-02-22.wav,disgust,1
/content/drive/MyDrive/DataSet_Voice/disgust/03-01-07-01-02-01-18.wav,disgust,1
/content/drive/MyDrive/DataSet_Voice/disgust/03-01-07-02-01-02-22.wav,disgust,1
/content/drive/MyDrive/DataSet_Voice/disgust/OAF_bought_disgust.wav,disgust,1
/content/drive/MyDrive/DataSet_Voice/disgust/OAF_ditch_disgust.wav,disgust,1
/content/drive/MyDrive/DataSet_Voice/disgust/03-01-07-02-02-02-23.wav,disgust,1
/content/drive/MyDrive/DataSet_Voice/disgust/OAF_kick_disgust.wav,disgust,1
/content/drive/MyDrive/DataSet_Voice/disgust/03-01-07-02-01-01-18.wav,disgust,1
/content/drive/MyDrive/DataSet_Voice/disgust/OAF_chair_disgust.wav,disgust,1
/content/drive/MyDrive/DataSet_Voice/disgust/03-01-07-01-02-02-22.wav,disgust,1
/content/drive/MyDrive/DataSet_Voice/disgust/OAF_food_disgust.wav,disgust,1
/content/drive/MyDrive/DataSet_Voice/disgust/03-01-07-02-01-01-22.wav,disgust,1
/content/drive/MyDrive/DataSet_Voice/disgust/OAF_gap_disgust.wav,disgust,1
/content/drive/MyDrive/DataSet_Voice/disgust/OAF_germ_disgust.wav,disgust,1
/content/drive/MyDrive/DataSet_Voice/disgust/OAF_love_disgust.wav,disgust,1
/content/drive/MyDrive/DataSet_Voice/disgust/OAF_jail_disgust.wav,disgust,1
/content/drive/MyDrive/DataSet_Voice/disgust/OAF_dime_disgust.wav,disgust,1
/content/drive/MyDrive/DataSet_Voice/disgust/OAF_dip_disgust.wav,disgust,1
/content/drive/MyDrive/DataSet_Voice/disgust/OAF_gas_disgust.wav,disgust,1
/content/drive/MyDrive/DataSet_Voice/disgust/03-01-07-01-01-02-20.wav,disgust,1
/content/drive/MyDrive/DataSet_Voice/disgust/03-01-07-02-02-02-20.wav,disgust,1
/content/drive/MyDrive/DataSet_Voice/disgust/OAF_chalk_disgust.wav,disgust,1
/content/drive/MyDrive/DataSet_Voice/disgust/OAF_burn_disgust.wav,disgust,1
/content/drive/MyDrive/DataSet_Voice/disgust/OAF_gun_disgust.wav,disgust,1
/content/drive/MyDrive/DataSet_Voice/disgust/OAF_learn_disgust.wav,disgust,1
/content/drive/MyDrive/DataSet_Voice/disgust/OAF_knock_disgust.wav,disgust,1
/content/drive/MyDrive/DataSet_Voice/disgust/OAF_met_disgust.wav,disgust,1
/content/drive/MyDrive/DataSet_Voice/disgust/03-01-07-02-01-01-23.wav,disgust,1
/content/drive/MyDrive/DataSet_Voice/disgust/OAF_dodge_disgust.wav,disgust,1
/content/drive/MyDrive/DataSet_Voice/disgust/03-01-07-02-02-01-23.wav,disgust,1
/content/drive/MyDrive/DataSet_Voice/disgust/OAF_lease_disgust.wav,disgust,1
/content/drive/MyDrive/DataSet_Voice/disgust/OAF_death_disgust.wav,disgust,1
/content/drive/MyDrive/DataSet_Voice/disgust/OAF_bone_disgust.wav,disgust,1
/content/drive/MyDrive/DataSet_Voice/disgust/OAF_moon_disgust.wav,disgust,1
/content/drive/MyDrive/DataSet_Voice/disgust/OAF_home_disgust.wav,disgust,1
/content/drive/MyDrive/DataSet_Voice/disgust/03-01-07-01-01-01-23.wav,disgust,1
/content/drive/MyDrive/DataSet_Voice/disgust/OAF_hole_disgust.wav,disgust,1
/content/drive/MyDrive/DataSet_Voice/disgust/OAF_check_disgust.wav,disgust,1
/content/drive/MyDrive/DataSet_Voice/disgust/03-01-07-01-02-02-23.wav,disgust,1
/content/drive/MyDrive/DataSet_Voice/disgust/OAF_five_disgust.wav,disgust,1
/content/drive/MyDrive/DataSet_Voice/disgust/OAF_keep_disgust.wav,disgust,1
/content/drive/MyDrive/DataSet_Voice/disgust/OAF_merge_disgust.wav,disgust,1
/content/drive/MyDrive/DataSet_Voice/disgust/OAF_make_disgust.wav,disgust,1
/content/drive/MyDrive/DataSet_Voice/disgust/OAF_far_disgust.wav,disgust,1
/content/drive/MyDrive/DataSet_Voice/disgust/03-01-07-01-01-01-18.wav,disgust,1
/content/drive/MyDrive/DataSet_Voice/disgust/OAF_get_disgust.wav,disgust,1
/content/drive/MyDrive/DataSet_Voice/disgust/03-01-07-02-02-02-18.wav,disgust,1
/content/drive/MyDrive/DataSet_Voice/disgust/OAF_bath_disgust.wav,disgust,1
/content/drive/MyDrive/DataSet_Voice/disgust/03-01-07-02-02-01-20.wav,disgust,1
/content/drive/MyDrive/DataSet_Voice/disgust/03-01-07-01-02-02-21.wav,disgust,1
/content/drive/MyDrive/DataSet_Voice/disgust/OAF_kill_disgust.wav,disgust,1
/content/drive/MyDrive/DataSet_Voice/disgust/OAF_hurl_disgust.wav,disgust,1
/content/drive/MyDrive/DataSet_Voice/disgust/OAF_life_disgust.wav,disgust,1
/content/drive/MyDrive/DataSet_Voice/disgust/OAF_dead_disgust.wav,disgust,1
/content/drive/MyDrive/DataSet_Voice/disgust/OAF_date_disgust.wav,disgust,1
/content/drive/MyDrive/DataSet_Voice/disgust/03-01-07-02-02-02-24.wav,disgust,1
/content/drive/MyDrive/DataSet_Voice/disgust/OAF_kite_disgust.wav,disgust,1
/content/drive/MyDrive/DataSet_Voice/disgust/03-01-07-01-01-01-24.wav,disgust,1
/content/drive/MyDrive/DataSet_Voice/disgust/OAF_mouse_disgust.wav,disgust,1
/content/drive/MyDrive/DataSet_Voice/disgust/OAF_fail_disgust.wav,disgust,1
/content/drive/MyDrive/DataSet_Voice/disgust/OAF_judge_disgust.wav,disgust,1
/content/drive/MyDrive/DataSet_Voice/disgust/OAF_hush_disgust.wav,disgust,1
/content/drive/MyDrive/DataSet_Voice/disgust/OAF_lose_disgust.wav,disgust,1
/content/drive/MyDrive/DataSet_Voice/disgust/03-01-07-02-01-02-19.wav,disgust,1
/content/drive/MyDrive/DataSet_Voice/disgust/03-01-07-02-02-01-19.wav,disgust,1
/content/drive/MyDrive/DataSet_Voice/disgust/03-01-07-02-01-02-21.wav,disgust,1
/content/drive/MyDrive/DataSet_Voice/disgust/OAF_beg_disgust.wav,disgust,1
/content/drive/MyDrive/DataSet_Voice/disgust/03-01-07-02-02-01-24.wav,disgust,1
/content/drive/MyDrive/DataSet_Voice/disgust/03-01-07-02-01-01-24.wav,disgust,1
/content/drive/MyDrive/DataSet_Voice/disgust/03-01-07-01-01-01-19.wav,disgust,1
/content/drive/MyDrive/DataSet_Voice/disgust/OAF_doll_disgust.wav,disgust,1
/content/drive/MyDrive/DataSet_Voice/disgust/03-01-07-02-02-01-22.wav,disgust,1
/content/drive/MyDrive/DataSet_Voice/disgust/OAF_live_disgust.wav,disgust,1
/content/drive/MyDrive/DataSet_Voice/disgust/OAF_join_disgust.wav,disgust,1
/content/drive/MyDrive/DataSet_Voice/disgust/OAF_hire_disgust.wav,disgust,1
/content/drive/MyDrive/DataSet_Voice/disgust/OAF_deep_disgust.wav,disgust,1
/content/drive/MyDrive/DataSet_Voice/disgust/03-01-07-02-01-01-19.wav,disgust,1
/content/drive/MyDrive/DataSet_Voice/disgust/OAF_lot_disgust.wav,disgust,1
/content/drive/MyDrive/DataSet_Voice/disgust/03-01-07-01-01-02-19.wav,disgust,1
/content/drive/MyDrive/DataSet_Voice/disgust/03-01-07-02-02-01-21.wav,disgust,1
/content/drive/MyDrive/DataSet_Voice/disgust/03-01-07-02-01-02-18.wav,disgust,1
/content/drive/MyDrive/DataSet_Voice/disgust/OAF_cheek_disgust.wav,disgust,1
/content/drive/MyDrive/DataSet_Voice/disgust/OAF_came_disgust.wav,disgust,1
/content/drive/MyDrive/DataSet_Voice/disgust/03-01-07-02-01-02-23.wav,disgust,1
/content/drive/MyDrive/DataSet_Voice/disgust/OAF_chat_disgust.wav,disgust,1
/content/drive/MyDrive/DataSet_Voice/disgust/OAF_back_disgust.wav,disgust,1
/content/drive/MyDrive/DataSet_Voice/disgust/03-01-07-01-01-01-21.wav,disgust,1
/content/drive/MyDrive/DataSet_Voice/disgust/OAF_fall_disgust.wav,disgust,1
/content/drive/MyDrive/DataSet_Voice/disgust/OAF_gin_disgust.wav,disgust,1
/content/drive/MyDrive/DataSet_Voice/disgust/OAF_bite_disgust.wav,disgust,1
/content/drive/MyDrive/DataSet_Voice/disgust/OAF_match_disgust.wav,disgust,1
/content/drive/MyDrive/DataSet_Voice/disgust/03-01-07-01-01-02-23.wav,disgust,1
/content/drive/MyDrive/DataSet_Voice/disgust/03-01-07-02-01-01-20.wav,disgust,1
/content/drive/MyDrive/DataSet_Voice/disgust/OAF_keg_disgust.wav,disgust,1
/content/drive/MyDrive/DataSet_Voice/disgust/03-01-07-01-01-02-24.wav,disgust,1
/content/drive/MyDrive/DataSet_Voice/disgust/OAF_hash_disgust.wav,disgust,1
/content/drive/MyDrive/DataSet_Voice/disgust/OAF_base_disgust.wav,disgust,1
/content/drive/MyDrive/DataSet_Voice/disgust/OAF_loaf_disgust.wav,disgust,1
/content/drive/MyDrive/DataSet_Voice/disgust/03-01-07-01-02-01-24.wav,disgust,1
/content/drive/MyDrive/DataSet_Voice/disgust/OAF_mop_disgust.wav,disgust,1
/content/drive/MyDrive/DataSet_Voice/disgust/03-01-07-01-02-02-24.wav,disgust,1
/content/drive/MyDrive/DataSet_Voice/disgust/03-01-07-02-02-01-18.wav,disgust,1
/content/drive/MyDrive/DataSet_Voice/disgust/03-01-07-01-02-01-21.wav,disgust,1
/content/drive/MyDrive/DataSet_Voice/disgust/OAF_good_disgust.wav,disgust,1
/content/drive/MyDrive/DataSet_Voice/disgust/OAF_fat_disgust.wav,disgust,1
/content/drive/MyDrive/DataSet_Voice/disgust/OAF_cause_disgust.wav,disgust,1
/content/drive/MyDrive/DataSet_Voice/disgust/OAF_mob_disgust.wav,disgust,1
/content/drive/MyDrive/DataSet_Voice/disgust/OAF_bar_disgust.wav,disgust,1
/content/drive/MyDrive/DataSet_Voice/disgust/OAF_calm_disgust.wav,disgust,1
/content/drive/MyDrive/DataSet_Voice/disgust/03-01-07-02-02-02-22.wav,disgust,1
/content/drive/MyDrive/DataSet_Voice/disgust/OAF_half_disgust.wav,disgust,1
/content/drive/MyDrive/DataSet_Voice/disgust/OAF_hate_disgust.wav,disgust,1
/content/drive/MyDrive/DataSet_Voice/disgust/OAF_fit_disgust.wav,disgust,1
/content/drive/MyDrive/DataSet_Voice/disgust/OAF_goal_disgust.wav,disgust,1
/content/drive/MyDrive/DataSet_Voice/disgust/03-01-07-02-02-02-21.wav,disgust,1
/content/drive/MyDrive/DataSet_Voice/disgust/OAF_chief_disgust.wav,disgust,1
/content/drive/MyDrive/DataSet_Voice/disgust/OAF_keen_disgust.wav,disgust,1
/content/drive/MyDrive/DataSet_Voice/disgust/OAF_bean_disgust.wav,disgust,1
/content/drive/MyDrive/DataSet_Voice/disgust/OAF_mill_disgust.wav,disgust,1
/content/drive/MyDrive/DataSet_Voice/disgust/OAF_cab_disgust.wav,disgust,1
/content/drive/MyDrive/DataSet_Voice/disgust/OAF_mess_disgust.wav,disgust,1
/content/drive/MyDrive/DataSet_Voice/disgust/OAF_juice_disgust.wav,disgust,1
/content/drive/MyDrive/DataSet_Voice/disgust/OAF_have_disgust.wav,disgust,1
/content/drive/MyDrive/DataSet_Voice/disgust/OAF_cool_disgust.wav,disgust,1
/content/drive/MyDrive/DataSet_Voice/disgust/OAF_limb_disgust.wav,disgust,1
/content/drive/MyDrive/DataSet_Voice/disgust/03-01-07-01-02-01-19.wav,disgust,1
/content/drive/MyDrive/DataSet_Voice/disgust/OAF_long_disgust.wav,disgust,1
/content/drive/MyDrive/DataSet_Voice/disgust/03-01-07-01-02-02-18.wav,disgust,1
/content/drive/MyDrive/DataSet_Voice/disgust/OAF_haze_disgust.wav,disgust,1
/content/drive/MyDrive/DataSet_Voice/disgust/OAF_laud_disgust.wav,disgust,1
/content/drive/MyDrive/DataSet_Voice/disgust/03-01-07-02-01-02-20.wav,disgust,1
/content/drive/MyDrive/DataSet_Voice/disgust/OAF_luck_disgust.wav,disgust,1
/content/drive/MyDrive/DataSet_Voice/disgust/03-01-07-01-02-02-20.wav,disgust,1
/content/drive/MyDrive/DataSet_Voice/disgust/OAF_hall_disgust.wav,disgust,1
/content/drive/MyDrive/DataSet_Voice/disgust/03-01-07-01-01-01-20.wav,disgust,1
/content/drive/MyDrive/DataSet_Voice/disgust/OAF_mood_disgust.wav,disgust,1
/content/drive/MyDrive/DataSet_Voice/disgust/03-01-07-01-02-02-19.wav,disgust,1
/content/drive/MyDrive/DataSet_Voice/disgust/OAF_jar_disgust.wav,disgust,1
/content/drive/MyDrive/DataSet_Voice/disgust/OAF_dog_disgust.wav,disgust,1
/content/drive/MyDrive/DataSet_Voice/disgust/OAF_chain_disgust.wav,disgust,1
/content/drive/MyDrive/DataSet_Voice/disgust/OAF_late_disgust.wav,disgust,1
/content/drive/MyDrive/DataSet_Voice/disgust/OAF_thin_disgust.wav,disgust,1
/content/drive/MyDrive/DataSet_Voice/disgust/OAF_talk_disgust.wav,disgust,1
/content/drive/MyDrive/DataSet_Voice/disgust/OAF_room_disgust.wav,disgust,1
/content/drive/MyDrive/DataSet_Voice/disgust/YAF_far_disgust.wav,disgust,1
/content/drive/MyDrive/DataSet_Voice/disgust/OAF_tool_disgust.wav,disgust,1
/content/drive/MyDrive/DataSet_Voice/disgust/OAF_read_disgust.wav,disgust,1
/content/drive/MyDrive/DataSet_Voice/disgust/OAF_yes_disgust.wav,disgust,1
/content/drive/MyDrive/DataSet_Voice/disgust/OAF_which_disgust.wav,disgust,1
/content/drive/MyDrive/DataSet_Voice/disgust/YAF_hit_disgust.wav,disgust,1
/content/drive/MyDrive/DataSet_Voice/disgust/OAF_whip_disgust.wav,disgust,1
/content/drive/MyDrive/DataSet_Voice/disgust/YAF_chief_disgust.wav,disgust,1
/content/drive/MyDrive/DataSet_Voice/disgust/OAF_wash_disgust.wav,disgust,1
/content/drive/MyDrive/DataSet_Voice/disgust/OAF_search_disgust.wav,disgust,1
/content/drive/MyDrive/DataSet_Voice/disgust/YAF_gaze_disgust.wav,disgust,1
/content/drive/MyDrive/DataSet_Voice/disgust/YAF_death_disgust.wav,disgust,1
/content/drive/MyDrive/DataSet_Voice/disgust/YAF_date_disgust.wav,disgust,1
/content/drive/MyDrive/DataSet_Voice/disgust/OAF_shawl_disgust.wav,disgust,1
/content/drive/MyDrive/DataSet_Voice/disgust/OAF_perch_disgust.wav,disgust,1
/content/drive/MyDrive/DataSet_Voice/disgust/OAF_youth_disgust.wav,disgust,1
/content/drive/MyDrive/DataSet_Voice/disgust/YAF_base_disgust.wav,disgust,1
/content/drive/MyDrive/DataSet_Voice/disgust/YAF_cheek_disgust.wav,disgust,1
/content/drive/MyDrive/DataSet_Voice/disgust/OAF_take_disgust.wav,disgust,1
/content/drive/MyDrive/DataSet_Voice/disgust/YAF_have_disgust.wav,disgust,1
/content/drive/MyDrive/DataSet_Voice/disgust/OAF_raise_disgust.wav,disgust,1
/content/drive/MyDrive/DataSet_Voice/disgust/YAF_cause_disgust.wav,disgust,1
/content/drive/MyDrive/DataSet_Voice/disgust/OAF_rush_disgust.wav,disgust,1
/content/drive/MyDrive/DataSet_Voice/disgust/YAF_good_disgust.wav,disgust,1
/content/drive/MyDrive/DataSet_Voice/disgust/YAF_gas_disgust.wav,disgust,1
/content/drive/MyDrive/DataSet_Voice/disgust/YAF_hall_disgust.wav,disgust,1
/content/drive/MyDrive/DataSet_Voice/disgust/OAF_pearl_disgust.wav,disgust,1
/content/drive/MyDrive/DataSet_Voice/disgust/OAF_page_disgust.wav,disgust,1
/content/drive/MyDrive/DataSet_Voice/disgust/YAF_food_disgust.wav,disgust,1
/content/drive/MyDrive/DataSet_Voice/disgust/OAF_sub_disgust.wav,disgust,1
/content/drive/MyDrive/DataSet_Voice/disgust/OAF_week_disgust.wav,disgust,1
/content/drive/MyDrive/DataSet_Voice/disgust/YAF_dead_disgust.wav,disgust,1
/content/drive/MyDrive/DataSet_Voice/disgust/OAF_soup_disgust.wav,disgust,1
/content/drive/MyDrive/DataSet_Voice/disgust/YAF_join_disgust.wav,disgust,1
/content/drive/MyDrive/DataSet_Voice/disgust/OAF_vote_disgust.wav,disgust,1
/content/drive/MyDrive/DataSet_Voice/disgust/OAF_thought_disgust.wav,disgust,1
/content/drive/MyDrive/DataSet_Voice/disgust/YAF_haze_disgust.wav,disgust,1
/content/drive/MyDrive/DataSet_Voice/disgust/OAF_sheep_disgust.wav,disgust,1
/content/drive/MyDrive/DataSet_Voice/disgust/OAF_pike_disgust.wav,disgust,1
/content/drive/MyDrive/DataSet_Voice/disgust/YAF_cool_disgust.wav,disgust,1
/content/drive/MyDrive/DataSet_Voice/disgust/YAF_burn_disgust.wav,disgust,1
/content/drive/MyDrive/DataSet_Voice/disgust/OAF_tell_disgust.wav,disgust,1
/content/drive/MyDrive/DataSet_Voice/disgust/YAF_fail_disgust.wav,disgust,1
/content/drive/MyDrive/DataSet_Voice/disgust/OAF_tip_disgust.wav,disgust,1
/content/drive/MyDrive/DataSet_Voice/disgust/YAF_jar_disgust.wav,disgust,1
/content/drive/MyDrive/DataSet_Voice/disgust/YAF_hash_disgust.wav,disgust,1
/content/drive/MyDrive/DataSet_Voice/disgust/OAF_soap_disgust.wav,disgust,1
/content/drive/MyDrive/DataSet_Voice/disgust/YAF_hole_disgust.wav,disgust,1
/content/drive/MyDrive/DataSet_Voice/disgust/OAF_voice_disgust.wav,disgust,1
/content/drive/MyDrive/DataSet_Voice/disgust/OAF_south_disgust.wav,disgust,1
/content/drive/MyDrive/DataSet_Voice/disgust/OAF_young_disgust.wav,disgust,1
/content/drive/MyDrive/DataSet_Voice/disgust/YAF_deep_disgust.wav,disgust,1
/content/drive/MyDrive/DataSet_Voice/disgust/YAF_choice_disgust.wav,disgust,1
/content/drive/MyDrive/DataSet_Voice/disgust/OAF_shall_disgust.wav,disgust,1
/content/drive/MyDrive/DataSet_Voice/disgust/OAF_pain_disgust.wav,disgust,1
/content/drive/MyDrive/DataSet_Voice/disgust/OAF_red_disgust.wav,disgust,1
/content/drive/MyDrive/DataSet_Voice/disgust/YAF_bean_disgust.wav,disgust,1
/content/drive/MyDrive/DataSet_Voice/disgust/OAF_sail_disgust.wav,disgust,1
/content/drive/MyDrive/DataSet_Voice/disgust/OAF_pool_disgust.wav,disgust,1
/content/drive/MyDrive/DataSet_Voice/disgust/OAF_ring_disgust.wav,disgust,1
/content/drive/MyDrive/DataSet_Voice/disgust/YAF_chalk_disgust.wav,disgust,1
/content/drive/MyDrive/DataSet_Voice/disgust/OAF_wife_disgust.wav,disgust,1
/content/drive/MyDrive/DataSet_Voice/disgust/OAF_nice_disgust.wav,disgust,1
/content/drive/MyDrive/DataSet_Voice/disgust/YAF_hush_disgust.wav,disgust,1
/content/drive/MyDrive/DataSet_Voice/disgust/OAF_road_disgust.wav,disgust,1
/content/drive/MyDrive/DataSet_Voice/disgust/OAF_wheat_disgust.wav,disgust,1
/content/drive/MyDrive/DataSet_Voice/disgust/YAF_dog_disgust.wav,disgust,1
/content/drive/MyDrive/DataSet_Voice/disgust/YAF_gin_disgust.wav,disgust,1
/content/drive/MyDrive/DataSet_Voice/disgust/OAF_phone_disgust.wav,disgust,1
/content/drive/MyDrive/DataSet_Voice/disgust/OAF_note_disgust.wav,disgust,1
/content/drive/MyDrive/DataSet_Voice/disgust/OAF_nag_disgust.wav,disgust,1
/content/drive/MyDrive/DataSet_Voice/disgust/YAF_bought_disgust.wav,disgust,1
/content/drive/MyDrive/DataSet_Voice/disgust/YAF_back_disgust.wav,disgust,1
/content/drive/MyDrive/DataSet_Voice/disgust/OAF_rough_disgust.wav,disgust,1
/content/drive/MyDrive/DataSet_Voice/disgust/YAF_judge_disgust.wav,disgust,1
/content/drive/MyDrive/DataSet_Voice/disgust/YAF_dip_disgust.wav,disgust,1
/content/drive/MyDrive/DataSet_Voice/disgust/YAF_fat_disgust.wav,disgust,1
/content/drive/MyDrive/DataSet_Voice/disgust/OAF_should_disgust.wav,disgust,1
/content/drive/MyDrive/DataSet_Voice/disgust/YAF_ditch_disgust.wav,disgust,1
/content/drive/MyDrive/DataSet_Voice/disgust/OAF_shirt_disgust.wav,disgust,1
/content/drive/MyDrive/DataSet_Voice/disgust/OAF_neat_disgust.wav,disgust,1
/content/drive/MyDrive/DataSet_Voice/disgust/OAF_yearn_disgust.wav,disgust,1
/content/drive/MyDrive/DataSet_Voice/disgust/OAF_third_disgust.wav,disgust,1
/content/drive/MyDrive/DataSet_Voice/disgust/OAF_reach_disgust.wav,disgust,1
/content/drive/MyDrive/DataSet_Voice/disgust/YAF_dab_disgust.wav,disgust,1
/content/drive/MyDrive/DataSet_Voice/disgust/YAF_fall_disgust.wav,disgust,1
/content/drive/MyDrive/DataSet_Voice/disgust/YAF_bone_disgust.wav,disgust,1
/content/drive/MyDrive/DataSet_Voice/disgust/YAF_hire_disgust.wav,disgust,1
/content/drive/MyDrive/DataSet_Voice/disgust/YAF_five_disgust.wav,disgust,1
/content/drive/MyDrive/DataSet_Voice/disgust/YAF_goose_disgust.wav,disgust,1
/content/drive/MyDrive/DataSet_Voice/disgust/YAF_beg_disgust.wav,disgust,1
/content/drive/MyDrive/DataSet_Voice/disgust/OAF_such_disgust.wav,disgust,1
/content/drive/MyDrive/DataSet_Voice/disgust/YAF_cab_disgust.wav,disgust,1
/content/drive/MyDrive/DataSet_Voice/disgust/OAF_void_disgust.wav,disgust,1
/content/drive/MyDrive/DataSet_Voice/disgust/YAF_germ_disgust.wav,disgust,1
/content/drive/MyDrive/DataSet_Voice/disgust/OAF_pole_disgust.wav,disgust,1
/content/drive/MyDrive/DataSet_Voice/disgust/OAF_ton_disgust.wav,disgust,1
/content/drive/MyDrive/DataSet_Voice/disgust/OAF_team_disgust.wav,disgust,1
/content/drive/MyDrive/DataSet_Voice/disgust/OAF_pass_disgust.wav,disgust,1
/content/drive/MyDrive/DataSet_Voice/disgust/YAF_get_disgust.wav,disgust,1
/content/drive/MyDrive/DataSet_Voice/disgust/YAF_dodge_disgust.wav,disgust,1
/content/drive/MyDrive/DataSet_Voice/disgust/OAF_ripe_disgust.wav,disgust,1
/content/drive/MyDrive/DataSet_Voice/disgust/OAF_name_disgust.wav,disgust,1
/content/drive/MyDrive/DataSet_Voice/disgust/YAF_dime_disgust.wav,disgust,1
/content/drive/MyDrive/DataSet_Voice/disgust/OAF_wag_disgust.wav,disgust,1
/content/drive/MyDrive/DataSet_Voice/disgust/YAF_jail_disgust.wav,disgust,1
/content/drive/MyDrive/DataSet_Voice/disgust/OAF_said_disgust.wav,disgust,1
/content/drive/MyDrive/DataSet_Voice/disgust/YAF_check_disgust.wav,disgust,1
/content/drive/MyDrive/DataSet_Voice/disgust/OAF_thumb_disgust.wav,disgust,1
/content/drive/MyDrive/DataSet_Voice/disgust/YAF_goal_disgust.wav,disgust,1
/content/drive/MyDrive/DataSet_Voice/disgust/YAF_bar_disgust.wav,disgust,1
/content/drive/MyDrive/DataSet_Voice/disgust/YAF_chair_disgust.wav,disgust,1
/content/drive/MyDrive/DataSet_Voice/disgust/OAF_turn_disgust.wav,disgust,1
/content/drive/MyDrive/DataSet_Voice/disgust/OAF_vine_disgust.wav,disgust,1
/content/drive/MyDrive/DataSet_Voice/disgust/YAF_half_disgust.wav,disgust,1
/content/drive/MyDrive/DataSet_Voice/disgust/OAF_sour_disgust.wav,disgust,1
/content/drive/MyDrive/DataSet_Voice/disgust/OAF_size_disgust.wav,disgust,1
/content/drive/MyDrive/DataSet_Voice/disgust/YAF_book_disgust.wav,disgust,1
/content/drive/MyDrive/DataSet_Voice/disgust/YAF_jug_disgust.wav,disgust,1
/content/drive/MyDrive/DataSet_Voice/disgust/OAF_puff_disgust.wav,disgust,1
/content/drive/MyDrive/DataSet_Voice/disgust/YAF_chat_disgust.wav,disgust,1
/content/drive/MyDrive/DataSet_Voice/disgust/OAF_near_disgust.wav,disgust,1
/content/drive/MyDrive/DataSet_Voice/disgust/YAF_boat_disgust.wav,disgust,1
/content/drive/MyDrive/DataSet_Voice/disgust/OAF_rag_disgust.wav,disgust,1
/content/drive/MyDrive/DataSet_Voice/disgust/YAF_doll_disgust.wav,disgust,1
/content/drive/MyDrive/DataSet_Voice/disgust/OAF_sell_disgust.wav,disgust,1
/content/drive/MyDrive/DataSet_Voice/disgust/OAF_tough_disgust.wav,disgust,1
/content/drive/MyDrive/DataSet_Voice/disgust/OAF_tape_disgust.wav,disgust,1
/content/drive/MyDrive/DataSet_Voice/disgust/OAF_shout_disgust.wav,disgust,1
/content/drive/MyDrive/DataSet_Voice/disgust/YAF_calm_disgust.wav,disgust,1
/content/drive/MyDrive/DataSet_Voice/disgust/YAF_bite_disgust.wav,disgust,1
/content/drive/MyDrive/DataSet_Voice/disgust/OAF_wire_disgust.wav,disgust,1
/content/drive/MyDrive/DataSet_Voice/disgust/YAF_gun_disgust.wav,disgust,1
/content/drive/MyDrive/DataSet_Voice/disgust/OAF_rot_disgust.wav,disgust,1
/content/drive/MyDrive/DataSet_Voice/disgust/OAF_pad_disgust.wav,disgust,1
/content/drive/MyDrive/DataSet_Voice/disgust/YAF_hate_disgust.wav,disgust,1
/content/drive/MyDrive/DataSet_Voice/disgust/OAF_when_disgust.wav,disgust,1
/content/drive/MyDrive/DataSet_Voice/disgust/OAF_shack_disgust.wav,disgust,1
/content/drive/MyDrive/DataSet_Voice/disgust/OAF_raid_disgust.wav,disgust,1
/content/drive/MyDrive/DataSet_Voice/disgust/YAF_gap_disgust.wav,disgust,1
/content/drive/MyDrive/DataSet_Voice/disgust/OAF_seize_disgust.wav,disgust,1
/content/drive/MyDrive/DataSet_Voice/disgust/OAF_pick_disgust.wav,disgust,1
/content/drive/MyDrive/DataSet_Voice/disgust/YAF_fit_disgust.wav,disgust,1
/content/drive/MyDrive/DataSet_Voice/disgust/YAF_came_disgust.wav,disgust,1
/content/drive/MyDrive/DataSet_Voice/disgust/YAF_hurl_disgust.wav,disgust,1
/content/drive/MyDrive/DataSet_Voice/disgust/OAF_sure_disgust.wav,disgust,1
/content/drive/MyDrive/DataSet_Voice/disgust/YAF_juice_disgust.wav,disgust,1
/content/drive/MyDrive/DataSet_Voice/disgust/YAF_home_disgust.wav,disgust,1
/content/drive/MyDrive/DataSet_Voice/disgust/OAF_white_disgust.wav,disgust,1
/content/drive/MyDrive/DataSet_Voice/disgust/YAF_chain_disgust.wav,disgust,1
/content/drive/MyDrive/DataSet_Voice/disgust/OAF_walk_disgust.wav,disgust,1
/content/drive/MyDrive/DataSet_Voice/disgust/YAF_door_disgust.wav,disgust,1
/content/drive/MyDrive/DataSet_Voice/disgust/OAF_witch_disgust.wav,disgust,1
/content/drive/MyDrive/DataSet_Voice/disgust/OAF_rose_disgust.wav,disgust,1
/content/drive/MyDrive/DataSet_Voice/disgust/OAF_time_disgust.wav,disgust,1
/content/drive/MyDrive/DataSet_Voice/disgust/OAF_tire_disgust.wav,disgust,1
/content/drive/MyDrive/DataSet_Voice/disgust/OAF_rain_disgust.wav,disgust,1
/content/drive/MyDrive/DataSet_Voice/disgust/OAF_numb_disgust.wav,disgust,1
/content/drive/MyDrive/DataSet_Voice/disgust/OAF_rat_disgust.wav,disgust,1
/content/drive/MyDrive/DataSet_Voice/disgust/YAF_bath_disgust.wav,disgust,1
/content/drive/MyDrive/DataSet_Voice/disgust/OAF_peg_disgust.wav,disgust,1
/content/drive/MyDrive/DataSet_Voice/disgust/YAF_pad_disgust.wav,disgust,1
/content/drive/MyDrive/DataSet_Voice/disgust/YAF_shall_disgust.wav,disgust,1
/content/drive/MyDrive/DataSet_Voice/disgust/YAF_loaf_disgust.wav,disgust,1
/content/drive/MyDrive/DataSet_Voice/disgust/YAF_tip_disgust.wav,disgust,1
/content/drive/MyDrive/DataSet_Voice/disgust/YAF_live_disgust.wav,disgust,1
/content/drive/MyDrive/DataSet_Voice/disgust/YAF_lot_disgust.wav,disgust,1
/content/drive/MyDrive/DataSet_Voice/disgust/YAF_should_disgust.wav,disgust,1
/content/drive/MyDrive/DataSet_Voice/disgust/YAF_make_disgust.wav,disgust,1
/content/drive/MyDrive/DataSet_Voice/disgust/YAF_sub_disgust.wav,disgust,1
/content/drive/MyDrive/DataSet_Voice/disgust/YAF_wife_disgust.wav,disgust,1
/content/drive/MyDrive/DataSet_Voice/disgust/YAF_rush_disgust.wav,disgust,1
/content/drive/MyDrive/DataSet_Voice/disgust/YAF_sell_disgust.wav,disgust,1
/content/drive/MyDrive/DataSet_Voice/disgust/YAF_pain_disgust.wav,disgust,1
/content/drive/MyDrive/DataSet_Voice/disgust/YAF_soap_disgust.wav,disgust,1
/content/drive/MyDrive/DataSet_Voice/disgust/YAF_nag_disgust.wav,disgust,1
/content/drive/MyDrive/DataSet_Voice/disgust/YAF_sour_disgust.wav,disgust,1
/content/drive/MyDrive/DataSet_Voice/disgust/YAF_near_disgust.wav,disgust,1
/content/drive/MyDrive/DataSet_Voice/disgust/YAF_lid_disgust.wav,disgust,1
/content/drive/MyDrive/DataSet_Voice/disgust/YAF_lease_disgust.wav,disgust,1
/content/drive/MyDrive/DataSet_Voice/disgust/YAF_time_disgust.wav,disgust,1
/content/drive/MyDrive/DataSet_Voice/disgust/YAF_seize_disgust.wav,disgust,1
/content/drive/MyDrive/DataSet_Voice/disgust/YAF_learn_disgust.wav,disgust,1
/content/drive/MyDrive/DataSet_Voice/disgust/YAF_yes_disgust.wav,disgust,1
/content/drive/MyDrive/DataSet_Voice/disgust/YAF_ton_disgust.wav,disgust,1
/content/drive/MyDrive/DataSet_Voice/disgust/YAF_pike_disgust.wav,disgust,1
/content/drive/MyDrive/DataSet_Voice/disgust/YAF_voice_disgust.wav,disgust,1
/content/drive/MyDrive/DataSet_Voice/disgust/YAF_luck_disgust.wav,disgust,1
/content/drive/MyDrive/DataSet_Voice/disgust/YAF_turn_disgust.wav,disgust,1
/content/drive/MyDrive/DataSet_Voice/disgust/YAF_mouse_disgust.wav,disgust,1
/content/drive/MyDrive/DataSet_Voice/disgust/YAF_keen_disgust.wav,disgust,1
/content/drive/MyDrive/DataSet_Voice/disgust/YAF_puff_disgust.wav,disgust,1
/content/drive/MyDrive/DataSet_Voice/disgust/YAF_neat_disgust.wav,disgust,1
/content/drive/MyDrive/DataSet_Voice/disgust/YAF_white_disgust.wav,disgust,1
/content/drive/MyDrive/DataSet_Voice/disgust/YAF_reach_disgust.wav,disgust,1
/content/drive/MyDrive/DataSet_Voice/disgust/YAF_numb_disgust.wav,disgust,1
/content/drive/MyDrive/DataSet_Voice/disgust/YAF_mess_disgust.wav,disgust,1
/content/drive/MyDrive/DataSet_Voice/disgust/YAF_note_disgust.wav,disgust,1
/content/drive/MyDrive/DataSet_Voice/disgust/YAF_vote_disgust.wav,disgust,1
/content/drive/MyDrive/DataSet_Voice/disgust/YAF_void_disgust.wav,disgust,1
/content/drive/MyDrive/DataSet_Voice/disgust/YAF_name_disgust.wav,disgust,1
/content/drive/MyDrive/DataSet_Voice/disgust/YAF_met_disgust.wav,disgust,1
/content/drive/MyDrive/DataSet_Voice/disgust/YAF_wash_disgust.wav,disgust,1
/content/drive/MyDrive/DataSet_Voice/disgust/YAF_pick_disgust.wav,disgust,1
/content/drive/MyDrive/DataSet_Voice/disgust/YAF_ring_disgust.wav,disgust,1
/content/drive/MyDrive/DataSet_Voice/disgust/YAF_third_disgust.wav,disgust,1
/content/drive/MyDrive/DataSet_Voice/disgust/YAF_read_disgust.wav,disgust,1
/content/drive/MyDrive/DataSet_Voice/disgust/YAF_such_disgust.wav,disgust,1
/content/drive/MyDrive/DataSet_Voice/disgust/YAF_rag_disgust.wav,disgust,1
/content/drive/MyDrive/DataSet_Voice/disgust/YAF_vine_disgust.wav,disgust,1
/content/drive/MyDrive/DataSet_Voice/disgust/YAF_south_disgust.wav,disgust,1
/content/drive/MyDrive/DataSet_Voice/disgust/YAF_pool_disgust.wav,disgust,1
/content/drive/MyDrive/DataSet_Voice/disgust/YAF_raid_disgust.wav,disgust,1
/content/drive/MyDrive/DataSet_Voice/disgust/YAF_rain_disgust.wav,disgust,1
/content/drive/MyDrive/DataSet_Voice/disgust/YAF_keep_disgust.wav,disgust,1
/content/drive/MyDrive/DataSet_Voice/disgust/YAF_shout_disgust.wav,disgust,1
/content/drive/MyDrive/DataSet_Voice/disgust/YAF_phone_disgust.wav,disgust,1
/content/drive/MyDrive/DataSet_Voice/disgust/YAF_mop_disgust.wav,disgust,1
/content/drive/MyDrive/DataSet_Voice/disgust/YAF_said_disgust.wav,disgust,1
/content/drive/MyDrive/DataSet_Voice/disgust/YAF_pearl_disgust.wav,disgust,1
/content/drive/MyDrive/DataSet_Voice/disgust/YAF_shirt_disgust.wav,disgust,1
/content/drive/MyDrive/DataSet_Voice/disgust/YAF_thought_disgust.wav,disgust,1
/content/drive/MyDrive/DataSet_Voice/disgust/YAF_mood_disgust.wav,disgust,1
/content/drive/MyDrive/DataSet_Voice/disgust/YAF_raise_disgust.wav,disgust,1
/content/drive/MyDrive/DataSet_Voice/disgust/YAF_when_disgust.wav,disgust,1
/content/drive/MyDrive/DataSet_Voice/disgust/YAF_tough_disgust.wav,disgust,1
/content/drive/MyDrive/DataSet_Voice/disgust/YAF_red_disgust.wav,disgust,1
/content/drive/MyDrive/DataSet_Voice/disgust/YAF_rose_disgust.wav,disgust,1
/content/drive/MyDrive/DataSet_Voice/disgust/YAF_sheep_disgust.wav,disgust,1
/content/drive/MyDrive/DataSet_Voice/disgust/YAF_rat_disgust.wav,disgust,1
/content/drive/MyDrive/DataSet_Voice/disgust/YAF_pass_disgust.wav,disgust,1
/content/drive/MyDrive/DataSet_Voice/disgust/YAF_keg_disgust.wav,disgust,1
/content/drive/MyDrive/DataSet_Voice/disgust/YAF_walk_disgust.wav,disgust,1
/content/drive/MyDrive/DataSet_Voice/disgust/YAF_page_disgust.wav,disgust,1
/content/drive/MyDrive/DataSet_Voice/disgust/YAF_soup_disgust.wav,disgust,1
/content/drive/MyDrive/DataSet_Voice/disgust/YAF_shawl_disgust.wav,disgust,1
/content/drive/MyDrive/DataSet_Voice/disgust/YAF_youth_disgust.wav,disgust,1
/content/drive/MyDrive/DataSet_Voice/disgust/YAF_rot_disgust.wav,disgust,1
/content/drive/MyDrive/DataSet_Voice/disgust/YAF_peg_disgust.wav,disgust,1
/content/drive/MyDrive/DataSet_Voice/disgust/YAF_late_disgust.wav,disgust,1
/content/drive/MyDrive/DataSet_Voice/disgust/YAF_merge_disgust.wav,disgust,1
/content/drive/MyDrive/DataSet_Voice/disgust/YAF_lore_disgust.wav,disgust,1
/content/drive/MyDrive/DataSet_Voice/disgust/YAF_limb_disgust.wav,disgust,1
/content/drive/MyDrive/DataSet_Voice/disgust/YAF_witch_disgust.wav,disgust,1
/content/drive/MyDrive/DataSet_Voice/disgust/YAF_moon_disgust.wav,disgust,1
/content/drive/MyDrive/DataSet_Voice/disgust/YAF_wag_disgust.wav,disgust,1
/content/drive/MyDrive/DataSet_Voice/disgust/YAF_road_disgust.wav,disgust,1
/content/drive/MyDrive/DataSet_Voice/disgust/YAF_tape_disgust.wav,disgust,1
/content/drive/MyDrive/DataSet_Voice/disgust/YAF_tire_disgust.wav,disgust,1
/content/drive/MyDrive/DataSet_Voice/disgust/YAF_shack_disgust.wav,disgust,1
/content/drive/MyDrive/DataSet_Voice/disgust/YAF_rough_disgust.wav,disgust,1
/content/drive/MyDrive/DataSet_Voice/disgust/YAF_match_disgust.wav,disgust,1
/content/drive/MyDrive/DataSet_Voice/disgust/YAF_king_disgust.wav,disgust,1
/content/drive/MyDrive/DataSet_Voice/disgust/YAF_laud_disgust.wav,disgust,1
/content/drive/MyDrive/DataSet_Voice/disgust/YAF_week_disgust.wav,disgust,1
/content/drive/MyDrive/DataSet_Voice/disgust/YAF_mob_disgust.wav,disgust,1
/content/drive/MyDrive/DataSet_Voice/disgust/YAF_pole_disgust.wav,disgust,1
/content/drive/MyDrive/DataSet_Voice/disgust/YAF_kick_disgust.wav,disgust,1
/content/drive/MyDrive/DataSet_Voice/disgust/YAF_tell_disgust.wav,disgust,1
/content/drive/MyDrive/DataSet_Voice/disgust/YAF_life_disgust.wav,disgust,1
/content/drive/MyDrive/DataSet_Voice/disgust/YAF_thumb_disgust.wav,disgust,1
/content/drive/MyDrive/DataSet_Voice/disgust/YAF_perch_disgust.wav,disgust,1
/content/drive/MyDrive/DataSet_Voice/disgust/YAF_mode_disgust.wav,disgust,1
/content/drive/MyDrive/DataSet_Voice/disgust/YAF_whip_disgust.wav,disgust,1
/content/drive/MyDrive/DataSet_Voice/disgust/YAF_team_disgust.wav,disgust,1
/content/drive/MyDrive/DataSet_Voice/disgust/YAF_mill_disgust.wav,disgust,1
/content/drive/MyDrive/DataSet_Voice/disgust/YAF_talk_disgust.wav,disgust,1
/content/drive/MyDrive/DataSet_Voice/disgust/YAF_take_disgust.wav,disgust,1
/content/drive/MyDrive/DataSet_Voice/disgust/YAF_sail_disgust.wav,disgust,1
/content/drive/MyDrive/DataSet_Voice/disgust/YAF_lean_disgust.wav,disgust,1
/content/drive/MyDrive/DataSet_Voice/disgust/YAF_sure_disgust.wav,disgust,1
/content/drive/MyDrive/DataSet_Voice/disgust/YAF_knock_disgust.wav,disgust,1
/content/drive/MyDrive/DataSet_Voice/disgust/YAF_kill_disgust.wav,disgust,1
/content/drive/MyDrive/DataSet_Voice/disgust/YAF_lose_disgust.wav,disgust,1
/content/drive/MyDrive/DataSet_Voice/disgust/YAF_which_disgust.wav,disgust,1
/content/drive/MyDrive/DataSet_Voice/disgust/YAF_long_disgust.wav,disgust,1
/content/drive/MyDrive/DataSet_Voice/disgust/YAF_thin_disgust.wav,disgust,1
/content/drive/MyDrive/DataSet_Voice/disgust/YAF_ripe_disgust.wav,disgust,1
/content/drive/MyDrive/DataSet_Voice/disgust/YAF_nice_disgust.wav,disgust,1
/content/drive/MyDrive/DataSet_Voice/disgust/YAF_love_disgust.wav,disgust,1
/content/drive/MyDrive/DataSet_Voice/disgust/YAF_tool_disgust.wav,disgust,1
/content/drive/MyDrive/DataSet_Voice/disgust/YAF_wheat_disgust.wav,disgust,1
/content/drive/MyDrive/DataSet_Voice/disgust/YAF_yearn_disgust.wav,disgust,1
/content/drive/MyDrive/DataSet_Voice/disgust/YAF_search_disgust.wav,disgust,1
/content/drive/MyDrive/DataSet_Voice/disgust/YAF_wire_disgust.wav,disgust,1
/content/drive/MyDrive/DataSet_Voice/disgust/YAF_kite_disgust.wav,disgust,1
/content/drive/MyDrive/DataSet_Voice/disgust/YAF_room_disgust.wav,disgust,1
/content/drive/MyDrive/DataSet_Voice/disgust/YAF_size_disgust.wav,disgust,1
/content/drive/MyDrive/DataSet_Voice/disgust/YAF_young_disgust.wav,disgust,1
/content/drive/MyDrive/DataSet_Voice/disgust/1001_IEO_DIS_HI.wav,disgust,1
/content/drive/MyDrive/DataSet_Voice/disgust/1005_TSI_DIS_XX.wav,disgust,1
/content/drive/MyDrive/DataSet_Voice/disgust/1003_TSI_DIS_XX.wav,disgust,1
/content/drive/MyDrive/DataSet_Voice/disgust/1007_ITS_DIS_XX.wav,disgust,1
/content/drive/MyDrive/DataSet_Voice/disgust/1003_IWL_DIS_XX.wav,disgust,1
/content/drive/MyDrive/DataSet_Voice/disgust/1006_IEO_DIS_HI.wav,disgust,1
/content/drive/MyDrive/DataSet_Voice/disgust/1002_WSI_DIS_XX.wav,disgust,1
/content/drive/MyDrive/DataSet_Voice/disgust/1003_IEO_DIS_LO.wav,disgust,1
/content/drive/MyDrive/DataSet_Voice/disgust/1006_IOM_DIS_XX.wav,disgust,1
/content/drive/MyDrive/DataSet_Voice/disgust/1002_IEO_DIS_LO.wav,disgust,1
/content/drive/MyDrive/DataSet_Voice/disgust/1005_DFA_DIS_XX.wav,disgust,1
/content/drive/MyDrive/DataSet_Voice/disgust/1001_ITH_DIS_XX.wav,disgust,1
/content/drive/MyDrive/DataSet_Voice/disgust/1002_IEO_DIS_MD.wav,disgust,1
/content/drive/MyDrive/DataSet_Voice/disgust/1003_DFA_DIS_XX.wav,disgust,1
/content/drive/MyDrive/DataSet_Voice/disgust/1001_TSI_DIS_XX.wav,disgust,1
/content/drive/MyDrive/DataSet_Voice/disgust/1004_TAI_DIS_XX.wav,disgust,1
/content/drive/MyDrive/DataSet_Voice/disgust/1005_IOM_DIS_XX.wav,disgust,1
/content/drive/MyDrive/DataSet_Voice/disgust/1002_IOM_DIS_XX.wav,disgust,1
/content/drive/MyDrive/DataSet_Voice/disgust/1003_ITH_DIS_XX.wav,disgust,1
/content/drive/MyDrive/DataSet_Voice/disgust/1007_MTI_DIS_XX.wav,disgust,1
/content/drive/MyDrive/DataSet_Voice/disgust/1005_TAI_DIS_XX.wav,disgust,1
/content/drive/MyDrive/DataSet_Voice/disgust/1004_IOM_DIS_XX.wav,disgust,1
/content/drive/MyDrive/DataSet_Voice/disgust/1008_IEO_DIS_HI.wav,disgust,1
/content/drive/MyDrive/DataSet_Voice/disgust/1002_IEO_DIS_HI.wav,disgust,1
/content/drive/MyDrive/DataSet_Voice/disgust/1002_ITS_DIS_XX.wav,disgust,1
/content/drive/MyDrive/DataSet_Voice/disgust/1001_IEO_DIS_MD.wav,disgust,1
/content/drive/MyDrive/DataSet_Voice/disgust/1002_MTI_DIS_XX.wav,disgust,1
/content/drive/MyDrive/DataSet_Voice/disgust/1007_IWL_DIS_XX.wav,disgust,1
/content/drive/MyDrive/DataSet_Voice/disgust/1004_DFA_DIS_XX.wav,disgust,1
/content/drive/MyDrive/DataSet_Voice/disgust/1008_MTI_DIS_XX.wav,disgust,1
/content/drive/MyDrive/DataSet_Voice/disgust/1003_IEO_DIS_HI.wav,disgust,1
/content/drive/MyDrive/DataSet_Voice/disgust/1003_IEO_DIS_MD.wav,disgust,1
/content/drive/MyDrive/DataSet_Voice/disgust/1002_ITH_DIS_XX.wav,disgust,1
/content/drive/MyDrive/DataSet_Voice/disgust/1005_IWL_DIS_XX.wav,disgust,1
/content/drive/MyDrive/DataSet_Voice/disgust/1008_IOM_DIS_XX.wav,disgust,1
/content/drive/MyDrive/DataSet_Voice/disgust/1005_IWW_DIS_XX.wav,disgust,1
/content/drive/MyDrive/DataSet_Voice/disgust/1008_TAI_DIS_XX.wav,disgust,1
/content/drive/MyDrive/DataSet_Voice/disgust/1004_WSI_DIS_XX.wav,disgust,1
/content/drive/MyDrive/DataSet_Voice/disgust/1005_IEO_DIS_LO.wav,disgust,1
/content/drive/MyDrive/DataSet_Voice/disgust/1006_TSI_DIS_XX.wav,disgust,1
/content/drive/MyDrive/DataSet_Voice/disgust/1007_IWW_DIS_XX.wav,disgust,1
/content/drive/MyDrive/DataSet_Voice/disgust/1004_IEO_DIS_MD.wav,disgust,1
/content/drive/MyDrive/DataSet_Voice/disgust/1007_TSI_DIS_XX.wav,disgust,1
/content/drive/MyDrive/DataSet_Voice/disgust/1009_DFA_DIS_XX.wav,disgust,1
/content/drive/MyDrive/DataSet_Voice/disgust/1001_WSI_DIS_XX.wav,disgust,1
/content/drive/MyDrive/DataSet_Voice/disgust/1006_IWW_DIS_XX.wav,disgust,1
/content/drive/MyDrive/DataSet_Voice/disgust/1008_IEO_DIS_LO.wav,disgust,1
/content/drive/MyDrive/DataSet_Voice/disgust/1007_IOM_DIS_XX.wav,disgust,1
/content/drive/MyDrive/DataSet_Voice/disgust/1002_IWW_DIS_XX.wav,disgust,1
/content/drive/MyDrive/DataSet_Voice/disgust/1007_ITH_DIS_XX.wav,disgust,1
/content/drive/MyDrive/DataSet_Voice/disgust/1004_TSI_DIS_XX.wav,disgust,1
/content/drive/MyDrive/DataSet_Voice/disgust/1001_TIE_DIS_XX.wav,disgust,1
/content/drive/MyDrive/DataSet_Voice/disgust/1006_ITH_DIS_XX.wav,disgust,1
/content/drive/MyDrive/DataSet_Voice/disgust/1004_ITS_DIS_XX.wav,disgust,1
/content/drive/MyDrive/DataSet_Voice/disgust/1005_ITS_DIS_XX.wav,disgust,1
/content/drive/MyDrive/DataSet_Voice/disgust/1005_WSI_DIS_XX.wav,disgust,1
/content/drive/MyDrive/DataSet_Voice/disgust/1005_TIE_DIS_XX.wav,disgust,1
/content/drive/MyDrive/DataSet_Voice/disgust/1001_IWL_DIS_XX.wav,disgust,1
/content/drive/MyDrive/DataSet_Voice/disgust/1008_TIE_DIS_XX.wav,disgust,1
/content/drive/MyDrive/DataSet_Voice/disgust/1003_TIE_DIS_XX.wav,disgust,1
/content/drive/MyDrive/DataSet_Voice/disgust/1001_ITS_DIS_XX.wav,disgust,1
/content/drive/MyDrive/DataSet_Voice/disgust/1002_IWL_DIS_XX.wav,disgust,1
/content/drive/MyDrive/DataSet_Voice/disgust/1002_DFA_DIS_XX.wav,disgust,1
/content/drive/MyDrive/DataSet_Voice/disgust/1008_DFA_DIS_XX.wav,disgust,1
/content/drive/MyDrive/DataSet_Voice/disgust/1002_TAI_DIS_XX.wav,disgust,1
/content/drive/MyDrive/DataSet_Voice/disgust/1008_ITH_DIS_XX.wav,disgust,1
/content/drive/MyDrive/DataSet_Voice/disgust/1001_IWW_DIS_XX.wav,disgust,1
/content/drive/MyDrive/DataSet_Voice/disgust/1007_TAI_DIS_XX.wav,disgust,1
/content/drive/MyDrive/DataSet_Voice/disgust/1001_DFA_DIS_XX.wav,disgust,1
/content/drive/MyDrive/DataSet_Voice/disgust/1006_WSI_DIS_XX.wav,disgust,1
/content/drive/MyDrive/DataSet_Voice/disgust/1003_TAI_DIS_XX.wav,disgust,1
/content/drive/MyDrive/DataSet_Voice/disgust/1008_TSI_DIS_XX.wav,disgust,1
/content/drive/MyDrive/DataSet_Voice/disgust/1008_ITS_DIS_XX.wav,disgust,1
/content/drive/MyDrive/DataSet_Voice/disgust/1003_IOM_DIS_XX.wav,disgust,1
/content/drive/MyDrive/DataSet_Voice/disgust/1006_IEO_DIS_LO.wav,disgust,1
/content/drive/MyDrive/DataSet_Voice/disgust/1006_MTI_DIS_XX.wav,disgust,1
/content/drive/MyDrive/DataSet_Voice/disgust/1006_IWL_DIS_XX.wav,disgust,1
/content/drive/MyDrive/DataSet_Voice/disgust/1001_MTI_DIS_XX.wav,disgust,1
/content/drive/MyDrive/DataSet_Voice/disgust/1004_MTI_DIS_XX.wav,disgust,1
/content/drive/MyDrive/DataSet_Voice/disgust/1003_ITS_DIS_XX.wav,disgust,1
/content/drive/MyDrive/DataSet_Voice/disgust/1002_TIE_DIS_XX.wav,disgust,1
/content/drive/MyDrive/DataSet_Voice/disgust/1007_IEO_DIS_LO.wav,disgust,1
/content/drive/MyDrive/DataSet_Voice/disgust/1005_IEO_DIS_MD.wav,disgust,1
/content/drive/MyDrive/DataSet_Voice/disgust/1008_IWL_DIS_XX.wav,disgust,1
/content/drive/MyDrive/DataSet_Voice/disgust/1007_TIE_DIS_XX.wav,disgust,1
/content/drive/MyDrive/DataSet_Voice/disgust/1004_IWL_DIS_XX.wav,disgust,1
/content/drive/MyDrive/DataSet_Voice/disgust/1004_ITH_DIS_XX.wav,disgust,1
/content/drive/MyDrive/DataSet_Voice/disgust/1001_IEO_DIS_LO.wav,disgust,1
/content/drive/MyDrive/DataSet_Voice/disgust/1007_DFA_DIS_XX.wav,disgust,1
/content/drive/MyDrive/DataSet_Voice/disgust/1006_IEO_DIS_MD.wav,disgust,1
/content/drive/MyDrive/DataSet_Voice/disgust/1003_WSI_DIS_XX.wav,disgust,1
/content/drive/MyDrive/DataSet_Voice/disgust/1005_ITH_DIS_XX.wav,disgust,1
/content/drive/MyDrive/DataSet_Voice/disgust/1001_TAI_DIS_XX.wav,disgust,1
/content/drive/MyDrive/DataSet_Voice/disgust/1003_MTI_DIS_XX.wav,disgust,1
/content/drive/MyDrive/DataSet_Voice/disgust/1006_TIE_DIS_XX.wav,disgust,1
/content/drive/MyDrive/DataSet_Voice/disgust/1006_TAI_DIS_XX.wav,disgust,1
/content/drive/MyDrive/DataSet_Voice/disgust/1001_IOM_DIS_XX.wav,disgust,1
/content/drive/MyDrive/DataSet_Voice/disgust/1007_IEO_DIS_HI.wav,disgust,1
/content/drive/MyDrive/DataSet_Voice/disgust/1007_WSI_DIS_XX.wav,disgust,1
/content/drive/MyDrive/DataSet_Voice/disgust/1002_TSI_DIS_XX.wav,disgust,1
/content/drive/MyDrive/DataSet_Voice/disgust/1008_IWW_DIS_XX.wav,disgust,1
/content/drive/MyDrive/DataSet_Voice/disgust/1006_DFA_DIS_XX.wav,disgust,1
/content/drive/MyDrive/DataSet_Voice/disgust/1004_TIE_DIS_XX.wav,disgust,1
/content/drive/MyDrive/DataSet_Voice/disgust/1005_MTI_DIS_XX.wav,disgust,1
/content/drive/MyDrive/DataSet_Voice/disgust/1008_IEO_DIS_MD.wav,disgust,1
/content/drive/MyDrive/DataSet_Voice/disgust/1004_IEO_DIS_HI.wav,disgust,1
/content/drive/MyDrive/DataSet_Voice/disgust/1006_ITS_DIS_XX.wav,disgust,1
/content/drive/MyDrive/DataSet_Voice/disgust/1004_IEO_DIS_LO.wav,disgust,1
/content/drive/MyDrive/DataSet_Voice/disgust/1007_IEO_DIS_MD.wav,disgust,1
/content/drive/MyDrive/DataSet_Voice/disgust/1005_IEO_DIS_HI.wav,disgust,1
/content/drive/MyDrive/DataSet_Voice/disgust/1003_IWW_DIS_XX.wav,disgust,1
/content/drive/MyDrive/DataSet_Voice/disgust/1004_IWW_DIS_XX.wav,disgust,1
/content/drive/MyDrive/DataSet_Voice/disgust/1027_IOM_DIS_XX.wav,disgust,1
/content/drive/MyDrive/DataSet_Voice/disgust/1019_IEO_DIS_HI.wav,disgust,1
/content/drive/MyDrive/DataSet_Voice/disgust/1012_TSI_DIS_XX.wav,disgust,1
/content/drive/MyDrive/DataSet_Voice/disgust/1015_IEO_DIS_HI.wav,disgust,1
/content/drive/MyDrive/DataSet_Voice/disgust/1024_IEO_DIS_LO.wav,disgust,1
/content/drive/MyDrive/DataSet_Voice/disgust/1017_TSI_DIS_XX.wav,disgust,1
/content/drive/MyDrive/DataSet_Voice/disgust/1019_TSI_DIS_XX.wav,disgust,1
/content/drive/MyDrive/DataSet_Voice/disgust/1015_ITS_DIS_XX.wav,disgust,1
/content/drive/MyDrive/DataSet_Voice/disgust/1023_IOM_DIS_XX.wav,disgust,1
/content/drive/MyDrive/DataSet_Voice/disgust/1025_WSI_DIS_XX.wav,disgust,1
/content/drive/MyDrive/DataSet_Voice/disgust/1022_ITS_DIS_XX.wav,disgust,1
/content/drive/MyDrive/DataSet_Voice/disgust/1027_IWL_DIS_XX.wav,disgust,1
/content/drive/MyDrive/DataSet_Voice/disgust/1013_TAI_DIS_XX.wav,disgust,1
/content/drive/MyDrive/DataSet_Voice/disgust/1025_TSI_DIS_XX.wav,disgust,1
/content/drive/MyDrive/DataSet_Voice/disgust/1015_DFA_DIS_XX.wav,disgust,1
/content/drive/MyDrive/DataSet_Voice/disgust/1025_ITS_DIS_XX.wav,disgust,1
/content/drive/MyDrive/DataSet_Voice/disgust/1028_DFA_DIS_XX.wav,disgust,1
/content/drive/MyDrive/DataSet_Voice/disgust/1017_TIE_DIS_XX.wav,disgust,1
/content/drive/MyDrive/DataSet_Voice/disgust/1021_IWW_DIS_XX.wav,disgust,1
/content/drive/MyDrive/DataSet_Voice/disgust/1024_TSI_DIS_XX.wav,disgust,1
/content/drive/MyDrive/DataSet_Voice/disgust/1020_WSI_DIS_XX.wav,disgust,1
/content/drive/MyDrive/DataSet_Voice/disgust/1012_IWL_DIS_XX.wav,disgust,1
/content/drive/MyDrive/DataSet_Voice/disgust/1024_WSI_DIS_XX.wav,disgust,1
/content/drive/MyDrive/DataSet_Voice/disgust/1017_WSI_DIS_XX.wav,disgust,1
/content/drive/MyDrive/DataSet_Voice/disgust/1027_DFA_DIS_XX.wav,disgust,1
/content/drive/MyDrive/DataSet_Voice/disgust/1019_TIE_DIS_XX.wav,disgust,1
/content/drive/MyDrive/DataSet_Voice/disgust/1016_MTI_DIS_XX.wav,disgust,1
/content/drive/MyDrive/DataSet_Voice/disgust/1023_IWW_DIS_XX.wav,disgust,1
/content/drive/MyDrive/DataSet_Voice/disgust/1025_IEO_DIS_MD.wav,disgust,1
/content/drive/MyDrive/DataSet_Voice/disgust/1022_ITH_DIS_XX.wav,disgust,1
/content/drive/MyDrive/DataSet_Voice/disgust/1018_WSI_DIS_XX.wav,disgust,1
/content/drive/MyDrive/DataSet_Voice/disgust/1014_ITH_DIS_XX.wav,disgust,1
/content/drive/MyDrive/DataSet_Voice/disgust/1023_WSI_DIS_XX.wav,disgust,1
/content/drive/MyDrive/DataSet_Voice/disgust/1018_IEO_DIS_MD.wav,disgust,1
/content/drive/MyDrive/DataSet_Voice/disgust/1023_MTI_DIS_XX.wav,disgust,1
/content/drive/MyDrive/DataSet_Voice/disgust/1011_IEO_DIS_HI.wav,disgust,1
/content/drive/MyDrive/DataSet_Voice/disgust/1016_ITH_DIS_XX.wav,disgust,1
/content/drive/MyDrive/DataSet_Voice/disgust/1013_ITS_DIS_XX.wav,disgust,1
/content/drive/MyDrive/DataSet_Voice/disgust/1020_IWL_DIS_XX.wav,disgust,1
/content/drive/MyDrive/DataSet_Voice/disgust/1018_IOM_DIS_XX.wav,disgust,1
/content/drive/MyDrive/DataSet_Voice/disgust/1027_ITS_DIS_XX.wav,disgust,1
/content/drive/MyDrive/DataSet_Voice/disgust/1016_TAI_DIS_XX.wav,disgust,1
/content/drive/MyDrive/DataSet_Voice/disgust/1026_WSI_DIS_XX.wav,disgust,1
/content/drive/MyDrive/DataSet_Voice/disgust/1019_IWL_DIS_XX.wav,disgust,1
/content/drive/MyDrive/DataSet_Voice/disgust/1026_IEO_DIS_MD.wav,disgust,1
/content/drive/MyDrive/DataSet_Voice/disgust/1015_TAI_DIS_XX.wav,disgust,1
/content/drive/MyDrive/DataSet_Voice/disgust/1017_IWW_DIS_XX.wav,disgust,1
/content/drive/MyDrive/DataSet_Voice/disgust/1009_ITH_DIS_XX.wav,disgust,1
/content/drive/MyDrive/DataSet_Voice/disgust/1009_IWL_DIS_XX.wav,disgust,1
/content/drive/MyDrive/DataSet_Voice/disgust/1010_IEO_DIS_HI.wav,disgust,1
/content/drive/MyDrive/DataSet_Voice/disgust/1021_ITS_DIS_XX.wav,disgust,1
/content/drive/MyDrive/DataSet_Voice/disgust/1011_ITH_DIS_XX.wav,disgust,1
/content/drive/MyDrive/DataSet_Voice/disgust/1017_IEO_DIS_MD.wav,disgust,1
/content/drive/MyDrive/DataSet_Voice/disgust/1016_IEO_DIS_MD.wav,disgust,1
/content/drive/MyDrive/DataSet_Voice/disgust/1019_IEO_DIS_MD.wav,disgust,1
/content/drive/MyDrive/DataSet_Voice/disgust/1013_IEO_DIS_HI.wav,disgust,1
/content/drive/MyDrive/DataSet_Voice/disgust/1021_IOM_DIS_XX.wav,disgust,1
/content/drive/MyDrive/DataSet_Voice/disgust/1014_IWW_DIS_XX.wav,disgust,1
/content/drive/MyDrive/DataSet_Voice/disgust/1020_ITH_DIS_XX.wav,disgust,1
/content/drive/MyDrive/DataSet_Voice/disgust/1011_WSI_DIS_XX.wav,disgust,1
/content/drive/MyDrive/DataSet_Voice/disgust/1015_TSI_DIS_XX.wav,disgust,1
/content/drive/MyDrive/DataSet_Voice/disgust/1013_WSI_DIS_XX.wav,disgust,1
/content/drive/MyDrive/DataSet_Voice/disgust/1027_IWW_DIS_XX.wav,disgust,1
/content/drive/MyDrive/DataSet_Voice/disgust/1017_IWL_DIS_XX.wav,disgust,1
/content/drive/MyDrive/DataSet_Voice/disgust/1026_IEO_DIS_LO.wav,disgust,1
/content/drive/MyDrive/DataSet_Voice/disgust/1027_ITH_DIS_XX.wav,disgust,1
/content/drive/MyDrive/DataSet_Voice/disgust/1021_WSI_DIS_XX.wav,disgust,1
/content/drive/MyDrive/DataSet_Voice/disgust/1012_ITH_DIS_XX.wav,disgust,1
/content/drive/MyDrive/DataSet_Voice/disgust/1010_IWW_DIS_XX.wav,disgust,1
/content/drive/MyDrive/DataSet_Voice/disgust/1022_DFA_DIS_XX.wav,disgust,1
/content/drive/MyDrive/DataSet_Voice/disgust/1017_ITH_DIS_XX.wav,disgust,1
/content/drive/MyDrive/DataSet_Voice/disgust/1023_ITH_DIS_XX.wav,disgust,1
/content/drive/MyDrive/DataSet_Voice/disgust/1018_ITS_DIS_XX.wav,disgust,1
/content/drive/MyDrive/DataSet_Voice/disgust/1015_TIE_DIS_XX.wav,disgust,1
/content/drive/MyDrive/DataSet_Voice/disgust/1023_TAI_DIS_XX.wav,disgust,1
/content/drive/MyDrive/DataSet_Voice/disgust/1021_IEO_DIS_HI.wav,disgust,1
/content/drive/MyDrive/DataSet_Voice/disgust/1027_MTI_DIS_XX.wav,disgust,1
/content/drive/MyDrive/DataSet_Voice/disgust/1023_TSI_DIS_XX.wav,disgust,1
/content/drive/MyDrive/DataSet_Voice/disgust/1012_DFA_DIS_XX.wav,disgust,1
/content/drive/MyDrive/DataSet_Voice/disgust/1014_TAI_DIS_XX.wav,disgust,1
/content/drive/MyDrive/DataSet_Voice/disgust/1021_IWL_DIS_XX.wav,disgust,1
/content/drive/MyDrive/DataSet_Voice/disgust/1023_IWL_DIS_XX.wav,disgust,1
/content/drive/MyDrive/DataSet_Voice/disgust/1026_TSI_DIS_XX.wav,disgust,1
/content/drive/MyDrive/DataSet_Voice/disgust/1020_DFA_DIS_XX.wav,disgust,1
/content/drive/MyDrive/DataSet_Voice/disgust/1019_DFA_DIS_XX.wav,disgust,1
/content/drive/MyDrive/DataSet_Voice/disgust/1009_IEO_DIS_HI.wav,disgust,1
/content/drive/MyDrive/DataSet_Voice/disgust/1010_IEO_DIS_MD.wav,disgust,1
/content/drive/MyDrive/DataSet_Voice/disgust/1022_IWW_DIS_XX.wav,disgust,1
/content/drive/MyDrive/DataSet_Voice/disgust/1027_IEO_DIS_LO.wav,disgust,1
/content/drive/MyDrive/DataSet_Voice/disgust/1010_IEO_DIS_LO.wav,disgust,1
/content/drive/MyDrive/DataSet_Voice/disgust/1012_ITS_DIS_XX.wav,disgust,1
/content/drive/MyDrive/DataSet_Voice/disgust/1009_ITS_DIS_XX.wav,disgust,1
/content/drive/MyDrive/DataSet_Voice/disgust/1023_IEO_DIS_LO.wav,disgust,1
/content/drive/MyDrive/DataSet_Voice/disgust/1026_ITH_DIS_XX.wav,disgust,1
/content/drive/MyDrive/DataSet_Voice/disgust/1009_IEO_DIS_MD.wav,disgust,1
/content/drive/MyDrive/DataSet_Voice/disgust/1026_IWL_DIS_XX.wav,disgust,1
/content/drive/MyDrive/DataSet_Voice/disgust/1020_TIE_DIS_XX.wav,disgust,1
/content/drive/MyDrive/DataSet_Voice/disgust/1021_ITH_DIS_XX.wav,disgust,1
/content/drive/MyDrive/DataSet_Voice/disgust/1011_TAI_DIS_XX.wav,disgust,1
/content/drive/MyDrive/DataSet_Voice/disgust/1018_IEO_DIS_LO.wav,disgust,1
/content/drive/MyDrive/DataSet_Voice/disgust/1025_TAI_DIS_XX.wav,disgust,1
/content/drive/MyDrive/DataSet_Voice/disgust/1016_TIE_DIS_XX.wav,disgust,1
/content/drive/MyDrive/DataSet_Voice/disgust/1025_IOM_DIS_XX.wav,disgust,1
/content/drive/MyDrive/DataSet_Voice/disgust/1017_DFA_DIS_XX.wav,disgust,1
/content/drive/MyDrive/DataSet_Voice/disgust/1027_IEO_DIS_MD.wav,disgust,1
/content/drive/MyDrive/DataSet_Voice/disgust/1021_IEO_DIS_LO.wav,disgust,1
/content/drive/MyDrive/DataSet_Voice/disgust/1011_ITS_DIS_XX.wav,disgust,1
/content/drive/MyDrive/DataSet_Voice/disgust/1009_IEO_DIS_LO.wav,disgust,1
/content/drive/MyDrive/DataSet_Voice/disgust/1022_TIE_DIS_XX.wav,disgust,1
/content/drive/MyDrive/DataSet_Voice/disgust/1009_IWW_DIS_XX.wav,disgust,1
/content/drive/MyDrive/DataSet_Voice/disgust/1010_IWL_DIS_XX.wav,disgust,1
/content/drive/MyDrive/DataSet_Voice/disgust/1016_TSI_DIS_XX.wav,disgust,1
/content/drive/MyDrive/DataSet_Voice/disgust/1014_IOM_DIS_XX.wav,disgust,1
/content/drive/MyDrive/DataSet_Voice/disgust/1016_IOM_DIS_XX.wav,disgust,1
/content/drive/MyDrive/DataSet_Voice/disgust/1025_TIE_DIS_XX.wav,disgust,1
/content/drive/MyDrive/DataSet_Voice/disgust/1022_TAI_DIS_XX.wav,disgust,1
/content/drive/MyDrive/DataSet_Voice/disgust/1015_WSI_DIS_XX.wav,disgust,1
/content/drive/MyDrive/DataSet_Voice/disgust/1025_DFA_DIS_XX.wav,disgust,1
/content/drive/MyDrive/DataSet_Voice/disgust/1009_TSI_DIS_XX.wav,disgust,1
/content/drive/MyDrive/DataSet_Voice/disgust/1024_IEO_DIS_HI.wav,disgust,1
/content/drive/MyDrive/DataSet_Voice/disgust/1016_IEO_DIS_HI.wav,disgust,1
/content/drive/MyDrive/DataSet_Voice/disgust/1017_IOM_DIS_XX.wav,disgust,1
/content/drive/MyDrive/DataSet_Voice/disgust/1024_DFA_DIS_XX.wav,disgust,1
/content/drive/MyDrive/DataSet_Voice/disgust/1020_IOM_DIS_XX.wav,disgust,1
/content/drive/MyDrive/DataSet_Voice/disgust/1024_IWW_DIS_XX.wav,disgust,1
/content/drive/MyDrive/DataSet_Voice/disgust/1023_DFA_DIS_XX.wav,disgust,1
/content/drive/MyDrive/DataSet_Voice/disgust/1010_TSI_DIS_XX.wav,disgust,1
/content/drive/MyDrive/DataSet_Voice/disgust/1010_TIE_DIS_XX.wav,disgust,1
/content/drive/MyDrive/DataSet_Voice/disgust/1009_TAI_DIS_XX.wav,disgust,1
/content/drive/MyDrive/DataSet_Voice/disgust/1020_IEO_DIS_LO.wav,disgust,1
/content/drive/MyDrive/DataSet_Voice/disgust/1018_TSI_DIS_XX.wav,disgust,1
/content/drive/MyDrive/DataSet_Voice/disgust/1024_IOM_DIS_XX.wav,disgust,1
/content/drive/MyDrive/DataSet_Voice/disgust/1024_TIE_DIS_XX.wav,disgust,1
/content/drive/MyDrive/DataSet_Voice/disgust/1015_ITH_DIS_XX.wav,disgust,1
/content/drive/MyDrive/DataSet_Voice/disgust/1019_IOM_DIS_XX.wav,disgust,1
/content/drive/MyDrive/DataSet_Voice/disgust/1011_TSI_DIS_XX.wav,disgust,1
/content/drive/MyDrive/DataSet_Voice/disgust/1020_IEO_DIS_HI.wav,disgust,1
/content/drive/MyDrive/DataSet_Voice/disgust/1018_ITH_DIS_XX.wav,disgust,1
/content/drive/MyDrive/DataSet_Voice/disgust/1011_IOM_DIS_XX.wav,disgust,1
/content/drive/MyDrive/DataSet_Voice/disgust/1020_MTI_DIS_XX.wav,disgust,1
/content/drive/MyDrive/DataSet_Voice/disgust/1014_IWL_DIS_XX.wav,disgust,1
/content/drive/MyDrive/DataSet_Voice/disgust/1021_MTI_DIS_XX.wav,disgust,1
/content/drive/MyDrive/DataSet_Voice/disgust/1020_ITS_DIS_XX.wav,disgust,1
/content/drive/MyDrive/DataSet_Voice/disgust/1013_ITH_DIS_XX.wav,disgust,1
/content/drive/MyDrive/DataSet_Voice/disgust/1017_IEO_DIS_HI.wav,disgust,1
/content/drive/MyDrive/DataSet_Voice/disgust/1019_TAI_DIS_XX.wav,disgust,1
/content/drive/MyDrive/DataSet_Voice/disgust/1016_ITS_DIS_XX.wav,disgust,1
/content/drive/MyDrive/DataSet_Voice/disgust/1025_IWW_DIS_XX.wav,disgust,1
/content/drive/MyDrive/DataSet_Voice/disgust/1022_IEO_DIS_LO.wav,disgust,1
/content/drive/MyDrive/DataSet_Voice/disgust/1026_ITS_DIS_XX.wav,disgust,1
/content/drive/MyDrive/DataSet_Voice/disgust/1010_TAI_DIS_XX.wav,disgust,1
/content/drive/MyDrive/DataSet_Voice/disgust/1023_IEO_DIS_MD.wav,disgust,1
/content/drive/MyDrive/DataSet_Voice/disgust/1012_IOM_DIS_XX.wav,disgust,1
/content/drive/MyDrive/DataSet_Voice/disgust/1020_TAI_DIS_XX.wav,disgust,1
/content/drive/MyDrive/DataSet_Voice/disgust/1014_MTI_DIS_XX.wav,disgust,1
/content/drive/MyDrive/DataSet_Voice/disgust/1022_MTI_DIS_XX.wav,disgust,1
/content/drive/MyDrive/DataSet_Voice/disgust/1011_TIE_DIS_XX.wav,disgust,1
/content/drive/MyDrive/DataSet_Voice/disgust/1026_IWW_DIS_XX.wav,disgust,1
/content/drive/MyDrive/DataSet_Voice/disgust/1021_DFA_DIS_XX.wav,disgust,1
/content/drive/MyDrive/DataSet_Voice/disgust/1025_ITH_DIS_XX.wav,disgust,1
/content/drive/MyDrive/DataSet_Voice/disgust/1013_IWL_DIS_XX.wav,disgust,1
/content/drive/MyDrive/DataSet_Voice/disgust/1012_MTI_DIS_XX.wav,disgust,1
/content/drive/MyDrive/DataSet_Voice/disgust/1018_MTI_DIS_XX.wav,disgust,1
/content/drive/MyDrive/DataSet_Voice/disgust/1019_IWW_DIS_XX.wav,disgust,1
/content/drive/MyDrive/DataSet_Voice/disgust/1014_TIE_DIS_XX.wav,disgust,1
/content/drive/MyDrive/DataSet_Voice/disgust/1013_TIE_DIS_XX.wav,disgust,1
/content/drive/MyDrive/DataSet_Voice/disgust/1023_TIE_DIS_XX.wav,disgust,1
/content/drive/MyDrive/DataSet_Voice/disgust/1021_TSI_DIS_XX.wav,disgust,1
/content/drive/MyDrive/DataSet_Voice/disgust/1025_MTI_DIS_XX.wav,disgust,1
/content/drive/MyDrive/DataSet_Voice/disgust/1022_IEO_DIS_HI.wav,disgust,1
/content/drive/MyDrive/DataSet_Voice/disgust/1024_IWL_DIS_XX.wav,disgust,1
/content/drive/MyDrive/DataSet_Voice/disgust/1017_ITS_DIS_XX.wav,disgust,1
/content/drive/MyDrive/DataSet_Voice/disgust/1023_IEO_DIS_HI.wav,disgust,1
/content/drive/MyDrive/DataSet_Voice/disgust/1009_WSI_DIS_XX.wav,disgust,1
/content/drive/MyDrive/DataSet_Voice/disgust/1012_IEO_DIS_MD.wav,disgust,1
/content/drive/MyDrive/DataSet_Voice/disgust/1013_DFA_DIS_XX.wav,disgust,1
/content/drive/MyDrive/DataSet_Voice/disgust/1010_DFA_DIS_XX.wav,disgust,1
/content/drive/MyDrive/DataSet_Voice/disgust/1027_TAI_DIS_XX.wav,disgust,1
/content/drive/MyDrive/DataSet_Voice/disgust/1024_IEO_DIS_MD.wav,disgust,1
/content/drive/MyDrive/DataSet_Voice/disgust/1018_IWL_DIS_XX.wav,disgust,1
/content/drive/MyDrive/DataSet_Voice/disgust/1028_IEO_DIS_MD.wav,disgust,1
/content/drive/MyDrive/DataSet_Voice/disgust/1026_TAI_DIS_XX.wav,disgust,1
/content/drive/MyDrive/DataSet_Voice/disgust/1024_MTI_DIS_XX.wav,disgust,1
/content/drive/MyDrive/DataSet_Voice/disgust/1015_IWL_DIS_XX.wav,disgust,1
/content/drive/MyDrive/DataSet_Voice/disgust/1015_IOM_DIS_XX.wav,disgust,1
/content/drive/MyDrive/DataSet_Voice/disgust/1014_WSI_DIS_XX.wav,disgust,1
/content/drive/MyDrive/DataSet_Voice/disgust/1020_IWW_DIS_XX.wav,disgust,1
/content/drive/MyDrive/DataSet_Voice/disgust/1009_IOM_DIS_XX.wav,disgust,1
/content/drive/MyDrive/DataSet_Voice/disgust/1014_IEO_DIS_HI.wav,disgust,1
/content/drive/MyDrive/DataSet_Voice/disgust/1020_TSI_DIS_XX.wav,disgust,1
/content/drive/MyDrive/DataSet_Voice/disgust/1028_IEO_DIS_LO.wav,disgust,1
/content/drive/MyDrive/DataSet_Voice/disgust/1011_IEO_DIS_LO.wav,disgust,1
/content/drive/MyDrive/DataSet_Voice/disgust/1024_ITS_DIS_XX.wav,disgust,1
/content/drive/MyDrive/DataSet_Voice/disgust/1013_MTI_DIS_XX.wav,disgust,1
/content/drive/MyDrive/DataSet_Voice/disgust/1013_IEO_DIS_LO.wav,disgust,1
/content/drive/MyDrive/DataSet_Voice/disgust/1014_IEO_DIS_LO.wav,disgust,1
/content/drive/MyDrive/DataSet_Voice/disgust/1022_IWL_DIS_XX.wav,disgust,1
/content/drive/MyDrive/DataSet_Voice/disgust/1024_ITH_DIS_XX.wav,disgust,1
/content/drive/MyDrive/DataSet_Voice/disgust/1017_MTI_DIS_XX.wav,disgust,1
/content/drive/MyDrive/DataSet_Voice/disgust/1011_IEO_DIS_MD.wav,disgust,1
/content/drive/MyDrive/DataSet_Voice/disgust/1010_MTI_DIS_XX.wav,disgust,1
/content/drive/MyDrive/DataSet_Voice/disgust/1027_WSI_DIS_XX.wav,disgust,1
/content/drive/MyDrive/DataSet_Voice/disgust/1018_TIE_DIS_XX.wav,disgust,1
/content/drive/MyDrive/DataSet_Voice/disgust/1012_IEO_DIS_HI.wav,disgust,1
/content/drive/MyDrive/DataSet_Voice/disgust/1026_TIE_DIS_XX.wav,disgust,1
/content/drive/MyDrive/DataSet_Voice/disgust/1015_IEO_DIS_MD.wav,disgust,1
/content/drive/MyDrive/DataSet_Voice/disgust/1010_WSI_DIS_XX.wav,disgust,1
/content/drive/MyDrive/DataSet_Voice/disgust/1011_IWW_DIS_XX.wav,disgust,1
/content/drive/MyDrive/DataSet_Voice/disgust/1014_TSI_DIS_XX.wav,disgust,1
/content/drive/MyDrive/DataSet_Voice/disgust/1011_MTI_DIS_XX.wav,disgust,1
/content/drive/MyDrive/DataSet_Voice/disgust/1024_TAI_DIS_XX.wav,disgust,1
/content/drive/MyDrive/DataSet_Voice/disgust/1018_DFA_DIS_XX.wav,disgust,1
/content/drive/MyDrive/DataSet_Voice/disgust/1012_TIE_DIS_XX.wav,disgust,1
/content/drive/MyDrive/DataSet_Voice/disgust/1026_MTI_DIS_XX.wav,disgust,1
/content/drive/MyDrive/DataSet_Voice/disgust/1012_TAI_DIS_XX.wav,disgust,1
/content/drive/MyDrive/DataSet_Voice/disgust/1016_IWL_DIS_XX.wav,disgust,1
/content/drive/MyDrive/DataSet_Voice/disgust/1017_TAI_DIS_XX.wav,disgust,1
/content/drive/MyDrive/DataSet_Voice/disgust/1012_IWW_DIS_XX.wav,disgust,1
/content/drive/MyDrive/DataSet_Voice/disgust/1010_ITS_DIS_XX.wav,disgust,1
/content/drive/MyDrive/DataSet_Voice/disgust/1011_IWL_DIS_XX.wav,disgust,1
/content/drive/MyDrive/DataSet_Voice/disgust/1012_WSI_DIS_XX.wav,disgust,1
/content/drive/MyDrive/DataSet_Voice/disgust/1019_IEO_DIS_LO.wav,disgust,1
/content/drive/MyDrive/DataSet_Voice/disgust/1027_IEO_DIS_HI.wav,disgust,1
/content/drive/MyDrive/DataSet_Voice/disgust/1023_ITS_DIS_XX.wav,disgust,1
/content/drive/MyDrive/DataSet_Voice/disgust/1013_IOM_DIS_XX.wav,disgust,1
/content/drive/MyDrive/DataSet_Voice/disgust/1014_IEO_DIS_MD.wav,disgust,1
/content/drive/MyDrive/DataSet_Voice/disgust/1019_WSI_DIS_XX.wav,disgust,1
/content/drive/MyDrive/DataSet_Voice/disgust/1020_IEO_DIS_MD.wav,disgust,1
/content/drive/MyDrive/DataSet_Voice/disgust/1015_IWW_DIS_XX.wav,disgust,1
/content/drive/MyDrive/DataSet_Voice/disgust/1013_IEO_DIS_MD.wav,disgust,1
/content/drive/MyDrive/DataSet_Voice/disgust/1026_IEO_DIS_HI.wav,disgust,1
/content/drive/MyDrive/DataSet_Voice/disgust/1016_IEO_DIS_LO.wav,disgust,1
/content/drive/MyDrive/DataSet_Voice/disgust/1022_IOM_DIS_XX.wav,disgust,1
/content/drive/MyDrive/DataSet_Voice/disgust/1022_IEO_DIS_MD.wav,disgust,1
/content/drive/MyDrive/DataSet_Voice/disgust/1014_ITS_DIS_XX.wav,disgust,1
/content/drive/MyDrive/DataSet_Voice/disgust/1011_DFA_DIS_XX.wav,disgust,1
/content/drive/MyDrive/DataSet_Voice/disgust/1009_TIE_DIS_XX.wav,disgust,1
/content/drive/MyDrive/DataSet_Voice/disgust/1025_IWL_DIS_XX.wav,disgust,1
/content/drive/MyDrive/DataSet_Voice/disgust/1016_IWW_DIS_XX.wav,disgust,1
/content/drive/MyDrive/DataSet_Voice/disgust/1015_MTI_DIS_XX.wav,disgust,1
/content/drive/MyDrive/DataSet_Voice/disgust/1021_TIE_DIS_XX.wav,disgust,1
/content/drive/MyDrive/DataSet_Voice/disgust/1027_TIE_DIS_XX.wav,disgust,1
/content/drive/MyDrive/DataSet_Voice/disgust/1016_DFA_DIS_XX.wav,disgust,1
/content/drive/MyDrive/DataSet_Voice/disgust/1015_IEO_DIS_LO.wav,disgust,1
/content/drive/MyDrive/DataSet_Voice/disgust/1022_WSI_DIS_XX.wav,disgust,1
/content/drive/MyDrive/DataSet_Voice/disgust/1013_IWW_DIS_XX.wav,disgust,1
/content/drive/MyDrive/DataSet_Voice/disgust/1025_IEO_DIS_HI.wav,disgust,1
/content/drive/MyDrive/DataSet_Voice/disgust/1018_IEO_DIS_HI.wav,disgust,1
/content/drive/MyDrive/DataSet_Voice/disgust/1021_IEO_DIS_MD.wav,disgust,1
/content/drive/MyDrive/DataSet_Voice/disgust/1010_IOM_DIS_XX.wav,disgust,1
/content/drive/MyDrive/DataSet_Voice/disgust/1019_ITS_DIS_XX.wav,disgust,1
/content/drive/MyDrive/DataSet_Voice/disgust/1013_TSI_DIS_XX.wav,disgust,1
/content/drive/MyDrive/DataSet_Voice/disgust/1026_IOM_DIS_XX.wav,disgust,1
/content/drive/MyDrive/DataSet_Voice/disgust/1010_ITH_DIS_XX.wav,disgust,1
/content/drive/MyDrive/DataSet_Voice/disgust/1016_WSI_DIS_XX.wav,disgust,1
/content/drive/MyDrive/DataSet_Voice/disgust/1021_TAI_DIS_XX.wav,disgust,1
/content/drive/MyDrive/DataSet_Voice/disgust/1026_DFA_DIS_XX.wav,disgust,1
/content/drive/MyDrive/DataSet_Voice/disgust/1025_IEO_DIS_LO.wav,disgust,1
/content/drive/MyDrive/DataSet_Voice/disgust/1018_IWW_DIS_XX.wav,disgust,1
/content/drive/MyDrive/DataSet_Voice/disgust/1014_DFA_DIS_XX.wav,disgust,1
/content/drive/MyDrive/DataSet_Voice/disgust/1012_IEO_DIS_LO.wav,disgust,1
/content/drive/MyDrive/DataSet_Voice/disgust/1022_TSI_DIS_XX.wav,disgust,1
/content/drive/MyDrive/DataSet_Voice/disgust/1018_TAI_DIS_XX.wav,disgust,1
/content/drive/MyDrive/DataSet_Voice/disgust/1028_IEO_DIS_HI.wav,disgust,1
/content/drive/MyDrive/DataSet_Voice/disgust/1017_IEO_DIS_LO.wav,disgust,1
/content/drive/MyDrive/DataSet_Voice/disgust/1027_TSI_DIS_XX.wav,disgust,1
/content/drive/MyDrive/DataSet_Voice/disgust/1019_MTI_DIS_XX.wav,disgust,1
/content/drive/MyDrive/DataSet_Voice/disgust/1028_TIE_DIS_XX.wav,disgust,1
/content/drive/MyDrive/DataSet_Voice/disgust/1042_IEO_DIS_HI.wav,disgust,1
/content/drive/MyDrive/DataSet_Voice/disgust/1030_ITH_DIS_XX.wav,disgust,1
/content/drive/MyDrive/DataSet_Voice/disgust/1039_IEO_DIS_LO.wav,disgust,1
/content/drive/MyDrive/DataSet_Voice/disgust/1042_WSI_DIS_XX.wav,disgust,1
/content/drive/MyDrive/DataSet_Voice/disgust/1038_IOM_DIS_XX.wav,disgust,1
/content/drive/MyDrive/DataSet_Voice/disgust/1042_ITS_DIS_XX.wav,disgust,1
/content/drive/MyDrive/DataSet_Voice/disgust/1031_MTI_DIS_XX.wav,disgust,1
/content/drive/MyDrive/DataSet_Voice/disgust/1037_ITS_DIS_XX.wav,disgust,1
/content/drive/MyDrive/DataSet_Voice/disgust/1044_TIE_DIS_XX.wav,disgust,1
/content/drive/MyDrive/DataSet_Voice/disgust/1041_TSI_DIS_XX.wav,disgust,1
/content/drive/MyDrive/DataSet_Voice/disgust/1040_DFA_DIS_XX.wav,disgust,1
/content/drive/MyDrive/DataSet_Voice/disgust/1038_DFA_DIS_XX.wav,disgust,1
/content/drive/MyDrive/DataSet_Voice/disgust/1039_IEO_DIS_MD.wav,disgust,1
/content/drive/MyDrive/DataSet_Voice/disgust/1032_DFA_DIS_XX.wav,disgust,1
/content/drive/MyDrive/DataSet_Voice/disgust/1035_MTI_DIS_XX.wav,disgust,1
/content/drive/MyDrive/DataSet_Voice/disgust/1043_TIE_DIS_XX.wav,disgust,1
/content/drive/MyDrive/DataSet_Voice/disgust/1029_IEO_DIS_MD.wav,disgust,1
/content/drive/MyDrive/DataSet_Voice/disgust/1031_IWL_DIS_XX.wav,disgust,1
/content/drive/MyDrive/DataSet_Voice/disgust/1047_DFA_DIS_XX.wav,disgust,1
/content/drive/MyDrive/DataSet_Voice/disgust/1038_IWL_DIS_XX.wav,disgust,1
/content/drive/MyDrive/DataSet_Voice/disgust/1038_TAI_DIS_XX.wav,disgust,1
/content/drive/MyDrive/DataSet_Voice/disgust/1035_IEO_DIS_HI.wav,disgust,1
/content/drive/MyDrive/DataSet_Voice/disgust/1045_ITH_DIS_XX.wav,disgust,1
/content/drive/MyDrive/DataSet_Voice/disgust/1046_WSI_DIS_XX.wav,disgust,1
/content/drive/MyDrive/DataSet_Voice/disgust/1033_MTI_DIS_XX.wav,disgust,1
/content/drive/MyDrive/DataSet_Voice/disgust/1039_MTI_DIS_XX.wav,disgust,1
/content/drive/MyDrive/DataSet_Voice/disgust/1036_IWL_DIS_XX.wav,disgust,1
/content/drive/MyDrive/DataSet_Voice/disgust/1033_IWW_DIS_XX.wav,disgust,1
/content/drive/MyDrive/DataSet_Voice/disgust/1029_IWL_DIS_XX.wav,disgust,1
/content/drive/MyDrive/DataSet_Voice/disgust/1030_ITS_DIS_XX.wav,disgust,1
/content/drive/MyDrive/DataSet_Voice/disgust/1037_IWW_DIS_XX.wav,disgust,1
/content/drive/MyDrive/DataSet_Voice/disgust/1041_TAI_DIS_XX.wav,disgust,1
/content/drive/MyDrive/DataSet_Voice/disgust/1030_IEO_DIS_HI.wav,disgust,1
/content/drive/MyDrive/DataSet_Voice/disgust/1035_IWW_DIS_XX.wav,disgust,1
/content/drive/MyDrive/DataSet_Voice/disgust/1032_IEO_DIS_MD.wav,disgust,1
/content/drive/MyDrive/DataSet_Voice/disgust/1044_ITS_DIS_XX.wav,disgust,1
/content/drive/MyDrive/DataSet_Voice/disgust/1029_MTI_DIS_XX.wav,disgust,1
/content/drive/MyDrive/DataSet_Voice/disgust/1034_TAI_DIS_XX.wav,disgust,1
/content/drive/MyDrive/DataSet_Voice/disgust/1040_IWL_DIS_XX.wav,disgust,1
/content/drive/MyDrive/DataSet_Voice/disgust/1032_IEO_DIS_LO.wav,disgust,1
/content/drive/MyDrive/DataSet_Voice/disgust/1037_DFA_DIS_XX.wav,disgust,1
/content/drive/MyDrive/DataSet_Voice/disgust/1028_IWW_DIS_XX.wav,disgust,1
/content/drive/MyDrive/DataSet_Voice/disgust/1030_IWW_DIS_XX.wav,disgust,1
/content/drive/MyDrive/DataSet_Voice/disgust/1039_ITS_DIS_XX.wav,disgust,1
/content/drive/MyDrive/DataSet_Voice/disgust/1045_IWL_DIS_XX.wav,disgust,1
/content/drive/MyDrive/DataSet_Voice/disgust/1028_ITH_DIS_XX.wav,disgust,1
/content/drive/MyDrive/DataSet_Voice/disgust/1045_TAI_DIS_XX.wav,disgust,1
/content/drive/MyDrive/DataSet_Voice/disgust/1038_IWW_DIS_XX.wav,disgust,1
/content/drive/MyDrive/DataSet_Voice/disgust/1033_IOM_DIS_XX.wav,disgust,1
/content/drive/MyDrive/DataSet_Voice/disgust/1035_IEO_DIS_MD.wav,disgust,1
/content/drive/MyDrive/DataSet_Voice/disgust/1044_IOM_DIS_XX.wav,disgust,1
/content/drive/MyDrive/DataSet_Voice/disgust/1028_TAI_DIS_XX.wav,disgust,1
/content/drive/MyDrive/DataSet_Voice/disgust/1037_IOM_DIS_XX.wav,disgust,1
/content/drive/MyDrive/DataSet_Voice/disgust/1030_TIE_DIS_XX.wav,disgust,1
/content/drive/MyDrive/DataSet_Voice/disgust/1043_IEO_DIS_MD.wav,disgust,1
/content/drive/MyDrive/DataSet_Voice/disgust/1042_IWW_DIS_XX.wav,disgust,1
/content/drive/MyDrive/DataSet_Voice/disgust/1046_IWL_DIS_XX.wav,disgust,1
/content/drive/MyDrive/DataSet_Voice/disgust/1045_TSI_DIS_XX.wav,disgust,1
/content/drive/MyDrive/DataSet_Voice/disgust/1039_IWW_DIS_XX.wav,disgust,1
/content/drive/MyDrive/DataSet_Voice/disgust/1046_IOM_DIS_XX.wav,disgust,1
/content/drive/MyDrive/DataSet_Voice/disgust/1043_IEO_DIS_LO.wav,disgust,1
/content/drive/MyDrive/DataSet_Voice/disgust/1045_TIE_DIS_XX.wav,disgust,1
/content/drive/MyDrive/DataSet_Voice/disgust/1045_IEO_DIS_LO.wav,disgust,1
/content/drive/MyDrive/DataSet_Voice/disgust/1040_WSI_DIS_XX.wav,disgust,1
/content/drive/MyDrive/DataSet_Voice/disgust/1039_IWL_DIS_XX.wav,disgust,1
/content/drive/MyDrive/DataSet_Voice/disgust/1028_TSI_DIS_XX.wav,disgust,1
/content/drive/MyDrive/DataSet_Voice/disgust/1041_MTI_DIS_XX.wav,disgust,1
/content/drive/MyDrive/DataSet_Voice/disgust/1034_MTI_DIS_XX.wav,disgust,1
/content/drive/MyDrive/DataSet_Voice/disgust/1038_IEO_DIS_LO.wav,disgust,1
/content/drive/MyDrive/DataSet_Voice/disgust/1029_ITS_DIS_XX.wav,disgust,1
/content/drive/MyDrive/DataSet_Voice/disgust/1045_IWW_DIS_XX.wav,disgust,1
/content/drive/MyDrive/DataSet_Voice/disgust/1031_ITH_DIS_XX.wav,disgust,1
/content/drive/MyDrive/DataSet_Voice/disgust/1040_TAI_DIS_XX.wav,disgust,1
/content/drive/MyDrive/DataSet_Voice/disgust/1029_IEO_DIS_LO.wav,disgust,1
/content/drive/MyDrive/DataSet_Voice/disgust/1041_IWL_DIS_XX.wav,disgust,1
/content/drive/MyDrive/DataSet_Voice/disgust/1029_TIE_DIS_XX.wav,disgust,1
/content/drive/MyDrive/DataSet_Voice/disgust/1030_IOM_DIS_XX.wav,disgust,1
/content/drive/MyDrive/DataSet_Voice/disgust/1034_IEO_DIS_LO.wav,disgust,1
/content/drive/MyDrive/DataSet_Voice/disgust/1045_MTI_DIS_XX.wav,disgust,1
/content/drive/MyDrive/DataSet_Voice/disgust/1046_DFA_DIS_XX.wav,disgust,1
/content/drive/MyDrive/DataSet_Voice/disgust/1042_IOM_DIS_XX.wav,disgust,1
/content/drive/MyDrive/DataSet_Voice/disgust/1028_IWL_DIS_XX.wav,disgust,1
/content/drive/MyDrive/DataSet_Voice/disgust/1034_IEO_DIS_MD.wav,disgust,1
/content/drive/MyDrive/DataSet_Voice/disgust/1032_MTI_DIS_XX.wav,disgust,1
/content/drive/MyDrive/DataSet_Voice/disgust/1032_TIE_DIS_XX.wav,disgust,1
/content/drive/MyDrive/DataSet_Voice/disgust/1039_TAI_DIS_XX.wav,disgust,1
/content/drive/MyDrive/DataSet_Voice/disgust/1038_TSI_DIS_XX.wav,disgust,1
/content/drive/MyDrive/DataSet_Voice/disgust/1031_IEO_DIS_HI.wav,disgust,1
/content/drive/MyDrive/DataSet_Voice/disgust/1039_WSI_DIS_XX.wav,disgust,1
/content/drive/MyDrive/DataSet_Voice/disgust/1044_IEO_DIS_HI.wav,disgust,1
/content/drive/MyDrive/DataSet_Voice/disgust/1033_ITS_DIS_XX.wav,disgust,1
/content/drive/MyDrive/DataSet_Voice/disgust/1045_IEO_DIS_HI.wav,disgust,1
/content/drive/MyDrive/DataSet_Voice/disgust/1034_ITH_DIS_XX.wav,disgust,1
/content/drive/MyDrive/DataSet_Voice/disgust/1034_IWL_DIS_XX.wav,disgust,1
/content/drive/MyDrive/DataSet_Voice/disgust/1040_IOM_DIS_XX.wav,disgust,1
/content/drive/MyDrive/DataSet_Voice/disgust/1039_ITH_DIS_XX.wav,disgust,1
/content/drive/MyDrive/DataSet_Voice/disgust/1028_WSI_DIS_XX.wav,disgust,1
/content/drive/MyDrive/DataSet_Voice/disgust/1047_IEO_DIS_MD.wav,disgust,1
/content/drive/MyDrive/DataSet_Voice/disgust/1035_TAI_DIS_XX.wav,disgust,1
/content/drive/MyDrive/DataSet_Voice/disgust/1037_WSI_DIS_XX.wav,disgust,1
/content/drive/MyDrive/DataSet_Voice/disgust/1045_DFA_DIS_XX.wav,disgust,1
/content/drive/MyDrive/DataSet_Voice/disgust/1043_MTI_DIS_XX.wav,disgust,1
/content/drive/MyDrive/DataSet_Voice/disgust/1036_WSI_DIS_XX.wav,disgust,1
/content/drive/MyDrive/DataSet_Voice/disgust/1043_IWW_DIS_XX.wav,disgust,1
/content/drive/MyDrive/DataSet_Voice/disgust/1043_IOM_DIS_XX.wav,disgust,1
/content/drive/MyDrive/DataSet_Voice/disgust/1036_IEO_DIS_MD.wav,disgust,1
/content/drive/MyDrive/DataSet_Voice/disgust/1041_IEO_DIS_MD.wav,disgust,1
/content/drive/MyDrive/DataSet_Voice/disgust/1043_WSI_DIS_XX.wav,disgust,1
/content/drive/MyDrive/DataSet_Voice/disgust/1045_IEO_DIS_MD.wav,disgust,1
/content/drive/MyDrive/DataSet_Voice/disgust/1031_IWW_DIS_XX.wav,disgust,1
/content/drive/MyDrive/DataSet_Voice/disgust/1036_IEO_DIS_HI.wav,disgust,1
/content/drive/MyDrive/DataSet_Voice/disgust/1034_IOM_DIS_XX.wav,disgust,1
/content/drive/MyDrive/DataSet_Voice/disgust/1046_MTI_DIS_XX.wav,disgust,1
/content/drive/MyDrive/DataSet_Voice/disgust/1037_IWL_DIS_XX.wav,disgust,1
/content/drive/MyDrive/DataSet_Voice/disgust/1047_IEO_DIS_HI.wav,disgust,1
/content/drive/MyDrive/DataSet_Voice/disgust/1035_WSI_DIS_XX.wav,disgust,1
/content/drive/MyDrive/DataSet_Voice/disgust/1034_ITS_DIS_XX.wav,disgust,1
/content/drive/MyDrive/DataSet_Voice/disgust/1032_WSI_DIS_XX.wav,disgust,1
/content/drive/MyDrive/DataSet_Voice/disgust/1038_ITH_DIS_XX.wav,disgust,1
/content/drive/MyDrive/DataSet_Voice/disgust/1030_IEO_DIS_MD.wav,disgust,1
/content/drive/MyDrive/DataSet_Voice/disgust/1042_IWL_DIS_XX.wav,disgust,1
/content/drive/MyDrive/DataSet_Voice/disgust/1036_TAI_DIS_XX.wav,disgust,1
/content/drive/MyDrive/DataSet_Voice/disgust/1042_TAI_DIS_XX.wav,disgust,1
/content/drive/MyDrive/DataSet_Voice/disgust/1033_IWL_DIS_XX.wav,disgust,1
/content/drive/MyDrive/DataSet_Voice/disgust/1035_IEO_DIS_LO.wav,disgust,1
/content/drive/MyDrive/DataSet_Voice/disgust/1035_DFA_DIS_XX.wav,disgust,1
/content/drive/MyDrive/DataSet_Voice/disgust/1032_IWL_DIS_XX.wav,disgust,1
/content/drive/MyDrive/DataSet_Voice/disgust/1032_IOM_DIS_XX.wav,disgust,1
/content/drive/MyDrive/DataSet_Voice/disgust/1036_ITS_DIS_XX.wav,disgust,1
/content/drive/MyDrive/DataSet_Voice/disgust/1040_MTI_DIS_XX.wav,disgust,1
/content/drive/MyDrive/DataSet_Voice/disgust/1035_ITH_DIS_XX.wav,disgust,1
/content/drive/MyDrive/DataSet_Voice/disgust/1043_ITH_DIS_XX.wav,disgust,1
/content/drive/MyDrive/DataSet_Voice/disgust/1041_ITH_DIS_XX.wav,disgust,1
/content/drive/MyDrive/DataSet_Voice/disgust/1043_IEO_DIS_HI.wav,disgust,1
/content/drive/MyDrive/DataSet_Voice/disgust/1030_IWL_DIS_XX.wav,disgust,1
/content/drive/MyDrive/DataSet_Voice/disgust/1033_IEO_DIS_LO.wav,disgust,1
/content/drive/MyDrive/DataSet_Voice/disgust/1046_TSI_DIS_XX.wav,disgust,1
/content/drive/MyDrive/DataSet_Voice/disgust/1047_IEO_DIS_LO.wav,disgust,1
/content/drive/MyDrive/DataSet_Voice/disgust/1035_ITS_DIS_XX.wav,disgust,1
/content/drive/MyDrive/DataSet_Voice/disgust/1043_ITS_DIS_XX.wav,disgust,1
/content/drive/MyDrive/DataSet_Voice/disgust/1035_IWL_DIS_XX.wav,disgust,1
/content/drive/MyDrive/DataSet_Voice/disgust/1031_ITS_DIS_XX.wav,disgust,1
/content/drive/MyDrive/DataSet_Voice/disgust/1040_TIE_DIS_XX.wav,disgust,1
/content/drive/MyDrive/DataSet_Voice/disgust/1040_ITH_DIS_XX.wav,disgust,1
/content/drive/MyDrive/DataSet_Voice/disgust/1046_IEO_DIS_MD.wav,disgust,1
/content/drive/MyDrive/DataSet_Voice/disgust/1037_TAI_DIS_XX.wav,disgust,1
/content/drive/MyDrive/DataSet_Voice/disgust/1037_IEO_DIS_LO.wav,disgust,1
/content/drive/MyDrive/DataSet_Voice/disgust/1045_WSI_DIS_XX.wav,disgust,1
/content/drive/MyDrive/DataSet_Voice/disgust/1031_WSI_DIS_XX.wav,disgust,1
/content/drive/MyDrive/DataSet_Voice/disgust/1043_TAI_DIS_XX.wav,disgust,1
/content/drive/MyDrive/DataSet_Voice/disgust/1038_WSI_DIS_XX.wav,disgust,1
/content/drive/MyDrive/DataSet_Voice/disgust/1044_ITH_DIS_XX.wav,disgust,1
/content/drive/MyDrive/DataSet_Voice/disgust/1046_ITH_DIS_XX.wav,disgust,1
/content/drive/MyDrive/DataSet_Voice/disgust/1044_IWL_DIS_XX.wav,disgust,1
/content/drive/MyDrive/DataSet_Voice/disgust/1039_IEO_DIS_HI.wav,disgust,1
/content/drive/MyDrive/DataSet_Voice/disgust/1039_IOM_DIS_XX.wav,disgust,1
/content/drive/MyDrive/DataSet_Voice/disgust/1031_IEO_DIS_MD.wav,disgust,1
/content/drive/MyDrive/DataSet_Voice/disgust/1042_IEO_DIS_LO.wav,disgust,1
/content/drive/MyDrive/DataSet_Voice/disgust/1034_TIE_DIS_XX.wav,disgust,1
/content/drive/MyDrive/DataSet_Voice/disgust/1036_TIE_DIS_XX.wav,disgust,1
/content/drive/MyDrive/DataSet_Voice/disgust/1036_IEO_DIS_LO.wav,disgust,1
/content/drive/MyDrive/DataSet_Voice/disgust/1038_IEO_DIS_HI.wav,disgust,1
/content/drive/MyDrive/DataSet_Voice/disgust/1034_WSI_DIS_XX.wav,disgust,1
/content/drive/MyDrive/DataSet_Voice/disgust/1040_IEO_DIS_MD.wav,disgust,1
/content/drive/MyDrive/DataSet_Voice/disgust/1040_TSI_DIS_XX.wav,disgust,1
/content/drive/MyDrive/DataSet_Voice/disgust/1041_WSI_DIS_XX.wav,disgust,1
/content/drive/MyDrive/DataSet_Voice/disgust/1041_IOM_DIS_XX.wav,disgust,1
/content/drive/MyDrive/DataSet_Voice/disgust/1037_TIE_DIS_XX.wav,disgust,1
/content/drive/MyDrive/DataSet_Voice/disgust/1031_TIE_DIS_XX.wav,disgust,1
/content/drive/MyDrive/DataSet_Voice/disgust/1037_MTI_DIS_XX.wav,disgust,1
/content/drive/MyDrive/DataSet_Voice/disgust/1046_IWW_DIS_XX.wav,disgust,1
/content/drive/MyDrive/DataSet_Voice/disgust/1031_IEO_DIS_LO.wav,disgust,1
/content/drive/MyDrive/DataSet_Voice/disgust/1033_ITH_DIS_XX.wav,disgust,1
/content/drive/MyDrive/DataSet_Voice/disgust/1029_TAI_DIS_XX.wav,disgust,1
/content/drive/MyDrive/DataSet_Voice/disgust/1030_WSI_DIS_XX.wav,disgust,1
/content/drive/MyDrive/DataSet_Voice/disgust/1039_DFA_DIS_XX.wav,disgust,1
/content/drive/MyDrive/DataSet_Voice/disgust/1036_TSI_DIS_XX.wav,disgust,1
/content/drive/MyDrive/DataSet_Voice/disgust/1035_TIE_DIS_XX.wav,disgust,1
/content/drive/MyDrive/DataSet_Voice/disgust/1044_IEO_DIS_MD.wav,disgust,1
/content/drive/MyDrive/DataSet_Voice/disgust/1030_TSI_DIS_XX.wav,disgust,1
/content/drive/MyDrive/DataSet_Voice/disgust/1029_ITH_DIS_XX.wav,disgust,1
/content/drive/MyDrive/DataSet_Voice/disgust/1028_IOM_DIS_XX.wav,disgust,1
/content/drive/MyDrive/DataSet_Voice/disgust/1033_TAI_DIS_XX.wav,disgust,1
/content/drive/MyDrive/DataSet_Voice/disgust/1044_WSI_DIS_XX.wav,disgust,1
/content/drive/MyDrive/DataSet_Voice/disgust/1042_TIE_DIS_XX.wav,disgust,1
/content/drive/MyDrive/DataSet_Voice/disgust/1044_DFA_DIS_XX.wav,disgust,1
/content/drive/MyDrive/DataSet_Voice/disgust/1028_MTI_DIS_XX.wav,disgust,1
/content/drive/MyDrive/DataSet_Voice/disgust/1030_DFA_DIS_XX.wav,disgust,1
/content/drive/MyDrive/DataSet_Voice/disgust/1041_IEO_DIS_LO.wav,disgust,1
/content/drive/MyDrive/DataSet_Voice/disgust/1042_IEO_DIS_MD.wav,disgust,1
/content/drive/MyDrive/DataSet_Voice/disgust/1031_TAI_DIS_XX.wav,disgust,1
/content/drive/MyDrive/DataSet_Voice/disgust/1029_IOM_DIS_XX.wav,disgust,1
/content/drive/MyDrive/DataSet_Voice/disgust/1044_TSI_DIS_XX.wav,disgust,1
/content/drive/MyDrive/DataSet_Voice/disgust/1040_IEO_DIS_LO.wav,disgust,1
/content/drive/MyDrive/DataSet_Voice/disgust/1040_IEO_DIS_HI.wav,disgust,1
/content/drive/MyDrive/DataSet_Voice/disgust/1046_IEO_DIS_LO.wav,disgust,1
/content/drive/MyDrive/DataSet_Voice/disgust/1045_ITS_DIS_XX.wav,disgust,1
/content/drive/MyDrive/DataSet_Voice/disgust/1046_TIE_DIS_XX.wav,disgust,1
/content/drive/MyDrive/DataSet_Voice/disgust/1039_TIE_DIS_XX.wav,disgust,1
/content/drive/MyDrive/DataSet_Voice/disgust/1045_IOM_DIS_XX.wav,disgust,1
/content/drive/MyDrive/DataSet_Voice/disgust/1044_IEO_DIS_LO.wav,disgust,1
/content/drive/MyDrive/DataSet_Voice/disgust/1033_TIE_DIS_XX.wav,disgust,1
/content/drive/MyDrive/DataSet_Voice/disgust/1046_ITS_DIS_XX.wav,disgust,1
/content/drive/MyDrive/DataSet_Voice/disgust/1029_DFA_DIS_XX.wav,disgust,1
/content/drive/MyDrive/DataSet_Voice/disgust/1041_DFA_DIS_XX.wav,disgust,1
/content/drive/MyDrive/DataSet_Voice/disgust/1035_IOM_DIS_XX.wav,disgust,1
/content/drive/MyDrive/DataSet_Voice/disgust/1029_TSI_DIS_XX.wav,disgust,1
/content/drive/MyDrive/DataSet_Voice/disgust/1029_WSI_DIS_XX.wav,disgust,1
/content/drive/MyDrive/DataSet_Voice/disgust/1032_TAI_DIS_XX.wav,disgust,1
/content/drive/MyDrive/DataSet_Voice/disgust/1029_IEO_DIS_HI.wav,disgust,1
/content/drive/MyDrive/DataSet_Voice/disgust/1036_DFA_DIS_XX.wav,disgust,1
/content/drive/MyDrive/DataSet_Voice/disgust/1032_ITS_DIS_XX.wav,disgust,1
/content/drive/MyDrive/DataSet_Voice/disgust/1044_TAI_DIS_XX.wav,disgust,1
/content/drive/MyDrive/DataSet_Voice/disgust/1033_IEO_DIS_HI.wav,disgust,1
/content/drive/MyDrive/DataSet_Voice/disgust/1028_ITS_DIS_XX.wav,disgust,1
/content/drive/MyDrive/DataSet_Voice/disgust/1033_IEO_DIS_MD.wav,disgust,1
/content/drive/MyDrive/DataSet_Voice/disgust/1031_DFA_DIS_XX.wav,disgust,1
/content/drive/MyDrive/DataSet_Voice/disgust/1036_ITH_DIS_XX.wav,disgust,1
/content/drive/MyDrive/DataSet_Voice/disgust/1029_IWW_DIS_XX.wav,disgust,1
/content/drive/MyDrive/DataSet_Voice/disgust/1037_IEO_DIS_HI.wav,disgust,1
/content/drive/MyDrive/DataSet_Voice/disgust/1034_TSI_DIS_XX.wav,disgust,1
/content/drive/MyDrive/DataSet_Voice/disgust/1036_MTI_DIS_XX.wav,disgust,1
/content/drive/MyDrive/DataSet_Voice/disgust/1040_IWW_DIS_XX.wav,disgust,1
/content/drive/MyDrive/DataSet_Voice/disgust/1042_TSI_DIS_XX.wav,disgust,1
/content/drive/MyDrive/DataSet_Voice/disgust/1037_TSI_DIS_XX.wav,disgust,1
/content/drive/MyDrive/DataSet_Voice/disgust/1033_WSI_DIS_XX.wav,disgust,1
/content/drive/MyDrive/DataSet_Voice/disgust/1038_TIE_DIS_XX.wav,disgust,1
/content/drive/MyDrive/DataSet_Voice/disgust/1044_IWW_DIS_XX.wav,disgust,1
/content/drive/MyDrive/DataSet_Voice/disgust/1041_IEO_DIS_HI.wav,disgust,1
/content/drive/MyDrive/DataSet_Voice/disgust/1046_TAI_DIS_XX.wav,disgust,1
/content/drive/MyDrive/DataSet_Voice/disgust/1038_MTI_DIS_XX.wav,disgust,1
/content/drive/MyDrive/DataSet_Voice/disgust/1038_ITS_DIS_XX.wav,disgust,1
/content/drive/MyDrive/DataSet_Voice/disgust/1037_IEO_DIS_MD.wav,disgust,1
/content/drive/MyDrive/DataSet_Voice/disgust/1036_IWW_DIS_XX.wav,disgust,1
/content/drive/MyDrive/DataSet_Voice/disgust/1031_IOM_DIS_XX.wav,disgust,1
/content/drive/MyDrive/DataSet_Voice/disgust/1041_IWW_DIS_XX.wav,disgust,1
/content/drive/MyDrive/DataSet_Voice/disgust/1042_MTI_DIS_XX.wav,disgust,1
/content/drive/MyDrive/DataSet_Voice/disgust/1032_IEO_DIS_HI.wav,disgust,1
/content/drive/MyDrive/DataSet_Voice/disgust/1043_IWL_DIS_XX.wav,disgust,1
/content/drive/MyDrive/DataSet_Voice/disgust/1042_ITH_DIS_XX.wav,disgust,1
/content/drive/MyDrive/DataSet_Voice/disgust/1033_DFA_DIS_XX.wav,disgust,1
/content/drive/MyDrive/DataSet_Voice/disgust/1041_TIE_DIS_XX.wav,disgust,1
/content/drive/MyDrive/DataSet_Voice/disgust/1034_IWW_DIS_XX.wav,disgust,1
/content/drive/MyDrive/DataSet_Voice/disgust/1034_DFA_DIS_XX.wav,disgust,1
/content/drive/MyDrive/DataSet_Voice/disgust/1034_IEO_DIS_HI.wav,disgust,1
/content/drive/MyDrive/DataSet_Voice/disgust/1046_IEO_DIS_HI.wav,disgust,1
/content/drive/MyDrive/DataSet_Voice/disgust/1030_MTI_DIS_XX.wav,disgust,1
/content/drive/MyDrive/DataSet_Voice/disgust/1043_TSI_DIS_XX.wav,disgust,1
/content/drive/MyDrive/DataSet_Voice/disgust/1042_DFA_DIS_XX.wav,disgust,1
/content/drive/MyDrive/DataSet_Voice/disgust/1039_TSI_DIS_XX.wav,disgust,1
/content/drive/MyDrive/DataSet_Voice/disgust/1032_IWW_DIS_XX.wav,disgust,1
/content/drive/MyDrive/DataSet_Voice/disgust/1037_ITH_DIS_XX.wav,disgust,1
/content/drive/MyDrive/DataSet_Voice/disgust/1040_ITS_DIS_XX.wav,disgust,1
/content/drive/MyDrive/DataSet_Voice/disgust/1030_TAI_DIS_XX.wav,disgust,1
/content/drive/MyDrive/DataSet_Voice/disgust/1043_DFA_DIS_XX.wav,disgust,1
/content/drive/MyDrive/DataSet_Voice/disgust/1035_TSI_DIS_XX.wav,disgust,1
/content/drive/MyDrive/DataSet_Voice/disgust/1036_IOM_DIS_XX.wav,disgust,1
/content/drive/MyDrive/DataSet_Voice/disgust/1032_ITH_DIS_XX.wav,disgust,1
/content/drive/MyDrive/DataSet_Voice/disgust/1041_ITS_DIS_XX.wav,disgust,1
/content/drive/MyDrive/DataSet_Voice/disgust/1038_IEO_DIS_MD.wav,disgust,1
/content/drive/MyDrive/DataSet_Voice/disgust/1031_TSI_DIS_XX.wav,disgust,1
/content/drive/MyDrive/DataSet_Voice/disgust/1030_IEO_DIS_LO.wav,disgust,1
/content/drive/MyDrive/DataSet_Voice/disgust/1032_TSI_DIS_XX.wav,disgust,1
/content/drive/MyDrive/DataSet_Voice/disgust/1033_TSI_DIS_XX.wav,disgust,1
/content/drive/MyDrive/DataSet_Voice/disgust/1044_MTI_DIS_XX.wav,disgust,1
/content/drive/MyDrive/DataSet_Voice/disgust/1058_IWL_DIS_XX.wav,disgust,1
/content/drive/MyDrive/DataSet_Voice/disgust/1061_IWW_DIS_XX.wav,disgust,1
/content/drive/MyDrive/DataSet_Voice/disgust/1054_TSI_DIS_XX.wav,disgust,1
/content/drive/MyDrive/DataSet_Voice/disgust/1051_IEO_DIS_LO.wav,disgust,1
/content/drive/MyDrive/DataSet_Voice/disgust/1049_ITS_DIS_XX.wav,disgust,1
/content/drive/MyDrive/DataSet_Voice/disgust/1053_TIE_DIS_XX.wav,disgust,1
/content/drive/MyDrive/DataSet_Voice/disgust/1052_TAI_DIS_XX.wav,disgust,1
/content/drive/MyDrive/DataSet_Voice/disgust/1062_DFA_DIS_XX.wav,disgust,1
/content/drive/MyDrive/DataSet_Voice/disgust/1056_WSI_DIS_XX.wav,disgust,1
/content/drive/MyDrive/DataSet_Voice/disgust/1056_MTI_DIS_XX.wav,disgust,1
/content/drive/MyDrive/DataSet_Voice/disgust/1054_TAI_DIS_XX.wav,disgust,1
/content/drive/MyDrive/DataSet_Voice/disgust/1061_IWL_DIS_XX.wav,disgust,1
/content/drive/MyDrive/DataSet_Voice/disgust/1051_ITS_DIS_XX.wav,disgust,1
/content/drive/MyDrive/DataSet_Voice/disgust/1056_IWW_DIS_XX.wav,disgust,1
/content/drive/MyDrive/DataSet_Voice/disgust/1057_MTI_DIS_XX.wav,disgust,1
/content/drive/MyDrive/DataSet_Voice/disgust/1060_IEO_DIS_MD.wav,disgust,1
/content/drive/MyDrive/DataSet_Voice/disgust/1051_MTI_DIS_XX.wav,disgust,1
/content/drive/MyDrive/DataSet_Voice/disgust/1057_WSI_DIS_XX.wav,disgust,1
/content/drive/MyDrive/DataSet_Voice/disgust/1056_IEO_DIS_HI.wav,disgust,1
/content/drive/MyDrive/DataSet_Voice/disgust/1047_TSI_DIS_XX.wav,disgust,1
/content/drive/MyDrive/DataSet_Voice/disgust/1059_WSI_DIS_XX.wav,disgust,1
/content/drive/MyDrive/DataSet_Voice/disgust/1055_ITS_DIS_XX.wav,disgust,1
/content/drive/MyDrive/DataSet_Voice/disgust/1058_DFA_DIS_XX.wav,disgust,1
/content/drive/MyDrive/DataSet_Voice/disgust/1061_IEO_DIS_HI.wav,disgust,1
/content/drive/MyDrive/DataSet_Voice/disgust/1055_ITH_DIS_XX.wav,disgust,1
/content/drive/MyDrive/DataSet_Voice/disgust/1054_ITS_DIS_XX.wav,disgust,1
/content/drive/MyDrive/DataSet_Voice/disgust/1051_IWW_DIS_XX.wav,disgust,1
/content/drive/MyDrive/DataSet_Voice/disgust/1053_WSI_DIS_XX.wav,disgust,1
/content/drive/MyDrive/DataSet_Voice/disgust/1057_TAI_DIS_XX.wav,disgust,1
/content/drive/MyDrive/DataSet_Voice/disgust/1049_IEO_DIS_HI.wav,disgust,1
/content/drive/MyDrive/DataSet_Voice/disgust/1063_IOM_DIS_XX.wav,disgust,1
/content/drive/MyDrive/DataSet_Voice/disgust/1059_ITH_DIS_XX.wav,disgust,1
/content/drive/MyDrive/DataSet_Voice/disgust/1049_IWL_DIS_XX.wav,disgust,1
/content/drive/MyDrive/DataSet_Voice/disgust/1053_IOM_DIS_XX.wav,disgust,1
/content/drive/MyDrive/DataSet_Voice/disgust/1058_TSI_DIS_XX.wav,disgust,1
/content/drive/MyDrive/DataSet_Voice/disgust/1052_TIE_DIS_XX.wav,disgust,1
/content/drive/MyDrive/DataSet_Voice/disgust/1055_IWL_DIS_XX.wav,disgust,1
/content/drive/MyDrive/DataSet_Voice/disgust/1053_IEO_DIS_LO.wav,disgust,1
/content/drive/MyDrive/DataSet_Voice/disgust/1054_IEO_DIS_LO.wav,disgust,1
/content/drive/MyDrive/DataSet_Voice/disgust/1048_TIE_DIS_XX.wav,disgust,1
/content/drive/MyDrive/DataSet_Voice/disgust/1049_ITH_DIS_XX.wav,disgust,1
/content/drive/MyDrive/DataSet_Voice/disgust/1056_ITH_DIS_XX.wav,disgust,1
/content/drive/MyDrive/DataSet_Voice/disgust/1061_MTI_DIS_XX.wav,disgust,1
/content/drive/MyDrive/DataSet_Voice/disgust/1047_IWL_DIS_XX.wav,disgust,1
/content/drive/MyDrive/DataSet_Voice/disgust/1047_MTI_DIS_XX.wav,disgust,1
/content/drive/MyDrive/DataSet_Voice/disgust/1048_IWW_DIS_XX.wav,disgust,1
/content/drive/MyDrive/DataSet_Voice/disgust/1054_IEO_DIS_HI.wav,disgust,1
/content/drive/MyDrive/DataSet_Voice/disgust/1055_IEO_DIS_HI.wav,disgust,1
/content/drive/MyDrive/DataSet_Voice/disgust/1053_IWW_DIS_XX.wav,disgust,1
/content/drive/MyDrive/DataSet_Voice/disgust/1062_TIE_DIS_XX.wav,disgust,1
/content/drive/MyDrive/DataSet_Voice/disgust/1049_TIE_DIS_XX.wav,disgust,1
/content/drive/MyDrive/DataSet_Voice/disgust/1060_TSI_DIS_XX.wav,disgust,1
/content/drive/MyDrive/DataSet_Voice/disgust/1063_IEO_DIS_MD.wav,disgust,1
/content/drive/MyDrive/DataSet_Voice/disgust/1057_IEO_DIS_HI.wav,disgust,1
/content/drive/MyDrive/DataSet_Voice/disgust/1048_ITH_DIS_XX.wav,disgust,1
/content/drive/MyDrive/DataSet_Voice/disgust/1059_IWW_DIS_XX.wav,disgust,1
/content/drive/MyDrive/DataSet_Voice/disgust/1052_ITH_DIS_XX.wav,disgust,1
/content/drive/MyDrive/DataSet_Voice/disgust/1060_IEO_DIS_LO.wav,disgust,1
/content/drive/MyDrive/DataSet_Voice/disgust/1050_IEO_DIS_HI.wav,disgust,1
/content/drive/MyDrive/DataSet_Voice/disgust/1060_IOM_DIS_XX.wav,disgust,1
/content/drive/MyDrive/DataSet_Voice/disgust/1051_IWL_DIS_XX.wav,disgust,1
/content/drive/MyDrive/DataSet_Voice/disgust/1049_IOM_DIS_XX.wav,disgust,1
/content/drive/MyDrive/DataSet_Voice/disgust/1058_WSI_DIS_XX.wav,disgust,1
/content/drive/MyDrive/DataSet_Voice/disgust/1048_IEO_DIS_LO.wav,disgust,1
/content/drive/MyDrive/DataSet_Voice/disgust/1055_TAI_DIS_XX.wav,disgust,1
/content/drive/MyDrive/DataSet_Voice/disgust/1048_DFA_DIS_XX.wav,disgust,1
/content/drive/MyDrive/DataSet_Voice/disgust/1047_WSI_DIS_XX.wav,disgust,1
/content/drive/MyDrive/DataSet_Voice/disgust/1057_DFA_DIS_XX.wav,disgust,1
/content/drive/MyDrive/DataSet_Voice/disgust/1056_TIE_DIS_XX.wav,disgust,1
/content/drive/MyDrive/DataSet_Voice/disgust/1052_IEO_DIS_MD.wav,disgust,1
/content/drive/MyDrive/DataSet_Voice/disgust/1058_TIE_DIS_XX.wav,disgust,1
/content/drive/MyDrive/DataSet_Voice/disgust/1054_DFA_DIS_XX.wav,disgust,1
/content/drive/MyDrive/DataSet_Voice/disgust/1063_DFA_DIS_XX.wav,disgust,1
/content/drive/MyDrive/DataSet_Voice/disgust/1057_TSI_DIS_XX.wav,disgust,1
/content/drive/MyDrive/DataSet_Voice/disgust/1060_ITS_DIS_XX.wav,disgust,1
/content/drive/MyDrive/DataSet_Voice/disgust/1051_TIE_DIS_XX.wav,disgust,1
/content/drive/MyDrive/DataSet_Voice/disgust/1058_ITH_DIS_XX.wav,disgust,1
/content/drive/MyDrive/DataSet_Voice/disgust/1058_IEO_DIS_LO.wav,disgust,1
/content/drive/MyDrive/DataSet_Voice/disgust/1054_ITH_DIS_XX.wav,disgust,1
/content/drive/MyDrive/DataSet_Voice/disgust/1048_MTI_DIS_XX.wav,disgust,1
/content/drive/MyDrive/DataSet_Voice/disgust/1060_IEO_DIS_HI.wav,disgust,1
/content/drive/MyDrive/DataSet_Voice/disgust/1061_IOM_DIS_XX.wav,disgust,1
/content/drive/MyDrive/DataSet_Voice/disgust/1048_IEO_DIS_MD.wav,disgust,1
/content/drive/MyDrive/DataSet_Voice/disgust/1059_IOM_DIS_XX.wav,disgust,1
/content/drive/MyDrive/DataSet_Voice/disgust/1056_IWL_DIS_XX.wav,disgust,1
/content/drive/MyDrive/DataSet_Voice/disgust/1060_ITH_DIS_XX.wav,disgust,1
/content/drive/MyDrive/DataSet_Voice/disgust/1055_IEO_DIS_LO.wav,disgust,1
/content/drive/MyDrive/DataSet_Voice/disgust/1059_IEO_DIS_MD.wav,disgust,1
/content/drive/MyDrive/DataSet_Voice/disgust/1053_DFA_DIS_XX.wav,disgust,1
/content/drive/MyDrive/DataSet_Voice/disgust/1049_IWW_DIS_XX.wav,disgust,1
/content/drive/MyDrive/DataSet_Voice/disgust/1050_IWL_DIS_XX.wav,disgust,1
/content/drive/MyDrive/DataSet_Voice/disgust/1059_IEO_DIS_HI.wav,disgust,1
/content/drive/MyDrive/DataSet_Voice/disgust/1058_IEO_DIS_MD.wav,disgust,1
/content/drive/MyDrive/DataSet_Voice/disgust/1050_WSI_DIS_XX.wav,disgust,1
/content/drive/MyDrive/DataSet_Voice/disgust/1062_TAI_DIS_XX.wav,disgust,1
/content/drive/MyDrive/DataSet_Voice/disgust/1051_TSI_DIS_XX.wav,disgust,1
/content/drive/MyDrive/DataSet_Voice/disgust/1049_TSI_DIS_XX.wav,disgust,1
/content/drive/MyDrive/DataSet_Voice/disgust/1056_IOM_DIS_XX.wav,disgust,1
/content/drive/MyDrive/DataSet_Voice/disgust/1063_IEO_DIS_HI.wav,disgust,1
/content/drive/MyDrive/DataSet_Voice/disgust/1057_IWW_DIS_XX.wav,disgust,1
/content/drive/MyDrive/DataSet_Voice/disgust/1052_ITS_DIS_XX.wav,disgust,1
/content/drive/MyDrive/DataSet_Voice/disgust/1059_TIE_DIS_XX.wav,disgust,1
/content/drive/MyDrive/DataSet_Voice/disgust/1058_IWW_DIS_XX.wav,disgust,1
/content/drive/MyDrive/DataSet_Voice/disgust/1047_IWW_DIS_XX.wav,disgust,1
/content/drive/MyDrive/DataSet_Voice/disgust/1060_MTI_DIS_XX.wav,disgust,1
/content/drive/MyDrive/DataSet_Voice/disgust/1060_TAI_DIS_XX.wav,disgust,1
/content/drive/MyDrive/DataSet_Voice/disgust/1053_TAI_DIS_XX.wav,disgust,1
/content/drive/MyDrive/DataSet_Voice/disgust/1055_DFA_DIS_XX.wav,disgust,1
/content/drive/MyDrive/DataSet_Voice/disgust/1048_TAI_DIS_XX.wav,disgust,1
/content/drive/MyDrive/DataSet_Voice/disgust/1051_IOM_DIS_XX.wav,disgust,1
/content/drive/MyDrive/DataSet_Voice/disgust/1048_ITS_DIS_XX.wav,disgust,1
/content/drive/MyDrive/DataSet_Voice/disgust/1057_IWL_DIS_XX.wav,disgust,1
/content/drive/MyDrive/DataSet_Voice/disgust/1059_IWL_DIS_XX.wav,disgust,1
/content/drive/MyDrive/DataSet_Voice/disgust/1062_WSI_DIS_XX.wav,disgust,1
/content/drive/MyDrive/DataSet_Voice/disgust/1049_IEO_DIS_MD.wav,disgust,1
/content/drive/MyDrive/DataSet_Voice/disgust/1063_ITH_DIS_XX.wav,disgust,1
/content/drive/MyDrive/DataSet_Voice/disgust/1050_ITS_DIS_XX.wav,disgust,1
/content/drive/MyDrive/DataSet_Voice/disgust/1056_IEO_DIS_MD.wav,disgust,1
/content/drive/MyDrive/DataSet_Voice/disgust/1049_IEO_DIS_LO.wav,disgust,1
/content/drive/MyDrive/DataSet_Voice/disgust/1051_IEO_DIS_HI.wav,disgust,1
/content/drive/MyDrive/DataSet_Voice/disgust/1056_TSI_DIS_XX.wav,disgust,1
/content/drive/MyDrive/DataSet_Voice/disgust/1059_TAI_DIS_XX.wav,disgust,1
/content/drive/MyDrive/DataSet_Voice/disgust/1051_TAI_DIS_XX.wav,disgust,1
/content/drive/MyDrive/DataSet_Voice/disgust/1063_MTI_DIS_XX.wav,disgust,1
/content/drive/MyDrive/DataSet_Voice/disgust/1057_IEO_DIS_LO.wav,disgust,1
/content/drive/MyDrive/DataSet_Voice/disgust/1047_ITH_DIS_XX.wav,disgust,1
/content/drive/MyDrive/DataSet_Voice/disgust/1056_ITS_DIS_XX.wav,disgust,1
/content/drive/MyDrive/DataSet_Voice/disgust/1055_TIE_DIS_XX.wav,disgust,1
/content/drive/MyDrive/DataSet_Voice/disgust/1049_DFA_DIS_XX.wav,disgust,1
/content/drive/MyDrive/DataSet_Voice/disgust/1052_IOM_DIS_XX.wav,disgust,1
/content/drive/MyDrive/DataSet_Voice/disgust/1061_TSI_DIS_XX.wav,disgust,1
/content/drive/MyDrive/DataSet_Voice/disgust/1052_WSI_DIS_XX.wav,disgust,1
/content/drive/MyDrive/DataSet_Voice/disgust/1059_MTI_DIS_XX.wav,disgust,1
/content/drive/MyDrive/DataSet_Voice/disgust/1048_IEO_DIS_HI.wav,disgust,1
/content/drive/MyDrive/DataSet_Voice/disgust/1058_IEO_DIS_HI.wav,disgust,1
/content/drive/MyDrive/DataSet_Voice/disgust/1056_DFA_DIS_XX.wav,disgust,1
/content/drive/MyDrive/DataSet_Voice/disgust/1054_MTI_DIS_XX.wav,disgust,1
/content/drive/MyDrive/DataSet_Voice/disgust/1052_MTI_DIS_XX.wav,disgust,1
/content/drive/MyDrive/DataSet_Voice/disgust/1057_ITH_DIS_XX.wav,disgust,1
/content/drive/MyDrive/DataSet_Voice/disgust/1059_TSI_DIS_XX.wav,disgust,1
/content/drive/MyDrive/DataSet_Voice/disgust/1055_IWW_DIS_XX.wav,disgust,1
/content/drive/MyDrive/DataSet_Voice/disgust/1050_IEO_DIS_MD.wav,disgust,1
/content/drive/MyDrive/DataSet_Voice/disgust/1054_IWW_DIS_XX.wav,disgust,1
/content/drive/MyDrive/DataSet_Voice/disgust/1060_WSI_DIS_XX.wav,disgust,1
/content/drive/MyDrive/DataSet_Voice/disgust/1056_TAI_DIS_XX.wav,disgust,1
/content/drive/MyDrive/DataSet_Voice/disgust/1055_IEO_DIS_MD.wav,disgust,1
/content/drive/MyDrive/DataSet_Voice/disgust/1049_WSI_DIS_XX.wav,disgust,1
/content/drive/MyDrive/DataSet_Voice/disgust/1053_TSI_DIS_XX.wav,disgust,1
/content/drive/MyDrive/DataSet_Voice/disgust/1063_IEO_DIS_LO.wav,disgust,1
/content/drive/MyDrive/DataSet_Voice/disgust/1050_IWW_DIS_XX.wav,disgust,1
/content/drive/MyDrive/DataSet_Voice/disgust/1052_IEO_DIS_HI.wav,disgust,1
/content/drive/MyDrive/DataSet_Voice/disgust/1062_ITH_DIS_XX.wav,disgust,1
/content/drive/MyDrive/DataSet_Voice/disgust/1062_ITS_DIS_XX.wav,disgust,1
/content/drive/MyDrive/DataSet_Voice/disgust/1051_DFA_DIS_XX.wav,disgust,1
/content/drive/MyDrive/DataSet_Voice/disgust/1054_IWL_DIS_XX.wav,disgust,1
/content/drive/MyDrive/DataSet_Voice/disgust/1060_TIE_DIS_XX.wav,disgust,1
/content/drive/MyDrive/DataSet_Voice/disgust/1047_IOM_DIS_XX.wav,disgust,1
/content/drive/MyDrive/DataSet_Voice/disgust/1053_IWL_DIS_XX.wav,disgust,1
/content/drive/MyDrive/DataSet_Voice/disgust/1061_ITS_DIS_XX.wav,disgust,1
/content/drive/MyDrive/DataSet_Voice/disgust/1052_IWW_DIS_XX.wav,disgust,1
/content/drive/MyDrive/DataSet_Voice/disgust/1047_ITS_DIS_XX.wav,disgust,1
/content/drive/MyDrive/DataSet_Voice/disgust/1051_WSI_DIS_XX.wav,disgust,1
/content/drive/MyDrive/DataSet_Voice/disgust/1050_MTI_DIS_XX.wav,disgust,1
/content/drive/MyDrive/DataSet_Voice/disgust/1061_IEO_DIS_MD.wav,disgust,1
/content/drive/MyDrive/DataSet_Voice/disgust/1060_DFA_DIS_XX.wav,disgust,1
/content/drive/MyDrive/DataSet_Voice/disgust/1052_DFA_DIS_XX.wav,disgust,1
/content/drive/MyDrive/DataSet_Voice/disgust/1048_IOM_DIS_XX.wav,disgust,1
/content/drive/MyDrive/DataSet_Voice/disgust/1057_TIE_DIS_XX.wav,disgust,1
/content/drive/MyDrive/DataSet_Voice/disgust/1050_TAI_DIS_XX.wav,disgust,1
/content/drive/MyDrive/DataSet_Voice/disgust/1062_IWW_DIS_XX.wav,disgust,1
/content/drive/MyDrive/DataSet_Voice/disgust/1048_TSI_DIS_XX.wav,disgust,1
/content/drive/MyDrive/DataSet_Voice/disgust/1061_DFA_DIS_XX.wav,disgust,1
/content/drive/MyDrive/DataSet_Voice/disgust/1060_IWL_DIS_XX.wav,disgust,1
/content/drive/MyDrive/DataSet_Voice/disgust/1047_TAI_DIS_XX.wav,disgust,1
/content/drive/MyDrive/DataSet_Voice/disgust/1051_ITH_DIS_XX.wav,disgust,1
/content/drive/MyDrive/DataSet_Voice/disgust/1053_IEO_DIS_MD.wav,disgust,1
/content/drive/MyDrive/DataSet_Voice/disgust/1048_IWL_DIS_XX.wav,disgust,1
/content/drive/MyDrive/DataSet_Voice/disgust/1059_ITS_DIS_XX.wav,disgust,1
/content/drive/MyDrive/DataSet_Voice/disgust/1059_IEO_DIS_LO.wav,disgust,1
/content/drive/MyDrive/DataSet_Voice/disgust/1062_MTI_DIS_XX.wav,disgust,1
/content/drive/MyDrive/DataSet_Voice/disgust/1047_TIE_DIS_XX.wav,disgust,1
/content/drive/MyDrive/DataSet_Voice/disgust/1052_IWL_DIS_XX.wav,disgust,1
/content/drive/MyDrive/DataSet_Voice/disgust/1059_DFA_DIS_XX.wav,disgust,1
/content/drive/MyDrive/DataSet_Voice/disgust/1053_ITH_DIS_XX.wav,disgust,1
/content/drive/MyDrive/DataSet_Voice/disgust/1053_ITS_DIS_XX.wav,disgust,1
/content/drive/MyDrive/DataSet_Voice/disgust/1052_TSI_DIS_XX.wav,disgust,1
/content/drive/MyDrive/DataSet_Voice/disgust/1050_ITH_DIS_XX.wav,disgust,1
/content/drive/MyDrive/DataSet_Voice/disgust/1054_IOM_DIS_XX.wav,disgust,1
/content/drive/MyDrive/DataSet_Voice/disgust/1060_IWW_DIS_XX.wav,disgust,1
/content/drive/MyDrive/DataSet_Voice/disgust/1050_IOM_DIS_XX.wav,disgust,1
/content/drive/MyDrive/DataSet_Voice/disgust/1058_MTI_DIS_XX.wav,disgust,1
/content/drive/MyDrive/DataSet_Voice/disgust/1061_WSI_DIS_XX.wav,disgust,1
/content/drive/MyDrive/DataSet_Voice/disgust/1056_IEO_DIS_LO.wav,disgust,1
/content/drive/MyDrive/DataSet_Voice/disgust/1050_TIE_DIS_XX.wav,disgust,1
/content/drive/MyDrive/DataSet_Voice/disgust/1055_MTI_DIS_XX.wav,disgust,1
/content/drive/MyDrive/DataSet_Voice/disgust/1054_WSI_DIS_XX.wav,disgust,1
/content/drive/MyDrive/DataSet_Voice/disgust/1050_TSI_DIS_XX.wav,disgust,1
/content/drive/MyDrive/DataSet_Voice/disgust/1057_IOM_DIS_XX.wav,disgust,1
/content/drive/MyDrive/DataSet_Voice/disgust/1057_ITS_DIS_XX.wav,disgust,1
/content/drive/MyDrive/DataSet_Voice/disgust/1062_IOM_DIS_XX.wav,disgust,1
/content/drive/MyDrive/DataSet_Voice/disgust/1063_ITS_DIS_XX.wav,disgust,1
/content/drive/MyDrive/DataSet_Voice/disgust/1049_MTI_DIS_XX.wav,disgust,1
/content/drive/MyDrive/DataSet_Voice/disgust/1063_IWL_DIS_XX.wav,disgust,1
/content/drive/MyDrive/DataSet_Voice/disgust/1055_TSI_DIS_XX.wav,disgust,1
/content/drive/MyDrive/DataSet_Voice/disgust/1052_IEO_DIS_LO.wav,disgust,1
/content/drive/MyDrive/DataSet_Voice/disgust/1061_TAI_DIS_XX.wav,disgust,1
/content/drive/MyDrive/DataSet_Voice/disgust/1055_IOM_DIS_XX.wav,disgust,1
/content/drive/MyDrive/DataSet_Voice/disgust/1050_IEO_DIS_LO.wav,disgust,1
/content/drive/MyDrive/DataSet_Voice/disgust/1061_IEO_DIS_LO.wav,disgust,1
/content/drive/MyDrive/DataSet_Voice/disgust/1062_IEO_DIS_LO.wav,disgust,1
/content/drive/MyDrive/DataSet_Voice/disgust/1063_IWW_DIS_XX.wav,disgust,1
/content/drive/MyDrive/DataSet_Voice/disgust/1062_IWL_DIS_XX.wav,disgust,1
/content/drive/MyDrive/DataSet_Voice/disgust/1053_IEO_DIS_HI.wav,disgust,1
/content/drive/MyDrive/DataSet_Voice/disgust/1062_IEO_DIS_MD.wav,disgust,1
/content/drive/MyDrive/DataSet_Voice/disgust/1057_IEO_DIS_MD.wav,disgust,1
/content/drive/MyDrive/DataSet_Voice/disgust/1051_IEO_DIS_MD.wav,disgust,1
/content/drive/MyDrive/DataSet_Voice/disgust/1061_TIE_DIS_XX.wav,disgust,1
/content/drive/MyDrive/DataSet_Voice/disgust/1053_MTI_DIS_XX.wav,disgust,1
/content/drive/MyDrive/DataSet_Voice/fear/1053_WSI_FEA_XX.wav,fear,2
/content/drive/MyDrive/DataSet_Voice/fear/1047_WSI_FEA_XX.wav,fear,2
/content/drive/MyDrive/DataSet_Voice/fear/1058_MTI_FEA_XX.wav,fear,2
/content/drive/MyDrive/DataSet_Voice/fear/1056_TIE_FEA_XX.wav,fear,2
/content/drive/MyDrive/DataSet_Voice/fear/1052_IOM_FEA_XX.wav,fear,2
/content/drive/MyDrive/DataSet_Voice/fear/1058_TSI_FEA_XX.wav,fear,2
/content/drive/MyDrive/DataSet_Voice/fear/1051_ITS_FEA_XX.wav,fear,2
/content/drive/MyDrive/DataSet_Voice/fear/1056_ITS_FEA_XX.wav,fear,2
/content/drive/MyDrive/DataSet_Voice/fear/1056_IEO_FEA_HI.wav,fear,2
/content/drive/MyDrive/DataSet_Voice/fear/1063_IEO_FEA_LO.wav,fear,2
/content/drive/MyDrive/DataSet_Voice/fear/1058_ITS_FEA_XX.wav,fear,2
/content/drive/MyDrive/DataSet_Voice/fear/1054_DFA_FEA_XX.wav,fear,2
/content/drive/MyDrive/DataSet_Voice/fear/1077_IEO_FEA_MD.wav,fear,2
/content/drive/MyDrive/DataSet_Voice/fear/1074_IOM_FEA_XX.wav,fear,2
/content/drive/MyDrive/DataSet_Voice/fear/1075_TSI_FEA_XX.wav,fear,2
/content/drive/MyDrive/DataSet_Voice/fear/1069_IEO_FEA_MD.wav,fear,2
/content/drive/MyDrive/DataSet_Voice/fear/1067_TAI_FEA_XX.wav,fear,2
/content/drive/MyDrive/DataSet_Voice/fear/1070_TSI_FEA_XX.wav,fear,2
/content/drive/MyDrive/DataSet_Voice/fear/1073_TSI_FEA_XX.wav,fear,2
/content/drive/MyDrive/DataSet_Voice/fear/1065_ITH_FEA_XX.wav,fear,2
/content/drive/MyDrive/DataSet_Voice/fear/1071_IWL_FEA_XX.wav,fear,2
/content/drive/MyDrive/DataSet_Voice/fear/1069_WSI_FEA_XX.wav,fear,2
/content/drive/MyDrive/DataSet_Voice/fear/1071_WSI_FEA_XX.wav,fear,2
/content/drive/MyDrive/DataSet_Voice/fear/1073_IEO_FEA_LO.wav,fear,2
/content/drive/MyDrive/DataSet_Voice/fear/1065_TIE_FEA_XX.wav,fear,2
/content/drive/MyDrive/DataSet_Voice/fear/1071_ITH_FEA_XX.wav,fear,2
/content/drive/MyDrive/DataSet_Voice/fear/1065_IEO_FEA_HI.wav,fear,2
/content/drive/MyDrive/DataSet_Voice/fear/1068_MTI_FEA_XX.wav,fear,2
/content/drive/MyDrive/DataSet_Voice/fear/1071_DFA_FEA_XX.wav,fear,2
/content/drive/MyDrive/DataSet_Voice/fear/1073_TAI_FEA_XX.wav,fear,2
/content/drive/MyDrive/DataSet_Voice/fear/1076_IOM_FEA_XX.wav,fear,2
/content/drive/MyDrive/DataSet_Voice/fear/1068_IWW_FEA_XX.wav,fear,2
/content/drive/MyDrive/DataSet_Voice/fear/1073_IEO_FEA_HI.wav,fear,2
/content/drive/MyDrive/DataSet_Voice/fear/1068_TSI_FEA_XX.wav,fear,2
/content/drive/MyDrive/DataSet_Voice/fear/1074_IWW_FEA_XX.wav,fear,2
/content/drive/MyDrive/DataSet_Voice/fear/1078_ITH_FEA_XX.wav,fear,2
/content/drive/MyDrive/DataSet_Voice/fear/1075_IOM_FEA_XX.wav,fear,2
/content/drive/MyDrive/DataSet_Voice/fear/1077_ITH_FEA_XX.wav,fear,2
/content/drive/MyDrive/DataSet_Voice/fear/1075_WSI_FEA_XX.wav,fear,2
/content/drive/MyDrive/DataSet_Voice/fear/1068_IWL_FEA_XX.wav,fear,2
/content/drive/MyDrive/DataSet_Voice/fear/1070_DFA_FEA_XX.wav,fear,2
/content/drive/MyDrive/DataSet_Voice/fear/1076_IEO_FEA_LO.wav,fear,2
/content/drive/MyDrive/DataSet_Voice/fear/1077_IEO_FEA_HI.wav,fear,2
/content/drive/MyDrive/DataSet_Voice/fear/1072_IEO_FEA_MD.wav,fear,2
/content/drive/MyDrive/DataSet_Voice/fear/1069_ITH_FEA_XX.wav,fear,2
/content/drive/MyDrive/DataSet_Voice/fear/1066_ITH_FEA_XX.wav,fear,2
/content/drive/MyDrive/DataSet_Voice/fear/1068_ITH_FEA_XX.wav,fear,2
/content/drive/MyDrive/DataSet_Voice/fear/1075_DFA_FEA_XX.wav,fear,2
/content/drive/MyDrive/DataSet_Voice/fear/1068_TIE_FEA_XX.wav,fear,2
/content/drive/MyDrive/DataSet_Voice/fear/1065_WSI_FEA_XX.wav,fear,2
/content/drive/MyDrive/DataSet_Voice/fear/1064_IWL_FEA_XX.wav,fear,2
/content/drive/MyDrive/DataSet_Voice/fear/1072_TIE_FEA_XX.wav,fear,2
/content/drive/MyDrive/DataSet_Voice/fear/1067_IEO_FEA_MD.wav,fear,2
/content/drive/MyDrive/DataSet_Voice/fear/1073_ITH_FEA_XX.wav,fear,2
/content/drive/MyDrive/DataSet_Voice/fear/1065_IWL_FEA_XX.wav,fear,2
/content/drive/MyDrive/DataSet_Voice/fear/1075_IWL_FEA_XX.wav,fear,2
/content/drive/MyDrive/DataSet_Voice/fear/1076_TSI_FEA_XX.wav,fear,2
/content/drive/MyDrive/DataSet_Voice/fear/1075_IWW_FEA_XX.wav,fear,2
/content/drive/MyDrive/DataSet_Voice/fear/1067_DFA_FEA_XX.wav,fear,2
/content/drive/MyDrive/DataSet_Voice/fear/1069_TSI_FEA_XX.wav,fear,2
/content/drive/MyDrive/DataSet_Voice/fear/1064_IWW_FEA_XX.wav,fear,2
/content/drive/MyDrive/DataSet_Voice/fear/1068_ITS_FEA_XX.wav,fear,2
/content/drive/MyDrive/DataSet_Voice/fear/1075_IEO_FEA_MD.wav,fear,2
/content/drive/MyDrive/DataSet_Voice/fear/1067_TSI_FEA_XX.wav,fear,2
/content/drive/MyDrive/DataSet_Voice/fear/1071_MTI_FEA_XX.wav,fear,2
/content/drive/MyDrive/DataSet_Voice/fear/1064_ITH_FEA_XX.wav,fear,2
/content/drive/MyDrive/DataSet_Voice/fear/1072_MTI_FEA_XX.wav,fear,2
/content/drive/MyDrive/DataSet_Voice/fear/1070_IEO_FEA_LO.wav,fear,2
/content/drive/MyDrive/DataSet_Voice/fear/1068_IEO_FEA_MD.wav,fear,2
/content/drive/MyDrive/DataSet_Voice/fear/1071_TSI_FEA_XX.wav,fear,2
/content/drive/MyDrive/DataSet_Voice/fear/1074_MTI_FEA_XX.wav,fear,2
/content/drive/MyDrive/DataSet_Voice/fear/1077_TSI_FEA_XX.wav,fear,2
/content/drive/MyDrive/DataSet_Voice/fear/1064_WSI_FEA_XX.wav,fear,2
/content/drive/MyDrive/DataSet_Voice/fear/1067_IEO_FEA_LO.wav,fear,2
/content/drive/MyDrive/DataSet_Voice/fear/1065_TAI_FEA_XX.wav,fear,2
/content/drive/MyDrive/DataSet_Voice/fear/1064_IEO_FEA_MD.wav,fear,2
/content/drive/MyDrive/DataSet_Voice/fear/1070_TAI_FEA_XX.wav,fear,2
/content/drive/MyDrive/DataSet_Voice/fear/1075_IEO_FEA_HI.wav,fear,2
/content/drive/MyDrive/DataSet_Voice/fear/1066_TAI_FEA_XX.wav,fear,2
/content/drive/MyDrive/DataSet_Voice/fear/1071_IEO_FEA_MD.wav,fear,2
/content/drive/MyDrive/DataSet_Voice/fear/1068_WSI_FEA_XX.wav,fear,2
/content/drive/MyDrive/DataSet_Voice/fear/1075_TAI_FEA_XX.wav,fear,2
/content/drive/MyDrive/DataSet_Voice/fear/1068_IEO_FEA_LO.wav,fear,2
/content/drive/MyDrive/DataSet_Voice/fear/1076_DFA_FEA_XX.wav,fear,2
/content/drive/MyDrive/DataSet_Voice/fear/1070_IOM_FEA_XX.wav,fear,2
/content/drive/MyDrive/DataSet_Voice/fear/1064_ITS_FEA_XX.wav,fear,2
/content/drive/MyDrive/DataSet_Voice/fear/1070_IWL_FEA_XX.wav,fear,2
/content/drive/MyDrive/DataSet_Voice/fear/1064_TAI_FEA_XX.wav,fear,2
/content/drive/MyDrive/DataSet_Voice/fear/1072_IEO_FEA_HI.wav,fear,2
/content/drive/MyDrive/DataSet_Voice/fear/1066_IOM_FEA_XX.wav,fear,2
/content/drive/MyDrive/DataSet_Voice/fear/1065_MTI_FEA_XX.wav,fear,2
/content/drive/MyDrive/DataSet_Voice/fear/1068_IOM_FEA_XX.wav,fear,2
/content/drive/MyDrive/DataSet_Voice/fear/1070_ITS_FEA_XX.wav,fear,2
/content/drive/MyDrive/DataSet_Voice/fear/1074_ITH_FEA_XX.wav,fear,2
/content/drive/MyDrive/DataSet_Voice/fear/1065_IWW_FEA_XX.wav,fear,2
/content/drive/MyDrive/DataSet_Voice/fear/1066_IWL_FEA_XX.wav,fear,2
/content/drive/MyDrive/DataSet_Voice/fear/1078_DFA_FEA_XX.wav,fear,2
/content/drive/MyDrive/DataSet_Voice/fear/1072_ITS_FEA_XX.wav,fear,2
/content/drive/MyDrive/DataSet_Voice/fear/1064_TSI_FEA_XX.wav,fear,2
/content/drive/MyDrive/DataSet_Voice/fear/1073_DFA_FEA_XX.wav,fear,2
/content/drive/MyDrive/DataSet_Voice/fear/1077_DFA_FEA_XX.wav,fear,2
/content/drive/MyDrive/DataSet_Voice/fear/1064_IOM_FEA_XX.wav,fear,2
/content/drive/MyDrive/DataSet_Voice/fear/1072_IOM_FEA_XX.wav,fear,2
/content/drive/MyDrive/DataSet_Voice/fear/1066_TSI_FEA_XX.wav,fear,2
/content/drive/MyDrive/DataSet_Voice/fear/1075_TIE_FEA_XX.wav,fear,2
/content/drive/MyDrive/DataSet_Voice/fear/1074_IEO_FEA_MD.wav,fear,2
/content/drive/MyDrive/DataSet_Voice/fear/1075_MTI_FEA_XX.wav,fear,2
/content/drive/MyDrive/DataSet_Voice/fear/1070_WSI_FEA_XX.wav,fear,2
/content/drive/MyDrive/DataSet_Voice/fear/1067_IEO_FEA_HI.wav,fear,2
/content/drive/MyDrive/DataSet_Voice/fear/1067_TIE_FEA_XX.wav,fear,2
/content/drive/MyDrive/DataSet_Voice/fear/1066_IEO_FEA_HI.wav,fear,2
/content/drive/MyDrive/DataSet_Voice/fear/1064_DFA_FEA_XX.wav,fear,2
/content/drive/MyDrive/DataSet_Voice/fear/1077_ITS_FEA_XX.wav,fear,2
/content/drive/MyDrive/DataSet_Voice/fear/1076_ITH_FEA_XX.wav,fear,2
/content/drive/MyDrive/DataSet_Voice/fear/1066_IEO_FEA_MD.wav,fear,2
/content/drive/MyDrive/DataSet_Voice/fear/1072_DFA_FEA_XX.wav,fear,2
/content/drive/MyDrive/DataSet_Voice/fear/1073_WSI_FEA_XX.wav,fear,2
/content/drive/MyDrive/DataSet_Voice/fear/1069_IWW_FEA_XX.wav,fear,2
/content/drive/MyDrive/DataSet_Voice/fear/1066_IEO_FEA_LO.wav,fear,2
/content/drive/MyDrive/DataSet_Voice/fear/1067_IOM_FEA_XX.wav,fear,2
/content/drive/MyDrive/DataSet_Voice/fear/1065_IOM_FEA_XX.wav,fear,2
/content/drive/MyDrive/DataSet_Voice/fear/1067_ITS_FEA_XX.wav,fear,2
/content/drive/MyDrive/DataSet_Voice/fear/1077_IEO_FEA_LO.wav,fear,2
/content/drive/MyDrive/DataSet_Voice/fear/1078_IEO_FEA_LO.wav,fear,2
/content/drive/MyDrive/DataSet_Voice/fear/1065_DFA_FEA_XX.wav,fear,2
/content/drive/MyDrive/DataSet_Voice/fear/1070_IEO_FEA_HI.wav,fear,2
/content/drive/MyDrive/DataSet_Voice/fear/1074_IWL_FEA_XX.wav,fear,2
/content/drive/MyDrive/DataSet_Voice/fear/1063_TIE_FEA_XX.wav,fear,2
/content/drive/MyDrive/DataSet_Voice/fear/1076_IWL_FEA_XX.wav,fear,2
/content/drive/MyDrive/DataSet_Voice/fear/1069_IEO_FEA_HI.wav,fear,2
/content/drive/MyDrive/DataSet_Voice/fear/1066_MTI_FEA_XX.wav,fear,2
/content/drive/MyDrive/DataSet_Voice/fear/1072_IEO_FEA_LO.wav,fear,2
/content/drive/MyDrive/DataSet_Voice/fear/1070_IWW_FEA_XX.wav,fear,2
/content/drive/MyDrive/DataSet_Voice/fear/1068_IEO_FEA_HI.wav,fear,2
/content/drive/MyDrive/DataSet_Voice/fear/1076_IEO_FEA_MD.wav,fear,2
/content/drive/MyDrive/DataSet_Voice/fear/1069_IEO_FEA_LO.wav,fear,2
/content/drive/MyDrive/DataSet_Voice/fear/1073_IEO_FEA_MD.wav,fear,2
/content/drive/MyDrive/DataSet_Voice/fear/1077_IWL_FEA_XX.wav,fear,2
/content/drive/MyDrive/DataSet_Voice/fear/1072_IWW_FEA_XX.wav,fear,2
/content/drive/MyDrive/DataSet_Voice/fear/1074_IEO_FEA_HI.wav,fear,2
/content/drive/MyDrive/DataSet_Voice/fear/1071_IOM_FEA_XX.wav,fear,2
/content/drive/MyDrive/DataSet_Voice/fear/1074_WSI_FEA_XX.wav,fear,2
/content/drive/MyDrive/DataSet_Voice/fear/1067_WSI_FEA_XX.wav,fear,2
/content/drive/MyDrive/DataSet_Voice/fear/1071_IWW_FEA_XX.wav,fear,2
/content/drive/MyDrive/DataSet_Voice/fear/1071_ITS_FEA_XX.wav,fear,2
/content/drive/MyDrive/DataSet_Voice/fear/1077_TAI_FEA_XX.wav,fear,2
/content/drive/MyDrive/DataSet_Voice/fear/1078_IOM_FEA_XX.wav,fear,2
/content/drive/MyDrive/DataSet_Voice/fear/1067_ITH_FEA_XX.wav,fear,2
/content/drive/MyDrive/DataSet_Voice/fear/1071_IEO_FEA_HI.wav,fear,2
/content/drive/MyDrive/DataSet_Voice/fear/1075_ITS_FEA_XX.wav,fear,2
/content/drive/MyDrive/DataSet_Voice/fear/1069_IOM_FEA_XX.wav,fear,2
/content/drive/MyDrive/DataSet_Voice/fear/1075_ITH_FEA_XX.wav,fear,2
/content/drive/MyDrive/DataSet_Voice/fear/1076_MTI_FEA_XX.wav,fear,2
/content/drive/MyDrive/DataSet_Voice/fear/1064_IEO_FEA_HI.wav,fear,2
/content/drive/MyDrive/DataSet_Voice/fear/1071_IEO_FEA_LO.wav,fear,2
/content/drive/MyDrive/DataSet_Voice/fear/1066_IWW_FEA_XX.wav,fear,2
/content/drive/MyDrive/DataSet_Voice/fear/1070_MTI_FEA_XX.wav,fear,2
/content/drive/MyDrive/DataSet_Voice/fear/1065_IEO_FEA_MD.wav,fear,2
/content/drive/MyDrive/DataSet_Voice/fear/1073_IWW_FEA_XX.wav,fear,2
/content/drive/MyDrive/DataSet_Voice/fear/1074_DFA_FEA_XX.wav,fear,2
/content/drive/MyDrive/DataSet_Voice/fear/1074_TIE_FEA_XX.wav,fear,2
/content/drive/MyDrive/DataSet_Voice/fear/1065_TSI_FEA_XX.wav,fear,2
/content/drive/MyDrive/DataSet_Voice/fear/1076_TIE_FEA_XX.wav,fear,2
/content/drive/MyDrive/DataSet_Voice/fear/1068_TAI_FEA_XX.wav,fear,2
/content/drive/MyDrive/DataSet_Voice/fear/1069_IWL_FEA_XX.wav,fear,2
/content/drive/MyDrive/DataSet_Voice/fear/1070_TIE_FEA_XX.wav,fear,2
/content/drive/MyDrive/DataSet_Voice/fear/1071_TIE_FEA_XX.wav,fear,2
/content/drive/MyDrive/DataSet_Voice/fear/1074_TSI_FEA_XX.wav,fear,2
/content/drive/MyDrive/DataSet_Voice/fear/1072_ITH_FEA_XX.wav,fear,2
/content/drive/MyDrive/DataSet_Voice/fear/1069_TAI_FEA_XX.wav,fear,2
/content/drive/MyDrive/DataSet_Voice/fear/1076_WSI_FEA_XX.wav,fear,2
/content/drive/MyDrive/DataSet_Voice/fear/1063_WSI_FEA_XX.wav,fear,2
/content/drive/MyDrive/DataSet_Voice/fear/1072_TSI_FEA_XX.wav,fear,2
/content/drive/MyDrive/DataSet_Voice/fear/1066_DFA_FEA_XX.wav,fear,2
/content/drive/MyDrive/DataSet_Voice/fear/1064_IEO_FEA_LO.wav,fear,2
/content/drive/MyDrive/DataSet_Voice/fear/1073_IOM_FEA_XX.wav,fear,2
/content/drive/MyDrive/DataSet_Voice/fear/1078_IEO_FEA_MD.wav,fear,2
/content/drive/MyDrive/DataSet_Voice/fear/1075_IEO_FEA_LO.wav,fear,2
/content/drive/MyDrive/DataSet_Voice/fear/1073_TIE_FEA_XX.wav,fear,2
/content/drive/MyDrive/DataSet_Voice/fear/1074_IEO_FEA_LO.wav,fear,2
/content/drive/MyDrive/DataSet_Voice/fear/1071_TAI_FEA_XX.wav,fear,2
/content/drive/MyDrive/DataSet_Voice/fear/1066_WSI_FEA_XX.wav,fear,2
/content/drive/MyDrive/DataSet_Voice/fear/1077_MTI_FEA_XX.wav,fear,2
/content/drive/MyDrive/DataSet_Voice/fear/1077_IOM_FEA_XX.wav,fear,2
/content/drive/MyDrive/DataSet_Voice/fear/1069_ITS_FEA_XX.wav,fear,2
/content/drive/MyDrive/DataSet_Voice/fear/1073_IWL_FEA_XX.wav,fear,2
/content/drive/MyDrive/DataSet_Voice/fear/1072_IWL_FEA_XX.wav,fear,2
/content/drive/MyDrive/DataSet_Voice/fear/1077_IWW_FEA_XX.wav,fear,2
/content/drive/MyDrive/DataSet_Voice/fear/1076_TAI_FEA_XX.wav,fear,2
/content/drive/MyDrive/DataSet_Voice/fear/1065_IEO_FEA_LO.wav,fear,2
/content/drive/MyDrive/DataSet_Voice/fear/1073_ITS_FEA_XX.wav,fear,2
/content/drive/MyDrive/DataSet_Voice/fear/1068_DFA_FEA_XX.wav,fear,2
/content/drive/MyDrive/DataSet_Voice/fear/1076_IWW_FEA_XX.wav,fear,2
/content/drive/MyDrive/DataSet_Voice/fear/1067_IWW_FEA_XX.wav,fear,2
/content/drive/MyDrive/DataSet_Voice/fear/1067_IWL_FEA_XX.wav,fear,2
/content/drive/MyDrive/DataSet_Voice/fear/1065_ITS_FEA_XX.wav,fear,2
/content/drive/MyDrive/DataSet_Voice/fear/1072_TAI_FEA_XX.wav,fear,2
/content/drive/MyDrive/DataSet_Voice/fear/1073_MTI_FEA_XX.wav,fear,2
/content/drive/MyDrive/DataSet_Voice/fear/1077_WSI_FEA_XX.wav,fear,2
/content/drive/MyDrive/DataSet_Voice/fear/1072_WSI_FEA_XX.wav,fear,2
/content/drive/MyDrive/DataSet_Voice/fear/1069_TIE_FEA_XX.wav,fear,2
/content/drive/MyDrive/DataSet_Voice/fear/1066_TIE_FEA_XX.wav,fear,2
/content/drive/MyDrive/DataSet_Voice/fear/1064_MTI_FEA_XX.wav,fear,2
/content/drive/MyDrive/DataSet_Voice/fear/1066_ITS_FEA_XX.wav,fear,2
/content/drive/MyDrive/DataSet_Voice/fear/1063_TAI_FEA_XX.wav,fear,2
/content/drive/MyDrive/DataSet_Voice/fear/1069_DFA_FEA_XX.wav,fear,2
/content/drive/MyDrive/DataSet_Voice/fear/1067_MTI_FEA_XX.wav,fear,2
/content/drive/MyDrive/DataSet_Voice/fear/1070_IEO_FEA_MD.wav,fear,2
/content/drive/MyDrive/DataSet_Voice/fear/1070_ITH_FEA_XX.wav,fear,2
/content/drive/MyDrive/DataSet_Voice/fear/1077_TIE_FEA_XX.wav,fear,2
/content/drive/MyDrive/DataSet_Voice/fear/1069_MTI_FEA_XX.wav,fear,2
/content/drive/MyDrive/DataSet_Voice/fear/1074_ITS_FEA_XX.wav,fear,2
/content/drive/MyDrive/DataSet_Voice/fear/1074_TAI_FEA_XX.wav,fear,2
/content/drive/MyDrive/DataSet_Voice/fear/1064_TIE_FEA_XX.wav,fear,2
/content/drive/MyDrive/DataSet_Voice/fear/1063_TSI_FEA_XX.wav,fear,2
/content/drive/MyDrive/DataSet_Voice/fear/1076_IEO_FEA_HI.wav,fear,2
/content/drive/MyDrive/DataSet_Voice/fear/1076_ITS_FEA_XX.wav,fear,2
/content/drive/MyDrive/DataSet_Voice/fear/1078_IEO_FEA_HI.wav,fear,2
/content/drive/MyDrive/DataSet_Voice/fear/1081_IOM_FEA_XX.wav,fear,2
/content/drive/MyDrive/DataSet_Voice/fear/1085_ITH_FEA_XX.wav,fear,2
/content/drive/MyDrive/DataSet_Voice/fear/1082_MTI_FEA_XX.wav,fear,2
/content/drive/MyDrive/DataSet_Voice/fear/1084_IOM_FEA_XX.wav,fear,2
/content/drive/MyDrive/DataSet_Voice/fear/1089_ITH_FEA_XX.wav,fear,2
/content/drive/MyDrive/DataSet_Voice/fear/1084_TIE_FEA_XX.wav,fear,2
/content/drive/MyDrive/DataSet_Voice/fear/1085_WSI_FEA_XX.wav,fear,2
/content/drive/MyDrive/DataSet_Voice/fear/1079_IEO_FEA_HI.wav,fear,2
/content/drive/MyDrive/DataSet_Voice/fear/1091_IEO_FEA_HI.wav,fear,2
/content/drive/MyDrive/DataSet_Voice/fear/1090_IEO_FEA_MD.wav,fear,2
/content/drive/MyDrive/DataSet_Voice/fear/1085_DFA_FEA_XX.wav,fear,2
/content/drive/MyDrive/DataSet_Voice/fear/1084_IEO_FEA_MD.wav,fear,2
/content/drive/MyDrive/DataSet_Voice/fear/1086_TAI_FEA_XX.wav,fear,2
/content/drive/MyDrive/DataSet_Voice/fear/1084_MTI_FEA_XX.wav,fear,2
/content/drive/MyDrive/DataSet_Voice/fear/1085_TAI_FEA_XX.wav,fear,2
/content/drive/MyDrive/DataSet_Voice/fear/1088_IWL_FEA_XX.wav,fear,2
/content/drive/MyDrive/DataSet_Voice/fear/1080_TIE_FEA_XX.wav,fear,2
/content/drive/MyDrive/DataSet_Voice/fear/1087_TSI_FEA_XX.wav,fear,2
/content/drive/MyDrive/DataSet_Voice/fear/1081_IWL_FEA_XX.wav,fear,2
/content/drive/MyDrive/DataSet_Voice/fear/1086_IEO_FEA_MD.wav,fear,2
/content/drive/MyDrive/DataSet_Voice/fear/1090_IWL_FEA_XX.wav,fear,2
/content/drive/MyDrive/DataSet_Voice/fear/1080_TSI_FEA_XX.wav,fear,2
/content/drive/MyDrive/DataSet_Voice/fear/1080_TAI_FEA_XX.wav,fear,2
/content/drive/MyDrive/DataSet_Voice/fear/1079_IEO_FEA_MD.wav,fear,2
/content/drive/MyDrive/DataSet_Voice/fear/1079_TAI_FEA_XX.wav,fear,2
/content/drive/MyDrive/DataSet_Voice/fear/1083_TAI_FEA_XX.wav,fear,2
/content/drive/MyDrive/DataSet_Voice/fear/1090_WSI_FEA_XX.wav,fear,2
/content/drive/MyDrive/DataSet_Voice/fear/1081_DFA_FEA_XX.wav,fear,2
/content/drive/MyDrive/DataSet_Voice/fear/1086_DFA_FEA_XX.wav,fear,2
/content/drive/MyDrive/DataSet_Voice/fear/1079_TSI_FEA_XX.wav,fear,2
/content/drive/MyDrive/DataSet_Voice/fear/1087_IWL_FEA_XX.wav,fear,2
/content/drive/MyDrive/DataSet_Voice/fear/03-01-06-02-02-01-01.wav,fear,2
/content/drive/MyDrive/DataSet_Voice/fear/1083_IEO_FEA_LO.wav,fear,2
/content/drive/MyDrive/DataSet_Voice/fear/1084_TSI_FEA_XX.wav,fear,2
/content/drive/MyDrive/DataSet_Voice/fear/1089_IOM_FEA_XX.wav,fear,2
/content/drive/MyDrive/DataSet_Voice/fear/1080_IEO_FEA_MD.wav,fear,2
/content/drive/MyDrive/DataSet_Voice/fear/1088_IEO_FEA_LO.wav,fear,2
/content/drive/MyDrive/DataSet_Voice/fear/1083_ITS_FEA_XX.wav,fear,2
/content/drive/MyDrive/DataSet_Voice/fear/1078_MTI_FEA_XX.wav,fear,2
/content/drive/MyDrive/DataSet_Voice/fear/1081_IWW_FEA_XX.wav,fear,2
/content/drive/MyDrive/DataSet_Voice/fear/1079_TIE_FEA_XX.wav,fear,2
/content/drive/MyDrive/DataSet_Voice/fear/1082_TIE_FEA_XX.wav,fear,2
/content/drive/MyDrive/DataSet_Voice/fear/1080_IWW_FEA_XX.wav,fear,2
/content/drive/MyDrive/DataSet_Voice/fear/1083_ITH_FEA_XX.wav,fear,2
/content/drive/MyDrive/DataSet_Voice/fear/1080_IEO_FEA_LO.wav,fear,2
/content/drive/MyDrive/DataSet_Voice/fear/1090_TAI_FEA_XX.wav,fear,2
/content/drive/MyDrive/DataSet_Voice/fear/1087_IEO_FEA_HI.wav,fear,2
/content/drive/MyDrive/DataSet_Voice/fear/1090_IEO_FEA_HI.wav,fear,2
/content/drive/MyDrive/DataSet_Voice/fear/1082_TAI_FEA_XX.wav,fear,2
/content/drive/MyDrive/DataSet_Voice/fear/1081_ITH_FEA_XX.wav,fear,2
/content/drive/MyDrive/DataSet_Voice/fear/1087_IEO_FEA_LO.wav,fear,2
/content/drive/MyDrive/DataSet_Voice/fear/1087_WSI_FEA_XX.wav,fear,2
/content/drive/MyDrive/DataSet_Voice/fear/1082_IEO_FEA_LO.wav,fear,2
/content/drive/MyDrive/DataSet_Voice/fear/1086_MTI_FEA_XX.wav,fear,2
/content/drive/MyDrive/DataSet_Voice/fear/1082_IWL_FEA_XX.wav,fear,2
/content/drive/MyDrive/DataSet_Voice/fear/1088_DFA_FEA_XX.wav,fear,2
/content/drive/MyDrive/DataSet_Voice/fear/1082_ITH_FEA_XX.wav,fear,2
/content/drive/MyDrive/DataSet_Voice/fear/1081_TAI_FEA_XX.wav,fear,2
/content/drive/MyDrive/DataSet_Voice/fear/1078_IWL_FEA_XX.wav,fear,2
/content/drive/MyDrive/DataSet_Voice/fear/1090_ITH_FEA_XX.wav,fear,2
/content/drive/MyDrive/DataSet_Voice/fear/1078_TAI_FEA_XX.wav,fear,2
/content/drive/MyDrive/DataSet_Voice/fear/1081_MTI_FEA_XX.wav,fear,2
/content/drive/MyDrive/DataSet_Voice/fear/1084_DFA_FEA_XX.wav,fear,2
/content/drive/MyDrive/DataSet_Voice/fear/1091_WSI_FEA_XX.wav,fear,2
/content/drive/MyDrive/DataSet_Voice/fear/1087_TAI_FEA_XX.wav,fear,2
/content/drive/MyDrive/DataSet_Voice/fear/1089_TIE_FEA_XX.wav,fear,2
/content/drive/MyDrive/DataSet_Voice/fear/1091_IOM_FEA_XX.wav,fear,2
/content/drive/MyDrive/DataSet_Voice/fear/1091_ITH_FEA_XX.wav,fear,2
/content/drive/MyDrive/DataSet_Voice/fear/1079_ITS_FEA_XX.wav,fear,2
/content/drive/MyDrive/DataSet_Voice/fear/1086_IWL_FEA_XX.wav,fear,2
/content/drive/MyDrive/DataSet_Voice/fear/1091_IWL_FEA_XX.wav,fear,2
/content/drive/MyDrive/DataSet_Voice/fear/1085_IEO_FEA_MD.wav,fear,2
/content/drive/MyDrive/DataSet_Voice/fear/1089_ITS_FEA_XX.wav,fear,2
/content/drive/MyDrive/DataSet_Voice/fear/1081_IEO_FEA_LO.wav,fear,2
/content/drive/MyDrive/DataSet_Voice/fear/1087_DFA_FEA_XX.wav,fear,2
/content/drive/MyDrive/DataSet_Voice/fear/1091_MTI_FEA_XX.wav,fear,2
/content/drive/MyDrive/DataSet_Voice/fear/1087_IWW_FEA_XX.wav,fear,2
/content/drive/MyDrive/DataSet_Voice/fear/1087_MTI_FEA_XX.wav,fear,2
/content/drive/MyDrive/DataSet_Voice/fear/1088_WSI_FEA_XX.wav,fear,2
/content/drive/MyDrive/DataSet_Voice/fear/1082_IWW_FEA_XX.wav,fear,2
/content/drive/MyDrive/DataSet_Voice/fear/1090_ITS_FEA_XX.wav,fear,2
/content/drive/MyDrive/DataSet_Voice/fear/1088_TAI_FEA_XX.wav,fear,2
/content/drive/MyDrive/DataSet_Voice/fear/1089_WSI_FEA_XX.wav,fear,2
/content/drive/MyDrive/DataSet_Voice/fear/1086_IEO_FEA_LO.wav,fear,2
/content/drive/MyDrive/DataSet_Voice/fear/1081_IEO_FEA_MD.wav,fear,2
/content/drive/MyDrive/DataSet_Voice/fear/1085_ITS_FEA_XX.wav,fear,2
/content/drive/MyDrive/DataSet_Voice/fear/1088_TIE_FEA_XX.wav,fear,2
/content/drive/MyDrive/DataSet_Voice/fear/1080_ITH_FEA_XX.wav,fear,2
/content/drive/MyDrive/DataSet_Voice/fear/1087_TIE_FEA_XX.wav,fear,2
/content/drive/MyDrive/DataSet_Voice/fear/1082_WSI_FEA_XX.wav,fear,2
/content/drive/MyDrive/DataSet_Voice/fear/1083_IOM_FEA_XX.wav,fear,2
/content/drive/MyDrive/DataSet_Voice/fear/1090_IEO_FEA_LO.wav,fear,2
/content/drive/MyDrive/DataSet_Voice/fear/1089_TSI_FEA_XX.wav,fear,2
/content/drive/MyDrive/DataSet_Voice/fear/1091_DFA_FEA_XX.wav,fear,2
/content/drive/MyDrive/DataSet_Voice/fear/1083_TIE_FEA_XX.wav,fear,2
/content/drive/MyDrive/DataSet_Voice/fear/1086_TIE_FEA_XX.wav,fear,2
/content/drive/MyDrive/DataSet_Voice/fear/1080_IWL_FEA_XX.wav,fear,2
/content/drive/MyDrive/DataSet_Voice/fear/1085_IWW_FEA_XX.wav,fear,2
/content/drive/MyDrive/DataSet_Voice/fear/1088_ITS_FEA_XX.wav,fear,2
/content/drive/MyDrive/DataSet_Voice/fear/1080_DFA_FEA_XX.wav,fear,2
/content/drive/MyDrive/DataSet_Voice/fear/1082_TSI_FEA_XX.wav,fear,2
/content/drive/MyDrive/DataSet_Voice/fear/1081_IEO_FEA_HI.wav,fear,2
/content/drive/MyDrive/DataSet_Voice/fear/03-01-06-01-01-02-01.wav,fear,2
/content/drive/MyDrive/DataSet_Voice/fear/03-01-06-01-02-01-01.wav,fear,2
/content/drive/MyDrive/DataSet_Voice/fear/1091_TAI_FEA_XX.wav,fear,2
/content/drive/MyDrive/DataSet_Voice/fear/1079_DFA_FEA_XX.wav,fear,2
/content/drive/MyDrive/DataSet_Voice/fear/1081_TIE_FEA_XX.wav,fear,2
/content/drive/MyDrive/DataSet_Voice/fear/1089_IEO_FEA_LO.wav,fear,2
/content/drive/MyDrive/DataSet_Voice/fear/1089_DFA_FEA_XX.wav,fear,2
/content/drive/MyDrive/DataSet_Voice/fear/1091_ITS_FEA_XX.wav,fear,2
/content/drive/MyDrive/DataSet_Voice/fear/1079_IWL_FEA_XX.wav,fear,2
/content/drive/MyDrive/DataSet_Voice/fear/1091_IWW_FEA_XX.wav,fear,2
/content/drive/MyDrive/DataSet_Voice/fear/1087_IOM_FEA_XX.wav,fear,2
/content/drive/MyDrive/DataSet_Voice/fear/1082_IEO_FEA_MD.wav,fear,2
/content/drive/MyDrive/DataSet_Voice/fear/1089_IWL_FEA_XX.wav,fear,2
/content/drive/MyDrive/DataSet_Voice/fear/1089_TAI_FEA_XX.wav,fear,2
/content/drive/MyDrive/DataSet_Voice/fear/1088_ITH_FEA_XX.wav,fear,2
/content/drive/MyDrive/DataSet_Voice/fear/1090_DFA_FEA_XX.wav,fear,2
/content/drive/MyDrive/DataSet_Voice/fear/1079_IWW_FEA_XX.wav,fear,2
/content/drive/MyDrive/DataSet_Voice/fear/1082_ITS_FEA_XX.wav,fear,2
/content/drive/MyDrive/DataSet_Voice/fear/1086_TSI_FEA_XX.wav,fear,2
/content/drive/MyDrive/DataSet_Voice/fear/1080_IOM_FEA_XX.wav,fear,2
/content/drive/MyDrive/DataSet_Voice/fear/1085_TIE_FEA_XX.wav,fear,2
/content/drive/MyDrive/DataSet_Voice/fear/1090_TSI_FEA_XX.wav,fear,2
/content/drive/MyDrive/DataSet_Voice/fear/1081_WSI_FEA_XX.wav,fear,2
/content/drive/MyDrive/DataSet_Voice/fear/1081_ITS_FEA_XX.wav,fear,2
/content/drive/MyDrive/DataSet_Voice/fear/1079_IEO_FEA_LO.wav,fear,2
/content/drive/MyDrive/DataSet_Voice/fear/1085_IEO_FEA_HI.wav,fear,2
/content/drive/MyDrive/DataSet_Voice/fear/1084_TAI_FEA_XX.wav,fear,2
/content/drive/MyDrive/DataSet_Voice/fear/1083_MTI_FEA_XX.wav,fear,2
/content/drive/MyDrive/DataSet_Voice/fear/1084_ITS_FEA_XX.wav,fear,2
/content/drive/MyDrive/DataSet_Voice/fear/1088_IOM_FEA_XX.wav,fear,2
/content/drive/MyDrive/DataSet_Voice/fear/1080_MTI_FEA_XX.wav,fear,2
/content/drive/MyDrive/DataSet_Voice/fear/1079_MTI_FEA_XX.wav,fear,2
/content/drive/MyDrive/DataSet_Voice/fear/1082_IOM_FEA_XX.wav,fear,2
/content/drive/MyDrive/DataSet_Voice/fear/1082_DFA_FEA_XX.wav,fear,2
/content/drive/MyDrive/DataSet_Voice/fear/1084_IWW_FEA_XX.wav,fear,2
/content/drive/MyDrive/DataSet_Voice/fear/03-01-06-01-02-02-01.wav,fear,2
/content/drive/MyDrive/DataSet_Voice/fear/1086_ITH_FEA_XX.wav,fear,2
/content/drive/MyDrive/DataSet_Voice/fear/1082_IEO_FEA_HI.wav,fear,2
/content/drive/MyDrive/DataSet_Voice/fear/1091_IEO_FEA_MD.wav,fear,2
/content/drive/MyDrive/DataSet_Voice/fear/1084_IWL_FEA_XX.wav,fear,2
/content/drive/MyDrive/DataSet_Voice/fear/1086_IOM_FEA_XX.wav,fear,2
/content/drive/MyDrive/DataSet_Voice/fear/1084_WSI_FEA_XX.wav,fear,2
/content/drive/MyDrive/DataSet_Voice/fear/1079_ITH_FEA_XX.wav,fear,2
/content/drive/MyDrive/DataSet_Voice/fear/1091_TIE_FEA_XX.wav,fear,2
/content/drive/MyDrive/DataSet_Voice/fear/1079_IOM_FEA_XX.wav,fear,2
/content/drive/MyDrive/DataSet_Voice/fear/1090_MTI_FEA_XX.wav,fear,2
/content/drive/MyDrive/DataSet_Voice/fear/1083_WSI_FEA_XX.wav,fear,2
/content/drive/MyDrive/DataSet_Voice/fear/1078_TSI_FEA_XX.wav,fear,2
/content/drive/MyDrive/DataSet_Voice/fear/1091_TSI_FEA_XX.wav,fear,2
/content/drive/MyDrive/DataSet_Voice/fear/03-01-06-02-01-02-01.wav,fear,2
/content/drive/MyDrive/DataSet_Voice/fear/1087_IEO_FEA_MD.wav,fear,2
/content/drive/MyDrive/DataSet_Voice/fear/1089_MTI_FEA_XX.wav,fear,2
/content/drive/MyDrive/DataSet_Voice/fear/1089_IEO_FEA_HI.wav,fear,2
/content/drive/MyDrive/DataSet_Voice/fear/1085_IWL_FEA_XX.wav,fear,2
/content/drive/MyDrive/DataSet_Voice/fear/1091_IEO_FEA_LO.wav,fear,2
/content/drive/MyDrive/DataSet_Voice/fear/03-01-06-02-01-01-01.wav,fear,2
/content/drive/MyDrive/DataSet_Voice/fear/03-01-06-02-02-02-01.wav,fear,2
/content/drive/MyDrive/DataSet_Voice/fear/1086_ITS_FEA_XX.wav,fear,2
/content/drive/MyDrive/DataSet_Voice/fear/1084_IEO_FEA_LO.wav,fear,2
/content/drive/MyDrive/DataSet_Voice/fear/1086_IWW_FEA_XX.wav,fear,2
/content/drive/MyDrive/DataSet_Voice/fear/1080_ITS_FEA_XX.wav,fear,2
/content/drive/MyDrive/DataSet_Voice/fear/1087_ITS_FEA_XX.wav,fear,2
/content/drive/MyDrive/DataSet_Voice/fear/1083_IEO_FEA_MD.wav,fear,2
/content/drive/MyDrive/DataSet_Voice/fear/1090_TIE_FEA_XX.wav,fear,2
/content/drive/MyDrive/DataSet_Voice/fear/1084_ITH_FEA_XX.wav,fear,2
/content/drive/MyDrive/DataSet_Voice/fear/1080_WSI_FEA_XX.wav,fear,2
/content/drive/MyDrive/DataSet_Voice/fear/1083_IWW_FEA_XX.wav,fear,2
/content/drive/MyDrive/DataSet_Voice/fear/1079_WSI_FEA_XX.wav,fear,2
/content/drive/MyDrive/DataSet_Voice/fear/1088_IWW_FEA_XX.wav,fear,2
/content/drive/MyDrive/DataSet_Voice/fear/1088_TSI_FEA_XX.wav,fear,2
/content/drive/MyDrive/DataSet_Voice/fear/1087_ITH_FEA_XX.wav,fear,2
/content/drive/MyDrive/DataSet_Voice/fear/1078_WSI_FEA_XX.wav,fear,2
/content/drive/MyDrive/DataSet_Voice/fear/1080_IEO_FEA_HI.wav,fear,2
/content/drive/MyDrive/DataSet_Voice/fear/1088_MTI_FEA_XX.wav,fear,2
/content/drive/MyDrive/DataSet_Voice/fear/1090_IWW_FEA_XX.wav,fear,2
/content/drive/MyDrive/DataSet_Voice/fear/1081_TSI_FEA_XX.wav,fear,2
/content/drive/MyDrive/DataSet_Voice/fear/1078_ITS_FEA_XX.wav,fear,2
/content/drive/MyDrive/DataSet_Voice/fear/1083_IWL_FEA_XX.wav,fear,2
/content/drive/MyDrive/DataSet_Voice/fear/1088_IEO_FEA_HI.wav,fear,2
/content/drive/MyDrive/DataSet_Voice/fear/1083_TSI_FEA_XX.wav,fear,2
/content/drive/MyDrive/DataSet_Voice/fear/1078_IWW_FEA_XX.wav,fear,2
/content/drive/MyDrive/DataSet_Voice/fear/1085_TSI_FEA_XX.wav,fear,2
/content/drive/MyDrive/DataSet_Voice/fear/1089_IEO_FEA_MD.wav,fear,2
/content/drive/MyDrive/DataSet_Voice/fear/1086_IEO_FEA_HI.wav,fear,2
/content/drive/MyDrive/DataSet_Voice/fear/1083_IEO_FEA_HI.wav,fear,2
/content/drive/MyDrive/DataSet_Voice/fear/1078_TIE_FEA_XX.wav,fear,2
/content/drive/MyDrive/DataSet_Voice/fear/1090_IOM_FEA_XX.wav,fear,2
/content/drive/MyDrive/DataSet_Voice/fear/1086_WSI_FEA_XX.wav,fear,2
/content/drive/MyDrive/DataSet_Voice/fear/03-01-06-01-01-01-01.wav,fear,2
/content/drive/MyDrive/DataSet_Voice/fear/1088_IEO_FEA_MD.wav,fear,2
/content/drive/MyDrive/DataSet_Voice/fear/1089_IWW_FEA_XX.wav,fear,2
/content/drive/MyDrive/DataSet_Voice/fear/1084_IEO_FEA_HI.wav,fear,2
/content/drive/MyDrive/DataSet_Voice/fear/1085_IEO_FEA_LO.wav,fear,2
/content/drive/MyDrive/DataSet_Voice/fear/1083_DFA_FEA_XX.wav,fear,2
/content/drive/MyDrive/DataSet_Voice/fear/1085_IOM_FEA_XX.wav,fear,2
/content/drive/MyDrive/DataSet_Voice/fear/1085_MTI_FEA_XX.wav,fear,2
/content/drive/MyDrive/DataSet_Voice/fear/03-01-06-01-02-01-02.wav,fear,2
/content/drive/MyDrive/DataSet_Voice/fear/03-01-06-01-02-02-06.wav,fear,2
/content/drive/MyDrive/DataSet_Voice/fear/03-01-06-01-01-01-10.wav,fear,2
/content/drive/MyDrive/DataSet_Voice/fear/03-01-06-01-01-01-09.wav,fear,2
/content/drive/MyDrive/DataSet_Voice/fear/03-01-06-02-01-02-07.wav,fear,2
/content/drive/MyDrive/DataSet_Voice/fear/03-01-06-01-01-01-08.wav,fear,2
/content/drive/MyDrive/DataSet_Voice/fear/03-01-06-02-02-01-07.wav,fear,2
/content/drive/MyDrive/DataSet_Voice/fear/03-01-06-02-02-01-06.wav,fear,2
/content/drive/MyDrive/DataSet_Voice/fear/03-01-06-02-01-02-06.wav,fear,2
/content/drive/MyDrive/DataSet_Voice/fear/03-01-06-02-01-01-05.wav,fear,2
/content/drive/MyDrive/DataSet_Voice/fear/03-01-06-01-02-02-14.wav,fear,2
/content/drive/MyDrive/DataSet_Voice/fear/03-01-06-02-01-01-10.wav,fear,2
/content/drive/MyDrive/DataSet_Voice/fear/03-01-06-01-02-01-14.wav,fear,2
/content/drive/MyDrive/DataSet_Voice/fear/03-01-06-01-01-01-11.wav,fear,2
/content/drive/MyDrive/DataSet_Voice/fear/03-01-06-01-01-01-06.wav,fear,2
/content/drive/MyDrive/DataSet_Voice/fear/03-01-06-01-02-02-03.wav,fear,2
/content/drive/MyDrive/DataSet_Voice/fear/03-01-06-01-02-01-10.wav,fear,2
/content/drive/MyDrive/DataSet_Voice/fear/03-01-06-01-01-02-17.wav,fear,2
/content/drive/MyDrive/DataSet_Voice/fear/03-01-06-01-02-02-08.wav,fear,2
/content/drive/MyDrive/DataSet_Voice/fear/03-01-06-01-01-01-14.wav,fear,2
/content/drive/MyDrive/DataSet_Voice/fear/03-01-06-02-02-02-03.wav,fear,2
/content/drive/MyDrive/DataSet_Voice/fear/03-01-06-01-02-01-07.wav,fear,2
/content/drive/MyDrive/DataSet_Voice/fear/03-01-06-01-01-02-03.wav,fear,2
/content/drive/MyDrive/DataSet_Voice/fear/03-01-06-01-02-02-17.wav,fear,2
/content/drive/MyDrive/DataSet_Voice/fear/03-01-06-01-01-02-15.wav,fear,2
/content/drive/MyDrive/DataSet_Voice/fear/03-01-06-01-01-02-13.wav,fear,2
/content/drive/MyDrive/DataSet_Voice/fear/03-01-06-02-01-02-09.wav,fear,2
/content/drive/MyDrive/DataSet_Voice/fear/03-01-06-02-01-02-14.wav,fear,2
/content/drive/MyDrive/DataSet_Voice/fear/03-01-06-02-01-02-17.wav,fear,2
/content/drive/MyDrive/DataSet_Voice/fear/03-01-06-02-02-01-17.wav,fear,2
/content/drive/MyDrive/DataSet_Voice/fear/03-01-06-01-01-02-10.wav,fear,2
/content/drive/MyDrive/DataSet_Voice/fear/03-01-06-01-01-01-12.wav,fear,2
/content/drive/MyDrive/DataSet_Voice/fear/03-01-06-01-02-01-17.wav,fear,2
/content/drive/MyDrive/DataSet_Voice/fear/03-01-06-01-01-01-16.wav,fear,2
/content/drive/MyDrive/DataSet_Voice/fear/03-01-06-02-02-02-09.wav,fear,2
/content/drive/MyDrive/DataSet_Voice/fear/03-01-06-02-01-01-13.wav,fear,2
/content/drive/MyDrive/DataSet_Voice/fear/03-01-06-02-02-02-04.wav,fear,2
/content/drive/MyDrive/DataSet_Voice/fear/03-01-06-02-02-01-08.wav,fear,2
/content/drive/MyDrive/DataSet_Voice/fear/03-01-06-01-01-02-04.wav,fear,2
/content/drive/MyDrive/DataSet_Voice/fear/03-01-06-01-02-01-03.wav,fear,2
/content/drive/MyDrive/DataSet_Voice/fear/03-01-06-01-02-02-11.wav,fear,2
/content/drive/MyDrive/DataSet_Voice/fear/03-01-06-02-01-02-13.wav,fear,2
/content/drive/MyDrive/DataSet_Voice/fear/03-01-06-01-01-01-17.wav,fear,2
/content/drive/MyDrive/DataSet_Voice/fear/03-01-06-01-02-01-09.wav,fear,2
/content/drive/MyDrive/DataSet_Voice/fear/03-01-06-01-01-02-16.wav,fear,2
/content/drive/MyDrive/DataSet_Voice/fear/03-01-06-01-01-02-12.wav,fear,2
/content/drive/MyDrive/DataSet_Voice/fear/03-01-06-01-01-02-07.wav,fear,2
/content/drive/MyDrive/DataSet_Voice/fear/03-01-06-01-01-01-04.wav,fear,2
/content/drive/MyDrive/DataSet_Voice/fear/03-01-06-02-02-01-03.wav,fear,2
/content/drive/MyDrive/DataSet_Voice/fear/03-01-06-01-02-02-10.wav,fear,2
/content/drive/MyDrive/DataSet_Voice/fear/03-01-06-02-02-01-13.wav,fear,2
/content/drive/MyDrive/DataSet_Voice/fear/03-01-06-01-01-01-07.wav,fear,2
/content/drive/MyDrive/DataSet_Voice/fear/03-01-06-02-02-02-10.wav,fear,2
/content/drive/MyDrive/DataSet_Voice/fear/03-01-06-01-01-02-14.wav,fear,2
/content/drive/MyDrive/DataSet_Voice/fear/03-01-06-02-02-01-12.wav,fear,2
/content/drive/MyDrive/DataSet_Voice/fear/03-01-06-02-02-01-04.wav,fear,2
/content/drive/MyDrive/DataSet_Voice/fear/03-01-06-02-02-01-14.wav,fear,2
/content/drive/MyDrive/DataSet_Voice/fear/03-01-06-01-02-02-09.wav,fear,2
/content/drive/MyDrive/DataSet_Voice/fear/03-01-06-02-02-02-15.wav,fear,2
/content/drive/MyDrive/DataSet_Voice/fear/03-01-06-01-02-01-05.wav,fear,2
/content/drive/MyDrive/DataSet_Voice/fear/03-01-06-02-01-01-07.wav,fear,2
/content/drive/MyDrive/DataSet_Voice/fear/03-01-06-01-01-01-13.wav,fear,2
/content/drive/MyDrive/DataSet_Voice/fear/03-01-06-01-02-02-15.wav,fear,2
/content/drive/MyDrive/DataSet_Voice/fear/03-01-06-02-02-01-16.wav,fear,2
/content/drive/MyDrive/DataSet_Voice/fear/03-01-06-01-01-01-03.wav,fear,2
/content/drive/MyDrive/DataSet_Voice/fear/03-01-06-02-02-01-15.wav,fear,2
/content/drive/MyDrive/DataSet_Voice/fear/03-01-06-02-01-01-15.wav,fear,2
/content/drive/MyDrive/DataSet_Voice/fear/03-01-06-01-02-01-06.wav,fear,2
/content/drive/MyDrive/DataSet_Voice/fear/03-01-06-02-02-02-13.wav,fear,2
/content/drive/MyDrive/DataSet_Voice/fear/03-01-06-02-02-01-02.wav,fear,2
/content/drive/MyDrive/DataSet_Voice/fear/03-01-06-01-02-01-04.wav,fear,2
/content/drive/MyDrive/DataSet_Voice/fear/03-01-06-01-01-01-02.wav,fear,2
/content/drive/MyDrive/DataSet_Voice/fear/03-01-06-02-01-02-12.wav,fear,2
/content/drive/MyDrive/DataSet_Voice/fear/03-01-06-01-02-02-05.wav,fear,2
/content/drive/MyDrive/DataSet_Voice/fear/03-01-06-01-01-02-02.wav,fear,2
/content/drive/MyDrive/DataSet_Voice/fear/03-01-06-02-01-01-09.wav,fear,2
/content/drive/MyDrive/DataSet_Voice/fear/03-01-06-01-02-02-04.wav,fear,2
/content/drive/MyDrive/DataSet_Voice/fear/03-01-06-01-01-01-15.wav,fear,2
/content/drive/MyDrive/DataSet_Voice/fear/03-01-06-01-01-02-05.wav,fear,2
/content/drive/MyDrive/DataSet_Voice/fear/03-01-06-02-02-02-17.wav,fear,2
/content/drive/MyDrive/DataSet_Voice/fear/03-01-06-02-01-01-04.wav,fear,2
/content/drive/MyDrive/DataSet_Voice/fear/03-01-06-01-01-02-11.wav,fear,2
/content/drive/MyDrive/DataSet_Voice/fear/03-01-06-01-02-01-16.wav,fear,2
/content/drive/MyDrive/DataSet_Voice/fear/03-01-06-01-01-02-09.wav,fear,2
/content/drive/MyDrive/DataSet_Voice/fear/03-01-06-01-02-01-15.wav,fear,2
/content/drive/MyDrive/DataSet_Voice/fear/03-01-06-02-01-02-10.wav,fear,2
/content/drive/MyDrive/DataSet_Voice/fear/03-01-06-01-02-01-12.wav,fear,2
/content/drive/MyDrive/DataSet_Voice/fear/03-01-06-02-01-01-06.wav,fear,2
/content/drive/MyDrive/DataSet_Voice/fear/03-01-06-01-02-01-11.wav,fear,2
/content/drive/MyDrive/DataSet_Voice/fear/03-01-06-02-01-01-12.wav,fear,2
/content/drive/MyDrive/DataSet_Voice/fear/03-01-06-02-01-01-08.wav,fear,2
/content/drive/MyDrive/DataSet_Voice/fear/03-01-06-02-02-02-06.wav,fear,2
/content/drive/MyDrive/DataSet_Voice/fear/03-01-06-01-02-02-13.wav,fear,2
/content/drive/MyDrive/DataSet_Voice/fear/03-01-06-02-02-02-05.wav,fear,2
/content/drive/MyDrive/DataSet_Voice/fear/03-01-06-01-02-02-02.wav,fear,2
/content/drive/MyDrive/DataSet_Voice/fear/03-01-06-02-01-02-03.wav,fear,2
/content/drive/MyDrive/DataSet_Voice/fear/03-01-06-02-02-02-11.wav,fear,2
/content/drive/MyDrive/DataSet_Voice/fear/03-01-06-02-01-01-03.wav,fear,2
/content/drive/MyDrive/DataSet_Voice/fear/03-01-06-02-01-02-02.wav,fear,2
/content/drive/MyDrive/DataSet_Voice/fear/03-01-06-02-02-01-09.wav,fear,2
/content/drive/MyDrive/DataSet_Voice/fear/03-01-06-02-02-02-02.wav,fear,2
/content/drive/MyDrive/DataSet_Voice/fear/03-01-06-02-02-02-07.wav,fear,2
/content/drive/MyDrive/DataSet_Voice/fear/03-01-06-02-02-01-05.wav,fear,2
/content/drive/MyDrive/DataSet_Voice/fear/03-01-06-02-01-02-15.wav,fear,2
/content/drive/MyDrive/DataSet_Voice/fear/03-01-06-01-02-02-12.wav,fear,2
/content/drive/MyDrive/DataSet_Voice/fear/03-01-06-02-02-02-14.wav,fear,2
/content/drive/MyDrive/DataSet_Voice/fear/03-01-06-02-02-01-11.wav,fear,2
/content/drive/MyDrive/DataSet_Voice/fear/03-01-06-01-02-01-13.wav,fear,2
/content/drive/MyDrive/DataSet_Voice/fear/03-01-06-02-01-02-11.wav,fear,2
/content/drive/MyDrive/DataSet_Voice/fear/03-01-06-02-01-01-02.wav,fear,2
/content/drive/MyDrive/DataSet_Voice/fear/03-01-06-02-01-02-16.wav,fear,2
/content/drive/MyDrive/DataSet_Voice/fear/03-01-06-02-01-01-14.wav,fear,2
/content/drive/MyDrive/DataSet_Voice/fear/03-01-06-01-02-02-16.wav,fear,2
/content/drive/MyDrive/DataSet_Voice/fear/03-01-06-01-01-02-08.wav,fear,2
/content/drive/MyDrive/DataSet_Voice/fear/03-01-06-02-02-02-16.wav,fear,2
/content/drive/MyDrive/DataSet_Voice/fear/03-01-06-02-02-02-12.wav,fear,2
/content/drive/MyDrive/DataSet_Voice/fear/03-01-06-02-01-01-11.wav,fear,2
/content/drive/MyDrive/DataSet_Voice/fear/03-01-06-02-01-01-16.wav,fear,2
/content/drive/MyDrive/DataSet_Voice/fear/03-01-06-02-02-02-08.wav,fear,2
/content/drive/MyDrive/DataSet_Voice/fear/03-01-06-01-02-02-07.wav,fear,2
/content/drive/MyDrive/DataSet_Voice/fear/03-01-06-01-01-01-05.wav,fear,2
/content/drive/MyDrive/DataSet_Voice/fear/03-01-06-02-01-02-08.wav,fear,2
/content/drive/MyDrive/DataSet_Voice/fear/03-01-06-02-01-02-04.wav,fear,2
/content/drive/MyDrive/DataSet_Voice/fear/03-01-06-02-01-02-05.wav,fear,2
/content/drive/MyDrive/DataSet_Voice/fear/03-01-06-02-02-01-10.wav,fear,2
/content/drive/MyDrive/DataSet_Voice/fear/03-01-06-02-01-01-17.wav,fear,2
/content/drive/MyDrive/DataSet_Voice/fear/03-01-06-01-01-02-06.wav,fear,2
/content/drive/MyDrive/DataSet_Voice/fear/03-01-06-01-02-01-08.wav,fear,2
/content/drive/MyDrive/DataSet_Voice/fear/03-01-06-01-02-02-18.wav,fear,2
/content/drive/MyDrive/DataSet_Voice/fear/03-01-06-01-02-02-24.wav,fear,2
/content/drive/MyDrive/DataSet_Voice/fear/OAF_make_fear.wav,fear,2
/content/drive/MyDrive/DataSet_Voice/fear/OAF_mob_fear.wav,fear,2
/content/drive/MyDrive/DataSet_Voice/fear/03-01-06-02-01-02-22.wav,fear,2
/content/drive/MyDrive/DataSet_Voice/fear/OAF_beg_fear.wav,fear,2
/content/drive/MyDrive/DataSet_Voice/fear/OAF_food_fear.wav,fear,2
/content/drive/MyDrive/DataSet_Voice/fear/OAF_hurl_fear.wav,fear,2
/content/drive/MyDrive/DataSet_Voice/fear/OAF_gin_fear.wav,fear,2
/content/drive/MyDrive/DataSet_Voice/fear/OAF_bought_fear.wav,fear,2
/content/drive/MyDrive/DataSet_Voice/fear/03-01-06-02-02-01-20.wav,fear,2
/content/drive/MyDrive/DataSet_Voice/fear/OAF_chalk_fear.wav,fear,2
/content/drive/MyDrive/DataSet_Voice/fear/OAF_bite_fear.wav,fear,2
/content/drive/MyDrive/DataSet_Voice/fear/OAF_met_fear.wav,fear,2
/content/drive/MyDrive/DataSet_Voice/fear/OAF_love_fear.wav,fear,2
/content/drive/MyDrive/DataSet_Voice/fear/OAF_boat_fear.wav,fear,2
/content/drive/MyDrive/DataSet_Voice/fear/03-01-06-02-01-01-19.wav,fear,2
/content/drive/MyDrive/DataSet_Voice/fear/OAF_mouse_fear.wav,fear,2
/content/drive/MyDrive/DataSet_Voice/fear/OAF_jar_fear.wav,fear,2
/content/drive/MyDrive/DataSet_Voice/fear/OAF_home_fear.wav,fear,2
/content/drive/MyDrive/DataSet_Voice/fear/03-01-06-02-01-02-18.wav,fear,2
/content/drive/MyDrive/DataSet_Voice/fear/03-01-06-01-01-02-19.wav,fear,2
/content/drive/MyDrive/DataSet_Voice/fear/OAF_mess_fear.wav,fear,2
/content/drive/MyDrive/DataSet_Voice/fear/03-01-06-02-01-01-20.wav,fear,2
/content/drive/MyDrive/DataSet_Voice/fear/OAF_fat_fear.wav,fear,2
/content/drive/MyDrive/DataSet_Voice/fear/03-01-06-01-02-02-20.wav,fear,2
/content/drive/MyDrive/DataSet_Voice/fear/OAF_life_fear.wav,fear,2
/content/drive/MyDrive/DataSet_Voice/fear/OAF_fit_fear.wav,fear,2
/content/drive/MyDrive/DataSet_Voice/fear/OAF_live_fear.wav,fear,2
/content/drive/MyDrive/DataSet_Voice/fear/03-01-06-02-01-02-23.wav,fear,2
/content/drive/MyDrive/DataSet_Voice/fear/OAF_dog_fear.wav,fear,2
/content/drive/MyDrive/DataSet_Voice/fear/OAF_lose_fear.wav,fear,2
/content/drive/MyDrive/DataSet_Voice/fear/03-01-06-01-01-01-24.wav,fear,2
/content/drive/MyDrive/DataSet_Voice/fear/03-01-06-02-01-01-22.wav,fear,2
/content/drive/MyDrive/DataSet_Voice/fear/03-01-06-01-01-02-20.wav,fear,2
/content/drive/MyDrive/DataSet_Voice/fear/03-01-06-01-02-02-22.wav,fear,2
/content/drive/MyDrive/DataSet_Voice/fear/OAF_door_fear.wav,fear,2
/content/drive/MyDrive/DataSet_Voice/fear/OAF_chair_fear.wav,fear,2
/content/drive/MyDrive/DataSet_Voice/fear/OAF_king_fear.wav,fear,2
/content/drive/MyDrive/DataSet_Voice/fear/03-01-06-02-01-01-21.wav,fear,2
/content/drive/MyDrive/DataSet_Voice/fear/OAF_burn_fear.wav,fear,2
/content/drive/MyDrive/DataSet_Voice/fear/OAF_jug_fear.wav,fear,2
/content/drive/MyDrive/DataSet_Voice/fear/OAF_mill_fear.wav,fear,2
/content/drive/MyDrive/DataSet_Voice/fear/03-01-06-02-01-02-21.wav,fear,2
/content/drive/MyDrive/DataSet_Voice/fear/OAF_learn_fear.wav,fear,2
/content/drive/MyDrive/DataSet_Voice/fear/03-01-06-02-02-02-21.wav,fear,2
/content/drive/MyDrive/DataSet_Voice/fear/03-01-06-01-01-01-21.wav,fear,2
/content/drive/MyDrive/DataSet_Voice/fear/OAF_lot_fear.wav,fear,2
/content/drive/MyDrive/DataSet_Voice/fear/OAF_loaf_fear.wav,fear,2
/content/drive/MyDrive/DataSet_Voice/fear/03-01-06-01-01-01-19.wav,fear,2
/content/drive/MyDrive/DataSet_Voice/fear/OAF_lid_fear.wav,fear,2
/content/drive/MyDrive/DataSet_Voice/fear/OAF_far_fear.wav,fear,2
/content/drive/MyDrive/DataSet_Voice/fear/03-01-06-01-02-01-18.wav,fear,2
/content/drive/MyDrive/DataSet_Voice/fear/OAF_bone_fear.wav,fear,2
/content/drive/MyDrive/DataSet_Voice/fear/03-01-06-02-02-01-24.wav,fear,2
/content/drive/MyDrive/DataSet_Voice/fear/OAF_hall_fear.wav,fear,2
/content/drive/MyDrive/DataSet_Voice/fear/OAF_germ_fear.wav,fear,2
/content/drive/MyDrive/DataSet_Voice/fear/OAF_half_fear.wav,fear,2
/content/drive/MyDrive/DataSet_Voice/fear/OAF_fail_fear.wav,fear,2
/content/drive/MyDrive/DataSet_Voice/fear/03-01-06-01-01-02-22.wav,fear,2
/content/drive/MyDrive/DataSet_Voice/fear/03-01-06-01-02-01-22.wav,fear,2
/content/drive/MyDrive/DataSet_Voice/fear/OAF_mood_fear.wav,fear,2
/content/drive/MyDrive/DataSet_Voice/fear/03-01-06-01-02-02-21.wav,fear,2
/content/drive/MyDrive/DataSet_Voice/fear/OAF_gas_fear.wav,fear,2
/content/drive/MyDrive/DataSet_Voice/fear/03-01-06-02-01-02-24.wav,fear,2
/content/drive/MyDrive/DataSet_Voice/fear/OAF_bean_fear.wav,fear,2
/content/drive/MyDrive/DataSet_Voice/fear/OAF_gaze_fear.wav,fear,2
/content/drive/MyDrive/DataSet_Voice/fear/OAF_five_fear.wav,fear,2
/content/drive/MyDrive/DataSet_Voice/fear/03-01-06-01-02-02-19.wav,fear,2
/content/drive/MyDrive/DataSet_Voice/fear/OAF_knock_fear.wav,fear,2
/content/drive/MyDrive/DataSet_Voice/fear/03-01-06-02-02-01-22.wav,fear,2
/content/drive/MyDrive/DataSet_Voice/fear/OAF_gap_fear.wav,fear,2
/content/drive/MyDrive/DataSet_Voice/fear/OAF_juice_fear.wav,fear,2
/content/drive/MyDrive/DataSet_Voice/fear/OAF_goal_fear.wav,fear,2
/content/drive/MyDrive/DataSet_Voice/fear/OAF_dip_fear.wav,fear,2
/content/drive/MyDrive/DataSet_Voice/fear/03-01-06-02-01-01-24.wav,fear,2
/content/drive/MyDrive/DataSet_Voice/fear/OAF_long_fear.wav,fear,2
/content/drive/MyDrive/DataSet_Voice/fear/OAF_hire_fear.wav,fear,2
/content/drive/MyDrive/DataSet_Voice/fear/03-01-06-02-02-01-23.wav,fear,2
/content/drive/MyDrive/DataSet_Voice/fear/OAF_goose_fear.wav,fear,2
/content/drive/MyDrive/DataSet_Voice/fear/OAF_bar_fear.wav,fear,2
/content/drive/MyDrive/DataSet_Voice/fear/OAF_book_fear.wav,fear,2
/content/drive/MyDrive/DataSet_Voice/fear/03-01-06-01-02-01-21.wav,fear,2
/content/drive/MyDrive/DataSet_Voice/fear/OAF_back_fear.wav,fear,2
/content/drive/MyDrive/DataSet_Voice/fear/03-01-06-02-02-01-18.wav,fear,2
/content/drive/MyDrive/DataSet_Voice/fear/OAF_gun_fear.wav,fear,2
/content/drive/MyDrive/DataSet_Voice/fear/OAF_cool_fear.wav,fear,2
/content/drive/MyDrive/DataSet_Voice/fear/OAF_cause_fear.wav,fear,2
/content/drive/MyDrive/DataSet_Voice/fear/OAF_kite_fear.wav,fear,2
/content/drive/MyDrive/DataSet_Voice/fear/OAF_base_fear.wav,fear,2
/content/drive/MyDrive/DataSet_Voice/fear/03-01-06-01-01-02-18.wav,fear,2
/content/drive/MyDrive/DataSet_Voice/fear/03-01-06-02-01-01-23.wav,fear,2
/content/drive/MyDrive/DataSet_Voice/fear/03-01-06-01-02-01-20.wav,fear,2
/content/drive/MyDrive/DataSet_Voice/fear/03-01-06-02-02-02-20.wav,fear,2
/content/drive/MyDrive/DataSet_Voice/fear/03-01-06-02-02-02-24.wav,fear,2
/content/drive/MyDrive/DataSet_Voice/fear/OAF_laud_fear.wav,fear,2
/content/drive/MyDrive/DataSet_Voice/fear/OAF_keg_fear.wav,fear,2
/content/drive/MyDrive/DataSet_Voice/fear/OAF_haze_fear.wav,fear,2
/content/drive/MyDrive/DataSet_Voice/fear/03-01-06-02-02-02-22.wav,fear,2
/content/drive/MyDrive/DataSet_Voice/fear/03-01-06-01-01-01-23.wav,fear,2
/content/drive/MyDrive/DataSet_Voice/fear/OAF_mode_fear.wav,fear,2
/content/drive/MyDrive/DataSet_Voice/fear/OAF_lore_fear.wav,fear,2
/content/drive/MyDrive/DataSet_Voice/fear/OAF_doll_fear.wav,fear,2
/content/drive/MyDrive/DataSet_Voice/fear/OAF_cab_fear.wav,fear,2
/content/drive/MyDrive/DataSet_Voice/fear/OAF_dead_fear.wav,fear,2
/content/drive/MyDrive/DataSet_Voice/fear/OAF_ditch_fear.wav,fear,2
/content/drive/MyDrive/DataSet_Voice/fear/OAF_get_fear.wav,fear,2
/content/drive/MyDrive/DataSet_Voice/fear/OAF_hush_fear.wav,fear,2
/content/drive/MyDrive/DataSet_Voice/fear/OAF_bath_fear.wav,fear,2
/content/drive/MyDrive/DataSet_Voice/fear/OAF_kill_fear.wav,fear,2
/content/drive/MyDrive/DataSet_Voice/fear/OAF_dime_fear.wav,fear,2
/content/drive/MyDrive/DataSet_Voice/fear/OAF_match_fear.wav,fear,2
/content/drive/MyDrive/DataSet_Voice/fear/OAF_hash_fear.wav,fear,2
/content/drive/MyDrive/DataSet_Voice/fear/OAF_fall_fear.wav,fear,2
/content/drive/MyDrive/DataSet_Voice/fear/OAF_hit_fear.wav,fear,2
/content/drive/MyDrive/DataSet_Voice/fear/OAF_choice_fear.wav,fear,2
/content/drive/MyDrive/DataSet_Voice/fear/OAF_lean_fear.wav,fear,2
/content/drive/MyDrive/DataSet_Voice/fear/03-01-06-02-02-02-18.wav,fear,2
/content/drive/MyDrive/DataSet_Voice/fear/03-01-06-02-01-02-19.wav,fear,2
/content/drive/MyDrive/DataSet_Voice/fear/OAF_date_fear.wav,fear,2
/content/drive/MyDrive/DataSet_Voice/fear/OAF_lease_fear.wav,fear,2
/content/drive/MyDrive/DataSet_Voice/fear/OAF_moon_fear.wav,fear,2
/content/drive/MyDrive/DataSet_Voice/fear/OAF_cheek_fear.wav,fear,2
/content/drive/MyDrive/DataSet_Voice/fear/OAF_deep_fear.wav,fear,2
/content/drive/MyDrive/DataSet_Voice/fear/OAF_calm_fear.wav,fear,2
/content/drive/MyDrive/DataSet_Voice/fear/03-01-06-01-02-01-24.wav,fear,2
/content/drive/MyDrive/DataSet_Voice/fear/03-01-06-01-01-01-20.wav,fear,2
/content/drive/MyDrive/DataSet_Voice/fear/OAF_luck_fear.wav,fear,2
/content/drive/MyDrive/DataSet_Voice/fear/03-01-06-01-01-02-24.wav,fear,2
/content/drive/MyDrive/DataSet_Voice/fear/OAF_keen_fear.wav,fear,2
/content/drive/MyDrive/DataSet_Voice/fear/OAF_chain_fear.wav,fear,2
/content/drive/MyDrive/DataSet_Voice/fear/03-01-06-01-02-02-23.wav,fear,2
/content/drive/MyDrive/DataSet_Voice/fear/03-01-06-01-01-02-21.wav,fear,2
/content/drive/MyDrive/DataSet_Voice/fear/OAF_judge_fear.wav,fear,2
/content/drive/MyDrive/DataSet_Voice/fear/03-01-06-02-02-01-21.wav,fear,2
/content/drive/MyDrive/DataSet_Voice/fear/OAF_mop_fear.wav,fear,2
/content/drive/MyDrive/DataSet_Voice/fear/OAF_keep_fear.wav,fear,2
/content/drive/MyDrive/DataSet_Voice/fear/OAF_death_fear.wav,fear,2
/content/drive/MyDrive/DataSet_Voice/fear/OAF_have_fear.wav,fear,2
/content/drive/MyDrive/DataSet_Voice/fear/OAF_hole_fear.wav,fear,2
/content/drive/MyDrive/DataSet_Voice/fear/OAF_kick_fear.wav,fear,2
/content/drive/MyDrive/DataSet_Voice/fear/03-01-06-01-01-02-23.wav,fear,2
/content/drive/MyDrive/DataSet_Voice/fear/OAF_merge_fear.wav,fear,2
/content/drive/MyDrive/DataSet_Voice/fear/03-01-06-01-01-01-22.wav,fear,2
/content/drive/MyDrive/DataSet_Voice/fear/OAF_join_fear.wav,fear,2
/content/drive/MyDrive/DataSet_Voice/fear/OAF_jail_fear.wav,fear,2
/content/drive/MyDrive/DataSet_Voice/fear/OAF_dodge_fear.wav,fear,2
/content/drive/MyDrive/DataSet_Voice/fear/03-01-06-02-02-02-23.wav,fear,2
/content/drive/MyDrive/DataSet_Voice/fear/OAF_dab_fear.wav,fear,2
/content/drive/MyDrive/DataSet_Voice/fear/03-01-06-02-01-02-20.wav,fear,2
/content/drive/MyDrive/DataSet_Voice/fear/OAF_chat_fear.wav,fear,2
/content/drive/MyDrive/DataSet_Voice/fear/03-01-06-01-01-01-18.wav,fear,2
/content/drive/MyDrive/DataSet_Voice/fear/03-01-06-02-02-02-19.wav,fear,2
/content/drive/MyDrive/DataSet_Voice/fear/OAF_late_fear.wav,fear,2
/content/drive/MyDrive/DataSet_Voice/fear/OAF_hate_fear.wav,fear,2
/content/drive/MyDrive/DataSet_Voice/fear/OAF_check_fear.wav,fear,2
/content/drive/MyDrive/DataSet_Voice/fear/OAF_chief_fear.wav,fear,2
/content/drive/MyDrive/DataSet_Voice/fear/03-01-06-02-02-01-19.wav,fear,2
/content/drive/MyDrive/DataSet_Voice/fear/OAF_came_fear.wav,fear,2
/content/drive/MyDrive/DataSet_Voice/fear/03-01-06-01-02-01-19.wav,fear,2
/content/drive/MyDrive/DataSet_Voice/fear/03-01-06-02-01-01-18.wav,fear,2
/content/drive/MyDrive/DataSet_Voice/fear/OAF_limb_fear.wav,fear,2
/content/drive/MyDrive/DataSet_Voice/fear/03-01-06-01-02-01-23.wav,fear,2
/content/drive/MyDrive/DataSet_Voice/fear/OAF_good_fear.wav,fear,2
/content/drive/MyDrive/DataSet_Voice/fear/OAF_tool_fear.wav,fear,2
/content/drive/MyDrive/DataSet_Voice/fear/YAF_hurl_fear.wav,fear,2
/content/drive/MyDrive/DataSet_Voice/fear/YAF_jail_fear.wav,fear,2
/content/drive/MyDrive/DataSet_Voice/fear/OAF_perch_fear.wav,fear,2
/content/drive/MyDrive/DataSet_Voice/fear/YAF_dead_fear.wav,fear,2
/content/drive/MyDrive/DataSet_Voice/fear/OAF_room_fear.wav,fear,2
/content/drive/MyDrive/DataSet_Voice/fear/OAF_rot_fear.wav,fear,2
/content/drive/MyDrive/DataSet_Voice/fear/OAF_sub_fear.wav,fear,2
/content/drive/MyDrive/DataSet_Voice/fear/OAF_pick_fear.wav,fear,2
/content/drive/MyDrive/DataSet_Voice/fear/OAF_shack_fear.wav,fear,2
/content/drive/MyDrive/DataSet_Voice/fear/YAF_bean_fear.wav,fear,2
/content/drive/MyDrive/DataSet_Voice/fear/OAF_turn_fear.wav,fear,2
/content/drive/MyDrive/DataSet_Voice/fear/YAF_far_fear.wav,fear,2
/content/drive/MyDrive/DataSet_Voice/fear/OAF_wash_fear.wav,fear,2
/content/drive/MyDrive/DataSet_Voice/fear/OAF_vine_fear.wav,fear,2
/content/drive/MyDrive/DataSet_Voice/fear/YAF_bought_fear.wav,fear,2
/content/drive/MyDrive/DataSet_Voice/fear/YAF_hire_fear.wav,fear,2
/content/drive/MyDrive/DataSet_Voice/fear/OAF_tip_fear.wav,fear,2
/content/drive/MyDrive/DataSet_Voice/fear/OAF_talk_fear.wav,fear,2
/content/drive/MyDrive/DataSet_Voice/fear/OAF_pool_fear.wav,fear,2
/content/drive/MyDrive/DataSet_Voice/fear/OAF_wag_fear.wav,fear,2
/content/drive/MyDrive/DataSet_Voice/fear/OAF_take_fear.wav,fear,2
/content/drive/MyDrive/DataSet_Voice/fear/YAF_join_fear.wav,fear,2
/content/drive/MyDrive/DataSet_Voice/fear/OAF_rose_fear.wav,fear,2
/content/drive/MyDrive/DataSet_Voice/fear/OAF_phone_fear.wav,fear,2
/content/drive/MyDrive/DataSet_Voice/fear/YAF_dip_fear.wav,fear,2
/content/drive/MyDrive/DataSet_Voice/fear/YAF_gap_fear.wav,fear,2
/content/drive/MyDrive/DataSet_Voice/fear/YAF_door_fear.wav,fear,2
/content/drive/MyDrive/DataSet_Voice/fear/YAF_doll_fear.wav,fear,2
/content/drive/MyDrive/DataSet_Voice/fear/OAF_ring_fear.wav,fear,2
/content/drive/MyDrive/DataSet_Voice/fear/OAF_south_fear.wav,fear,2
/content/drive/MyDrive/DataSet_Voice/fear/OAF_raid_fear.wav,fear,2
/content/drive/MyDrive/DataSet_Voice/fear/OAF_third_fear.wav,fear,2
/content/drive/MyDrive/DataSet_Voice/fear/OAF_thought_fear.wav,fear,2
/content/drive/MyDrive/DataSet_Voice/fear/OAF_rain_fear.wav,fear,2
/content/drive/MyDrive/DataSet_Voice/fear/YAF_cause_fear.wav,fear,2
/content/drive/MyDrive/DataSet_Voice/fear/OAF_page_fear.wav,fear,2
/content/drive/MyDrive/DataSet_Voice/fear/OAF_neat_fear.wav,fear,2
/content/drive/MyDrive/DataSet_Voice/fear/OAF_ripe_fear.wav,fear,2
/content/drive/MyDrive/DataSet_Voice/fear/YAF_check_fear.wav,fear,2
/content/drive/MyDrive/DataSet_Voice/fear/OAF_when_fear.wav,fear,2
/content/drive/MyDrive/DataSet_Voice/fear/OAF_read_fear.wav,fear,2
/content/drive/MyDrive/DataSet_Voice/fear/OAF_week_fear.wav,fear,2
/content/drive/MyDrive/DataSet_Voice/fear/YAF_cab_fear.wav,fear,2
/content/drive/MyDrive/DataSet_Voice/fear/OAF_should_fear.wav,fear,2
/content/drive/MyDrive/DataSet_Voice/fear/OAF_sell_fear.wav,fear,2
/content/drive/MyDrive/DataSet_Voice/fear/OAF_tape_fear.wav,fear,2
/content/drive/MyDrive/DataSet_Voice/fear/OAF_sure_fear.wav,fear,2
/content/drive/MyDrive/DataSet_Voice/fear/YAF_choice_fear.wav,fear,2
/content/drive/MyDrive/DataSet_Voice/fear/YAF_bath_fear.wav,fear,2
/content/drive/MyDrive/DataSet_Voice/fear/YAF_cheek_fear.wav,fear,2
/content/drive/MyDrive/DataSet_Voice/fear/OAF_rat_fear.wav,fear,2
/content/drive/MyDrive/DataSet_Voice/fear/OAF_shall_fear.wav,fear,2
/content/drive/MyDrive/DataSet_Voice/fear/OAF_seize_fear.wav,fear,2
/content/drive/MyDrive/DataSet_Voice/fear/YAF_have_fear.wav,fear,2
/content/drive/MyDrive/DataSet_Voice/fear/OAF_young_fear.wav,fear,2
/content/drive/MyDrive/DataSet_Voice/fear/YAF_juice_fear.wav,fear,2
/content/drive/MyDrive/DataSet_Voice/fear/YAF_gun_fear.wav,fear,2
/content/drive/MyDrive/DataSet_Voice/fear/YAF_dog_fear.wav,fear,2
/content/drive/MyDrive/DataSet_Voice/fear/OAF_shout_fear.wav,fear,2
/content/drive/MyDrive/DataSet_Voice/fear/OAF_ton_fear.wav,fear,2
/content/drive/MyDrive/DataSet_Voice/fear/OAF_tire_fear.wav,fear,2
/content/drive/MyDrive/DataSet_Voice/fear/OAF_wife_fear.wav,fear,2
/content/drive/MyDrive/DataSet_Voice/fear/OAF_sour_fear.wav,fear,2
/content/drive/MyDrive/DataSet_Voice/fear/YAF_goose_fear.wav,fear,2
/content/drive/MyDrive/DataSet_Voice/fear/OAF_such_fear.wav,fear,2
/content/drive/MyDrive/DataSet_Voice/fear/YAF_hit_fear.wav,fear,2
/content/drive/MyDrive/DataSet_Voice/fear/OAF_youth_fear.wav,fear,2
/content/drive/MyDrive/DataSet_Voice/fear/OAF_yearn_fear.wav,fear,2
/content/drive/MyDrive/DataSet_Voice/fear/OAF_vote_fear.wav,fear,2
/content/drive/MyDrive/DataSet_Voice/fear/YAF_dime_fear.wav,fear,2
/content/drive/MyDrive/DataSet_Voice/fear/OAF_note_fear.wav,fear,2
/content/drive/MyDrive/DataSet_Voice/fear/OAF_rush_fear.wav,fear,2
/content/drive/MyDrive/DataSet_Voice/fear/YAF_fit_fear.wav,fear,2
/content/drive/MyDrive/DataSet_Voice/fear/OAF_white_fear.wav,fear,2
/content/drive/MyDrive/DataSet_Voice/fear/YAF_came_fear.wav,fear,2
/content/drive/MyDrive/DataSet_Voice/fear/OAF_reach_fear.wav,fear,2
/content/drive/MyDrive/DataSet_Voice/fear/YAF_hate_fear.wav,fear,2
/content/drive/MyDrive/DataSet_Voice/fear/OAF_said_fear.wav,fear,2
/content/drive/MyDrive/DataSet_Voice/fear/OAF_wire_fear.wav,fear,2
/content/drive/MyDrive/DataSet_Voice/fear/OAF_tell_fear.wav,fear,2
/content/drive/MyDrive/DataSet_Voice/fear/OAF_nice_fear.wav,fear,2
/content/drive/MyDrive/DataSet_Voice/fear/OAF_tough_fear.wav,fear,2
/content/drive/MyDrive/DataSet_Voice/fear/OAF_soap_fear.wav,fear,2
/content/drive/MyDrive/DataSet_Voice/fear/OAF_raise_fear.wav,fear,2
/content/drive/MyDrive/DataSet_Voice/fear/YAF_gin_fear.wav,fear,2
/content/drive/MyDrive/DataSet_Voice/fear/YAF_calm_fear.wav,fear,2
/content/drive/MyDrive/DataSet_Voice/fear/YAF_boat_fear.wav,fear,2
/content/drive/MyDrive/DataSet_Voice/fear/OAF_soup_fear.wav,fear,2
/content/drive/MyDrive/DataSet_Voice/fear/OAF_thumb_fear.wav,fear,2
/content/drive/MyDrive/DataSet_Voice/fear/YAF_jar_fear.wav,fear,2
/content/drive/MyDrive/DataSet_Voice/fear/YAF_book_fear.wav,fear,2
/content/drive/MyDrive/DataSet_Voice/fear/YAF_dodge_fear.wav,fear,2
/content/drive/MyDrive/DataSet_Voice/fear/YAF_germ_fear.wav,fear,2
/content/drive/MyDrive/DataSet_Voice/fear/YAF_death_fear.wav,fear,2
/content/drive/MyDrive/DataSet_Voice/fear/OAF_rough_fear.wav,fear,2
/content/drive/MyDrive/DataSet_Voice/fear/YAF_get_fear.wav,fear,2
/content/drive/MyDrive/DataSet_Voice/fear/YAF_date_fear.wav,fear,2
/content/drive/MyDrive/DataSet_Voice/fear/OAF_pole_fear.wav,fear,2
/content/drive/MyDrive/DataSet_Voice/fear/YAF_good_fear.wav,fear,2
/content/drive/MyDrive/DataSet_Voice/fear/YAF_judge_fear.wav,fear,2
/content/drive/MyDrive/DataSet_Voice/fear/OAF_which_fear.wav,fear,2
/content/drive/MyDrive/DataSet_Voice/fear/YAF_hole_fear.wav,fear,2
/content/drive/MyDrive/DataSet_Voice/fear/YAF_dab_fear.wav,fear,2
/content/drive/MyDrive/DataSet_Voice/fear/OAF_puff_fear.wav,fear,2
/content/drive/MyDrive/DataSet_Voice/fear/YAF_chain_fear.wav,fear,2
/content/drive/MyDrive/DataSet_Voice/fear/OAF_peg_fear.wav,fear,2
/content/drive/MyDrive/DataSet_Voice/fear/OAF_shawl_fear.wav,fear,2
/content/drive/MyDrive/DataSet_Voice/fear/OAF_yes_fear.wav,fear,2
/content/drive/MyDrive/DataSet_Voice/fear/OAF_size_fear.wav,fear,2
/content/drive/MyDrive/DataSet_Voice/fear/YAF_fail_fear.wav,fear,2
/content/drive/MyDrive/DataSet_Voice/fear/OAF_shirt_fear.wav,fear,2
/content/drive/MyDrive/DataSet_Voice/fear/YAF_fat_fear.wav,fear,2
/content/drive/MyDrive/DataSet_Voice/fear/OAF_thin_fear.wav,fear,2
/content/drive/MyDrive/DataSet_Voice/fear/OAF_walk_fear.wav,fear,2
/content/drive/MyDrive/DataSet_Voice/fear/YAF_cool_fear.wav,fear,2
/content/drive/MyDrive/DataSet_Voice/fear/OAF_time_fear.wav,fear,2
/content/drive/MyDrive/DataSet_Voice/fear/YAF_gas_fear.wav,fear,2
/content/drive/MyDrive/DataSet_Voice/fear/YAF_chalk_fear.wav,fear,2
/content/drive/MyDrive/DataSet_Voice/fear/YAF_hush_fear.wav,fear,2
/content/drive/MyDrive/DataSet_Voice/fear/YAF_chat_fear.wav,fear,2
/content/drive/MyDrive/DataSet_Voice/fear/YAF_five_fear.wav,fear,2
/content/drive/MyDrive/DataSet_Voice/fear/OAF_pass_fear.wav,fear,2
/content/drive/MyDrive/DataSet_Voice/fear/YAF_half_fear.wav,fear,2
/content/drive/MyDrive/DataSet_Voice/fear/OAF_void_fear.wav,fear,2
/content/drive/MyDrive/DataSet_Voice/fear/OAF_sheep_fear.wav,fear,2
/content/drive/MyDrive/DataSet_Voice/fear/OAF_pad_fear.wav,fear,2
/content/drive/MyDrive/DataSet_Voice/fear/OAF_search_fear.wav,fear,2
/content/drive/MyDrive/DataSet_Voice/fear/YAF_ditch_fear.wav,fear,2
/content/drive/MyDrive/DataSet_Voice/fear/OAF_wheat_fear.wav,fear,2
/content/drive/MyDrive/DataSet_Voice/fear/YAF_burn_fear.wav,fear,2
/content/drive/MyDrive/DataSet_Voice/fear/OAF_rag_fear.wav,fear,2
/content/drive/MyDrive/DataSet_Voice/fear/YAF_food_fear.wav,fear,2
/content/drive/MyDrive/DataSet_Voice/fear/YAF_haze_fear.wav,fear,2
/content/drive/MyDrive/DataSet_Voice/fear/YAF_beg_fear.wav,fear,2
/content/drive/MyDrive/DataSet_Voice/fear/YAF_hall_fear.wav,fear,2
/content/drive/MyDrive/DataSet_Voice/fear/YAF_jug_fear.wav,fear,2
/content/drive/MyDrive/DataSet_Voice/fear/YAF_bite_fear.wav,fear,2
/content/drive/MyDrive/DataSet_Voice/fear/YAF_hash_fear.wav,fear,2
/content/drive/MyDrive/DataSet_Voice/fear/OAF_sail_fear.wav,fear,2
/content/drive/MyDrive/DataSet_Voice/fear/OAF_pearl_fear.wav,fear,2
/content/drive/MyDrive/DataSet_Voice/fear/YAF_bone_fear.wav,fear,2
/content/drive/MyDrive/DataSet_Voice/fear/OAF_pain_fear.wav,fear,2
/content/drive/MyDrive/DataSet_Voice/fear/OAF_voice_fear.wav,fear,2
/content/drive/MyDrive/DataSet_Voice/fear/YAF_deep_fear.wav,fear,2
/content/drive/MyDrive/DataSet_Voice/fear/OAF_numb_fear.wav,fear,2
/content/drive/MyDrive/DataSet_Voice/fear/YAF_home_fear.wav,fear,2
/content/drive/MyDrive/DataSet_Voice/fear/OAF_team_fear.wav,fear,2
/content/drive/MyDrive/DataSet_Voice/fear/OAF_pike_fear.wav,fear,2
/content/drive/MyDrive/DataSet_Voice/fear/YAF_gaze_fear.wav,fear,2
/content/drive/MyDrive/DataSet_Voice/fear/OAF_red_fear.wav,fear,2
/content/drive/MyDrive/DataSet_Voice/fear/OAF_near_fear.wav,fear,2
/content/drive/MyDrive/DataSet_Voice/fear/YAF_back_fear.wav,fear,2
/content/drive/MyDrive/DataSet_Voice/fear/YAF_chair_fear.wav,fear,2
/content/drive/MyDrive/DataSet_Voice/fear/OAF_name_fear.wav,fear,2
/content/drive/MyDrive/DataSet_Voice/fear/OAF_road_fear.wav,fear,2
/content/drive/MyDrive/DataSet_Voice/fear/YAF_base_fear.wav,fear,2
/content/drive/MyDrive/DataSet_Voice/fear/OAF_witch_fear.wav,fear,2
/content/drive/MyDrive/DataSet_Voice/fear/YAF_bar_fear.wav,fear,2
/content/drive/MyDrive/DataSet_Voice/fear/YAF_fall_fear.wav,fear,2
/content/drive/MyDrive/DataSet_Voice/fear/OAF_nag_fear.wav,fear,2
/content/drive/MyDrive/DataSet_Voice/fear/YAF_goal_fear.wav,fear,2
/content/drive/MyDrive/DataSet_Voice/fear/OAF_whip_fear.wav,fear,2
/content/drive/MyDrive/DataSet_Voice/fear/YAF_chief_fear.wav,fear,2
/content/drive/MyDrive/DataSet_Voice/fear/YAF_ripe_fear.wav,fear,2
/content/drive/MyDrive/DataSet_Voice/fear/YAF_sell_fear.wav,fear,2
/content/drive/MyDrive/DataSet_Voice/fear/YAF_lot_fear.wav,fear,2
/content/drive/MyDrive/DataSet_Voice/fear/YAF_yearn_fear.wav,fear,2
/content/drive/MyDrive/DataSet_Voice/fear/YAF_rose_fear.wav,fear,2
/content/drive/MyDrive/DataSet_Voice/fear/YAF_size_fear.wav,fear,2
/content/drive/MyDrive/DataSet_Voice/fear/YAF_mouse_fear.wav,fear,2
/content/drive/MyDrive/DataSet_Voice/fear/YAF_wag_fear.wav,fear,2
/content/drive/MyDrive/DataSet_Voice/fear/YAF_read_fear.wav,fear,2
/content/drive/MyDrive/DataSet_Voice/fear/YAF_tough_fear.wav,fear,2
/content/drive/MyDrive/DataSet_Voice/fear/YAF_rag_fear.wav,fear,2
/content/drive/MyDrive/DataSet_Voice/fear/YAF_wash_fear.wav,fear,2
/content/drive/MyDrive/DataSet_Voice/fear/YAF_south_fear.wav,fear,2
/content/drive/MyDrive/DataSet_Voice/fear/YAF_soup_fear.wav,fear,2
/content/drive/MyDrive/DataSet_Voice/fear/YAF_numb_fear.wav,fear,2
/content/drive/MyDrive/DataSet_Voice/fear/YAF_when_fear.wav,fear,2
/content/drive/MyDrive/DataSet_Voice/fear/YAF_limb_fear.wav,fear,2
/content/drive/MyDrive/DataSet_Voice/fear/YAF_moon_fear.wav,fear,2
/content/drive/MyDrive/DataSet_Voice/fear/YAF_wife_fear.wav,fear,2
/content/drive/MyDrive/DataSet_Voice/fear/YAF_tip_fear.wav,fear,2
/content/drive/MyDrive/DataSet_Voice/fear/YAF_long_fear.wav,fear,2
/content/drive/MyDrive/DataSet_Voice/fear/YAF_lose_fear.wav,fear,2
/content/drive/MyDrive/DataSet_Voice/fear/YAF_room_fear.wav,fear,2
/content/drive/MyDrive/DataSet_Voice/fear/YAF_tape_fear.wav,fear,2
/content/drive/MyDrive/DataSet_Voice/fear/YAF_nag_fear.wav,fear,2
/content/drive/MyDrive/DataSet_Voice/fear/YAF_tool_fear.wav,fear,2
/content/drive/MyDrive/DataSet_Voice/fear/YAF_lid_fear.wav,fear,2
/content/drive/MyDrive/DataSet_Voice/fear/YAF_ton_fear.wav,fear,2
/content/drive/MyDrive/DataSet_Voice/fear/YAF_pick_fear.wav,fear,2
/content/drive/MyDrive/DataSet_Voice/fear/YAF_team_fear.wav,fear,2
/content/drive/MyDrive/DataSet_Voice/fear/YAF_rot_fear.wav,fear,2
/content/drive/MyDrive/DataSet_Voice/fear/YAF_pain_fear.wav,fear,2
/content/drive/MyDrive/DataSet_Voice/fear/YAF_should_fear.wav,fear,2
/content/drive/MyDrive/DataSet_Voice/fear/YAF_keg_fear.wav,fear,2
/content/drive/MyDrive/DataSet_Voice/fear/YAF_puff_fear.wav,fear,2
/content/drive/MyDrive/DataSet_Voice/fear/YAF_take_fear.wav,fear,2
/content/drive/MyDrive/DataSet_Voice/fear/YAF_rush_fear.wav,fear,2
/content/drive/MyDrive/DataSet_Voice/fear/YAF_time_fear.wav,fear,2
/content/drive/MyDrive/DataSet_Voice/fear/YAF_road_fear.wav,fear,2
/content/drive/MyDrive/DataSet_Voice/fear/YAF_search_fear.wav,fear,2
/content/drive/MyDrive/DataSet_Voice/fear/YAF_mode_fear.wav,fear,2
/content/drive/MyDrive/DataSet_Voice/fear/YAF_mill_fear.wav,fear,2
/content/drive/MyDrive/DataSet_Voice/fear/YAF_late_fear.wav,fear,2
/content/drive/MyDrive/DataSet_Voice/fear/YAF_which_fear.wav,fear,2
/content/drive/MyDrive/DataSet_Voice/fear/YAF_shack_fear.wav,fear,2
/content/drive/MyDrive/DataSet_Voice/fear/YAF_kick_fear.wav,fear,2
/content/drive/MyDrive/DataSet_Voice/fear/YAF_learn_fear.wav,fear,2
/content/drive/MyDrive/DataSet_Voice/fear/YAF_wheat_fear.wav,fear,2
/content/drive/MyDrive/DataSet_Voice/fear/YAF_witch_fear.wav,fear,2
/content/drive/MyDrive/DataSet_Voice/fear/YAF_lore_fear.wav,fear,2
/content/drive/MyDrive/DataSet_Voice/fear/YAF_walk_fear.wav,fear,2
/content/drive/MyDrive/DataSet_Voice/fear/YAF_keen_fear.wav,fear,2
/content/drive/MyDrive/DataSet_Voice/fear/YAF_thought_fear.wav,fear,2
/content/drive/MyDrive/DataSet_Voice/fear/YAF_nice_fear.wav,fear,2
/content/drive/MyDrive/DataSet_Voice/fear/YAF_lease_fear.wav,fear,2
/content/drive/MyDrive/DataSet_Voice/fear/YAF_laud_fear.wav,fear,2
/content/drive/MyDrive/DataSet_Voice/fear/YAF_match_fear.wav,fear,2
/content/drive/MyDrive/DataSet_Voice/fear/YAF_white_fear.wav,fear,2
/content/drive/MyDrive/DataSet_Voice/fear/YAF_shall_fear.wav,fear,2
/content/drive/MyDrive/DataSet_Voice/fear/YAF_void_fear.wav,fear,2
/content/drive/MyDrive/DataSet_Voice/fear/YAF_shout_fear.wav,fear,2
/content/drive/MyDrive/DataSet_Voice/fear/YAF_pike_fear.wav,fear,2
/content/drive/MyDrive/DataSet_Voice/fear/YAF_rain_fear.wav,fear,2
/content/drive/MyDrive/DataSet_Voice/fear/YAF_make_fear.wav,fear,2
/content/drive/MyDrive/DataSet_Voice/fear/YAF_seize_fear.wav,fear,2
/content/drive/MyDrive/DataSet_Voice/fear/YAF_wire_fear.wav,fear,2
/content/drive/MyDrive/DataSet_Voice/fear/YAF_pad_fear.wav,fear,2
/content/drive/MyDrive/DataSet_Voice/fear/YAF_mop_fear.wav,fear,2
/content/drive/MyDrive/DataSet_Voice/fear/YAF_lean_fear.wav,fear,2
/content/drive/MyDrive/DataSet_Voice/fear/YAF_sail_fear.wav,fear,2
/content/drive/MyDrive/DataSet_Voice/fear/YAF_luck_fear.wav,fear,2
/content/drive/MyDrive/DataSet_Voice/fear/YAF_page_fear.wav,fear,2
/content/drive/MyDrive/DataSet_Voice/fear/YAF_whip_fear.wav,fear,2
/content/drive/MyDrive/DataSet_Voice/fear/YAF_merge_fear.wav,fear,2
/content/drive/MyDrive/DataSet_Voice/fear/YAF_near_fear.wav,fear,2
/content/drive/MyDrive/DataSet_Voice/fear/YAF_met_fear.wav,fear,2
/content/drive/MyDrive/DataSet_Voice/fear/YAF_rat_fear.wav,fear,2
/content/drive/MyDrive/DataSet_Voice/fear/YAF_neat_fear.wav,fear,2
/content/drive/MyDrive/DataSet_Voice/fear/YAF_sure_fear.wav,fear,2
/content/drive/MyDrive/DataSet_Voice/fear/YAF_perch_fear.wav,fear,2
/content/drive/MyDrive/DataSet_Voice/fear/YAF_sour_fear.wav,fear,2
/content/drive/MyDrive/DataSet_Voice/fear/YAF_name_fear.wav,fear,2
/content/drive/MyDrive/DataSet_Voice/fear/YAF_reach_fear.wav,fear,2
/content/drive/MyDrive/DataSet_Voice/fear/YAF_keep_fear.wav,fear,2
/content/drive/MyDrive/DataSet_Voice/fear/YAF_third_fear.wav,fear,2
/content/drive/MyDrive/DataSet_Voice/fear/YAF_mess_fear.wav,fear,2
/content/drive/MyDrive/DataSet_Voice/fear/YAF_soap_fear.wav,fear,2
/content/drive/MyDrive/DataSet_Voice/fear/YAF_mob_fear.wav,fear,2
/content/drive/MyDrive/DataSet_Voice/fear/YAF_raise_fear.wav,fear,2
/content/drive/MyDrive/DataSet_Voice/fear/YAF_pool_fear.wav,fear,2
/content/drive/MyDrive/DataSet_Voice/fear/YAF_vine_fear.wav,fear,2
/content/drive/MyDrive/DataSet_Voice/fear/YAF_kill_fear.wav,fear,2
/content/drive/MyDrive/DataSet_Voice/fear/YAF_thumb_fear.wav,fear,2
/content/drive/MyDrive/DataSet_Voice/fear/YAF_note_fear.wav,fear,2
/content/drive/MyDrive/DataSet_Voice/fear/YAF_pole_fear.wav,fear,2
/content/drive/MyDrive/DataSet_Voice/fear/YAF_talk_fear.wav,fear,2
/content/drive/MyDrive/DataSet_Voice/fear/YAF_phone_fear.wav,fear,2
/content/drive/MyDrive/DataSet_Voice/fear/YAF_week_fear.wav,fear,2
/content/drive/MyDrive/DataSet_Voice/fear/YAF_king_fear.wav,fear,2
/content/drive/MyDrive/DataSet_Voice/fear/YAF_ring_fear.wav,fear,2
/content/drive/MyDrive/DataSet_Voice/fear/YAF_knock_fear.wav,fear,2
/content/drive/MyDrive/DataSet_Voice/fear/YAF_turn_fear.wav,fear,2
/content/drive/MyDrive/DataSet_Voice/fear/YAF_red_fear.wav,fear,2
/content/drive/MyDrive/DataSet_Voice/fear/YAF_loaf_fear.wav,fear,2
/content/drive/MyDrive/DataSet_Voice/fear/YAF_tire_fear.wav,fear,2
/content/drive/MyDrive/DataSet_Voice/fear/YAF_yes_fear.wav,fear,2
/content/drive/MyDrive/DataSet_Voice/fear/YAF_raid_fear.wav,fear,2
/content/drive/MyDrive/DataSet_Voice/fear/YAF_vote_fear.wav,fear,2
/content/drive/MyDrive/DataSet_Voice/fear/YAF_peg_fear.wav,fear,2
/content/drive/MyDrive/DataSet_Voice/fear/YAF_shawl_fear.wav,fear,2
/content/drive/MyDrive/DataSet_Voice/fear/YAF_kite_fear.wav,fear,2
/content/drive/MyDrive/DataSet_Voice/fear/YAF_tell_fear.wav,fear,2
/content/drive/MyDrive/DataSet_Voice/fear/YAF_pearl_fear.wav,fear,2
/content/drive/MyDrive/DataSet_Voice/fear/YAF_love_fear.wav,fear,2
/content/drive/MyDrive/DataSet_Voice/fear/YAF_thin_fear.wav,fear,2
/content/drive/MyDrive/DataSet_Voice/fear/YAF_such_fear.wav,fear,2
/content/drive/MyDrive/DataSet_Voice/fear/YAF_pass_fear.wav,fear,2
/content/drive/MyDrive/DataSet_Voice/fear/YAF_said_fear.wav,fear,2
/content/drive/MyDrive/DataSet_Voice/fear/YAF_mood_fear.wav,fear,2
/content/drive/MyDrive/DataSet_Voice/fear/YAF_rough_fear.wav,fear,2
/content/drive/MyDrive/DataSet_Voice/fear/YAF_voice_fear.wav,fear,2
/content/drive/MyDrive/DataSet_Voice/fear/YAF_youth_fear.wav,fear,2
/content/drive/MyDrive/DataSet_Voice/fear/YAF_life_fear.wav,fear,2
/content/drive/MyDrive/DataSet_Voice/fear/YAF_sheep_fear.wav,fear,2
/content/drive/MyDrive/DataSet_Voice/fear/YAF_live_fear.wav,fear,2
/content/drive/MyDrive/DataSet_Voice/fear/YAF_shirt_fear.wav,fear,2
/content/drive/MyDrive/DataSet_Voice/fear/YAF_young_fear.wav,fear,2
/content/drive/MyDrive/DataSet_Voice/fear/YAF_sub_fear.wav,fear,2
/content/drive/MyDrive/DataSet_Voice/fear/1006_IWW_FEA_XX.wav,fear,2
/content/drive/MyDrive/DataSet_Voice/fear/1002_IWL_FEA_XX.wav,fear,2
/content/drive/MyDrive/DataSet_Voice/fear/1001_ITH_FEA_XX.wav,fear,2
/content/drive/MyDrive/DataSet_Voice/fear/1005_IEO_FEA_LO.wav,fear,2
/content/drive/MyDrive/DataSet_Voice/fear/1005_IEO_FEA_MD.wav,fear,2
/content/drive/MyDrive/DataSet_Voice/fear/1007_ITS_FEA_XX.wav,fear,2
/content/drive/MyDrive/DataSet_Voice/fear/1005_MTI_FEA_XX.wav,fear,2
/content/drive/MyDrive/DataSet_Voice/fear/1001_TAI_FEA_XX.wav,fear,2
/content/drive/MyDrive/DataSet_Voice/fear/1005_WSI_FEA_XX.wav,fear,2
/content/drive/MyDrive/DataSet_Voice/fear/1008_DFA_FEA_XX.wav,fear,2
/content/drive/MyDrive/DataSet_Voice/fear/1005_TIE_FEA_XX.wav,fear,2
/content/drive/MyDrive/DataSet_Voice/fear/1001_IEO_FEA_LO.wav,fear,2
/content/drive/MyDrive/DataSet_Voice/fear/1004_IOM_FEA_XX.wav,fear,2
/content/drive/MyDrive/DataSet_Voice/fear/1003_IWW_FEA_XX.wav,fear,2
/content/drive/MyDrive/DataSet_Voice/fear/1007_MTI_FEA_XX.wav,fear,2
/content/drive/MyDrive/DataSet_Voice/fear/1008_ITS_FEA_XX.wav,fear,2
/content/drive/MyDrive/DataSet_Voice/fear/1004_TSI_FEA_XX.wav,fear,2
/content/drive/MyDrive/DataSet_Voice/fear/1001_TIE_FEA_XX.wav,fear,2
/content/drive/MyDrive/DataSet_Voice/fear/1003_IEO_FEA_HI.wav,fear,2
/content/drive/MyDrive/DataSet_Voice/fear/1004_TAI_FEA_XX.wav,fear,2
/content/drive/MyDrive/DataSet_Voice/fear/1004_IEO_FEA_LO.wav,fear,2
/content/drive/MyDrive/DataSet_Voice/fear/1008_IEO_FEA_HI.wav,fear,2
/content/drive/MyDrive/DataSet_Voice/fear/1004_TIE_FEA_XX.wav,fear,2
/content/drive/MyDrive/DataSet_Voice/fear/1002_ITH_FEA_XX.wav,fear,2
/content/drive/MyDrive/DataSet_Voice/fear/1007_TIE_FEA_XX.wav,fear,2
/content/drive/MyDrive/DataSet_Voice/fear/1002_ITS_FEA_XX.wav,fear,2
/content/drive/MyDrive/DataSet_Voice/fear/1008_IOM_FEA_XX.wav,fear,2
/content/drive/MyDrive/DataSet_Voice/fear/1008_TAI_FEA_XX.wav,fear,2
/content/drive/MyDrive/DataSet_Voice/fear/1008_IWL_FEA_XX.wav,fear,2
/content/drive/MyDrive/DataSet_Voice/fear/1003_DFA_FEA_XX.wav,fear,2
/content/drive/MyDrive/DataSet_Voice/fear/1001_DFA_FEA_XX.wav,fear,2
/content/drive/MyDrive/DataSet_Voice/fear/1007_DFA_FEA_XX.wav,fear,2
/content/drive/MyDrive/DataSet_Voice/fear/1003_TIE_FEA_XX.wav,fear,2
/content/drive/MyDrive/DataSet_Voice/fear/1003_IEO_FEA_LO.wav,fear,2
/content/drive/MyDrive/DataSet_Voice/fear/1003_WSI_FEA_XX.wav,fear,2
/content/drive/MyDrive/DataSet_Voice/fear/1006_IOM_FEA_XX.wav,fear,2
/content/drive/MyDrive/DataSet_Voice/fear/1008_ITH_FEA_XX.wav,fear,2
/content/drive/MyDrive/DataSet_Voice/fear/1005_IWL_FEA_XX.wav,fear,2
/content/drive/MyDrive/DataSet_Voice/fear/1001_IWW_FEA_XX.wav,fear,2
/content/drive/MyDrive/DataSet_Voice/fear/1007_IWL_FEA_XX.wav,fear,2
/content/drive/MyDrive/DataSet_Voice/fear/1002_WSI_FEA_XX.wav,fear,2
/content/drive/MyDrive/DataSet_Voice/fear/1005_IOM_FEA_XX.wav,fear,2
/content/drive/MyDrive/DataSet_Voice/fear/1002_DFA_FEA_XX.wav,fear,2
/content/drive/MyDrive/DataSet_Voice/fear/1004_WSI_FEA_XX.wav,fear,2
/content/drive/MyDrive/DataSet_Voice/fear/1007_IWW_FEA_XX.wav,fear,2
/content/drive/MyDrive/DataSet_Voice/fear/1003_ITH_FEA_XX.wav,fear,2
/content/drive/MyDrive/DataSet_Voice/fear/1006_DFA_FEA_XX.wav,fear,2
/content/drive/MyDrive/DataSet_Voice/fear/1004_MTI_FEA_XX.wav,fear,2
/content/drive/MyDrive/DataSet_Voice/fear/1002_MTI_FEA_XX.wav,fear,2
/content/drive/MyDrive/DataSet_Voice/fear/1001_IWL_FEA_XX.wav,fear,2
/content/drive/MyDrive/DataSet_Voice/fear/1004_ITS_FEA_XX.wav,fear,2
/content/drive/MyDrive/DataSet_Voice/fear/1007_TAI_FEA_XX.wav,fear,2
/content/drive/MyDrive/DataSet_Voice/fear/1007_IOM_FEA_XX.wav,fear,2
/content/drive/MyDrive/DataSet_Voice/fear/1002_TIE_FEA_XX.wav,fear,2
/content/drive/MyDrive/DataSet_Voice/fear/1002_IEO_FEA_HI.wav,fear,2
/content/drive/MyDrive/DataSet_Voice/fear/1004_IEO_FEA_HI.wav,fear,2
/content/drive/MyDrive/DataSet_Voice/fear/1008_MTI_FEA_XX.wav,fear,2
/content/drive/MyDrive/DataSet_Voice/fear/1007_IEO_FEA_LO.wav,fear,2
/content/drive/MyDrive/DataSet_Voice/fear/1006_MTI_FEA_XX.wav,fear,2
/content/drive/MyDrive/DataSet_Voice/fear/1007_ITH_FEA_XX.wav,fear,2
/content/drive/MyDrive/DataSet_Voice/fear/1005_TAI_FEA_XX.wav,fear,2
/content/drive/MyDrive/DataSet_Voice/fear/1005_DFA_FEA_XX.wav,fear,2
/content/drive/MyDrive/DataSet_Voice/fear/1008_TIE_FEA_XX.wav,fear,2
/content/drive/MyDrive/DataSet_Voice/fear/1008_IEO_FEA_LO.wav,fear,2
/content/drive/MyDrive/DataSet_Voice/fear/1006_ITS_FEA_XX.wav,fear,2
/content/drive/MyDrive/DataSet_Voice/fear/1009_DFA_FEA_XX.wav,fear,2
/content/drive/MyDrive/DataSet_Voice/fear/1004_ITH_FEA_XX.wav,fear,2
/content/drive/MyDrive/DataSet_Voice/fear/1003_IWL_FEA_XX.wav,fear,2
/content/drive/MyDrive/DataSet_Voice/fear/1006_TSI_FEA_XX.wav,fear,2
/content/drive/MyDrive/DataSet_Voice/fear/1004_IWW_FEA_XX.wav,fear,2
/content/drive/MyDrive/DataSet_Voice/fear/1007_TSI_FEA_XX.wav,fear,2
/content/drive/MyDrive/DataSet_Voice/fear/1004_IWL_FEA_XX.wav,fear,2
/content/drive/MyDrive/DataSet_Voice/fear/1001_TSI_FEA_XX.wav,fear,2
/content/drive/MyDrive/DataSet_Voice/fear/1007_IEO_FEA_MD.wav,fear,2
/content/drive/MyDrive/DataSet_Voice/fear/1005_ITS_FEA_XX.wav,fear,2
/content/drive/MyDrive/DataSet_Voice/fear/1002_IEO_FEA_MD.wav,fear,2
/content/drive/MyDrive/DataSet_Voice/fear/1001_IOM_FEA_XX.wav,fear,2
/content/drive/MyDrive/DataSet_Voice/fear/1004_DFA_FEA_XX.wav,fear,2
/content/drive/MyDrive/DataSet_Voice/fear/1005_IEO_FEA_HI.wav,fear,2
/content/drive/MyDrive/DataSet_Voice/fear/1006_IEO_FEA_HI.wav,fear,2
/content/drive/MyDrive/DataSet_Voice/fear/1007_WSI_FEA_XX.wav,fear,2
/content/drive/MyDrive/DataSet_Voice/fear/1001_WSI_FEA_XX.wav,fear,2
/content/drive/MyDrive/DataSet_Voice/fear/1003_IOM_FEA_XX.wav,fear,2
/content/drive/MyDrive/DataSet_Voice/fear/1001_IEO_FEA_MD.wav,fear,2
/content/drive/MyDrive/DataSet_Voice/fear/1004_IEO_FEA_MD.wav,fear,2
/content/drive/MyDrive/DataSet_Voice/fear/1003_TSI_FEA_XX.wav,fear,2
/content/drive/MyDrive/DataSet_Voice/fear/1003_IEO_FEA_MD.wav,fear,2
/content/drive/MyDrive/DataSet_Voice/fear/1002_IOM_FEA_XX.wav,fear,2
/content/drive/MyDrive/DataSet_Voice/fear/1003_MTI_FEA_XX.wav,fear,2
/content/drive/MyDrive/DataSet_Voice/fear/1001_MTI_FEA_XX.wav,fear,2
/content/drive/MyDrive/DataSet_Voice/fear/1002_TSI_FEA_XX.wav,fear,2
/content/drive/MyDrive/DataSet_Voice/fear/1006_IEO_FEA_LO.wav,fear,2
/content/drive/MyDrive/DataSet_Voice/fear/1006_TAI_FEA_XX.wav,fear,2
/content/drive/MyDrive/DataSet_Voice/fear/1001_IEO_FEA_HI.wav,fear,2
/content/drive/MyDrive/DataSet_Voice/fear/1008_IWW_FEA_XX.wav,fear,2
/content/drive/MyDrive/DataSet_Voice/fear/1006_ITH_FEA_XX.wav,fear,2
/content/drive/MyDrive/DataSet_Voice/fear/1003_ITS_FEA_XX.wav,fear,2
/content/drive/MyDrive/DataSet_Voice/fear/1006_WSI_FEA_XX.wav,fear,2
/content/drive/MyDrive/DataSet_Voice/fear/1002_IWW_FEA_XX.wav,fear,2
/content/drive/MyDrive/DataSet_Voice/fear/1001_ITS_FEA_XX.wav,fear,2
/content/drive/MyDrive/DataSet_Voice/fear/1002_TAI_FEA_XX.wav,fear,2
/content/drive/MyDrive/DataSet_Voice/fear/1008_TSI_FEA_XX.wav,fear,2
/content/drive/MyDrive/DataSet_Voice/fear/1005_ITH_FEA_XX.wav,fear,2
/content/drive/MyDrive/DataSet_Voice/fear/1005_IWW_FEA_XX.wav,fear,2
/content/drive/MyDrive/DataSet_Voice/fear/1005_TSI_FEA_XX.wav,fear,2
/content/drive/MyDrive/DataSet_Voice/fear/1008_IEO_FEA_MD.wav,fear,2
/content/drive/MyDrive/DataSet_Voice/fear/1006_IEO_FEA_MD.wav,fear,2
/content/drive/MyDrive/DataSet_Voice/fear/1006_TIE_FEA_XX.wav,fear,2
/content/drive/MyDrive/DataSet_Voice/fear/1006_IWL_FEA_XX.wav,fear,2
/content/drive/MyDrive/DataSet_Voice/fear/1003_TAI_FEA_XX.wav,fear,2
/content/drive/MyDrive/DataSet_Voice/fear/1002_IEO_FEA_LO.wav,fear,2
/content/drive/MyDrive/DataSet_Voice/fear/1007_IEO_FEA_HI.wav,fear,2
/content/drive/MyDrive/DataSet_Voice/fear/1023_IEO_FEA_HI.wav,fear,2
/content/drive/MyDrive/DataSet_Voice/fear/1022_DFA_FEA_XX.wav,fear,2
/content/drive/MyDrive/DataSet_Voice/fear/1023_IEO_FEA_LO.wav,fear,2
/content/drive/MyDrive/DataSet_Voice/fear/1018_IEO_FEA_LO.wav,fear,2
/content/drive/MyDrive/DataSet_Voice/fear/1017_TIE_FEA_XX.wav,fear,2
/content/drive/MyDrive/DataSet_Voice/fear/1012_IWL_FEA_XX.wav,fear,2
/content/drive/MyDrive/DataSet_Voice/fear/1022_TSI_FEA_XX.wav,fear,2
/content/drive/MyDrive/DataSet_Voice/fear/1020_IOM_FEA_XX.wav,fear,2
/content/drive/MyDrive/DataSet_Voice/fear/1024_IEO_FEA_HI.wav,fear,2
/content/drive/MyDrive/DataSet_Voice/fear/1013_IEO_FEA_LO.wav,fear,2
/content/drive/MyDrive/DataSet_Voice/fear/1013_IWL_FEA_XX.wav,fear,2
/content/drive/MyDrive/DataSet_Voice/fear/1024_IEO_FEA_LO.wav,fear,2
/content/drive/MyDrive/DataSet_Voice/fear/1015_ITH_FEA_XX.wav,fear,2
/content/drive/MyDrive/DataSet_Voice/fear/1009_TAI_FEA_XX.wav,fear,2
/content/drive/MyDrive/DataSet_Voice/fear/1026_IEO_FEA_HI.wav,fear,2
/content/drive/MyDrive/DataSet_Voice/fear/1010_WSI_FEA_XX.wav,fear,2
/content/drive/MyDrive/DataSet_Voice/fear/1016_ITS_FEA_XX.wav,fear,2
/content/drive/MyDrive/DataSet_Voice/fear/1009_WSI_FEA_XX.wav,fear,2
/content/drive/MyDrive/DataSet_Voice/fear/1015_IEO_FEA_MD.wav,fear,2
/content/drive/MyDrive/DataSet_Voice/fear/1025_ITS_FEA_XX.wav,fear,2
/content/drive/MyDrive/DataSet_Voice/fear/1014_IEO_FEA_MD.wav,fear,2
/content/drive/MyDrive/DataSet_Voice/fear/1018_WSI_FEA_XX.wav,fear,2
/content/drive/MyDrive/DataSet_Voice/fear/1009_ITH_FEA_XX.wav,fear,2
/content/drive/MyDrive/DataSet_Voice/fear/1027_WSI_FEA_XX.wav,fear,2
/content/drive/MyDrive/DataSet_Voice/fear/1025_IEO_FEA_MD.wav,fear,2
/content/drive/MyDrive/DataSet_Voice/fear/1015_MTI_FEA_XX.wav,fear,2
/content/drive/MyDrive/DataSet_Voice/fear/1011_WSI_FEA_XX.wav,fear,2
/content/drive/MyDrive/DataSet_Voice/fear/1024_IEO_FEA_MD.wav,fear,2
/content/drive/MyDrive/DataSet_Voice/fear/1021_TSI_FEA_XX.wav,fear,2
/content/drive/MyDrive/DataSet_Voice/fear/1025_TSI_FEA_XX.wav,fear,2
/content/drive/MyDrive/DataSet_Voice/fear/1016_ITH_FEA_XX.wav,fear,2
/content/drive/MyDrive/DataSet_Voice/fear/1010_TSI_FEA_XX.wav,fear,2
/content/drive/MyDrive/DataSet_Voice/fear/1026_IEO_FEA_LO.wav,fear,2
/content/drive/MyDrive/DataSet_Voice/fear/1013_ITH_FEA_XX.wav,fear,2
/content/drive/MyDrive/DataSet_Voice/fear/1025_TAI_FEA_XX.wav,fear,2
/content/drive/MyDrive/DataSet_Voice/fear/1020_IEO_FEA_LO.wav,fear,2
/content/drive/MyDrive/DataSet_Voice/fear/1009_IWL_FEA_XX.wav,fear,2
/content/drive/MyDrive/DataSet_Voice/fear/1011_IOM_FEA_XX.wav,fear,2
/content/drive/MyDrive/DataSet_Voice/fear/1014_TAI_FEA_XX.wav,fear,2
/content/drive/MyDrive/DataSet_Voice/fear/1010_IWL_FEA_XX.wav,fear,2
/content/drive/MyDrive/DataSet_Voice/fear/1026_TSI_FEA_XX.wav,fear,2
/content/drive/MyDrive/DataSet_Voice/fear/1011_DFA_FEA_XX.wav,fear,2
/content/drive/MyDrive/DataSet_Voice/fear/1027_IWL_FEA_XX.wav,fear,2
/content/drive/MyDrive/DataSet_Voice/fear/1014_ITH_FEA_XX.wav,fear,2
/content/drive/MyDrive/DataSet_Voice/fear/1014_IWW_FEA_XX.wav,fear,2
/content/drive/MyDrive/DataSet_Voice/fear/1018_IOM_FEA_XX.wav,fear,2
/content/drive/MyDrive/DataSet_Voice/fear/1022_IEO_FEA_HI.wav,fear,2
/content/drive/MyDrive/DataSet_Voice/fear/1027_TIE_FEA_XX.wav,fear,2
/content/drive/MyDrive/DataSet_Voice/fear/1024_MTI_FEA_XX.wav,fear,2
/content/drive/MyDrive/DataSet_Voice/fear/1018_DFA_FEA_XX.wav,fear,2
/content/drive/MyDrive/DataSet_Voice/fear/1020_WSI_FEA_XX.wav,fear,2
/content/drive/MyDrive/DataSet_Voice/fear/1018_IEO_FEA_HI.wav,fear,2
/content/drive/MyDrive/DataSet_Voice/fear/1019_IOM_FEA_XX.wav,fear,2
/content/drive/MyDrive/DataSet_Voice/fear/1016_IEO_FEA_HI.wav,fear,2
/content/drive/MyDrive/DataSet_Voice/fear/1010_MTI_FEA_XX.wav,fear,2
/content/drive/MyDrive/DataSet_Voice/fear/1017_DFA_FEA_XX.wav,fear,2
/content/drive/MyDrive/DataSet_Voice/fear/1012_MTI_FEA_XX.wav,fear,2
/content/drive/MyDrive/DataSet_Voice/fear/1019_IWL_FEA_XX.wav,fear,2
/content/drive/MyDrive/DataSet_Voice/fear/1019_MTI_FEA_XX.wav,fear,2
/content/drive/MyDrive/DataSet_Voice/fear/1024_TAI_FEA_XX.wav,fear,2
/content/drive/MyDrive/DataSet_Voice/fear/1023_TSI_FEA_XX.wav,fear,2
/content/drive/MyDrive/DataSet_Voice/fear/1019_ITS_FEA_XX.wav,fear,2
/content/drive/MyDrive/DataSet_Voice/fear/1013_IOM_FEA_XX.wav,fear,2
/content/drive/MyDrive/DataSet_Voice/fear/1027_IEO_FEA_LO.wav,fear,2
/content/drive/MyDrive/DataSet_Voice/fear/1010_IOM_FEA_XX.wav,fear,2
/content/drive/MyDrive/DataSet_Voice/fear/1012_TIE_FEA_XX.wav,fear,2
/content/drive/MyDrive/DataSet_Voice/fear/1018_ITS_FEA_XX.wav,fear,2
/content/drive/MyDrive/DataSet_Voice/fear/1013_DFA_FEA_XX.wav,fear,2
/content/drive/MyDrive/DataSet_Voice/fear/1027_MTI_FEA_XX.wav,fear,2
/content/drive/MyDrive/DataSet_Voice/fear/1020_TIE_FEA_XX.wav,fear,2
/content/drive/MyDrive/DataSet_Voice/fear/1020_IWL_FEA_XX.wav,fear,2
/content/drive/MyDrive/DataSet_Voice/fear/1011_IEO_FEA_MD.wav,fear,2
/content/drive/MyDrive/DataSet_Voice/fear/1015_ITS_FEA_XX.wav,fear,2
/content/drive/MyDrive/DataSet_Voice/fear/1014_IOM_FEA_XX.wav,fear,2
/content/drive/MyDrive/DataSet_Voice/fear/1009_IEO_FEA_HI.wav,fear,2
/content/drive/MyDrive/DataSet_Voice/fear/1019_TAI_FEA_XX.wav,fear,2
/content/drive/MyDrive/DataSet_Voice/fear/1013_TAI_FEA_XX.wav,fear,2
/content/drive/MyDrive/DataSet_Voice/fear/1014_WSI_FEA_XX.wav,fear,2
/content/drive/MyDrive/DataSet_Voice/fear/1012_IEO_FEA_HI.wav,fear,2
/content/drive/MyDrive/DataSet_Voice/fear/1023_IWW_FEA_XX.wav,fear,2
/content/drive/MyDrive/DataSet_Voice/fear/1024_IOM_FEA_XX.wav,fear,2
/content/drive/MyDrive/DataSet_Voice/fear/1018_IWL_FEA_XX.wav,fear,2
/content/drive/MyDrive/DataSet_Voice/fear/1021_TIE_FEA_XX.wav,fear,2
/content/drive/MyDrive/DataSet_Voice/fear/1020_ITH_FEA_XX.wav,fear,2
/content/drive/MyDrive/DataSet_Voice/fear/1010_DFA_FEA_XX.wav,fear,2
/content/drive/MyDrive/DataSet_Voice/fear/1012_IEO_FEA_MD.wav,fear,2
/content/drive/MyDrive/DataSet_Voice/fear/1025_ITH_FEA_XX.wav,fear,2
/content/drive/MyDrive/DataSet_Voice/fear/1010_TAI_FEA_XX.wav,fear,2
/content/drive/MyDrive/DataSet_Voice/fear/1015_IEO_FEA_LO.wav,fear,2
/content/drive/MyDrive/DataSet_Voice/fear/1022_IWL_FEA_XX.wav,fear,2
/content/drive/MyDrive/DataSet_Voice/fear/1024_ITH_FEA_XX.wav,fear,2
/content/drive/MyDrive/DataSet_Voice/fear/1012_IWW_FEA_XX.wav,fear,2
/content/drive/MyDrive/DataSet_Voice/fear/1014_ITS_FEA_XX.wav,fear,2
/content/drive/MyDrive/DataSet_Voice/fear/1017_IWL_FEA_XX.wav,fear,2
/content/drive/MyDrive/DataSet_Voice/fear/1016_MTI_FEA_XX.wav,fear,2
/content/drive/MyDrive/DataSet_Voice/fear/1017_IEO_FEA_MD.wav,fear,2
/content/drive/MyDrive/DataSet_Voice/fear/1019_IWW_FEA_XX.wav,fear,2
/content/drive/MyDrive/DataSet_Voice/fear/1009_TIE_FEA_XX.wav,fear,2
/content/drive/MyDrive/DataSet_Voice/fear/1020_IEO_FEA_MD.wav,fear,2
/content/drive/MyDrive/DataSet_Voice/fear/1025_DFA_FEA_XX.wav,fear,2
/content/drive/MyDrive/DataSet_Voice/fear/1023_ITS_FEA_XX.wav,fear,2
/content/drive/MyDrive/DataSet_Voice/fear/1019_TIE_FEA_XX.wav,fear,2
/content/drive/MyDrive/DataSet_Voice/fear/1026_TAI_FEA_XX.wav,fear,2
/content/drive/MyDrive/DataSet_Voice/fear/1012_TSI_FEA_XX.wav,fear,2
/content/drive/MyDrive/DataSet_Voice/fear/1010_IEO_FEA_LO.wav,fear,2
/content/drive/MyDrive/DataSet_Voice/fear/1025_WSI_FEA_XX.wav,fear,2
/content/drive/MyDrive/DataSet_Voice/fear/1016_WSI_FEA_XX.wav,fear,2
/content/drive/MyDrive/DataSet_Voice/fear/1016_IWW_FEA_XX.wav,fear,2
/content/drive/MyDrive/DataSet_Voice/fear/1011_IWL_FEA_XX.wav,fear,2
/content/drive/MyDrive/DataSet_Voice/fear/1026_TIE_FEA_XX.wav,fear,2
/content/drive/MyDrive/DataSet_Voice/fear/1016_TAI_FEA_XX.wav,fear,2
/content/drive/MyDrive/DataSet_Voice/fear/1023_DFA_FEA_XX.wav,fear,2
/content/drive/MyDrive/DataSet_Voice/fear/1012_ITH_FEA_XX.wav,fear,2
/content/drive/MyDrive/DataSet_Voice/fear/1025_IEO_FEA_HI.wav,fear,2
/content/drive/MyDrive/DataSet_Voice/fear/1015_IEO_FEA_HI.wav,fear,2
/content/drive/MyDrive/DataSet_Voice/fear/1024_WSI_FEA_XX.wav,fear,2
/content/drive/MyDrive/DataSet_Voice/fear/1010_IEO_FEA_HI.wav,fear,2
/content/drive/MyDrive/DataSet_Voice/fear/1027_TAI_FEA_XX.wav,fear,2
/content/drive/MyDrive/DataSet_Voice/fear/1024_TIE_FEA_XX.wav,fear,2
/content/drive/MyDrive/DataSet_Voice/fear/1022_MTI_FEA_XX.wav,fear,2
/content/drive/MyDrive/DataSet_Voice/fear/1020_ITS_FEA_XX.wav,fear,2
/content/drive/MyDrive/DataSet_Voice/fear/1020_TAI_FEA_XX.wav,fear,2
/content/drive/MyDrive/DataSet_Voice/fear/1012_DFA_FEA_XX.wav,fear,2
/content/drive/MyDrive/DataSet_Voice/fear/1011_ITH_FEA_XX.wav,fear,2
/content/drive/MyDrive/DataSet_Voice/fear/1009_IEO_FEA_LO.wav,fear,2
/content/drive/MyDrive/DataSet_Voice/fear/1015_IWW_FEA_XX.wav,fear,2
/content/drive/MyDrive/DataSet_Voice/fear/1023_WSI_FEA_XX.wav,fear,2
/content/drive/MyDrive/DataSet_Voice/fear/1027_ITS_FEA_XX.wav,fear,2
/content/drive/MyDrive/DataSet_Voice/fear/1010_ITH_FEA_XX.wav,fear,2
/content/drive/MyDrive/DataSet_Voice/fear/1014_IEO_FEA_HI.wav,fear,2
/content/drive/MyDrive/DataSet_Voice/fear/1012_IOM_FEA_XX.wav,fear,2
/content/drive/MyDrive/DataSet_Voice/fear/1013_TSI_FEA_XX.wav,fear,2
/content/drive/MyDrive/DataSet_Voice/fear/1016_TSI_FEA_XX.wav,fear,2
/content/drive/MyDrive/DataSet_Voice/fear/1019_IEO_FEA_MD.wav,fear,2
/content/drive/MyDrive/DataSet_Voice/fear/1024_DFA_FEA_XX.wav,fear,2
/content/drive/MyDrive/DataSet_Voice/fear/1020_IEO_FEA_HI.wav,fear,2
/content/drive/MyDrive/DataSet_Voice/fear/1013_IEO_FEA_HI.wav,fear,2
/content/drive/MyDrive/DataSet_Voice/fear/1014_TIE_FEA_XX.wav,fear,2
/content/drive/MyDrive/DataSet_Voice/fear/1014_TSI_FEA_XX.wav,fear,2
/content/drive/MyDrive/DataSet_Voice/fear/1011_MTI_FEA_XX.wav,fear,2
/content/drive/MyDrive/DataSet_Voice/fear/1009_TSI_FEA_XX.wav,fear,2
/content/drive/MyDrive/DataSet_Voice/fear/1011_IEO_FEA_LO.wav,fear,2
/content/drive/MyDrive/DataSet_Voice/fear/1023_IEO_FEA_MD.wav,fear,2
/content/drive/MyDrive/DataSet_Voice/fear/1019_WSI_FEA_XX.wav,fear,2
/content/drive/MyDrive/DataSet_Voice/fear/1012_WSI_FEA_XX.wav,fear,2
/content/drive/MyDrive/DataSet_Voice/fear/1027_IWW_FEA_XX.wav,fear,2
/content/drive/MyDrive/DataSet_Voice/fear/1013_TIE_FEA_XX.wav,fear,2
/content/drive/MyDrive/DataSet_Voice/fear/1022_IEO_FEA_MD.wav,fear,2
/content/drive/MyDrive/DataSet_Voice/fear/1015_IWL_FEA_XX.wav,fear,2
/content/drive/MyDrive/DataSet_Voice/fear/1019_IEO_FEA_LO.wav,fear,2
/content/drive/MyDrive/DataSet_Voice/fear/1025_IWW_FEA_XX.wav,fear,2
/content/drive/MyDrive/DataSet_Voice/fear/1021_TAI_FEA_XX.wav,fear,2
/content/drive/MyDrive/DataSet_Voice/fear/1018_ITH_FEA_XX.wav,fear,2
/content/drive/MyDrive/DataSet_Voice/fear/1025_IWL_FEA_XX.wav,fear,2
/content/drive/MyDrive/DataSet_Voice/fear/1013_IEO_FEA_MD.wav,fear,2
/content/drive/MyDrive/DataSet_Voice/fear/1009_ITS_FEA_XX.wav,fear,2
/content/drive/MyDrive/DataSet_Voice/fear/1009_IWW_FEA_XX.wav,fear,2
/content/drive/MyDrive/DataSet_Voice/fear/1018_TSI_FEA_XX.wav,fear,2
/content/drive/MyDrive/DataSet_Voice/fear/1021_ITH_FEA_XX.wav,fear,2
/content/drive/MyDrive/DataSet_Voice/fear/1027_DFA_FEA_XX.wav,fear,2
/content/drive/MyDrive/DataSet_Voice/fear/1022_IWW_FEA_XX.wav,fear,2
/content/drive/MyDrive/DataSet_Voice/fear/1026_IWL_FEA_XX.wav,fear,2
/content/drive/MyDrive/DataSet_Voice/fear/1011_TIE_FEA_XX.wav,fear,2
/content/drive/MyDrive/DataSet_Voice/fear/1024_IWW_FEA_XX.wav,fear,2
/content/drive/MyDrive/DataSet_Voice/fear/1014_IWL_FEA_XX.wav,fear,2
/content/drive/MyDrive/DataSet_Voice/fear/1026_WSI_FEA_XX.wav,fear,2
/content/drive/MyDrive/DataSet_Voice/fear/1017_IWW_FEA_XX.wav,fear,2
/content/drive/MyDrive/DataSet_Voice/fear/1014_DFA_FEA_XX.wav,fear,2
/content/drive/MyDrive/DataSet_Voice/fear/1009_IEO_FEA_MD.wav,fear,2
/content/drive/MyDrive/DataSet_Voice/fear/1024_TSI_FEA_XX.wav,fear,2
/content/drive/MyDrive/DataSet_Voice/fear/1025_IOM_FEA_XX.wav,fear,2
/content/drive/MyDrive/DataSet_Voice/fear/1021_IEO_FEA_HI.wav,fear,2
/content/drive/MyDrive/DataSet_Voice/fear/1018_MTI_FEA_XX.wav,fear,2
/content/drive/MyDrive/DataSet_Voice/fear/1022_ITS_FEA_XX.wav,fear,2
/content/drive/MyDrive/DataSet_Voice/fear/1016_IWL_FEA_XX.wav,fear,2
/content/drive/MyDrive/DataSet_Voice/fear/1015_TIE_FEA_XX.wav,fear,2
/content/drive/MyDrive/DataSet_Voice/fear/1014_MTI_FEA_XX.wav,fear,2
/content/drive/MyDrive/DataSet_Voice/fear/1023_IOM_FEA_XX.wav,fear,2
/content/drive/MyDrive/DataSet_Voice/fear/1015_WSI_FEA_XX.wav,fear,2
/content/drive/MyDrive/DataSet_Voice/fear/1026_IOM_FEA_XX.wav,fear,2
/content/drive/MyDrive/DataSet_Voice/fear/1021_IOM_FEA_XX.wav,fear,2
/content/drive/MyDrive/DataSet_Voice/fear/1022_ITH_FEA_XX.wav,fear,2
/content/drive/MyDrive/DataSet_Voice/fear/1018_IWW_FEA_XX.wav,fear,2
/content/drive/MyDrive/DataSet_Voice/fear/1027_IEO_FEA_HI.wav,fear,2
/content/drive/MyDrive/DataSet_Voice/fear/1025_TIE_FEA_XX.wav,fear,2
/content/drive/MyDrive/DataSet_Voice/fear/1016_IEO_FEA_LO.wav,fear,2
/content/drive/MyDrive/DataSet_Voice/fear/1013_IWW_FEA_XX.wav,fear,2
/content/drive/MyDrive/DataSet_Voice/fear/1022_IEO_FEA_LO.wav,fear,2
/content/drive/MyDrive/DataSet_Voice/fear/1015_IOM_FEA_XX.wav,fear,2
/content/drive/MyDrive/DataSet_Voice/fear/1011_TSI_FEA_XX.wav,fear,2
/content/drive/MyDrive/DataSet_Voice/fear/1019_IEO_FEA_HI.wav,fear,2
/content/drive/MyDrive/DataSet_Voice/fear/1020_MTI_FEA_XX.wav,fear,2
/content/drive/MyDrive/DataSet_Voice/fear/1020_IWW_FEA_XX.wav,fear,2
/content/drive/MyDrive/DataSet_Voice/fear/1022_TIE_FEA_XX.wav,fear,2
/content/drive/MyDrive/DataSet_Voice/fear/1016_TIE_FEA_XX.wav,fear,2
/content/drive/MyDrive/DataSet_Voice/fear/1026_DFA_FEA_XX.wav,fear,2
/content/drive/MyDrive/DataSet_Voice/fear/1021_IWW_FEA_XX.wav,fear,2
/content/drive/MyDrive/DataSet_Voice/fear/1017_WSI_FEA_XX.wav,fear,2
/content/drive/MyDrive/DataSet_Voice/fear/1026_ITS_FEA_XX.wav,fear,2
/content/drive/MyDrive/DataSet_Voice/fear/1018_IEO_FEA_MD.wav,fear,2
/content/drive/MyDrive/DataSet_Voice/fear/1026_IEO_FEA_MD.wav,fear,2
/content/drive/MyDrive/DataSet_Voice/fear/1023_ITH_FEA_XX.wav,fear,2
/content/drive/MyDrive/DataSet_Voice/fear/1022_TAI_FEA_XX.wav,fear,2
/content/drive/MyDrive/DataSet_Voice/fear/1023_TAI_FEA_XX.wav,fear,2
/content/drive/MyDrive/DataSet_Voice/fear/1016_DFA_FEA_XX.wav,fear,2
/content/drive/MyDrive/DataSet_Voice/fear/1024_ITS_FEA_XX.wav,fear,2
/content/drive/MyDrive/DataSet_Voice/fear/1015_DFA_FEA_XX.wav,fear,2
/content/drive/MyDrive/DataSet_Voice/fear/1028_IEO_FEA_MD.wav,fear,2
/content/drive/MyDrive/DataSet_Voice/fear/1019_DFA_FEA_XX.wav,fear,2
/content/drive/MyDrive/DataSet_Voice/fear/1012_TAI_FEA_XX.wav,fear,2
/content/drive/MyDrive/DataSet_Voice/fear/1021_MTI_FEA_XX.wav,fear,2
/content/drive/MyDrive/DataSet_Voice/fear/1009_IOM_FEA_XX.wav,fear,2
/content/drive/MyDrive/DataSet_Voice/fear/1020_DFA_FEA_XX.wav,fear,2
/content/drive/MyDrive/DataSet_Voice/fear/1024_IWL_FEA_XX.wav,fear,2
/content/drive/MyDrive/DataSet_Voice/fear/1010_IWW_FEA_XX.wav,fear,2
/content/drive/MyDrive/DataSet_Voice/fear/1011_IEO_FEA_HI.wav,fear,2
/content/drive/MyDrive/DataSet_Voice/fear/1018_TAI_FEA_XX.wav,fear,2
/content/drive/MyDrive/DataSet_Voice/fear/1021_IEO_FEA_MD.wav,fear,2
/content/drive/MyDrive/DataSet_Voice/fear/1025_IEO_FEA_LO.wav,fear,2
/content/drive/MyDrive/DataSet_Voice/fear/1022_IOM_FEA_XX.wav,fear,2
/content/drive/MyDrive/DataSet_Voice/fear/1010_ITS_FEA_XX.wav,fear,2
/content/drive/MyDrive/DataSet_Voice/fear/1027_ITH_FEA_XX.wav,fear,2
/content/drive/MyDrive/DataSet_Voice/fear/1011_TAI_FEA_XX.wav,fear,2
/content/drive/MyDrive/DataSet_Voice/fear/1017_TSI_FEA_XX.wav,fear,2
/content/drive/MyDrive/DataSet_Voice/fear/1022_WSI_FEA_XX.wav,fear,2
/content/drive/MyDrive/DataSet_Voice/fear/1021_DFA_FEA_XX.wav,fear,2
/content/drive/MyDrive/DataSet_Voice/fear/1028_IEO_FEA_HI.wav,fear,2
/content/drive/MyDrive/DataSet_Voice/fear/1013_ITS_FEA_XX.wav,fear,2
/content/drive/MyDrive/DataSet_Voice/fear/1017_ITS_FEA_XX.wav,fear,2
/content/drive/MyDrive/DataSet_Voice/fear/1018_TIE_FEA_XX.wav,fear,2
/content/drive/MyDrive/DataSet_Voice/fear/1010_TIE_FEA_XX.wav,fear,2
/content/drive/MyDrive/DataSet_Voice/fear/1021_ITS_FEA_XX.wav,fear,2
/content/drive/MyDrive/DataSet_Voice/fear/1010_IEO_FEA_MD.wav,fear,2
/content/drive/MyDrive/DataSet_Voice/fear/1013_WSI_FEA_XX.wav,fear,2
/content/drive/MyDrive/DataSet_Voice/fear/1026_ITH_FEA_XX.wav,fear,2
/content/drive/MyDrive/DataSet_Voice/fear/1017_IEO_FEA_LO.wav,fear,2
/content/drive/MyDrive/DataSet_Voice/fear/1015_TAI_FEA_XX.wav,fear,2
/content/drive/MyDrive/DataSet_Voice/fear/1011_IWW_FEA_XX.wav,fear,2
/content/drive/MyDrive/DataSet_Voice/fear/1012_ITS_FEA_XX.wav,fear,2
/content/drive/MyDrive/DataSet_Voice/fear/1017_IEO_FEA_HI.wav,fear,2
/content/drive/MyDrive/DataSet_Voice/fear/1017_IOM_FEA_XX.wav,fear,2
/content/drive/MyDrive/DataSet_Voice/fear/1023_TIE_FEA_XX.wav,fear,2
/content/drive/MyDrive/DataSet_Voice/fear/1025_MTI_FEA_XX.wav,fear,2
/content/drive/MyDrive/DataSet_Voice/fear/1017_ITH_FEA_XX.wav,fear,2
/content/drive/MyDrive/DataSet_Voice/fear/1023_MTI_FEA_XX.wav,fear,2
/content/drive/MyDrive/DataSet_Voice/fear/1021_WSI_FEA_XX.wav,fear,2
/content/drive/MyDrive/DataSet_Voice/fear/1013_MTI_FEA_XX.wav,fear,2
/content/drive/MyDrive/DataSet_Voice/fear/1028_DFA_FEA_XX.wav,fear,2
/content/drive/MyDrive/DataSet_Voice/fear/1023_IWL_FEA_XX.wav,fear,2
/content/drive/MyDrive/DataSet_Voice/fear/1015_TSI_FEA_XX.wav,fear,2
/content/drive/MyDrive/DataSet_Voice/fear/1027_IOM_FEA_XX.wav,fear,2
/content/drive/MyDrive/DataSet_Voice/fear/1017_TAI_FEA_XX.wav,fear,2
/content/drive/MyDrive/DataSet_Voice/fear/1026_MTI_FEA_XX.wav,fear,2
/content/drive/MyDrive/DataSet_Voice/fear/1019_TSI_FEA_XX.wav,fear,2
/content/drive/MyDrive/DataSet_Voice/fear/1016_IEO_FEA_MD.wav,fear,2
/content/drive/MyDrive/DataSet_Voice/fear/1021_IWL_FEA_XX.wav,fear,2
/content/drive/MyDrive/DataSet_Voice/fear/1012_IEO_FEA_LO.wav,fear,2
/content/drive/MyDrive/DataSet_Voice/fear/1014_IEO_FEA_LO.wav,fear,2
/content/drive/MyDrive/DataSet_Voice/fear/1026_IWW_FEA_XX.wav,fear,2
/content/drive/MyDrive/DataSet_Voice/fear/1021_IEO_FEA_LO.wav,fear,2
/content/drive/MyDrive/DataSet_Voice/fear/1027_TSI_FEA_XX.wav,fear,2
/content/drive/MyDrive/DataSet_Voice/fear/1016_IOM_FEA_XX.wav,fear,2
/content/drive/MyDrive/DataSet_Voice/fear/1027_IEO_FEA_MD.wav,fear,2
/content/drive/MyDrive/DataSet_Voice/fear/1017_MTI_FEA_XX.wav,fear,2
/content/drive/MyDrive/DataSet_Voice/fear/1020_TSI_FEA_XX.wav,fear,2
/content/drive/MyDrive/DataSet_Voice/fear/1011_ITS_FEA_XX.wav,fear,2
/content/drive/MyDrive/DataSet_Voice/fear/1028_IEO_FEA_LO.wav,fear,2
/content/drive/MyDrive/DataSet_Voice/fear/1028_TAI_FEA_XX.wav,fear,2
/content/drive/MyDrive/DataSet_Voice/fear/1031_IEO_FEA_HI.wav,fear,2
/content/drive/MyDrive/DataSet_Voice/fear/1046_ITS_FEA_XX.wav,fear,2
/content/drive/MyDrive/DataSet_Voice/fear/1036_TIE_FEA_XX.wav,fear,2
/content/drive/MyDrive/DataSet_Voice/fear/1032_IWW_FEA_XX.wav,fear,2
/content/drive/MyDrive/DataSet_Voice/fear/1029_IEO_FEA_LO.wav,fear,2
/content/drive/MyDrive/DataSet_Voice/fear/1030_IEO_FEA_HI.wav,fear,2
/content/drive/MyDrive/DataSet_Voice/fear/1032_IEO_FEA_MD.wav,fear,2
/content/drive/MyDrive/DataSet_Voice/fear/1031_IEO_FEA_MD.wav,fear,2
/content/drive/MyDrive/DataSet_Voice/fear/1036_DFA_FEA_XX.wav,fear,2
/content/drive/MyDrive/DataSet_Voice/fear/1040_IOM_FEA_XX.wav,fear,2
/content/drive/MyDrive/DataSet_Voice/fear/1040_DFA_FEA_XX.wav,fear,2
/content/drive/MyDrive/DataSet_Voice/fear/1041_WSI_FEA_XX.wav,fear,2
/content/drive/MyDrive/DataSet_Voice/fear/1042_TIE_FEA_XX.wav,fear,2
/content/drive/MyDrive/DataSet_Voice/fear/1038_IEO_FEA_LO.wav,fear,2
/content/drive/MyDrive/DataSet_Voice/fear/1033_TSI_FEA_XX.wav,fear,2
/content/drive/MyDrive/DataSet_Voice/fear/1031_IWL_FEA_XX.wav,fear,2
/content/drive/MyDrive/DataSet_Voice/fear/1034_ITS_FEA_XX.wav,fear,2
/content/drive/MyDrive/DataSet_Voice/fear/1036_IWW_FEA_XX.wav,fear,2
/content/drive/MyDrive/DataSet_Voice/fear/1033_ITS_FEA_XX.wav,fear,2
/content/drive/MyDrive/DataSet_Voice/fear/1029_MTI_FEA_XX.wav,fear,2
/content/drive/MyDrive/DataSet_Voice/fear/1038_DFA_FEA_XX.wav,fear,2
/content/drive/MyDrive/DataSet_Voice/fear/1030_TAI_FEA_XX.wav,fear,2
/content/drive/MyDrive/DataSet_Voice/fear/1035_IEO_FEA_HI.wav,fear,2
/content/drive/MyDrive/DataSet_Voice/fear/1033_IEO_FEA_MD.wav,fear,2
/content/drive/MyDrive/DataSet_Voice/fear/1028_MTI_FEA_XX.wav,fear,2
/content/drive/MyDrive/DataSet_Voice/fear/1039_TIE_FEA_XX.wav,fear,2
/content/drive/MyDrive/DataSet_Voice/fear/1028_IWW_FEA_XX.wav,fear,2
/content/drive/MyDrive/DataSet_Voice/fear/1035_IEO_FEA_LO.wav,fear,2
/content/drive/MyDrive/DataSet_Voice/fear/1034_IOM_FEA_XX.wav,fear,2
/content/drive/MyDrive/DataSet_Voice/fear/1043_ITS_FEA_XX.wav,fear,2
/content/drive/MyDrive/DataSet_Voice/fear/1037_WSI_FEA_XX.wav,fear,2
/content/drive/MyDrive/DataSet_Voice/fear/1035_WSI_FEA_XX.wav,fear,2
/content/drive/MyDrive/DataSet_Voice/fear/1042_IEO_FEA_HI.wav,fear,2
/content/drive/MyDrive/DataSet_Voice/fear/1040_TAI_FEA_XX.wav,fear,2
/content/drive/MyDrive/DataSet_Voice/fear/1042_IWW_FEA_XX.wav,fear,2
/content/drive/MyDrive/DataSet_Voice/fear/1028_TSI_FEA_XX.wav,fear,2
/content/drive/MyDrive/DataSet_Voice/fear/1029_ITH_FEA_XX.wav,fear,2
/content/drive/MyDrive/DataSet_Voice/fear/1029_TSI_FEA_XX.wav,fear,2
/content/drive/MyDrive/DataSet_Voice/fear/1035_IEO_FEA_MD.wav,fear,2
/content/drive/MyDrive/DataSet_Voice/fear/1044_IEO_FEA_LO.wav,fear,2
/content/drive/MyDrive/DataSet_Voice/fear/1045_IEO_FEA_LO.wav,fear,2
/content/drive/MyDrive/DataSet_Voice/fear/1038_MTI_FEA_XX.wav,fear,2
/content/drive/MyDrive/DataSet_Voice/fear/1045_IEO_FEA_HI.wav,fear,2
/content/drive/MyDrive/DataSet_Voice/fear/1030_IWL_FEA_XX.wav,fear,2
/content/drive/MyDrive/DataSet_Voice/fear/1033_MTI_FEA_XX.wav,fear,2
/content/drive/MyDrive/DataSet_Voice/fear/1041_IWW_FEA_XX.wav,fear,2
/content/drive/MyDrive/DataSet_Voice/fear/1039_MTI_FEA_XX.wav,fear,2
/content/drive/MyDrive/DataSet_Voice/fear/1032_TIE_FEA_XX.wav,fear,2
/content/drive/MyDrive/DataSet_Voice/fear/1039_ITH_FEA_XX.wav,fear,2
/content/drive/MyDrive/DataSet_Voice/fear/1030_ITS_FEA_XX.wav,fear,2
/content/drive/MyDrive/DataSet_Voice/fear/1032_IOM_FEA_XX.wav,fear,2
/content/drive/MyDrive/DataSet_Voice/fear/1029_TAI_FEA_XX.wav,fear,2
/content/drive/MyDrive/DataSet_Voice/fear/1044_TIE_FEA_XX.wav,fear,2
/content/drive/MyDrive/DataSet_Voice/fear/1038_ITH_FEA_XX.wav,fear,2
/content/drive/MyDrive/DataSet_Voice/fear/1042_WSI_FEA_XX.wav,fear,2
/content/drive/MyDrive/DataSet_Voice/fear/1046_TSI_FEA_XX.wav,fear,2
/content/drive/MyDrive/DataSet_Voice/fear/1030_TIE_FEA_XX.wav,fear,2
/content/drive/MyDrive/DataSet_Voice/fear/1035_TSI_FEA_XX.wav,fear,2
/content/drive/MyDrive/DataSet_Voice/fear/1040_IWW_FEA_XX.wav,fear,2
/content/drive/MyDrive/DataSet_Voice/fear/1029_IOM_FEA_XX.wav,fear,2
/content/drive/MyDrive/DataSet_Voice/fear/1040_IEO_FEA_HI.wav,fear,2
/content/drive/MyDrive/DataSet_Voice/fear/1030_ITH_FEA_XX.wav,fear,2
/content/drive/MyDrive/DataSet_Voice/fear/1041_ITS_FEA_XX.wav,fear,2
/content/drive/MyDrive/DataSet_Voice/fear/1035_IOM_FEA_XX.wav,fear,2
/content/drive/MyDrive/DataSet_Voice/fear/1047_IEO_FEA_MD.wav,fear,2
/content/drive/MyDrive/DataSet_Voice/fear/1044_ITS_FEA_XX.wav,fear,2
/content/drive/MyDrive/DataSet_Voice/fear/1040_MTI_FEA_XX.wav,fear,2
/content/drive/MyDrive/DataSet_Voice/fear/1036_MTI_FEA_XX.wav,fear,2
/content/drive/MyDrive/DataSet_Voice/fear/1039_WSI_FEA_XX.wav,fear,2
/content/drive/MyDrive/DataSet_Voice/fear/1043_IWL_FEA_XX.wav,fear,2
/content/drive/MyDrive/DataSet_Voice/fear/1043_DFA_FEA_XX.wav,fear,2
/content/drive/MyDrive/DataSet_Voice/fear/1043_TIE_FEA_XX.wav,fear,2
/content/drive/MyDrive/DataSet_Voice/fear/1037_IEO_FEA_LO.wav,fear,2
/content/drive/MyDrive/DataSet_Voice/fear/1036_TAI_FEA_XX.wav,fear,2
/content/drive/MyDrive/DataSet_Voice/fear/1035_IWW_FEA_XX.wav,fear,2
/content/drive/MyDrive/DataSet_Voice/fear/1033_IOM_FEA_XX.wav,fear,2
/content/drive/MyDrive/DataSet_Voice/fear/1033_ITH_FEA_XX.wav,fear,2
/content/drive/MyDrive/DataSet_Voice/fear/1044_MTI_FEA_XX.wav,fear,2
/content/drive/MyDrive/DataSet_Voice/fear/1035_MTI_FEA_XX.wav,fear,2
/content/drive/MyDrive/DataSet_Voice/fear/1042_ITS_FEA_XX.wav,fear,2
/content/drive/MyDrive/DataSet_Voice/fear/1031_TAI_FEA_XX.wav,fear,2
/content/drive/MyDrive/DataSet_Voice/fear/1028_TIE_FEA_XX.wav,fear,2
/content/drive/MyDrive/DataSet_Voice/fear/1037_TAI_FEA_XX.wav,fear,2
/content/drive/MyDrive/DataSet_Voice/fear/1045_IEO_FEA_MD.wav,fear,2
/content/drive/MyDrive/DataSet_Voice/fear/1037_IEO_FEA_MD.wav,fear,2
/content/drive/MyDrive/DataSet_Voice/fear/1032_DFA_FEA_XX.wav,fear,2
/content/drive/MyDrive/DataSet_Voice/fear/1037_MTI_FEA_XX.wav,fear,2
/content/drive/MyDrive/DataSet_Voice/fear/1045_TIE_FEA_XX.wav,fear,2
/content/drive/MyDrive/DataSet_Voice/fear/1041_IWL_FEA_XX.wav,fear,2
/content/drive/MyDrive/DataSet_Voice/fear/1029_TIE_FEA_XX.wav,fear,2
/content/drive/MyDrive/DataSet_Voice/fear/1040_IWL_FEA_XX.wav,fear,2
/content/drive/MyDrive/DataSet_Voice/fear/1036_IEO_FEA_HI.wav,fear,2
/content/drive/MyDrive/DataSet_Voice/fear/1029_IEO_FEA_HI.wav,fear,2
/content/drive/MyDrive/DataSet_Voice/fear/1032_IEO_FEA_HI.wav,fear,2
/content/drive/MyDrive/DataSet_Voice/fear/1039_IWW_FEA_XX.wav,fear,2
/content/drive/MyDrive/DataSet_Voice/fear/1035_DFA_FEA_XX.wav,fear,2
/content/drive/MyDrive/DataSet_Voice/fear/1045_DFA_FEA_XX.wav,fear,2
/content/drive/MyDrive/DataSet_Voice/fear/1036_IOM_FEA_XX.wav,fear,2
/content/drive/MyDrive/DataSet_Voice/fear/1028_WSI_FEA_XX.wav,fear,2
/content/drive/MyDrive/DataSet_Voice/fear/1042_TSI_FEA_XX.wav,fear,2
/content/drive/MyDrive/DataSet_Voice/fear/1031_ITS_FEA_XX.wav,fear,2
/content/drive/MyDrive/DataSet_Voice/fear/1046_DFA_FEA_XX.wav,fear,2
/content/drive/MyDrive/DataSet_Voice/fear/1041_IEO_FEA_HI.wav,fear,2
/content/drive/MyDrive/DataSet_Voice/fear/1038_TSI_FEA_XX.wav,fear,2
/content/drive/MyDrive/DataSet_Voice/fear/1034_MTI_FEA_XX.wav,fear,2
/content/drive/MyDrive/DataSet_Voice/fear/1033_DFA_FEA_XX.wav,fear,2
/content/drive/MyDrive/DataSet_Voice/fear/1046_IEO_FEA_MD.wav,fear,2
/content/drive/MyDrive/DataSet_Voice/fear/1037_ITS_FEA_XX.wav,fear,2
/content/drive/MyDrive/DataSet_Voice/fear/1045_ITH_FEA_XX.wav,fear,2
/content/drive/MyDrive/DataSet_Voice/fear/1046_IOM_FEA_XX.wav,fear,2
/content/drive/MyDrive/DataSet_Voice/fear/1040_IEO_FEA_MD.wav,fear,2
/content/drive/MyDrive/DataSet_Voice/fear/1034_IWL_FEA_XX.wav,fear,2
/content/drive/MyDrive/DataSet_Voice/fear/1038_IEO_FEA_MD.wav,fear,2
/content/drive/MyDrive/DataSet_Voice/fear/1037_IOM_FEA_XX.wav,fear,2
/content/drive/MyDrive/DataSet_Voice/fear/1035_TIE_FEA_XX.wav,fear,2
/content/drive/MyDrive/DataSet_Voice/fear/1031_IWW_FEA_XX.wav,fear,2
/content/drive/MyDrive/DataSet_Voice/fear/1037_IWL_FEA_XX.wav,fear,2
/content/drive/MyDrive/DataSet_Voice/fear/1037_IEO_FEA_HI.wav,fear,2
/content/drive/MyDrive/DataSet_Voice/fear/1031_WSI_FEA_XX.wav,fear,2
/content/drive/MyDrive/DataSet_Voice/fear/1032_TSI_FEA_XX.wav,fear,2
/content/drive/MyDrive/DataSet_Voice/fear/1032_MTI_FEA_XX.wav,fear,2
/content/drive/MyDrive/DataSet_Voice/fear/1033_TAI_FEA_XX.wav,fear,2
/content/drive/MyDrive/DataSet_Voice/fear/1031_IEO_FEA_LO.wav,fear,2
/content/drive/MyDrive/DataSet_Voice/fear/1032_TAI_FEA_XX.wav,fear,2
/content/drive/MyDrive/DataSet_Voice/fear/1039_TSI_FEA_XX.wav,fear,2
/content/drive/MyDrive/DataSet_Voice/fear/1039_IEO_FEA_LO.wav,fear,2
/content/drive/MyDrive/DataSet_Voice/fear/1043_IOM_FEA_XX.wav,fear,2
/content/drive/MyDrive/DataSet_Voice/fear/1043_IEO_FEA_LO.wav,fear,2
/content/drive/MyDrive/DataSet_Voice/fear/1034_TSI_FEA_XX.wav,fear,2
/content/drive/MyDrive/DataSet_Voice/fear/1043_IEO_FEA_MD.wav,fear,2
/content/drive/MyDrive/DataSet_Voice/fear/1039_ITS_FEA_XX.wav,fear,2
/content/drive/MyDrive/DataSet_Voice/fear/1033_IEO_FEA_LO.wav,fear,2
/content/drive/MyDrive/DataSet_Voice/fear/1046_IWL_FEA_XX.wav,fear,2
/content/drive/MyDrive/DataSet_Voice/fear/1047_IEO_FEA_HI.wav,fear,2
/content/drive/MyDrive/DataSet_Voice/fear/1046_IEO_FEA_LO.wav,fear,2
/content/drive/MyDrive/DataSet_Voice/fear/1036_ITS_FEA_XX.wav,fear,2
/content/drive/MyDrive/DataSet_Voice/fear/1038_IOM_FEA_XX.wav,fear,2
/content/drive/MyDrive/DataSet_Voice/fear/1034_IEO_FEA_HI.wav,fear,2
/content/drive/MyDrive/DataSet_Voice/fear/1044_IEO_FEA_MD.wav,fear,2
/content/drive/MyDrive/DataSet_Voice/fear/1031_MTI_FEA_XX.wav,fear,2
/content/drive/MyDrive/DataSet_Voice/fear/1046_MTI_FEA_XX.wav,fear,2
/content/drive/MyDrive/DataSet_Voice/fear/1036_IWL_FEA_XX.wav,fear,2
/content/drive/MyDrive/DataSet_Voice/fear/1033_IEO_FEA_HI.wav,fear,2
/content/drive/MyDrive/DataSet_Voice/fear/1031_DFA_FEA_XX.wav,fear,2
/content/drive/MyDrive/DataSet_Voice/fear/1032_IEO_FEA_LO.wav,fear,2
/content/drive/MyDrive/DataSet_Voice/fear/1035_TAI_FEA_XX.wav,fear,2
/content/drive/MyDrive/DataSet_Voice/fear/1045_IWL_FEA_XX.wav,fear,2
/content/drive/MyDrive/DataSet_Voice/fear/1043_IEO_FEA_HI.wav,fear,2
/content/drive/MyDrive/DataSet_Voice/fear/1044_IWW_FEA_XX.wav,fear,2
/content/drive/MyDrive/DataSet_Voice/fear/1041_IEO_FEA_LO.wav,fear,2
/content/drive/MyDrive/DataSet_Voice/fear/1047_IEO_FEA_LO.wav,fear,2
/content/drive/MyDrive/DataSet_Voice/fear/1029_WSI_FEA_XX.wav,fear,2
/content/drive/MyDrive/DataSet_Voice/fear/1034_WSI_FEA_XX.wav,fear,2
/content/drive/MyDrive/DataSet_Voice/fear/1038_IWW_FEA_XX.wav,fear,2
/content/drive/MyDrive/DataSet_Voice/fear/1045_IWW_FEA_XX.wav,fear,2
/content/drive/MyDrive/DataSet_Voice/fear/1043_TSI_FEA_XX.wav,fear,2
/content/drive/MyDrive/DataSet_Voice/fear/1042_TAI_FEA_XX.wav,fear,2
/content/drive/MyDrive/DataSet_Voice/fear/1028_IOM_FEA_XX.wav,fear,2
/content/drive/MyDrive/DataSet_Voice/fear/1042_ITH_FEA_XX.wav,fear,2
/content/drive/MyDrive/DataSet_Voice/fear/1033_TIE_FEA_XX.wav,fear,2
/content/drive/MyDrive/DataSet_Voice/fear/1044_TAI_FEA_XX.wav,fear,2
/content/drive/MyDrive/DataSet_Voice/fear/1029_IWL_FEA_XX.wav,fear,2
/content/drive/MyDrive/DataSet_Voice/fear/1039_DFA_FEA_XX.wav,fear,2
/content/drive/MyDrive/DataSet_Voice/fear/1036_IEO_FEA_LO.wav,fear,2
/content/drive/MyDrive/DataSet_Voice/fear/1045_ITS_FEA_XX.wav,fear,2
/content/drive/MyDrive/DataSet_Voice/fear/1037_ITH_FEA_XX.wav,fear,2
/content/drive/MyDrive/DataSet_Voice/fear/1040_TSI_FEA_XX.wav,fear,2
/content/drive/MyDrive/DataSet_Voice/fear/1042_MTI_FEA_XX.wav,fear,2
/content/drive/MyDrive/DataSet_Voice/fear/1032_ITH_FEA_XX.wav,fear,2
/content/drive/MyDrive/DataSet_Voice/fear/1039_TAI_FEA_XX.wav,fear,2
/content/drive/MyDrive/DataSet_Voice/fear/1031_TSI_FEA_XX.wav,fear,2
/content/drive/MyDrive/DataSet_Voice/fear/1029_IEO_FEA_MD.wav,fear,2
/content/drive/MyDrive/DataSet_Voice/fear/1036_TSI_FEA_XX.wav,fear,2
/content/drive/MyDrive/DataSet_Voice/fear/1032_WSI_FEA_XX.wav,fear,2
/content/drive/MyDrive/DataSet_Voice/fear/1046_WSI_FEA_XX.wav,fear,2
/content/drive/MyDrive/DataSet_Voice/fear/1034_TIE_FEA_XX.wav,fear,2
/content/drive/MyDrive/DataSet_Voice/fear/1036_WSI_FEA_XX.wav,fear,2
/content/drive/MyDrive/DataSet_Voice/fear/1035_ITS_FEA_XX.wav,fear,2
/content/drive/MyDrive/DataSet_Voice/fear/1028_ITH_FEA_XX.wav,fear,2
/content/drive/MyDrive/DataSet_Voice/fear/1046_TIE_FEA_XX.wav,fear,2
/content/drive/MyDrive/DataSet_Voice/fear/1036_IEO_FEA_MD.wav,fear,2
/content/drive/MyDrive/DataSet_Voice/fear/1033_IWL_FEA_XX.wav,fear,2
/content/drive/MyDrive/DataSet_Voice/fear/1043_TAI_FEA_XX.wav,fear,2
/content/drive/MyDrive/DataSet_Voice/fear/1032_ITS_FEA_XX.wav,fear,2
/content/drive/MyDrive/DataSet_Voice/fear/1041_MTI_FEA_XX.wav,fear,2
/content/drive/MyDrive/DataSet_Voice/fear/1041_TSI_FEA_XX.wav,fear,2
/content/drive/MyDrive/DataSet_Voice/fear/1045_TAI_FEA_XX.wav,fear,2
/content/drive/MyDrive/DataSet_Voice/fear/1040_TIE_FEA_XX.wav,fear,2
/content/drive/MyDrive/DataSet_Voice/fear/1028_ITS_FEA_XX.wav,fear,2
/content/drive/MyDrive/DataSet_Voice/fear/1034_IEO_FEA_MD.wav,fear,2
/content/drive/MyDrive/DataSet_Voice/fear/1034_IEO_FEA_LO.wav,fear,2
/content/drive/MyDrive/DataSet_Voice/fear/1030_TSI_FEA_XX.wav,fear,2
/content/drive/MyDrive/DataSet_Voice/fear/1029_DFA_FEA_XX.wav,fear,2
/content/drive/MyDrive/DataSet_Voice/fear/1041_DFA_FEA_XX.wav,fear,2
/content/drive/MyDrive/DataSet_Voice/fear/1040_IEO_FEA_LO.wav,fear,2
/content/drive/MyDrive/DataSet_Voice/fear/1039_IEO_FEA_MD.wav,fear,2
/content/drive/MyDrive/DataSet_Voice/fear/1040_WSI_FEA_XX.wav,fear,2
/content/drive/MyDrive/DataSet_Voice/fear/1034_DFA_FEA_XX.wav,fear,2
/content/drive/MyDrive/DataSet_Voice/fear/1039_IOM_FEA_XX.wav,fear,2
/content/drive/MyDrive/DataSet_Voice/fear/1041_IEO_FEA_MD.wav,fear,2
/content/drive/MyDrive/DataSet_Voice/fear/1031_ITH_FEA_XX.wav,fear,2
/content/drive/MyDrive/DataSet_Voice/fear/1028_IWL_FEA_XX.wav,fear,2
/content/drive/MyDrive/DataSet_Voice/fear/1043_IWW_FEA_XX.wav,fear,2
/content/drive/MyDrive/DataSet_Voice/fear/1036_ITH_FEA_XX.wav,fear,2
/content/drive/MyDrive/DataSet_Voice/fear/1045_WSI_FEA_XX.wav,fear,2
/content/drive/MyDrive/DataSet_Voice/fear/1035_ITH_FEA_XX.wav,fear,2
/content/drive/MyDrive/DataSet_Voice/fear/1037_TSI_FEA_XX.wav,fear,2
/content/drive/MyDrive/DataSet_Voice/fear/1042_IOM_FEA_XX.wav,fear,2
/content/drive/MyDrive/DataSet_Voice/fear/1029_ITS_FEA_XX.wav,fear,2
/content/drive/MyDrive/DataSet_Voice/fear/1031_IOM_FEA_XX.wav,fear,2
/content/drive/MyDrive/DataSet_Voice/fear/1045_MTI_FEA_XX.wav,fear,2
/content/drive/MyDrive/DataSet_Voice/fear/1041_TIE_FEA_XX.wav,fear,2
/content/drive/MyDrive/DataSet_Voice/fear/1039_IEO_FEA_HI.wav,fear,2
/content/drive/MyDrive/DataSet_Voice/fear/1038_TAI_FEA_XX.wav,fear,2
/content/drive/MyDrive/DataSet_Voice/fear/1031_TIE_FEA_XX.wav,fear,2
/content/drive/MyDrive/DataSet_Voice/fear/1041_ITH_FEA_XX.wav,fear,2
/content/drive/MyDrive/DataSet_Voice/fear/1040_ITH_FEA_XX.wav,fear,2
/content/drive/MyDrive/DataSet_Voice/fear/1044_TSI_FEA_XX.wav,fear,2
/content/drive/MyDrive/DataSet_Voice/fear/1030_IEO_FEA_MD.wav,fear,2
/content/drive/MyDrive/DataSet_Voice/fear/1034_TAI_FEA_XX.wav,fear,2
/content/drive/MyDrive/DataSet_Voice/fear/1030_IWW_FEA_XX.wav,fear,2
/content/drive/MyDrive/DataSet_Voice/fear/1042_IEO_FEA_MD.wav,fear,2
/content/drive/MyDrive/DataSet_Voice/fear/1038_TIE_FEA_XX.wav,fear,2
/content/drive/MyDrive/DataSet_Voice/fear/1037_TIE_FEA_XX.wav,fear,2
/content/drive/MyDrive/DataSet_Voice/fear/1030_IOM_FEA_XX.wav,fear,2
/content/drive/MyDrive/DataSet_Voice/fear/1034_IWW_FEA_XX.wav,fear,2
/content/drive/MyDrive/DataSet_Voice/fear/1029_IWW_FEA_XX.wav,fear,2
/content/drive/MyDrive/DataSet_Voice/fear/1030_DFA_FEA_XX.wav,fear,2
/content/drive/MyDrive/DataSet_Voice/fear/1046_IEO_FEA_HI.wav,fear,2
/content/drive/MyDrive/DataSet_Voice/fear/1045_TSI_FEA_XX.wav,fear,2
/content/drive/MyDrive/DataSet_Voice/fear/1044_IWL_FEA_XX.wav,fear,2
/content/drive/MyDrive/DataSet_Voice/fear/1046_ITH_FEA_XX.wav,fear,2
/content/drive/MyDrive/DataSet_Voice/fear/1030_MTI_FEA_XX.wav,fear,2
/content/drive/MyDrive/DataSet_Voice/fear/1040_ITS_FEA_XX.wav,fear,2
/content/drive/MyDrive/DataSet_Voice/fear/1047_DFA_FEA_XX.wav,fear,2
/content/drive/MyDrive/DataSet_Voice/fear/1046_IWW_FEA_XX.wav,fear,2
/content/drive/MyDrive/DataSet_Voice/fear/1038_IEO_FEA_HI.wav,fear,2
/content/drive/MyDrive/DataSet_Voice/fear/1030_IEO_FEA_LO.wav,fear,2
/content/drive/MyDrive/DataSet_Voice/fear/1038_IWL_FEA_XX.wav,fear,2
/content/drive/MyDrive/DataSet_Voice/fear/1042_IWL_FEA_XX.wav,fear,2
/content/drive/MyDrive/DataSet_Voice/fear/1045_IOM_FEA_XX.wav,fear,2
/content/drive/MyDrive/DataSet_Voice/fear/1042_DFA_FEA_XX.wav,fear,2
/content/drive/MyDrive/DataSet_Voice/fear/1037_IWW_FEA_XX.wav,fear,2
/content/drive/MyDrive/DataSet_Voice/fear/1043_ITH_FEA_XX.wav,fear,2
/content/drive/MyDrive/DataSet_Voice/fear/1043_MTI_FEA_XX.wav,fear,2
/content/drive/MyDrive/DataSet_Voice/fear/1042_IEO_FEA_LO.wav,fear,2
/content/drive/MyDrive/DataSet_Voice/fear/1044_DFA_FEA_XX.wav,fear,2
/content/drive/MyDrive/DataSet_Voice/fear/1035_IWL_FEA_XX.wav,fear,2
/content/drive/MyDrive/DataSet_Voice/fear/1041_IOM_FEA_XX.wav,fear,2
/content/drive/MyDrive/DataSet_Voice/fear/1041_TAI_FEA_XX.wav,fear,2
/content/drive/MyDrive/DataSet_Voice/fear/1044_WSI_FEA_XX.wav,fear,2
/content/drive/MyDrive/DataSet_Voice/fear/1046_TAI_FEA_XX.wav,fear,2
/content/drive/MyDrive/DataSet_Voice/fear/1033_WSI_FEA_XX.wav,fear,2
/content/drive/MyDrive/DataSet_Voice/fear/1039_IWL_FEA_XX.wav,fear,2
/content/drive/MyDrive/DataSet_Voice/fear/1037_DFA_FEA_XX.wav,fear,2
/content/drive/MyDrive/DataSet_Voice/fear/1034_ITH_FEA_XX.wav,fear,2
/content/drive/MyDrive/DataSet_Voice/fear/1044_ITH_FEA_XX.wav,fear,2
/content/drive/MyDrive/DataSet_Voice/fear/1043_WSI_FEA_XX.wav,fear,2
/content/drive/MyDrive/DataSet_Voice/fear/1044_IEO_FEA_HI.wav,fear,2
/content/drive/MyDrive/DataSet_Voice/fear/1032_IWL_FEA_XX.wav,fear,2
/content/drive/MyDrive/DataSet_Voice/fear/1033_IWW_FEA_XX.wav,fear,2
/content/drive/MyDrive/DataSet_Voice/fear/1044_IOM_FEA_XX.wav,fear,2
/content/drive/MyDrive/DataSet_Voice/fear/1038_WSI_FEA_XX.wav,fear,2
/content/drive/MyDrive/DataSet_Voice/fear/1038_ITS_FEA_XX.wav,fear,2
/content/drive/MyDrive/DataSet_Voice/fear/1030_WSI_FEA_XX.wav,fear,2
/content/drive/MyDrive/DataSet_Voice/fear/1057_TIE_FEA_XX.wav,fear,2
/content/drive/MyDrive/DataSet_Voice/fear/1052_IWW_FEA_XX.wav,fear,2
/content/drive/MyDrive/DataSet_Voice/fear/1048_IOM_FEA_XX.wav,fear,2
/content/drive/MyDrive/DataSet_Voice/fear/1049_DFA_FEA_XX.wav,fear,2
/content/drive/MyDrive/DataSet_Voice/fear/1053_MTI_FEA_XX.wav,fear,2
/content/drive/MyDrive/DataSet_Voice/fear/1056_IEO_FEA_MD.wav,fear,2
/content/drive/MyDrive/DataSet_Voice/fear/1051_DFA_FEA_XX.wav,fear,2
/content/drive/MyDrive/DataSet_Voice/fear/1050_IOM_FEA_XX.wav,fear,2
/content/drive/MyDrive/DataSet_Voice/fear/1061_TSI_FEA_XX.wav,fear,2
/content/drive/MyDrive/DataSet_Voice/fear/1060_ITS_FEA_XX.wav,fear,2
/content/drive/MyDrive/DataSet_Voice/fear/1049_IEO_FEA_HI.wav,fear,2
/content/drive/MyDrive/DataSet_Voice/fear/1050_IEO_FEA_LO.wav,fear,2
/content/drive/MyDrive/DataSet_Voice/fear/1047_MTI_FEA_XX.wav,fear,2
/content/drive/MyDrive/DataSet_Voice/fear/1055_TIE_FEA_XX.wav,fear,2
/content/drive/MyDrive/DataSet_Voice/fear/1055_IEO_FEA_LO.wav,fear,2
/content/drive/MyDrive/DataSet_Voice/fear/1051_TSI_FEA_XX.wav,fear,2
/content/drive/MyDrive/DataSet_Voice/fear/1057_MTI_FEA_XX.wav,fear,2
/content/drive/MyDrive/DataSet_Voice/fear/1047_TSI_FEA_XX.wav,fear,2
/content/drive/MyDrive/DataSet_Voice/fear/1060_IEO_FEA_HI.wav,fear,2
/content/drive/MyDrive/DataSet_Voice/fear/1048_IWL_FEA_XX.wav,fear,2
/content/drive/MyDrive/DataSet_Voice/fear/1050_IWL_FEA_XX.wav,fear,2
/content/drive/MyDrive/DataSet_Voice/fear/1054_MTI_FEA_XX.wav,fear,2
/content/drive/MyDrive/DataSet_Voice/fear/1061_TIE_FEA_XX.wav,fear,2
/content/drive/MyDrive/DataSet_Voice/fear/1056_MTI_FEA_XX.wav,fear,2
/content/drive/MyDrive/DataSet_Voice/fear/1053_IWL_FEA_XX.wav,fear,2
/content/drive/MyDrive/DataSet_Voice/fear/1055_TSI_FEA_XX.wav,fear,2
/content/drive/MyDrive/DataSet_Voice/fear/1057_DFA_FEA_XX.wav,fear,2
/content/drive/MyDrive/DataSet_Voice/fear/1057_ITH_FEA_XX.wav,fear,2
/content/drive/MyDrive/DataSet_Voice/fear/1048_WSI_FEA_XX.wav,fear,2
/content/drive/MyDrive/DataSet_Voice/fear/1055_WSI_FEA_XX.wav,fear,2
/content/drive/MyDrive/DataSet_Voice/fear/1062_IOM_FEA_XX.wav,fear,2
/content/drive/MyDrive/DataSet_Voice/fear/1057_TSI_FEA_XX.wav,fear,2
/content/drive/MyDrive/DataSet_Voice/fear/1052_IWL_FEA_XX.wav,fear,2
/content/drive/MyDrive/DataSet_Voice/fear/1052_IEO_FEA_HI.wav,fear,2
/content/drive/MyDrive/DataSet_Voice/fear/1054_TSI_FEA_XX.wav,fear,2
/content/drive/MyDrive/DataSet_Voice/fear/1049_TAI_FEA_XX.wav,fear,2
/content/drive/MyDrive/DataSet_Voice/fear/1050_ITS_FEA_XX.wav,fear,2
/content/drive/MyDrive/DataSet_Voice/fear/1063_IWL_FEA_XX.wav,fear,2
/content/drive/MyDrive/DataSet_Voice/fear/1059_MTI_FEA_XX.wav,fear,2
/content/drive/MyDrive/DataSet_Voice/fear/1049_IEO_FEA_MD.wav,fear,2
/content/drive/MyDrive/DataSet_Voice/fear/1061_DFA_FEA_XX.wav,fear,2
/content/drive/MyDrive/DataSet_Voice/fear/1054_IEO_FEA_HI.wav,fear,2
/content/drive/MyDrive/DataSet_Voice/fear/1058_IWW_FEA_XX.wav,fear,2
/content/drive/MyDrive/DataSet_Voice/fear/1052_TAI_FEA_XX.wav,fear,2
/content/drive/MyDrive/DataSet_Voice/fear/1062_IEO_FEA_HI.wav,fear,2
/content/drive/MyDrive/DataSet_Voice/fear/1055_TAI_FEA_XX.wav,fear,2
/content/drive/MyDrive/DataSet_Voice/fear/1052_TSI_FEA_XX.wav,fear,2
/content/drive/MyDrive/DataSet_Voice/fear/1058_IOM_FEA_XX.wav,fear,2
/content/drive/MyDrive/DataSet_Voice/fear/1052_ITH_FEA_XX.wav,fear,2
/content/drive/MyDrive/DataSet_Voice/fear/1051_MTI_FEA_XX.wav,fear,2
/content/drive/MyDrive/DataSet_Voice/fear/1050_IWW_FEA_XX.wav,fear,2
/content/drive/MyDrive/DataSet_Voice/fear/1054_WSI_FEA_XX.wav,fear,2
/content/drive/MyDrive/DataSet_Voice/fear/1056_ITH_FEA_XX.wav,fear,2
/content/drive/MyDrive/DataSet_Voice/fear/1059_DFA_FEA_XX.wav,fear,2
/content/drive/MyDrive/DataSet_Voice/fear/1058_IEO_FEA_LO.wav,fear,2
/content/drive/MyDrive/DataSet_Voice/fear/1049_TIE_FEA_XX.wav,fear,2
/content/drive/MyDrive/DataSet_Voice/fear/1063_MTI_FEA_XX.wav,fear,2
/content/drive/MyDrive/DataSet_Voice/fear/1059_IEO_FEA_HI.wav,fear,2
/content/drive/MyDrive/DataSet_Voice/fear/1047_TAI_FEA_XX.wav,fear,2
/content/drive/MyDrive/DataSet_Voice/fear/1050_TIE_FEA_XX.wav,fear,2
/content/drive/MyDrive/DataSet_Voice/fear/1047_IWW_FEA_XX.wav,fear,2
/content/drive/MyDrive/DataSet_Voice/fear/1058_WSI_FEA_XX.wav,fear,2
/content/drive/MyDrive/DataSet_Voice/fear/1055_MTI_FEA_XX.wav,fear,2
/content/drive/MyDrive/DataSet_Voice/fear/1060_IWW_FEA_XX.wav,fear,2
/content/drive/MyDrive/DataSet_Voice/fear/1054_IWL_FEA_XX.wav,fear,2
/content/drive/MyDrive/DataSet_Voice/fear/1054_ITS_FEA_XX.wav,fear,2
/content/drive/MyDrive/DataSet_Voice/fear/1056_IEO_FEA_LO.wav,fear,2
/content/drive/MyDrive/DataSet_Voice/fear/1061_ITS_FEA_XX.wav,fear,2
/content/drive/MyDrive/DataSet_Voice/fear/1058_ITH_FEA_XX.wav,fear,2
/content/drive/MyDrive/DataSet_Voice/fear/1055_ITH_FEA_XX.wav,fear,2
/content/drive/MyDrive/DataSet_Voice/fear/1061_IWW_FEA_XX.wav,fear,2
/content/drive/MyDrive/DataSet_Voice/fear/1051_IEO_FEA_LO.wav,fear,2
/content/drive/MyDrive/DataSet_Voice/fear/1061_MTI_FEA_XX.wav,fear,2
/content/drive/MyDrive/DataSet_Voice/fear/1058_DFA_FEA_XX.wav,fear,2
/content/drive/MyDrive/DataSet_Voice/fear/1063_DFA_FEA_XX.wav,fear,2
/content/drive/MyDrive/DataSet_Voice/fear/1062_TAI_FEA_XX.wav,fear,2
/content/drive/MyDrive/DataSet_Voice/fear/1057_IEO_FEA_MD.wav,fear,2
/content/drive/MyDrive/DataSet_Voice/fear/1059_WSI_FEA_XX.wav,fear,2
/content/drive/MyDrive/DataSet_Voice/fear/1062_TIE_FEA_XX.wav,fear,2
/content/drive/MyDrive/DataSet_Voice/fear/1059_IWL_FEA_XX.wav,fear,2
/content/drive/MyDrive/DataSet_Voice/fear/1059_ITH_FEA_XX.wav,fear,2
/content/drive/MyDrive/DataSet_Voice/fear/1057_IEO_FEA_HI.wav,fear,2
/content/drive/MyDrive/DataSet_Voice/fear/1053_IEO_FEA_HI.wav,fear,2
/content/drive/MyDrive/DataSet_Voice/fear/1047_ITH_FEA_XX.wav,fear,2
/content/drive/MyDrive/DataSet_Voice/fear/1060_MTI_FEA_XX.wav,fear,2
/content/drive/MyDrive/DataSet_Voice/fear/1058_TIE_FEA_XX.wav,fear,2
/content/drive/MyDrive/DataSet_Voice/fear/1059_IEO_FEA_LO.wav,fear,2
/content/drive/MyDrive/DataSet_Voice/fear/1058_TAI_FEA_XX.wav,fear,2
/content/drive/MyDrive/DataSet_Voice/fear/1052_ITS_FEA_XX.wav,fear,2
/content/drive/MyDrive/DataSet_Voice/fear/1054_ITH_FEA_XX.wav,fear,2
/content/drive/MyDrive/DataSet_Voice/fear/1050_IEO_FEA_HI.wav,fear,2
/content/drive/MyDrive/DataSet_Voice/fear/1051_IWW_FEA_XX.wav,fear,2
/content/drive/MyDrive/DataSet_Voice/fear/1050_DFA_FEA_XX.wav,fear,2
/content/drive/MyDrive/DataSet_Voice/fear/1048_IEO_FEA_HI.wav,fear,2
/content/drive/MyDrive/DataSet_Voice/fear/1056_IOM_FEA_XX.wav,fear,2
/content/drive/MyDrive/DataSet_Voice/fear/1053_ITH_FEA_XX.wav,fear,2
/content/drive/MyDrive/DataSet_Voice/fear/1053_TSI_FEA_XX.wav,fear,2
/content/drive/MyDrive/DataSet_Voice/fear/1062_MTI_FEA_XX.wav,fear,2
/content/drive/MyDrive/DataSet_Voice/fear/1055_IWL_FEA_XX.wav,fear,2
/content/drive/MyDrive/DataSet_Voice/fear/1054_IEO_FEA_MD.wav,fear,2
/content/drive/MyDrive/DataSet_Voice/fear/1049_WSI_FEA_XX.wav,fear,2
/content/drive/MyDrive/DataSet_Voice/fear/1059_TAI_FEA_XX.wav,fear,2
/content/drive/MyDrive/DataSet_Voice/fear/1051_TIE_FEA_XX.wav,fear,2
/content/drive/MyDrive/DataSet_Voice/fear/1063_IEO_FEA_HI.wav,fear,2
/content/drive/MyDrive/DataSet_Voice/fear/1060_ITH_FEA_XX.wav,fear,2
/content/drive/MyDrive/DataSet_Voice/fear/1055_IOM_FEA_XX.wav,fear,2
/content/drive/MyDrive/DataSet_Voice/fear/1047_IWL_FEA_XX.wav,fear,2
/content/drive/MyDrive/DataSet_Voice/fear/1050_WSI_FEA_XX.wav,fear,2
/content/drive/MyDrive/DataSet_Voice/fear/1062_ITS_FEA_XX.wav,fear,2
/content/drive/MyDrive/DataSet_Voice/fear/1055_IWW_FEA_XX.wav,fear,2
/content/drive/MyDrive/DataSet_Voice/fear/1057_TAI_FEA_XX.wav,fear,2
/content/drive/MyDrive/DataSet_Voice/fear/1062_IWL_FEA_XX.wav,fear,2
/content/drive/MyDrive/DataSet_Voice/fear/1052_TIE_FEA_XX.wav,fear,2
/content/drive/MyDrive/DataSet_Voice/fear/1053_TIE_FEA_XX.wav,fear,2
/content/drive/MyDrive/DataSet_Voice/fear/1061_TAI_FEA_XX.wav,fear,2
/content/drive/MyDrive/DataSet_Voice/fear/1056_TAI_FEA_XX.wav,fear,2
/content/drive/MyDrive/DataSet_Voice/fear/1054_IWW_FEA_XX.wav,fear,2
/content/drive/MyDrive/DataSet_Voice/fear/1050_ITH_FEA_XX.wav,fear,2
/content/drive/MyDrive/DataSet_Voice/fear/1050_TSI_FEA_XX.wav,fear,2
/content/drive/MyDrive/DataSet_Voice/fear/1053_TAI_FEA_XX.wav,fear,2
/content/drive/MyDrive/DataSet_Voice/fear/1060_IEO_FEA_LO.wav,fear,2
/content/drive/MyDrive/DataSet_Voice/fear/1048_IEO_FEA_LO.wav,fear,2
/content/drive/MyDrive/DataSet_Voice/fear/1062_IEO_FEA_MD.wav,fear,2
/content/drive/MyDrive/DataSet_Voice/fear/1063_IWW_FEA_XX.wav,fear,2
/content/drive/MyDrive/DataSet_Voice/fear/1051_ITH_FEA_XX.wav,fear,2
/content/drive/MyDrive/DataSet_Voice/fear/1061_IEO_FEA_HI.wav,fear,2
/content/drive/MyDrive/DataSet_Voice/fear/1051_WSI_FEA_XX.wav,fear,2
/content/drive/MyDrive/DataSet_Voice/fear/1049_ITH_FEA_XX.wav,fear,2
/content/drive/MyDrive/DataSet_Voice/fear/1049_IOM_FEA_XX.wav,fear,2
/content/drive/MyDrive/DataSet_Voice/fear/1048_TAI_FEA_XX.wav,fear,2
/content/drive/MyDrive/DataSet_Voice/fear/1055_IEO_FEA_HI.wav,fear,2
/content/drive/MyDrive/DataSet_Voice/fear/1053_IEO_FEA_LO.wav,fear,2
/content/drive/MyDrive/DataSet_Voice/fear/1062_DFA_FEA_XX.wav,fear,2
/content/drive/MyDrive/DataSet_Voice/fear/1055_IEO_FEA_MD.wav,fear,2
/content/drive/MyDrive/DataSet_Voice/fear/1051_TAI_FEA_XX.wav,fear,2
/content/drive/MyDrive/DataSet_Voice/fear/1062_WSI_FEA_XX.wav,fear,2
/content/drive/MyDrive/DataSet_Voice/fear/1060_TSI_FEA_XX.wav,fear,2
/content/drive/MyDrive/DataSet_Voice/fear/1055_ITS_FEA_XX.wav,fear,2
/content/drive/MyDrive/DataSet_Voice/fear/1051_IEO_FEA_HI.wav,fear,2
/content/drive/MyDrive/DataSet_Voice/fear/1048_ITH_FEA_XX.wav,fear,2
/content/drive/MyDrive/DataSet_Voice/fear/1055_DFA_FEA_XX.wav,fear,2
/content/drive/MyDrive/DataSet_Voice/fear/1047_TIE_FEA_XX.wav,fear,2
/content/drive/MyDrive/DataSet_Voice/fear/1052_DFA_FEA_XX.wav,fear,2
/content/drive/MyDrive/DataSet_Voice/fear/1059_TIE_FEA_XX.wav,fear,2
/content/drive/MyDrive/DataSet_Voice/fear/1048_IEO_FEA_MD.wav,fear,2
/content/drive/MyDrive/DataSet_Voice/fear/1048_MTI_FEA_XX.wav,fear,2
/content/drive/MyDrive/DataSet_Voice/fear/1060_IWL_FEA_XX.wav,fear,2
/content/drive/MyDrive/DataSet_Voice/fear/1059_ITS_FEA_XX.wav,fear,2
/content/drive/MyDrive/DataSet_Voice/fear/1059_TSI_FEA_XX.wav,fear,2
/content/drive/MyDrive/DataSet_Voice/fear/1048_TIE_FEA_XX.wav,fear,2
/content/drive/MyDrive/DataSet_Voice/fear/1057_IWL_FEA_XX.wav,fear,2
/content/drive/MyDrive/DataSet_Voice/fear/1047_ITS_FEA_XX.wav,fear,2
/content/drive/MyDrive/DataSet_Voice/fear/1049_IWW_FEA_XX.wav,fear,2
/content/drive/MyDrive/DataSet_Voice/fear/1062_ITH_FEA_XX.wav,fear,2
/content/drive/MyDrive/DataSet_Voice/fear/1049_MTI_FEA_XX.wav,fear,2
/content/drive/MyDrive/DataSet_Voice/fear/1063_ITS_FEA_XX.wav,fear,2
/content/drive/MyDrive/DataSet_Voice/fear/1054_TAI_FEA_XX.wav,fear,2
/content/drive/MyDrive/DataSet_Voice/fear/1060_WSI_FEA_XX.wav,fear,2
/content/drive/MyDrive/DataSet_Voice/fear/1060_IEO_FEA_MD.wav,fear,2
/content/drive/MyDrive/DataSet_Voice/fear/1051_IOM_FEA_XX.wav,fear,2
/content/drive/MyDrive/DataSet_Voice/fear/1056_IWW_FEA_XX.wav,fear,2
/content/drive/MyDrive/DataSet_Voice/fear/1059_IEO_FEA_MD.wav,fear,2
/content/drive/MyDrive/DataSet_Voice/fear/1052_IEO_FEA_LO.wav,fear,2
/content/drive/MyDrive/DataSet_Voice/fear/1056_DFA_FEA_XX.wav,fear,2
/content/drive/MyDrive/DataSet_Voice/fear/1049_TSI_FEA_XX.wav,fear,2
/content/drive/MyDrive/DataSet_Voice/fear/1062_IWW_FEA_XX.wav,fear,2
/content/drive/MyDrive/DataSet_Voice/fear/1061_IOM_FEA_XX.wav,fear,2
/content/drive/MyDrive/DataSet_Voice/fear/1050_MTI_FEA_XX.wav,fear,2
/content/drive/MyDrive/DataSet_Voice/fear/1057_IWW_FEA_XX.wav,fear,2
/content/drive/MyDrive/DataSet_Voice/fear/1061_IEO_FEA_LO.wav,fear,2
/content/drive/MyDrive/DataSet_Voice/fear/1049_IWL_FEA_XX.wav,fear,2
/content/drive/MyDrive/DataSet_Voice/fear/1054_IOM_FEA_XX.wav,fear,2
/content/drive/MyDrive/DataSet_Voice/fear/1057_IEO_FEA_LO.wav,fear,2
/content/drive/MyDrive/DataSet_Voice/fear/1052_WSI_FEA_XX.wav,fear,2
/content/drive/MyDrive/DataSet_Voice/fear/1062_TSI_FEA_XX.wav,fear,2
/content/drive/MyDrive/DataSet_Voice/fear/1050_IEO_FEA_MD.wav,fear,2
/content/drive/MyDrive/DataSet_Voice/fear/1063_IEO_FEA_MD.wav,fear,2
/content/drive/MyDrive/DataSet_Voice/fear/1048_TSI_FEA_XX.wav,fear,2
/content/drive/MyDrive/DataSet_Voice/fear/1060_TIE_FEA_XX.wav,fear,2
/content/drive/MyDrive/DataSet_Voice/fear/1053_IOM_FEA_XX.wav,fear,2
/content/drive/MyDrive/DataSet_Voice/fear/1053_IWW_FEA_XX.wav,fear,2
/content/drive/MyDrive/DataSet_Voice/fear/1047_IOM_FEA_XX.wav,fear,2
/content/drive/MyDrive/DataSet_Voice/fear/1061_IWL_FEA_XX.wav,fear,2
/content/drive/MyDrive/DataSet_Voice/fear/1056_IWL_FEA_XX.wav,fear,2
/content/drive/MyDrive/DataSet_Voice/fear/1060_IOM_FEA_XX.wav,fear,2
/content/drive/MyDrive/DataSet_Voice/fear/1057_ITS_FEA_XX.wav,fear,2
/content/drive/MyDrive/DataSet_Voice/fear/1063_IOM_FEA_XX.wav,fear,2
/content/drive/MyDrive/DataSet_Voice/fear/1056_TSI_FEA_XX.wav,fear,2
/content/drive/MyDrive/DataSet_Voice/fear/1061_IEO_FEA_MD.wav,fear,2
/content/drive/MyDrive/DataSet_Voice/fear/1054_IEO_FEA_LO.wav,fear,2
/content/drive/MyDrive/DataSet_Voice/fear/1052_MTI_FEA_XX.wav,fear,2
/content/drive/MyDrive/DataSet_Voice/fear/1058_IEO_FEA_HI.wav,fear,2
/content/drive/MyDrive/DataSet_Voice/fear/1059_IOM_FEA_XX.wav,fear,2
/content/drive/MyDrive/DataSet_Voice/fear/1054_TIE_FEA_XX.wav,fear,2
/content/drive/MyDrive/DataSet_Voice/fear/1059_IWW_FEA_XX.wav,fear,2
/content/drive/MyDrive/DataSet_Voice/fear/1058_IWL_FEA_XX.wav,fear,2
/content/drive/MyDrive/DataSet_Voice/fear/1057_IOM_FEA_XX.wav,fear,2
/content/drive/MyDrive/DataSet_Voice/fear/1062_IEO_FEA_LO.wav,fear,2
/content/drive/MyDrive/DataSet_Voice/fear/1051_IWL_FEA_XX.wav,fear,2
/content/drive/MyDrive/DataSet_Voice/fear/1048_DFA_FEA_XX.wav,fear,2
/content/drive/MyDrive/DataSet_Voice/fear/1060_TAI_FEA_XX.wav,fear,2
/content/drive/MyDrive/DataSet_Voice/fear/1053_IEO_FEA_MD.wav,fear,2
/content/drive/MyDrive/DataSet_Voice/fear/1058_IEO_FEA_MD.wav,fear,2
/content/drive/MyDrive/DataSet_Voice/fear/1049_IEO_FEA_LO.wav,fear,2
/content/drive/MyDrive/DataSet_Voice/fear/1053_DFA_FEA_XX.wav,fear,2
/content/drive/MyDrive/DataSet_Voice/fear/1048_ITS_FEA_XX.wav,fear,2
/content/drive/MyDrive/DataSet_Voice/fear/1053_ITS_FEA_XX.wav,fear,2
/content/drive/MyDrive/DataSet_Voice/fear/1049_ITS_FEA_XX.wav,fear,2
/content/drive/MyDrive/DataSet_Voice/fear/1052_IEO_FEA_MD.wav,fear,2
/content/drive/MyDrive/DataSet_Voice/fear/1050_TAI_FEA_XX.wav,fear,2
/content/drive/MyDrive/DataSet_Voice/fear/1051_IEO_FEA_MD.wav,fear,2
/content/drive/MyDrive/DataSet_Voice/fear/1056_WSI_FEA_XX.wav,fear,2
/content/drive/MyDrive/DataSet_Voice/fear/1061_ITH_FEA_XX.wav,fear,2
/content/drive/MyDrive/DataSet_Voice/fear/1063_ITH_FEA_XX.wav,fear,2
/content/drive/MyDrive/DataSet_Voice/fear/1061_WSI_FEA_XX.wav,fear,2
/content/drive/MyDrive/DataSet_Voice/fear/1060_DFA_FEA_XX.wav,fear,2
/content/drive/MyDrive/DataSet_Voice/fear/1057_WSI_FEA_XX.wav,fear,2
/content/drive/MyDrive/DataSet_Voice/fear/1048_IWW_FEA_XX.wav,fear,2
/content/drive/MyDrive/DataSet_Voice/happy/1060_TSI_HAP_XX.wav,happy,3
/content/drive/MyDrive/DataSet_Voice/happy/1059_IWL_HAP_XX.wav,happy,3
/content/drive/MyDrive/DataSet_Voice/happy/1055_MTI_HAP_XX.wav,happy,3
/content/drive/MyDrive/DataSet_Voice/happy/1062_DFA_HAP_XX.wav,happy,3
/content/drive/MyDrive/DataSet_Voice/happy/1056_MTI_HAP_XX.wav,happy,3
/content/drive/MyDrive/DataSet_Voice/happy/1049_DFA_HAP_XX.wav,happy,3
/content/drive/MyDrive/DataSet_Voice/happy/1058_MTI_HAP_XX.wav,happy,3
/content/drive/MyDrive/DataSet_Voice/happy/1061_IWL_HAP_XX.wav,happy,3
/content/drive/MyDrive/DataSet_Voice/happy/1047_TAI_HAP_XX.wav,happy,3
/content/drive/MyDrive/DataSet_Voice/happy/1055_IOM_HAP_XX.wav,happy,3
/content/drive/MyDrive/DataSet_Voice/happy/1051_IWW_HAP_XX.wav,happy,3
/content/drive/MyDrive/DataSet_Voice/happy/1048_MTI_HAP_XX.wav,happy,3
/content/drive/MyDrive/DataSet_Voice/happy/1065_ITS_HAP_XX.wav,happy,3
/content/drive/MyDrive/DataSet_Voice/happy/1073_IWW_HAP_XX.wav,happy,3
/content/drive/MyDrive/DataSet_Voice/happy/1070_ITH_HAP_XX.wav,happy,3
/content/drive/MyDrive/DataSet_Voice/happy/1077_WSI_HAP_XX.wav,happy,3
/content/drive/MyDrive/DataSet_Voice/happy/1066_IOM_HAP_XX.wav,happy,3
/content/drive/MyDrive/DataSet_Voice/happy/1064_IEO_HAP_HI.wav,happy,3
/content/drive/MyDrive/DataSet_Voice/happy/1078_ITH_HAP_XX.wav,happy,3
/content/drive/MyDrive/DataSet_Voice/happy/1077_IOM_HAP_XX.wav,happy,3
/content/drive/MyDrive/DataSet_Voice/happy/1066_ITH_HAP_XX.wav,happy,3
/content/drive/MyDrive/DataSet_Voice/happy/1067_IEO_HAP_LO.wav,happy,3
/content/drive/MyDrive/DataSet_Voice/happy/1077_IWW_HAP_XX.wav,happy,3
/content/drive/MyDrive/DataSet_Voice/happy/1066_IWL_HAP_XX.wav,happy,3
/content/drive/MyDrive/DataSet_Voice/happy/1067_ITH_HAP_XX.wav,happy,3
/content/drive/MyDrive/DataSet_Voice/happy/1076_IEO_HAP_HI.wav,happy,3
/content/drive/MyDrive/DataSet_Voice/happy/1074_IOM_HAP_XX.wav,happy,3
/content/drive/MyDrive/DataSet_Voice/happy/1066_ITS_HAP_XX.wav,happy,3
/content/drive/MyDrive/DataSet_Voice/happy/1064_TIE_HAP_XX.wav,happy,3
/content/drive/MyDrive/DataSet_Voice/happy/1063_TSI_HAP_XX.wav,happy,3
/content/drive/MyDrive/DataSet_Voice/happy/1071_TSI_HAP_XX.wav,happy,3
/content/drive/MyDrive/DataSet_Voice/happy/1075_IEO_HAP_MD.wav,happy,3
/content/drive/MyDrive/DataSet_Voice/happy/1074_IEO_HAP_MD.wav,happy,3
/content/drive/MyDrive/DataSet_Voice/happy/1069_IOM_HAP_XX.wav,happy,3
/content/drive/MyDrive/DataSet_Voice/happy/1068_TSI_HAP_XX.wav,happy,3
/content/drive/MyDrive/DataSet_Voice/happy/1070_TAI_HAP_XX.wav,happy,3
/content/drive/MyDrive/DataSet_Voice/happy/1064_WSI_HAP_XX.wav,happy,3
/content/drive/MyDrive/DataSet_Voice/happy/1072_TIE_HAP_XX.wav,happy,3
/content/drive/MyDrive/DataSet_Voice/happy/1075_IEO_HAP_HI.wav,happy,3
/content/drive/MyDrive/DataSet_Voice/happy/1071_IEO_HAP_HI.wav,happy,3
/content/drive/MyDrive/DataSet_Voice/happy/1073_DFA_HAP_XX.wav,happy,3
/content/drive/MyDrive/DataSet_Voice/happy/1070_MTI_HAP_XX.wav,happy,3
/content/drive/MyDrive/DataSet_Voice/happy/1071_TAI_HAP_XX.wav,happy,3
/content/drive/MyDrive/DataSet_Voice/happy/1064_IWL_HAP_XX.wav,happy,3
/content/drive/MyDrive/DataSet_Voice/happy/1068_TAI_HAP_XX.wav,happy,3
/content/drive/MyDrive/DataSet_Voice/happy/1065_IOM_HAP_XX.wav,happy,3
/content/drive/MyDrive/DataSet_Voice/happy/1069_MTI_HAP_XX.wav,happy,3
/content/drive/MyDrive/DataSet_Voice/happy/1065_DFA_HAP_XX.wav,happy,3
/content/drive/MyDrive/DataSet_Voice/happy/1070_IOM_HAP_XX.wav,happy,3
/content/drive/MyDrive/DataSet_Voice/happy/1071_DFA_HAP_XX.wav,happy,3
/content/drive/MyDrive/DataSet_Voice/happy/1070_IEO_HAP_HI.wav,happy,3
/content/drive/MyDrive/DataSet_Voice/happy/1065_IEO_HAP_LO.wav,happy,3
/content/drive/MyDrive/DataSet_Voice/happy/1068_ITS_HAP_XX.wav,happy,3
/content/drive/MyDrive/DataSet_Voice/happy/1078_IEO_HAP_MD.wav,happy,3
/content/drive/MyDrive/DataSet_Voice/happy/1078_IEO_HAP_HI.wav,happy,3
/content/drive/MyDrive/DataSet_Voice/happy/1072_MTI_HAP_XX.wav,happy,3
/content/drive/MyDrive/DataSet_Voice/happy/1071_WSI_HAP_XX.wav,happy,3
/content/drive/MyDrive/DataSet_Voice/happy/1067_IEO_HAP_HI.wav,happy,3
/content/drive/MyDrive/DataSet_Voice/happy/1077_TIE_HAP_XX.wav,happy,3
/content/drive/MyDrive/DataSet_Voice/happy/1069_IEO_HAP_MD.wav,happy,3
/content/drive/MyDrive/DataSet_Voice/happy/1064_IOM_HAP_XX.wav,happy,3
/content/drive/MyDrive/DataSet_Voice/happy/1070_DFA_HAP_XX.wav,happy,3
/content/drive/MyDrive/DataSet_Voice/happy/1077_DFA_HAP_XX.wav,happy,3
/content/drive/MyDrive/DataSet_Voice/happy/1076_MTI_HAP_XX.wav,happy,3
/content/drive/MyDrive/DataSet_Voice/happy/1068_MTI_HAP_XX.wav,happy,3
/content/drive/MyDrive/DataSet_Voice/happy/1074_ITS_HAP_XX.wav,happy,3
/content/drive/MyDrive/DataSet_Voice/happy/1071_IEO_HAP_LO.wav,happy,3
/content/drive/MyDrive/DataSet_Voice/happy/1071_ITH_HAP_XX.wav,happy,3
/content/drive/MyDrive/DataSet_Voice/happy/1072_TAI_HAP_XX.wav,happy,3
/content/drive/MyDrive/DataSet_Voice/happy/1067_DFA_HAP_XX.wav,happy,3
/content/drive/MyDrive/DataSet_Voice/happy/1069_TIE_HAP_XX.wav,happy,3
/content/drive/MyDrive/DataSet_Voice/happy/1065_IWW_HAP_XX.wav,happy,3
/content/drive/MyDrive/DataSet_Voice/happy/1077_ITS_HAP_XX.wav,happy,3
/content/drive/MyDrive/DataSet_Voice/happy/1068_IWL_HAP_XX.wav,happy,3
/content/drive/MyDrive/DataSet_Voice/happy/1066_IWW_HAP_XX.wav,happy,3
/content/drive/MyDrive/DataSet_Voice/happy/1075_DFA_HAP_XX.wav,happy,3
/content/drive/MyDrive/DataSet_Voice/happy/1077_IEO_HAP_MD.wav,happy,3
/content/drive/MyDrive/DataSet_Voice/happy/1063_TAI_HAP_XX.wav,happy,3
/content/drive/MyDrive/DataSet_Voice/happy/1072_IEO_HAP_MD.wav,happy,3
/content/drive/MyDrive/DataSet_Voice/happy/1076_WSI_HAP_XX.wav,happy,3
/content/drive/MyDrive/DataSet_Voice/happy/1076_IEO_HAP_LO.wav,happy,3
/content/drive/MyDrive/DataSet_Voice/happy/1073_IEO_HAP_MD.wav,happy,3
/content/drive/MyDrive/DataSet_Voice/happy/1066_IEO_HAP_HI.wav,happy,3
/content/drive/MyDrive/DataSet_Voice/happy/1066_IEO_HAP_LO.wav,happy,3
/content/drive/MyDrive/DataSet_Voice/happy/1073_IWL_HAP_XX.wav,happy,3
/content/drive/MyDrive/DataSet_Voice/happy/1076_IWW_HAP_XX.wav,happy,3
/content/drive/MyDrive/DataSet_Voice/happy/1064_TAI_HAP_XX.wav,happy,3
/content/drive/MyDrive/DataSet_Voice/happy/1073_ITS_HAP_XX.wav,happy,3
/content/drive/MyDrive/DataSet_Voice/happy/1067_ITS_HAP_XX.wav,happy,3
/content/drive/MyDrive/DataSet_Voice/happy/1065_ITH_HAP_XX.wav,happy,3
/content/drive/MyDrive/DataSet_Voice/happy/1077_ITH_HAP_XX.wav,happy,3
/content/drive/MyDrive/DataSet_Voice/happy/1071_IEO_HAP_MD.wav,happy,3
/content/drive/MyDrive/DataSet_Voice/happy/1076_IWL_HAP_XX.wav,happy,3
/content/drive/MyDrive/DataSet_Voice/happy/1076_DFA_HAP_XX.wav,happy,3
/content/drive/MyDrive/DataSet_Voice/happy/1077_IWL_HAP_XX.wav,happy,3
/content/drive/MyDrive/DataSet_Voice/happy/1066_TSI_HAP_XX.wav,happy,3
/content/drive/MyDrive/DataSet_Voice/happy/1073_MTI_HAP_XX.wav,happy,3
/content/drive/MyDrive/DataSet_Voice/happy/1072_ITH_HAP_XX.wav,happy,3
/content/drive/MyDrive/DataSet_Voice/happy/1064_TSI_HAP_XX.wav,happy,3
/content/drive/MyDrive/DataSet_Voice/happy/1071_ITS_HAP_XX.wav,happy,3
/content/drive/MyDrive/DataSet_Voice/happy/1066_IEO_HAP_MD.wav,happy,3
/content/drive/MyDrive/DataSet_Voice/happy/1073_TAI_HAP_XX.wav,happy,3
/content/drive/MyDrive/DataSet_Voice/happy/1070_WSI_HAP_XX.wav,happy,3
/content/drive/MyDrive/DataSet_Voice/happy/1076_TIE_HAP_XX.wav,happy,3
/content/drive/MyDrive/DataSet_Voice/happy/1065_TSI_HAP_XX.wav,happy,3
/content/drive/MyDrive/DataSet_Voice/happy/1069_ITH_HAP_XX.wav,happy,3
/content/drive/MyDrive/DataSet_Voice/happy/1068_IEO_HAP_LO.wav,happy,3
/content/drive/MyDrive/DataSet_Voice/happy/1072_DFA_HAP_XX.wav,happy,3
/content/drive/MyDrive/DataSet_Voice/happy/1064_MTI_HAP_XX.wav,happy,3
/content/drive/MyDrive/DataSet_Voice/happy/1068_IEO_HAP_HI.wav,happy,3
/content/drive/MyDrive/DataSet_Voice/happy/1067_IOM_HAP_XX.wav,happy,3
/content/drive/MyDrive/DataSet_Voice/happy/1069_IEO_HAP_LO.wav,happy,3
/content/drive/MyDrive/DataSet_Voice/happy/1065_WSI_HAP_XX.wav,happy,3
/content/drive/MyDrive/DataSet_Voice/happy/1066_MTI_HAP_XX.wav,happy,3
/content/drive/MyDrive/DataSet_Voice/happy/1068_IEO_HAP_MD.wav,happy,3
/content/drive/MyDrive/DataSet_Voice/happy/1065_TAI_HAP_XX.wav,happy,3
/content/drive/MyDrive/DataSet_Voice/happy/1072_TSI_HAP_XX.wav,happy,3
/content/drive/MyDrive/DataSet_Voice/happy/1074_TSI_HAP_XX.wav,happy,3
/content/drive/MyDrive/DataSet_Voice/happy/1065_IEO_HAP_MD.wav,happy,3
/content/drive/MyDrive/DataSet_Voice/happy/1073_TIE_HAP_XX.wav,happy,3
/content/drive/MyDrive/DataSet_Voice/happy/1074_TIE_HAP_XX.wav,happy,3
/content/drive/MyDrive/DataSet_Voice/happy/1077_TSI_HAP_XX.wav,happy,3
/content/drive/MyDrive/DataSet_Voice/happy/1075_IWW_HAP_XX.wav,happy,3
/content/drive/MyDrive/DataSet_Voice/happy/1071_IWL_HAP_XX.wav,happy,3
/content/drive/MyDrive/DataSet_Voice/happy/1069_DFA_HAP_XX.wav,happy,3
/content/drive/MyDrive/DataSet_Voice/happy/1069_TSI_HAP_XX.wav,happy,3
/content/drive/MyDrive/DataSet_Voice/happy/1067_TAI_HAP_XX.wav,happy,3
/content/drive/MyDrive/DataSet_Voice/happy/1064_IEO_HAP_MD.wav,happy,3
/content/drive/MyDrive/DataSet_Voice/happy/1064_DFA_HAP_XX.wav,happy,3
/content/drive/MyDrive/DataSet_Voice/happy/1076_IEO_HAP_MD.wav,happy,3
/content/drive/MyDrive/DataSet_Voice/happy/1067_TIE_HAP_XX.wav,happy,3
/content/drive/MyDrive/DataSet_Voice/happy/1067_IEO_HAP_MD.wav,happy,3
/content/drive/MyDrive/DataSet_Voice/happy/1075_WSI_HAP_XX.wav,happy,3
/content/drive/MyDrive/DataSet_Voice/happy/1071_IWW_HAP_XX.wav,happy,3
/content/drive/MyDrive/DataSet_Voice/happy/1063_WSI_HAP_XX.wav,happy,3
/content/drive/MyDrive/DataSet_Voice/happy/1074_IEO_HAP_HI.wav,happy,3
/content/drive/MyDrive/DataSet_Voice/happy/1073_TSI_HAP_XX.wav,happy,3
/content/drive/MyDrive/DataSet_Voice/happy/1068_IWW_HAP_XX.wav,happy,3
/content/drive/MyDrive/DataSet_Voice/happy/1064_IWW_HAP_XX.wav,happy,3
/content/drive/MyDrive/DataSet_Voice/happy/1075_MTI_HAP_XX.wav,happy,3
/content/drive/MyDrive/DataSet_Voice/happy/1067_IWW_HAP_XX.wav,happy,3
/content/drive/MyDrive/DataSet_Voice/happy/1069_IWL_HAP_XX.wav,happy,3
/content/drive/MyDrive/DataSet_Voice/happy/1069_TAI_HAP_XX.wav,happy,3
/content/drive/MyDrive/DataSet_Voice/happy/1064_ITH_HAP_XX.wav,happy,3
/content/drive/MyDrive/DataSet_Voice/happy/1072_IOM_HAP_XX.wav,happy,3
/content/drive/MyDrive/DataSet_Voice/happy/1074_IWW_HAP_XX.wav,happy,3
/content/drive/MyDrive/DataSet_Voice/happy/1068_ITH_HAP_XX.wav,happy,3
/content/drive/MyDrive/DataSet_Voice/happy/1068_WSI_HAP_XX.wav,happy,3
/content/drive/MyDrive/DataSet_Voice/happy/1066_DFA_HAP_XX.wav,happy,3
/content/drive/MyDrive/DataSet_Voice/happy/1073_IEO_HAP_LO.wav,happy,3
/content/drive/MyDrive/DataSet_Voice/happy/1075_IEO_HAP_LO.wav,happy,3
/content/drive/MyDrive/DataSet_Voice/happy/1075_IWL_HAP_XX.wav,happy,3
/content/drive/MyDrive/DataSet_Voice/happy/1070_TIE_HAP_XX.wav,happy,3
/content/drive/MyDrive/DataSet_Voice/happy/1070_TSI_HAP_XX.wav,happy,3
/content/drive/MyDrive/DataSet_Voice/happy/1064_ITS_HAP_XX.wav,happy,3
/content/drive/MyDrive/DataSet_Voice/happy/1077_TAI_HAP_XX.wav,happy,3
/content/drive/MyDrive/DataSet_Voice/happy/1077_IEO_HAP_HI.wav,happy,3
/content/drive/MyDrive/DataSet_Voice/happy/1072_IEO_HAP_HI.wav,happy,3
/content/drive/MyDrive/DataSet_Voice/happy/1076_TSI_HAP_XX.wav,happy,3
/content/drive/MyDrive/DataSet_Voice/happy/1071_MTI_HAP_XX.wav,happy,3
/content/drive/MyDrive/DataSet_Voice/happy/1075_ITH_HAP_XX.wav,happy,3
/content/drive/MyDrive/DataSet_Voice/happy/1069_WSI_HAP_XX.wav,happy,3
/content/drive/MyDrive/DataSet_Voice/happy/1070_ITS_HAP_XX.wav,happy,3
/content/drive/MyDrive/DataSet_Voice/happy/1066_TIE_HAP_XX.wav,happy,3
/content/drive/MyDrive/DataSet_Voice/happy/1073_IEO_HAP_HI.wav,happy,3
/content/drive/MyDrive/DataSet_Voice/happy/1078_IEO_HAP_LO.wav,happy,3
/content/drive/MyDrive/DataSet_Voice/happy/1067_MTI_HAP_XX.wav,happy,3
/content/drive/MyDrive/DataSet_Voice/happy/1066_TAI_HAP_XX.wav,happy,3
/content/drive/MyDrive/DataSet_Voice/happy/1070_IEO_HAP_MD.wav,happy,3
/content/drive/MyDrive/DataSet_Voice/happy/1075_TAI_HAP_XX.wav,happy,3
/content/drive/MyDrive/DataSet_Voice/happy/1075_IOM_HAP_XX.wav,happy,3
/content/drive/MyDrive/DataSet_Voice/happy/1071_TIE_HAP_XX.wav,happy,3
/content/drive/MyDrive/DataSet_Voice/happy/1073_ITH_HAP_XX.wav,happy,3
/content/drive/MyDrive/DataSet_Voice/happy/1064_IEO_HAP_LO.wav,happy,3
/content/drive/MyDrive/DataSet_Voice/happy/1073_IOM_HAP_XX.wav,happy,3
/content/drive/MyDrive/DataSet_Voice/happy/1069_IWW_HAP_XX.wav,happy,3
/content/drive/MyDrive/DataSet_Voice/happy/1068_TIE_HAP_XX.wav,happy,3
/content/drive/MyDrive/DataSet_Voice/happy/1075_TSI_HAP_XX.wav,happy,3
/content/drive/MyDrive/DataSet_Voice/happy/1065_TIE_HAP_XX.wav,happy,3
/content/drive/MyDrive/DataSet_Voice/happy/1072_IEO_HAP_LO.wav,happy,3
/content/drive/MyDrive/DataSet_Voice/happy/1076_TAI_HAP_XX.wav,happy,3
/content/drive/MyDrive/DataSet_Voice/happy/1074_TAI_HAP_XX.wav,happy,3
/content/drive/MyDrive/DataSet_Voice/happy/1069_IEO_HAP_HI.wav,happy,3
/content/drive/MyDrive/DataSet_Voice/happy/1070_IEO_HAP_LO.wav,happy,3
/content/drive/MyDrive/DataSet_Voice/happy/1066_WSI_HAP_XX.wav,happy,3
/content/drive/MyDrive/DataSet_Voice/happy/1065_MTI_HAP_XX.wav,happy,3
/content/drive/MyDrive/DataSet_Voice/happy/1074_DFA_HAP_XX.wav,happy,3
/content/drive/MyDrive/DataSet_Voice/happy/1068_DFA_HAP_XX.wav,happy,3
/content/drive/MyDrive/DataSet_Voice/happy/1076_ITS_HAP_XX.wav,happy,3
/content/drive/MyDrive/DataSet_Voice/happy/1077_IEO_HAP_LO.wav,happy,3
/content/drive/MyDrive/DataSet_Voice/happy/1072_ITS_HAP_XX.wav,happy,3
/content/drive/MyDrive/DataSet_Voice/happy/1074_IWL_HAP_XX.wav,happy,3
/content/drive/MyDrive/DataSet_Voice/happy/1075_ITS_HAP_XX.wav,happy,3
/content/drive/MyDrive/DataSet_Voice/happy/1067_IWL_HAP_XX.wav,happy,3
/content/drive/MyDrive/DataSet_Voice/happy/1074_ITH_HAP_XX.wav,happy,3
/content/drive/MyDrive/DataSet_Voice/happy/1073_WSI_HAP_XX.wav,happy,3
/content/drive/MyDrive/DataSet_Voice/happy/1078_IOM_HAP_XX.wav,happy,3
/content/drive/MyDrive/DataSet_Voice/happy/1068_IOM_HAP_XX.wav,happy,3
/content/drive/MyDrive/DataSet_Voice/happy/1074_MTI_HAP_XX.wav,happy,3
/content/drive/MyDrive/DataSet_Voice/happy/1077_MTI_HAP_XX.wav,happy,3
/content/drive/MyDrive/DataSet_Voice/happy/1070_IWW_HAP_XX.wav,happy,3
/content/drive/MyDrive/DataSet_Voice/happy/1070_IWL_HAP_XX.wav,happy,3
/content/drive/MyDrive/DataSet_Voice/happy/1065_IEO_HAP_HI.wav,happy,3
/content/drive/MyDrive/DataSet_Voice/happy/1076_ITH_HAP_XX.wav,happy,3
/content/drive/MyDrive/DataSet_Voice/happy/1071_IOM_HAP_XX.wav,happy,3
/content/drive/MyDrive/DataSet_Voice/happy/1078_DFA_HAP_XX.wav,happy,3
/content/drive/MyDrive/DataSet_Voice/happy/1072_WSI_HAP_XX.wav,happy,3
/content/drive/MyDrive/DataSet_Voice/happy/1065_IWL_HAP_XX.wav,happy,3
/content/drive/MyDrive/DataSet_Voice/happy/1072_IWL_HAP_XX.wav,happy,3
/content/drive/MyDrive/DataSet_Voice/happy/1069_ITS_HAP_XX.wav,happy,3
/content/drive/MyDrive/DataSet_Voice/happy/1076_IOM_HAP_XX.wav,happy,3
/content/drive/MyDrive/DataSet_Voice/happy/1074_IEO_HAP_LO.wav,happy,3
/content/drive/MyDrive/DataSet_Voice/happy/1074_WSI_HAP_XX.wav,happy,3
/content/drive/MyDrive/DataSet_Voice/happy/1072_IWW_HAP_XX.wav,happy,3
/content/drive/MyDrive/DataSet_Voice/happy/1075_TIE_HAP_XX.wav,happy,3
/content/drive/MyDrive/DataSet_Voice/happy/1067_WSI_HAP_XX.wav,happy,3
/content/drive/MyDrive/DataSet_Voice/happy/1067_TSI_HAP_XX.wav,happy,3
/content/drive/MyDrive/DataSet_Voice/happy/1063_TIE_HAP_XX.wav,happy,3
/content/drive/MyDrive/DataSet_Voice/happy/1087_IWL_HAP_XX.wav,happy,3
/content/drive/MyDrive/DataSet_Voice/happy/1091_ITS_HAP_XX.wav,happy,3
/content/drive/MyDrive/DataSet_Voice/happy/1084_IEO_HAP_LO.wav,happy,3
/content/drive/MyDrive/DataSet_Voice/happy/1083_IWL_HAP_XX.wav,happy,3
/content/drive/MyDrive/DataSet_Voice/happy/1078_ITS_HAP_XX.wav,happy,3
/content/drive/MyDrive/DataSet_Voice/happy/1082_IEO_HAP_HI.wav,happy,3
/content/drive/MyDrive/DataSet_Voice/happy/1082_ITS_HAP_XX.wav,happy,3
/content/drive/MyDrive/DataSet_Voice/happy/1085_IWL_HAP_XX.wav,happy,3
/content/drive/MyDrive/DataSet_Voice/happy/1091_TIE_HAP_XX.wav,happy,3
/content/drive/MyDrive/DataSet_Voice/happy/1079_MTI_HAP_XX.wav,happy,3
/content/drive/MyDrive/DataSet_Voice/happy/1078_TAI_HAP_XX.wav,happy,3
/content/drive/MyDrive/DataSet_Voice/happy/1090_TAI_HAP_XX.wav,happy,3
/content/drive/MyDrive/DataSet_Voice/happy/1080_TIE_HAP_XX.wav,happy,3
/content/drive/MyDrive/DataSet_Voice/happy/1080_IWW_HAP_XX.wav,happy,3
/content/drive/MyDrive/DataSet_Voice/happy/1084_TSI_HAP_XX.wav,happy,3
/content/drive/MyDrive/DataSet_Voice/happy/1082_TAI_HAP_XX.wav,happy,3
/content/drive/MyDrive/DataSet_Voice/happy/1080_ITH_HAP_XX.wav,happy,3
/content/drive/MyDrive/DataSet_Voice/happy/1079_IEO_HAP_LO.wav,happy,3
/content/drive/MyDrive/DataSet_Voice/happy/1087_MTI_HAP_XX.wav,happy,3
/content/drive/MyDrive/DataSet_Voice/happy/1082_IEO_HAP_MD.wav,happy,3
/content/drive/MyDrive/DataSet_Voice/happy/1088_WSI_HAP_XX.wav,happy,3
/content/drive/MyDrive/DataSet_Voice/happy/03-01-03-02-02-02-01.wav,happy,3
/content/drive/MyDrive/DataSet_Voice/happy/03-01-03-02-01-01-02.wav,happy,3
/content/drive/MyDrive/DataSet_Voice/happy/03-01-03-01-02-01-02.wav,happy,3
/content/drive/MyDrive/DataSet_Voice/happy/1078_IWL_HAP_XX.wav,happy,3
/content/drive/MyDrive/DataSet_Voice/happy/1086_IWW_HAP_XX.wav,happy,3
/content/drive/MyDrive/DataSet_Voice/happy/03-01-03-01-02-02-01.wav,happy,3
/content/drive/MyDrive/DataSet_Voice/happy/1085_TSI_HAP_XX.wav,happy,3
/content/drive/MyDrive/DataSet_Voice/happy/1083_IEO_HAP_HI.wav,happy,3
/content/drive/MyDrive/DataSet_Voice/happy/1081_IWL_HAP_XX.wav,happy,3
/content/drive/MyDrive/DataSet_Voice/happy/1085_MTI_HAP_XX.wav,happy,3
/content/drive/MyDrive/DataSet_Voice/happy/1086_IEO_HAP_MD.wav,happy,3
/content/drive/MyDrive/DataSet_Voice/happy/03-01-03-01-01-01-01.wav,happy,3
/content/drive/MyDrive/DataSet_Voice/happy/1084_TAI_HAP_XX.wav,happy,3
/content/drive/MyDrive/DataSet_Voice/happy/1079_TSI_HAP_XX.wav,happy,3
/content/drive/MyDrive/DataSet_Voice/happy/1080_IWL_HAP_XX.wav,happy,3
/content/drive/MyDrive/DataSet_Voice/happy/1089_IEO_HAP_HI.wav,happy,3
/content/drive/MyDrive/DataSet_Voice/happy/1079_WSI_HAP_XX.wav,happy,3
/content/drive/MyDrive/DataSet_Voice/happy/1080_DFA_HAP_XX.wav,happy,3
/content/drive/MyDrive/DataSet_Voice/happy/1079_IEO_HAP_HI.wav,happy,3
/content/drive/MyDrive/DataSet_Voice/happy/1089_IEO_HAP_MD.wav,happy,3
/content/drive/MyDrive/DataSet_Voice/happy/1079_IWW_HAP_XX.wav,happy,3
/content/drive/MyDrive/DataSet_Voice/happy/1081_IEO_HAP_MD.wav,happy,3
/content/drive/MyDrive/DataSet_Voice/happy/1090_IEO_HAP_MD.wav,happy,3
/content/drive/MyDrive/DataSet_Voice/happy/1085_WSI_HAP_XX.wav,happy,3
/content/drive/MyDrive/DataSet_Voice/happy/1087_ITS_HAP_XX.wav,happy,3
/content/drive/MyDrive/DataSet_Voice/happy/1087_IEO_HAP_HI.wav,happy,3
/content/drive/MyDrive/DataSet_Voice/happy/1086_ITH_HAP_XX.wav,happy,3
/content/drive/MyDrive/DataSet_Voice/happy/1086_IOM_HAP_XX.wav,happy,3
/content/drive/MyDrive/DataSet_Voice/happy/1090_IWW_HAP_XX.wav,happy,3
/content/drive/MyDrive/DataSet_Voice/happy/1083_TSI_HAP_XX.wav,happy,3
/content/drive/MyDrive/DataSet_Voice/happy/1090_WSI_HAP_XX.wav,happy,3
/content/drive/MyDrive/DataSet_Voice/happy/1083_IWW_HAP_XX.wav,happy,3
/content/drive/MyDrive/DataSet_Voice/happy/1088_IEO_HAP_MD.wav,happy,3
/content/drive/MyDrive/DataSet_Voice/happy/1086_IEO_HAP_HI.wav,happy,3
/content/drive/MyDrive/DataSet_Voice/happy/1083_IEO_HAP_MD.wav,happy,3
/content/drive/MyDrive/DataSet_Voice/happy/1082_IOM_HAP_XX.wav,happy,3
/content/drive/MyDrive/DataSet_Voice/happy/1090_IEO_HAP_HI.wav,happy,3
/content/drive/MyDrive/DataSet_Voice/happy/1084_IEO_HAP_HI.wav,happy,3
/content/drive/MyDrive/DataSet_Voice/happy/1081_IWW_HAP_XX.wav,happy,3
/content/drive/MyDrive/DataSet_Voice/happy/1085_TAI_HAP_XX.wav,happy,3
/content/drive/MyDrive/DataSet_Voice/happy/1087_TIE_HAP_XX.wav,happy,3
/content/drive/MyDrive/DataSet_Voice/happy/1080_IEO_HAP_HI.wav,happy,3
/content/drive/MyDrive/DataSet_Voice/happy/1083_IEO_HAP_LO.wav,happy,3
/content/drive/MyDrive/DataSet_Voice/happy/1082_TIE_HAP_XX.wav,happy,3
/content/drive/MyDrive/DataSet_Voice/happy/1080_ITS_HAP_XX.wav,happy,3
/content/drive/MyDrive/DataSet_Voice/happy/1081_MTI_HAP_XX.wav,happy,3
/content/drive/MyDrive/DataSet_Voice/happy/1086_MTI_HAP_XX.wav,happy,3
/content/drive/MyDrive/DataSet_Voice/happy/1083_TIE_HAP_XX.wav,happy,3
/content/drive/MyDrive/DataSet_Voice/happy/1090_TIE_HAP_XX.wav,happy,3
/content/drive/MyDrive/DataSet_Voice/happy/1080_IEO_HAP_MD.wav,happy,3
/content/drive/MyDrive/DataSet_Voice/happy/1084_TIE_HAP_XX.wav,happy,3
/content/drive/MyDrive/DataSet_Voice/happy/1091_IEO_HAP_MD.wav,happy,3
/content/drive/MyDrive/DataSet_Voice/happy/1091_WSI_HAP_XX.wav,happy,3
/content/drive/MyDrive/DataSet_Voice/happy/1086_TAI_HAP_XX.wav,happy,3
/content/drive/MyDrive/DataSet_Voice/happy/1078_MTI_HAP_XX.wav,happy,3
/content/drive/MyDrive/DataSet_Voice/happy/1087_IWW_HAP_XX.wav,happy,3
/content/drive/MyDrive/DataSet_Voice/happy/1079_IEO_HAP_MD.wav,happy,3
/content/drive/MyDrive/DataSet_Voice/happy/1080_WSI_HAP_XX.wav,happy,3
/content/drive/MyDrive/DataSet_Voice/happy/1090_IOM_HAP_XX.wav,happy,3
/content/drive/MyDrive/DataSet_Voice/happy/1083_TAI_HAP_XX.wav,happy,3
/content/drive/MyDrive/DataSet_Voice/happy/1091_IWL_HAP_XX.wav,happy,3
/content/drive/MyDrive/DataSet_Voice/happy/1091_IOM_HAP_XX.wav,happy,3
/content/drive/MyDrive/DataSet_Voice/happy/03-01-03-02-01-02-01.wav,happy,3
/content/drive/MyDrive/DataSet_Voice/happy/03-01-03-01-01-02-02.wav,happy,3
/content/drive/MyDrive/DataSet_Voice/happy/1079_TIE_HAP_XX.wav,happy,3
/content/drive/MyDrive/DataSet_Voice/happy/1089_IWW_HAP_XX.wav,happy,3
/content/drive/MyDrive/DataSet_Voice/happy/1082_IWW_HAP_XX.wav,happy,3
/content/drive/MyDrive/DataSet_Voice/happy/1087_TAI_HAP_XX.wav,happy,3
/content/drive/MyDrive/DataSet_Voice/happy/1081_IOM_HAP_XX.wav,happy,3
/content/drive/MyDrive/DataSet_Voice/happy/1081_ITS_HAP_XX.wav,happy,3
/content/drive/MyDrive/DataSet_Voice/happy/1091_IEO_HAP_LO.wav,happy,3
/content/drive/MyDrive/DataSet_Voice/happy/1079_DFA_HAP_XX.wav,happy,3
/content/drive/MyDrive/DataSet_Voice/happy/1085_IOM_HAP_XX.wav,happy,3
/content/drive/MyDrive/DataSet_Voice/happy/1081_TAI_HAP_XX.wav,happy,3
/content/drive/MyDrive/DataSet_Voice/happy/1084_WSI_HAP_XX.wav,happy,3
/content/drive/MyDrive/DataSet_Voice/happy/03-01-03-02-02-01-01.wav,happy,3
/content/drive/MyDrive/DataSet_Voice/happy/1088_DFA_HAP_XX.wav,happy,3
/content/drive/MyDrive/DataSet_Voice/happy/1091_IEO_HAP_HI.wav,happy,3
/content/drive/MyDrive/DataSet_Voice/happy/1090_MTI_HAP_XX.wav,happy,3
/content/drive/MyDrive/DataSet_Voice/happy/1078_TIE_HAP_XX.wav,happy,3
/content/drive/MyDrive/DataSet_Voice/happy/03-01-03-01-01-02-01.wav,happy,3
/content/drive/MyDrive/DataSet_Voice/happy/1081_IEO_HAP_LO.wav,happy,3
/content/drive/MyDrive/DataSet_Voice/happy/1089_IWL_HAP_XX.wav,happy,3
/content/drive/MyDrive/DataSet_Voice/happy/1087_WSI_HAP_XX.wav,happy,3
/content/drive/MyDrive/DataSet_Voice/happy/1085_IEO_HAP_LO.wav,happy,3
/content/drive/MyDrive/DataSet_Voice/happy/1089_TIE_HAP_XX.wav,happy,3
/content/drive/MyDrive/DataSet_Voice/happy/1089_TSI_HAP_XX.wav,happy,3
/content/drive/MyDrive/DataSet_Voice/happy/1082_WSI_HAP_XX.wav,happy,3
/content/drive/MyDrive/DataSet_Voice/happy/1090_ITH_HAP_XX.wav,happy,3
/content/drive/MyDrive/DataSet_Voice/happy/1090_ITS_HAP_XX.wav,happy,3
/content/drive/MyDrive/DataSet_Voice/happy/1086_IEO_HAP_LO.wav,happy,3
/content/drive/MyDrive/DataSet_Voice/happy/1088_TIE_HAP_XX.wav,happy,3
/content/drive/MyDrive/DataSet_Voice/happy/1091_ITH_HAP_XX.wav,happy,3
/content/drive/MyDrive/DataSet_Voice/happy/1089_ITS_HAP_XX.wav,happy,3
/content/drive/MyDrive/DataSet_Voice/happy/1084_MTI_HAP_XX.wav,happy,3
/content/drive/MyDrive/DataSet_Voice/happy/1087_IOM_HAP_XX.wav,happy,3
/content/drive/MyDrive/DataSet_Voice/happy/1084_ITH_HAP_XX.wav,happy,3
/content/drive/MyDrive/DataSet_Voice/happy/1086_IWL_HAP_XX.wav,happy,3
/content/drive/MyDrive/DataSet_Voice/happy/1084_IWL_HAP_XX.wav,happy,3
/content/drive/MyDrive/DataSet_Voice/happy/1080_IEO_HAP_LO.wav,happy,3
/content/drive/MyDrive/DataSet_Voice/happy/03-01-03-01-02-02-02.wav,happy,3
/content/drive/MyDrive/DataSet_Voice/happy/1078_TSI_HAP_XX.wav,happy,3
/content/drive/MyDrive/DataSet_Voice/happy/1084_DFA_HAP_XX.wav,happy,3
/content/drive/MyDrive/DataSet_Voice/happy/1089_ITH_HAP_XX.wav,happy,3
/content/drive/MyDrive/DataSet_Voice/happy/1085_ITH_HAP_XX.wav,happy,3
/content/drive/MyDrive/DataSet_Voice/happy/1089_MTI_HAP_XX.wav,happy,3
/content/drive/MyDrive/DataSet_Voice/happy/1079_TAI_HAP_XX.wav,happy,3
/content/drive/MyDrive/DataSet_Voice/happy/1087_TSI_HAP_XX.wav,happy,3
/content/drive/MyDrive/DataSet_Voice/happy/03-01-03-02-02-02-02.wav,happy,3
/content/drive/MyDrive/DataSet_Voice/happy/1085_IEO_HAP_MD.wav,happy,3
/content/drive/MyDrive/DataSet_Voice/happy/1087_DFA_HAP_XX.wav,happy,3
/content/drive/MyDrive/DataSet_Voice/happy/1081_DFA_HAP_XX.wav,happy,3
/content/drive/MyDrive/DataSet_Voice/happy/1090_IWL_HAP_XX.wav,happy,3
/content/drive/MyDrive/DataSet_Voice/happy/1089_WSI_HAP_XX.wav,happy,3
/content/drive/MyDrive/DataSet_Voice/happy/1091_TSI_HAP_XX.wav,happy,3
/content/drive/MyDrive/DataSet_Voice/happy/1088_IWW_HAP_XX.wav,happy,3
/content/drive/MyDrive/DataSet_Voice/happy/1088_ITS_HAP_XX.wav,happy,3
/content/drive/MyDrive/DataSet_Voice/happy/1091_MTI_HAP_XX.wav,happy,3
/content/drive/MyDrive/DataSet_Voice/happy/1089_IOM_HAP_XX.wav,happy,3
/content/drive/MyDrive/DataSet_Voice/happy/1091_TAI_HAP_XX.wav,happy,3
/content/drive/MyDrive/DataSet_Voice/happy/1086_ITS_HAP_XX.wav,happy,3
/content/drive/MyDrive/DataSet_Voice/happy/1088_ITH_HAP_XX.wav,happy,3
/content/drive/MyDrive/DataSet_Voice/happy/1079_IOM_HAP_XX.wav,happy,3
/content/drive/MyDrive/DataSet_Voice/happy/1084_IEO_HAP_MD.wav,happy,3
/content/drive/MyDrive/DataSet_Voice/happy/1090_DFA_HAP_XX.wav,happy,3
/content/drive/MyDrive/DataSet_Voice/happy/1088_MTI_HAP_XX.wav,happy,3
/content/drive/MyDrive/DataSet_Voice/happy/1085_ITS_HAP_XX.wav,happy,3
/content/drive/MyDrive/DataSet_Voice/happy/1091_IWW_HAP_XX.wav,happy,3
/content/drive/MyDrive/DataSet_Voice/happy/1082_IEO_HAP_LO.wav,happy,3
/content/drive/MyDrive/DataSet_Voice/happy/1081_TSI_HAP_XX.wav,happy,3
/content/drive/MyDrive/DataSet_Voice/happy/1081_IEO_HAP_HI.wav,happy,3
/content/drive/MyDrive/DataSet_Voice/happy/1086_DFA_HAP_XX.wav,happy,3
/content/drive/MyDrive/DataSet_Voice/happy/1081_TIE_HAP_XX.wav,happy,3
/content/drive/MyDrive/DataSet_Voice/happy/1085_IWW_HAP_XX.wav,happy,3
/content/drive/MyDrive/DataSet_Voice/happy/1085_IEO_HAP_HI.wav,happy,3
/content/drive/MyDrive/DataSet_Voice/happy/1082_MTI_HAP_XX.wav,happy,3
/content/drive/MyDrive/DataSet_Voice/happy/1083_ITS_HAP_XX.wav,happy,3
/content/drive/MyDrive/DataSet_Voice/happy/1088_IOM_HAP_XX.wav,happy,3
/content/drive/MyDrive/DataSet_Voice/happy/1087_IEO_HAP_LO.wav,happy,3
/content/drive/MyDrive/DataSet_Voice/happy/1088_IEO_HAP_LO.wav,happy,3
/content/drive/MyDrive/DataSet_Voice/happy/1090_IEO_HAP_LO.wav,happy,3
/content/drive/MyDrive/DataSet_Voice/happy/1082_DFA_HAP_XX.wav,happy,3
/content/drive/MyDrive/DataSet_Voice/happy/03-01-03-02-01-01-01.wav,happy,3
/content/drive/MyDrive/DataSet_Voice/happy/1084_IWW_HAP_XX.wav,happy,3
/content/drive/MyDrive/DataSet_Voice/happy/1082_IWL_HAP_XX.wav,happy,3
/content/drive/MyDrive/DataSet_Voice/happy/1090_TSI_HAP_XX.wav,happy,3
/content/drive/MyDrive/DataSet_Voice/happy/1083_IOM_HAP_XX.wav,happy,3
/content/drive/MyDrive/DataSet_Voice/happy/1086_TSI_HAP_XX.wav,happy,3
/content/drive/MyDrive/DataSet_Voice/happy/1085_DFA_HAP_XX.wav,happy,3
/content/drive/MyDrive/DataSet_Voice/happy/1086_WSI_HAP_XX.wav,happy,3
/content/drive/MyDrive/DataSet_Voice/happy/1087_ITH_HAP_XX.wav,happy,3
/content/drive/MyDrive/DataSet_Voice/happy/1080_TSI_HAP_XX.wav,happy,3
/content/drive/MyDrive/DataSet_Voice/happy/1083_DFA_HAP_XX.wav,happy,3
/content/drive/MyDrive/DataSet_Voice/happy/1080_MTI_HAP_XX.wav,happy,3
/content/drive/MyDrive/DataSet_Voice/happy/1084_IOM_HAP_XX.wav,happy,3
/content/drive/MyDrive/DataSet_Voice/happy/1078_IWW_HAP_XX.wav,happy,3
/content/drive/MyDrive/DataSet_Voice/happy/1089_IEO_HAP_LO.wav,happy,3
/content/drive/MyDrive/DataSet_Voice/happy/1088_IWL_HAP_XX.wav,happy,3
/content/drive/MyDrive/DataSet_Voice/happy/1086_TIE_HAP_XX.wav,happy,3
/content/drive/MyDrive/DataSet_Voice/happy/1081_WSI_HAP_XX.wav,happy,3
/content/drive/MyDrive/DataSet_Voice/happy/1083_WSI_HAP_XX.wav,happy,3
/content/drive/MyDrive/DataSet_Voice/happy/1080_TAI_HAP_XX.wav,happy,3
/content/drive/MyDrive/DataSet_Voice/happy/1083_MTI_HAP_XX.wav,happy,3
/content/drive/MyDrive/DataSet_Voice/happy/1089_TAI_HAP_XX.wav,happy,3
/content/drive/MyDrive/DataSet_Voice/happy/1088_TAI_HAP_XX.wav,happy,3
/content/drive/MyDrive/DataSet_Voice/happy/1085_TIE_HAP_XX.wav,happy,3
/content/drive/MyDrive/DataSet_Voice/happy/03-01-03-02-02-01-02.wav,happy,3
/content/drive/MyDrive/DataSet_Voice/happy/1081_ITH_HAP_XX.wav,happy,3
/content/drive/MyDrive/DataSet_Voice/happy/1083_ITH_HAP_XX.wav,happy,3
/content/drive/MyDrive/DataSet_Voice/happy/1082_ITH_HAP_XX.wav,happy,3
/content/drive/MyDrive/DataSet_Voice/happy/1084_ITS_HAP_XX.wav,happy,3
/content/drive/MyDrive/DataSet_Voice/happy/1088_TSI_HAP_XX.wav,happy,3
/content/drive/MyDrive/DataSet_Voice/happy/1087_IEO_HAP_MD.wav,happy,3
/content/drive/MyDrive/DataSet_Voice/happy/1082_TSI_HAP_XX.wav,happy,3
/content/drive/MyDrive/DataSet_Voice/happy/1079_IWL_HAP_XX.wav,happy,3
/content/drive/MyDrive/DataSet_Voice/happy/03-01-03-02-01-02-02.wav,happy,3
/content/drive/MyDrive/DataSet_Voice/happy/1078_WSI_HAP_XX.wav,happy,3
/content/drive/MyDrive/DataSet_Voice/happy/1088_IEO_HAP_HI.wav,happy,3
/content/drive/MyDrive/DataSet_Voice/happy/03-01-03-01-02-01-01.wav,happy,3
/content/drive/MyDrive/DataSet_Voice/happy/1089_DFA_HAP_XX.wav,happy,3
/content/drive/MyDrive/DataSet_Voice/happy/1079_ITH_HAP_XX.wav,happy,3
/content/drive/MyDrive/DataSet_Voice/happy/03-01-03-01-01-01-02.wav,happy,3
/content/drive/MyDrive/DataSet_Voice/happy/1080_IOM_HAP_XX.wav,happy,3
/content/drive/MyDrive/DataSet_Voice/happy/1079_ITS_HAP_XX.wav,happy,3
/content/drive/MyDrive/DataSet_Voice/happy/1091_DFA_HAP_XX.wav,happy,3
/content/drive/MyDrive/DataSet_Voice/happy/03-01-03-01-01-01-03.wav,happy,3
/content/drive/MyDrive/DataSet_Voice/happy/03-01-03-02-02-02-03.wav,happy,3
/content/drive/MyDrive/DataSet_Voice/happy/03-01-03-02-01-02-06.wav,happy,3
/content/drive/MyDrive/DataSet_Voice/happy/03-01-03-01-02-01-12.wav,happy,3
/content/drive/MyDrive/DataSet_Voice/happy/03-01-03-02-01-01-07.wav,happy,3
/content/drive/MyDrive/DataSet_Voice/happy/03-01-03-02-02-02-07.wav,happy,3
/content/drive/MyDrive/DataSet_Voice/happy/03-01-03-01-01-01-12.wav,happy,3
/content/drive/MyDrive/DataSet_Voice/happy/03-01-03-02-01-01-17.wav,happy,3
/content/drive/MyDrive/DataSet_Voice/happy/03-01-03-01-02-01-10.wav,happy,3
/content/drive/MyDrive/DataSet_Voice/happy/03-01-03-01-01-01-13.wav,happy,3
/content/drive/MyDrive/DataSet_Voice/happy/03-01-03-02-02-01-05.wav,happy,3
/content/drive/MyDrive/DataSet_Voice/happy/03-01-03-02-01-01-16.wav,happy,3
/content/drive/MyDrive/DataSet_Voice/happy/03-01-03-02-01-01-06.wav,happy,3
/content/drive/MyDrive/DataSet_Voice/happy/03-01-03-02-02-02-06.wav,happy,3
/content/drive/MyDrive/DataSet_Voice/happy/03-01-03-01-01-01-11.wav,happy,3
/content/drive/MyDrive/DataSet_Voice/happy/03-01-03-02-02-01-16.wav,happy,3
/content/drive/MyDrive/DataSet_Voice/happy/03-01-03-01-02-02-10.wav,happy,3
/content/drive/MyDrive/DataSet_Voice/happy/03-01-03-01-01-01-05.wav,happy,3
/content/drive/MyDrive/DataSet_Voice/happy/03-01-03-02-02-01-08.wav,happy,3
/content/drive/MyDrive/DataSet_Voice/happy/03-01-03-02-02-02-16.wav,happy,3
/content/drive/MyDrive/DataSet_Voice/happy/03-01-03-01-02-01-14.wav,happy,3
/content/drive/MyDrive/DataSet_Voice/happy/03-01-03-01-01-02-08.wav,happy,3
/content/drive/MyDrive/DataSet_Voice/happy/03-01-03-02-01-02-04.wav,happy,3
/content/drive/MyDrive/DataSet_Voice/happy/03-01-03-01-01-01-18.wav,happy,3
/content/drive/MyDrive/DataSet_Voice/happy/03-01-03-01-02-01-16.wav,happy,3
/content/drive/MyDrive/DataSet_Voice/happy/03-01-03-02-01-01-03.wav,happy,3
/content/drive/MyDrive/DataSet_Voice/happy/03-01-03-01-02-02-04.wav,happy,3
/content/drive/MyDrive/DataSet_Voice/happy/03-01-03-01-02-01-08.wav,happy,3
/content/drive/MyDrive/DataSet_Voice/happy/03-01-03-01-02-01-07.wav,happy,3
/content/drive/MyDrive/DataSet_Voice/happy/03-01-03-01-02-02-08.wav,happy,3
/content/drive/MyDrive/DataSet_Voice/happy/03-01-03-01-01-01-06.wav,happy,3
/content/drive/MyDrive/DataSet_Voice/happy/03-01-03-02-01-02-13.wav,happy,3
/content/drive/MyDrive/DataSet_Voice/happy/03-01-03-01-01-02-04.wav,happy,3
/content/drive/MyDrive/DataSet_Voice/happy/03-01-03-02-02-01-04.wav,happy,3
/content/drive/MyDrive/DataSet_Voice/happy/03-01-03-02-02-02-04.wav,happy,3
/content/drive/MyDrive/DataSet_Voice/happy/03-01-03-02-01-01-10.wav,happy,3
/content/drive/MyDrive/DataSet_Voice/happy/03-01-03-02-01-02-15.wav,happy,3
/content/drive/MyDrive/DataSet_Voice/happy/03-01-03-01-02-01-06.wav,happy,3
/content/drive/MyDrive/DataSet_Voice/happy/03-01-03-01-01-01-10.wav,happy,3
/content/drive/MyDrive/DataSet_Voice/happy/03-01-03-02-01-02-08.wav,happy,3
/content/drive/MyDrive/DataSet_Voice/happy/03-01-03-02-02-02-17.wav,happy,3
/content/drive/MyDrive/DataSet_Voice/happy/03-01-03-01-01-02-07.wav,happy,3
/content/drive/MyDrive/DataSet_Voice/happy/03-01-03-02-01-01-09.wav,happy,3
/content/drive/MyDrive/DataSet_Voice/happy/03-01-03-02-01-01-11.wav,happy,3
/content/drive/MyDrive/DataSet_Voice/happy/03-01-03-01-02-01-03.wav,happy,3
/content/drive/MyDrive/DataSet_Voice/happy/03-01-03-02-01-01-15.wav,happy,3
/content/drive/MyDrive/DataSet_Voice/happy/03-01-03-02-01-02-12.wav,happy,3
/content/drive/MyDrive/DataSet_Voice/happy/03-01-03-01-01-02-12.wav,happy,3
/content/drive/MyDrive/DataSet_Voice/happy/03-01-03-02-01-01-18.wav,happy,3
/content/drive/MyDrive/DataSet_Voice/happy/03-01-03-02-02-01-09.wav,happy,3
/content/drive/MyDrive/DataSet_Voice/happy/03-01-03-01-01-02-10.wav,happy,3
/content/drive/MyDrive/DataSet_Voice/happy/03-01-03-01-02-02-06.wav,happy,3
/content/drive/MyDrive/DataSet_Voice/happy/03-01-03-02-01-02-14.wav,happy,3
/content/drive/MyDrive/DataSet_Voice/happy/03-01-03-02-01-02-16.wav,happy,3
/content/drive/MyDrive/DataSet_Voice/happy/03-01-03-01-02-01-11.wav,happy,3
/content/drive/MyDrive/DataSet_Voice/happy/03-01-03-02-02-02-11.wav,happy,3
/content/drive/MyDrive/DataSet_Voice/happy/03-01-03-01-02-02-09.wav,happy,3
/content/drive/MyDrive/DataSet_Voice/happy/03-01-03-01-02-02-07.wav,happy,3
/content/drive/MyDrive/DataSet_Voice/happy/03-01-03-02-02-02-05.wav,happy,3
/content/drive/MyDrive/DataSet_Voice/happy/03-01-03-02-02-01-17.wav,happy,3
/content/drive/MyDrive/DataSet_Voice/happy/03-01-03-01-01-01-07.wav,happy,3
/content/drive/MyDrive/DataSet_Voice/happy/03-01-03-02-01-01-05.wav,happy,3
/content/drive/MyDrive/DataSet_Voice/happy/03-01-03-02-01-02-18.wav,happy,3
/content/drive/MyDrive/DataSet_Voice/happy/03-01-03-01-02-01-18.wav,happy,3
/content/drive/MyDrive/DataSet_Voice/happy/03-01-03-02-02-01-12.wav,happy,3
/content/drive/MyDrive/DataSet_Voice/happy/03-01-03-01-01-02-15.wav,happy,3
/content/drive/MyDrive/DataSet_Voice/happy/03-01-03-02-02-02-18.wav,happy,3
/content/drive/MyDrive/DataSet_Voice/happy/03-01-03-01-02-01-17.wav,happy,3
/content/drive/MyDrive/DataSet_Voice/happy/03-01-03-01-01-02-06.wav,happy,3
/content/drive/MyDrive/DataSet_Voice/happy/03-01-03-02-02-01-06.wav,happy,3
/content/drive/MyDrive/DataSet_Voice/happy/03-01-03-02-01-02-17.wav,happy,3
/content/drive/MyDrive/DataSet_Voice/happy/03-01-03-01-02-02-11.wav,happy,3
/content/drive/MyDrive/DataSet_Voice/happy/03-01-03-01-02-02-12.wav,happy,3
/content/drive/MyDrive/DataSet_Voice/happy/03-01-03-01-02-02-18.wav,happy,3
/content/drive/MyDrive/DataSet_Voice/happy/03-01-03-01-02-02-14.wav,happy,3
/content/drive/MyDrive/DataSet_Voice/happy/03-01-03-01-01-01-14.wav,happy,3
/content/drive/MyDrive/DataSet_Voice/happy/03-01-03-01-02-01-04.wav,happy,3
/content/drive/MyDrive/DataSet_Voice/happy/03-01-03-01-01-02-13.wav,happy,3
/content/drive/MyDrive/DataSet_Voice/happy/03-01-03-01-02-01-09.wav,happy,3
/content/drive/MyDrive/DataSet_Voice/happy/03-01-03-01-02-02-16.wav,happy,3
/content/drive/MyDrive/DataSet_Voice/happy/03-01-03-01-01-02-17.wav,happy,3
/content/drive/MyDrive/DataSet_Voice/happy/03-01-03-01-02-01-15.wav,happy,3
/content/drive/MyDrive/DataSet_Voice/happy/03-01-03-02-02-01-13.wav,happy,3
/content/drive/MyDrive/DataSet_Voice/happy/03-01-03-02-01-01-14.wav,happy,3
/content/drive/MyDrive/DataSet_Voice/happy/03-01-03-02-02-01-11.wav,happy,3
/content/drive/MyDrive/DataSet_Voice/happy/03-01-03-02-02-01-07.wav,happy,3
/content/drive/MyDrive/DataSet_Voice/happy/03-01-03-02-02-01-14.wav,happy,3
/content/drive/MyDrive/DataSet_Voice/happy/03-01-03-01-01-02-16.wav,happy,3
/content/drive/MyDrive/DataSet_Voice/happy/03-01-03-02-01-02-03.wav,happy,3
/content/drive/MyDrive/DataSet_Voice/happy/03-01-03-01-02-02-15.wav,happy,3
/content/drive/MyDrive/DataSet_Voice/happy/03-01-03-01-02-02-03.wav,happy,3
/content/drive/MyDrive/DataSet_Voice/happy/03-01-03-02-01-02-09.wav,happy,3
/content/drive/MyDrive/DataSet_Voice/happy/03-01-03-01-01-01-04.wav,happy,3
/content/drive/MyDrive/DataSet_Voice/happy/03-01-03-02-02-01-18.wav,happy,3
/content/drive/MyDrive/DataSet_Voice/happy/03-01-03-01-01-02-09.wav,happy,3
/content/drive/MyDrive/DataSet_Voice/happy/03-01-03-01-01-02-05.wav,happy,3
/content/drive/MyDrive/DataSet_Voice/happy/03-01-03-02-02-02-09.wav,happy,3
/content/drive/MyDrive/DataSet_Voice/happy/03-01-03-01-02-02-17.wav,happy,3
/content/drive/MyDrive/DataSet_Voice/happy/03-01-03-01-01-02-14.wav,happy,3
/content/drive/MyDrive/DataSet_Voice/happy/03-01-03-01-01-02-18.wav,happy,3
/content/drive/MyDrive/DataSet_Voice/happy/03-01-03-02-01-02-05.wav,happy,3
/content/drive/MyDrive/DataSet_Voice/happy/03-01-03-01-02-02-05.wav,happy,3
/content/drive/MyDrive/DataSet_Voice/happy/03-01-03-02-02-02-08.wav,happy,3
/content/drive/MyDrive/DataSet_Voice/happy/03-01-03-01-01-01-15.wav,happy,3
/content/drive/MyDrive/DataSet_Voice/happy/03-01-03-02-01-02-07.wav,happy,3
/content/drive/MyDrive/DataSet_Voice/happy/03-01-03-01-01-01-09.wav,happy,3
/content/drive/MyDrive/DataSet_Voice/happy/03-01-03-02-02-02-14.wav,happy,3
/content/drive/MyDrive/DataSet_Voice/happy/03-01-03-01-02-01-05.wav,happy,3
/content/drive/MyDrive/DataSet_Voice/happy/03-01-03-01-01-02-03.wav,happy,3
/content/drive/MyDrive/DataSet_Voice/happy/03-01-03-02-01-01-12.wav,happy,3
/content/drive/MyDrive/DataSet_Voice/happy/03-01-03-01-01-01-16.wav,happy,3
/content/drive/MyDrive/DataSet_Voice/happy/03-01-03-02-01-01-13.wav,happy,3
/content/drive/MyDrive/DataSet_Voice/happy/03-01-03-01-02-02-13.wav,happy,3
/content/drive/MyDrive/DataSet_Voice/happy/03-01-03-02-02-01-10.wav,happy,3
/content/drive/MyDrive/DataSet_Voice/happy/03-01-03-02-02-01-15.wav,happy,3
/content/drive/MyDrive/DataSet_Voice/happy/03-01-03-02-01-01-04.wav,happy,3
/content/drive/MyDrive/DataSet_Voice/happy/03-01-03-01-01-01-17.wav,happy,3
/content/drive/MyDrive/DataSet_Voice/happy/03-01-03-02-01-02-10.wav,happy,3
/content/drive/MyDrive/DataSet_Voice/happy/03-01-03-02-02-02-12.wav,happy,3
/content/drive/MyDrive/DataSet_Voice/happy/03-01-03-02-02-02-15.wav,happy,3
/content/drive/MyDrive/DataSet_Voice/happy/03-01-03-02-02-01-03.wav,happy,3
/content/drive/MyDrive/DataSet_Voice/happy/03-01-03-02-02-02-13.wav,happy,3
/content/drive/MyDrive/DataSet_Voice/happy/03-01-03-01-01-02-11.wav,happy,3
/content/drive/MyDrive/DataSet_Voice/happy/03-01-03-01-01-01-08.wav,happy,3
/content/drive/MyDrive/DataSet_Voice/happy/03-01-03-01-02-01-13.wav,happy,3
/content/drive/MyDrive/DataSet_Voice/happy/03-01-03-02-02-02-10.wav,happy,3
/content/drive/MyDrive/DataSet_Voice/happy/03-01-03-02-01-02-11.wav,happy,3
/content/drive/MyDrive/DataSet_Voice/happy/03-01-03-02-01-01-08.wav,happy,3
/content/drive/MyDrive/DataSet_Voice/happy/OAF_doll_happy.wav,happy,3
/content/drive/MyDrive/DataSet_Voice/happy/03-01-03-01-01-02-24.wav,happy,3
/content/drive/MyDrive/DataSet_Voice/happy/OAF_love_happy.wav,happy,3
/content/drive/MyDrive/DataSet_Voice/happy/OAF_base_happy.wav,happy,3
/content/drive/MyDrive/DataSet_Voice/happy/OAF_death_happy.wav,happy,3
/content/drive/MyDrive/DataSet_Voice/happy/OAF_mode_happy.wav,happy,3
/content/drive/MyDrive/DataSet_Voice/happy/OAF_learn_happy.wav,happy,3
/content/drive/MyDrive/DataSet_Voice/happy/OAF_juice_happy.wav,happy,3
/content/drive/MyDrive/DataSet_Voice/happy/03-01-03-02-02-02-20.wav,happy,3
/content/drive/MyDrive/DataSet_Voice/happy/03-01-03-01-02-02-19.wav,happy,3
/content/drive/MyDrive/DataSet_Voice/happy/OAF_knock_happy.wav,happy,3
/content/drive/MyDrive/DataSet_Voice/happy/03-01-03-02-02-01-23.wav,happy,3
/content/drive/MyDrive/DataSet_Voice/happy/OAF_door_happy.wav,happy,3
/content/drive/MyDrive/DataSet_Voice/happy/03-01-03-01-02-01-21.wav,happy,3
/content/drive/MyDrive/DataSet_Voice/happy/OAF_home_happy.wav,happy,3
/content/drive/MyDrive/DataSet_Voice/happy/OAF_king_happy.wav,happy,3
/content/drive/MyDrive/DataSet_Voice/happy/03-01-03-01-02-01-24.wav,happy,3
/content/drive/MyDrive/DataSet_Voice/happy/OAF_long_happy.wav,happy,3
/content/drive/MyDrive/DataSet_Voice/happy/03-01-03-02-02-02-19.wav,happy,3
/content/drive/MyDrive/DataSet_Voice/happy/03-01-03-02-01-01-22.wav,happy,3
/content/drive/MyDrive/DataSet_Voice/happy/OAF_hire_happy.wav,happy,3
/content/drive/MyDrive/DataSet_Voice/happy/03-01-03-01-01-01-23.wav,happy,3
/content/drive/MyDrive/DataSet_Voice/happy/OAF_lease_happy.wav,happy,3
/content/drive/MyDrive/DataSet_Voice/happy/OAF_life_happy.wav,happy,3
/content/drive/MyDrive/DataSet_Voice/happy/OAF_boat_happy.wav,happy,3
/content/drive/MyDrive/DataSet_Voice/happy/03-01-03-01-01-01-24.wav,happy,3
/content/drive/MyDrive/DataSet_Voice/happy/OAF_chain_happy.wav,happy,3
/content/drive/MyDrive/DataSet_Voice/happy/03-01-03-01-02-02-24.wav,happy,3
/content/drive/MyDrive/DataSet_Voice/happy/OAF_came_happy.wav,happy,3
/content/drive/MyDrive/DataSet_Voice/happy/OAF_good_happy.wav,happy,3
/content/drive/MyDrive/DataSet_Voice/happy/03-01-03-02-01-01-24.wav,happy,3
/content/drive/MyDrive/DataSet_Voice/happy/OAF_bath_happy.wav,happy,3
/content/drive/MyDrive/DataSet_Voice/happy/OAF_hole_happy.wav,happy,3
/content/drive/MyDrive/DataSet_Voice/happy/OAF_bone_happy.wav,happy,3
/content/drive/MyDrive/DataSet_Voice/happy/03-01-03-01-02-01-20.wav,happy,3
/content/drive/MyDrive/DataSet_Voice/happy/03-01-03-01-01-01-21.wav,happy,3
/content/drive/MyDrive/DataSet_Voice/happy/OAF_lose_happy.wav,happy,3
/content/drive/MyDrive/DataSet_Voice/happy/OAF_have_happy.wav,happy,3
/content/drive/MyDrive/DataSet_Voice/happy/OAF_gas_happy.wav,happy,3
/content/drive/MyDrive/DataSet_Voice/happy/OAF_dead_happy.wav,happy,3
/content/drive/MyDrive/DataSet_Voice/happy/OAF_jar_happy.wav,happy,3
/content/drive/MyDrive/DataSet_Voice/happy/OAF_kill_happy.wav,happy,3
/content/drive/MyDrive/DataSet_Voice/happy/OAF_keg_happy.wav,happy,3
/content/drive/MyDrive/DataSet_Voice/happy/OAF_goose_happy.wav,happy,3
/content/drive/MyDrive/DataSet_Voice/happy/OAF_limb_happy.wav,happy,3
/content/drive/MyDrive/DataSet_Voice/happy/03-01-03-02-01-02-23.wav,happy,3
/content/drive/MyDrive/DataSet_Voice/happy/OAF_check_happy.wav,happy,3
/content/drive/MyDrive/DataSet_Voice/happy/03-01-03-01-02-02-21.wav,happy,3
/content/drive/MyDrive/DataSet_Voice/happy/OAF_gun_happy.wav,happy,3
/content/drive/MyDrive/DataSet_Voice/happy/OAF_hate_happy.wav,happy,3
/content/drive/MyDrive/DataSet_Voice/happy/OAF_ditch_happy.wav,happy,3
/content/drive/MyDrive/DataSet_Voice/happy/OAF_hash_happy.wav,happy,3
/content/drive/MyDrive/DataSet_Voice/happy/OAF_burn_happy.wav,happy,3
/content/drive/MyDrive/DataSet_Voice/happy/OAF_hit_happy.wav,happy,3
/content/drive/MyDrive/DataSet_Voice/happy/OAF_jail_happy.wav,happy,3
/content/drive/MyDrive/DataSet_Voice/happy/OAF_bite_happy.wav,happy,3
/content/drive/MyDrive/DataSet_Voice/happy/OAF_chalk_happy.wav,happy,3
/content/drive/MyDrive/DataSet_Voice/happy/OAF_goal_happy.wav,happy,3
/content/drive/MyDrive/DataSet_Voice/happy/OAF_gin_happy.wav,happy,3
/content/drive/MyDrive/DataSet_Voice/happy/03-01-03-01-01-01-19.wav,happy,3
/content/drive/MyDrive/DataSet_Voice/happy/OAF_mob_happy.wav,happy,3
/content/drive/MyDrive/DataSet_Voice/happy/OAF_date_happy.wav,happy,3
/content/drive/MyDrive/DataSet_Voice/happy/OAF_bought_happy.wav,happy,3
/content/drive/MyDrive/DataSet_Voice/happy/OAF_dab_happy.wav,happy,3
/content/drive/MyDrive/DataSet_Voice/happy/OAF_germ_happy.wav,happy,3
/content/drive/MyDrive/DataSet_Voice/happy/OAF_loaf_happy.wav,happy,3
/content/drive/MyDrive/DataSet_Voice/happy/OAF_chief_happy.wav,happy,3
/content/drive/MyDrive/DataSet_Voice/happy/03-01-03-02-01-01-19.wav,happy,3
/content/drive/MyDrive/DataSet_Voice/happy/OAF_hurl_happy.wav,happy,3
/content/drive/MyDrive/DataSet_Voice/happy/OAF_live_happy.wav,happy,3
/content/drive/MyDrive/DataSet_Voice/happy/OAF_lean_happy.wav,happy,3
/content/drive/MyDrive/DataSet_Voice/happy/OAF_match_happy.wav,happy,3
/content/drive/MyDrive/DataSet_Voice/happy/03-01-03-02-02-01-22.wav,happy,3
/content/drive/MyDrive/DataSet_Voice/happy/OAF_fat_happy.wav,happy,3
/content/drive/MyDrive/DataSet_Voice/happy/03-01-03-02-02-02-24.wav,happy,3
/content/drive/MyDrive/DataSet_Voice/happy/OAF_mill_happy.wav,happy,3
/content/drive/MyDrive/DataSet_Voice/happy/OAF_kick_happy.wav,happy,3
/content/drive/MyDrive/DataSet_Voice/happy/OAF_cool_happy.wav,happy,3
/content/drive/MyDrive/DataSet_Voice/happy/03-01-03-02-01-01-23.wav,happy,3
/content/drive/MyDrive/DataSet_Voice/happy/03-01-03-01-01-02-22.wav,happy,3
/content/drive/MyDrive/DataSet_Voice/happy/03-01-03-01-01-01-20.wav,happy,3
/content/drive/MyDrive/DataSet_Voice/happy/03-01-03-01-01-02-23.wav,happy,3
/content/drive/MyDrive/DataSet_Voice/happy/OAF_make_happy.wav,happy,3
/content/drive/MyDrive/DataSet_Voice/happy/OAF_cab_happy.wav,happy,3
/content/drive/MyDrive/DataSet_Voice/happy/03-01-03-02-02-01-19.wav,happy,3
/content/drive/MyDrive/DataSet_Voice/happy/OAF_judge_happy.wav,happy,3
/content/drive/MyDrive/DataSet_Voice/happy/OAF_dip_happy.wav,happy,3
/content/drive/MyDrive/DataSet_Voice/happy/OAF_back_happy.wav,happy,3
/content/drive/MyDrive/DataSet_Voice/happy/OAF_moon_happy.wav,happy,3
/content/drive/MyDrive/DataSet_Voice/happy/03-01-03-01-01-01-22.wav,happy,3
/content/drive/MyDrive/DataSet_Voice/happy/03-01-03-02-01-02-24.wav,happy,3
/content/drive/MyDrive/DataSet_Voice/happy/OAF_deep_happy.wav,happy,3
/content/drive/MyDrive/DataSet_Voice/happy/OAF_hall_happy.wav,happy,3
/content/drive/MyDrive/DataSet_Voice/happy/OAF_lore_happy.wav,happy,3
/content/drive/MyDrive/DataSet_Voice/happy/OAF_laud_happy.wav,happy,3
/content/drive/MyDrive/DataSet_Voice/happy/OAF_merge_happy.wav,happy,3
/content/drive/MyDrive/DataSet_Voice/happy/OAF_mood_happy.wav,happy,3
/content/drive/MyDrive/DataSet_Voice/happy/OAF_fail_happy.wav,happy,3
/content/drive/MyDrive/DataSet_Voice/happy/03-01-03-02-02-01-21.wav,happy,3
/content/drive/MyDrive/DataSet_Voice/happy/OAF_mess_happy.wav,happy,3
/content/drive/MyDrive/DataSet_Voice/happy/OAF_five_happy.wav,happy,3
/content/drive/MyDrive/DataSet_Voice/happy/03-01-03-02-01-01-20.wav,happy,3
/content/drive/MyDrive/DataSet_Voice/happy/OAF_cheek_happy.wav,happy,3
/content/drive/MyDrive/DataSet_Voice/happy/OAF_bean_happy.wav,happy,3
/content/drive/MyDrive/DataSet_Voice/happy/03-01-03-02-01-02-21.wav,happy,3
/content/drive/MyDrive/DataSet_Voice/happy/03-01-03-01-02-02-20.wav,happy,3
/content/drive/MyDrive/DataSet_Voice/happy/03-01-03-01-02-01-23.wav,happy,3
/content/drive/MyDrive/DataSet_Voice/happy/OAF_chat_happy.wav,happy,3
/content/drive/MyDrive/DataSet_Voice/happy/OAF_chair_happy.wav,happy,3
/content/drive/MyDrive/DataSet_Voice/happy/03-01-03-02-02-02-22.wav,happy,3
/content/drive/MyDrive/DataSet_Voice/happy/OAF_calm_happy.wav,happy,3
/content/drive/MyDrive/DataSet_Voice/happy/OAF_haze_happy.wav,happy,3
/content/drive/MyDrive/DataSet_Voice/happy/OAF_join_happy.wav,happy,3
/content/drive/MyDrive/DataSet_Voice/happy/03-01-03-02-01-02-19.wav,happy,3
/content/drive/MyDrive/DataSet_Voice/happy/OAF_get_happy.wav,happy,3
/content/drive/MyDrive/DataSet_Voice/happy/03-01-03-02-01-01-21.wav,happy,3
/content/drive/MyDrive/DataSet_Voice/happy/OAF_keep_happy.wav,happy,3
/content/drive/MyDrive/DataSet_Voice/happy/OAF_late_happy.wav,happy,3
/content/drive/MyDrive/DataSet_Voice/happy/03-01-03-02-02-01-24.wav,happy,3
/content/drive/MyDrive/DataSet_Voice/happy/OAF_bar_happy.wav,happy,3
/content/drive/MyDrive/DataSet_Voice/happy/OAF_hush_happy.wav,happy,3
/content/drive/MyDrive/DataSet_Voice/happy/OAF_book_happy.wav,happy,3
/content/drive/MyDrive/DataSet_Voice/happy/03-01-03-02-02-02-21.wav,happy,3
/content/drive/MyDrive/DataSet_Voice/happy/OAF_jug_happy.wav,happy,3
/content/drive/MyDrive/DataSet_Voice/happy/03-01-03-01-02-01-19.wav,happy,3
/content/drive/MyDrive/DataSet_Voice/happy/OAF_dog_happy.wav,happy,3
/content/drive/MyDrive/DataSet_Voice/happy/03-01-03-01-01-02-20.wav,happy,3
/content/drive/MyDrive/DataSet_Voice/happy/OAF_half_happy.wav,happy,3
/content/drive/MyDrive/DataSet_Voice/happy/OAF_met_happy.wav,happy,3
/content/drive/MyDrive/DataSet_Voice/happy/OAF_dodge_happy.wav,happy,3
/content/drive/MyDrive/DataSet_Voice/happy/OAF_dime_happy.wav,happy,3
/content/drive/MyDrive/DataSet_Voice/happy/OAF_luck_happy.wav,happy,3
/content/drive/MyDrive/DataSet_Voice/happy/OAF_gaze_happy.wav,happy,3
/content/drive/MyDrive/DataSet_Voice/happy/OAF_food_happy.wav,happy,3
/content/drive/MyDrive/DataSet_Voice/happy/OAF_lid_happy.wav,happy,3
/content/drive/MyDrive/DataSet_Voice/happy/OAF_far_happy.wav,happy,3
/content/drive/MyDrive/DataSet_Voice/happy/OAF_fall_happy.wav,happy,3
/content/drive/MyDrive/DataSet_Voice/happy/OAF_mop_happy.wav,happy,3
/content/drive/MyDrive/DataSet_Voice/happy/03-01-03-02-02-01-20.wav,happy,3
/content/drive/MyDrive/DataSet_Voice/happy/03-01-03-01-02-01-22.wav,happy,3
/content/drive/MyDrive/DataSet_Voice/happy/03-01-03-02-01-02-20.wav,happy,3
/content/drive/MyDrive/DataSet_Voice/happy/OAF_gap_happy.wav,happy,3
/content/drive/MyDrive/DataSet_Voice/happy/03-01-03-02-01-02-22.wav,happy,3
/content/drive/MyDrive/DataSet_Voice/happy/03-01-03-01-01-02-19.wav,happy,3
/content/drive/MyDrive/DataSet_Voice/happy/OAF_kite_happy.wav,happy,3
/content/drive/MyDrive/DataSet_Voice/happy/OAF_choice_happy.wav,happy,3
/content/drive/MyDrive/DataSet_Voice/happy/OAF_keen_happy.wav,happy,3
/content/drive/MyDrive/DataSet_Voice/happy/OAF_lot_happy.wav,happy,3
/content/drive/MyDrive/DataSet_Voice/happy/OAF_cause_happy.wav,happy,3
/content/drive/MyDrive/DataSet_Voice/happy/03-01-03-02-02-02-23.wav,happy,3
/content/drive/MyDrive/DataSet_Voice/happy/OAF_fit_happy.wav,happy,3
/content/drive/MyDrive/DataSet_Voice/happy/OAF_beg_happy.wav,happy,3
/content/drive/MyDrive/DataSet_Voice/happy/03-01-03-01-01-02-21.wav,happy,3
/content/drive/MyDrive/DataSet_Voice/happy/03-01-03-01-02-02-23.wav,happy,3
/content/drive/MyDrive/DataSet_Voice/happy/03-01-03-01-02-02-22.wav,happy,3
/content/drive/MyDrive/DataSet_Voice/happy/YAF_calm_happy.wav,happy,3
/content/drive/MyDrive/DataSet_Voice/happy/OAF_nag_happy.wav,happy,3
/content/drive/MyDrive/DataSet_Voice/happy/YAF_chain_happy.wav,happy,3
/content/drive/MyDrive/DataSet_Voice/happy/YAF_gun_happy.wav,happy,3
/content/drive/MyDrive/DataSet_Voice/happy/OAF_pearl_happy.wav,happy,3
/content/drive/MyDrive/DataSet_Voice/happy/YAF_back_happy.wav,happy,3
/content/drive/MyDrive/DataSet_Voice/happy/YAF_doll_happy.wav,happy,3
/content/drive/MyDrive/DataSet_Voice/happy/YAF_gas_happy.wav,happy,3
/content/drive/MyDrive/DataSet_Voice/happy/OAF_rain_happy.wav,happy,3
/content/drive/MyDrive/DataSet_Voice/happy/OAF_search_happy.wav,happy,3
/content/drive/MyDrive/DataSet_Voice/happy/YAF_beg_happy.wav,happy,3
/content/drive/MyDrive/DataSet_Voice/happy/OAF_third_happy.wav,happy,3
/content/drive/MyDrive/DataSet_Voice/happy/OAF_name_happy.wav,happy,3
/content/drive/MyDrive/DataSet_Voice/happy/OAF_yearn_happy.wav,happy,3
/content/drive/MyDrive/DataSet_Voice/happy/YAF_hush_happy.wav,happy,3
/content/drive/MyDrive/DataSet_Voice/happy/OAF_tip_happy.wav,happy,3
/content/drive/MyDrive/DataSet_Voice/happy/OAF_void_happy.wav,happy,3
/content/drive/MyDrive/DataSet_Voice/happy/YAF_germ_happy.wav,happy,3
/content/drive/MyDrive/DataSet_Voice/happy/OAF_youth_happy.wav,happy,3
/content/drive/MyDrive/DataSet_Voice/happy/YAF_home_happy.wav,happy,3
/content/drive/MyDrive/DataSet_Voice/happy/YAF_death_happy.wav,happy,3
/content/drive/MyDrive/DataSet_Voice/happy/YAF_bite_happy.wav,happy,3
/content/drive/MyDrive/DataSet_Voice/happy/YAF_chalk_happy.wav,happy,3
/content/drive/MyDrive/DataSet_Voice/happy/OAF_week_happy.wav,happy,3
/content/drive/MyDrive/DataSet_Voice/happy/YAF_hit_happy.wav,happy,3
/content/drive/MyDrive/DataSet_Voice/happy/OAF_sheep_happy.wav,happy,3
/content/drive/MyDrive/DataSet_Voice/happy/OAF_said_happy.wav,happy,3
/content/drive/MyDrive/DataSet_Voice/happy/OAF_note_happy.wav,happy,3
/content/drive/MyDrive/DataSet_Voice/happy/OAF_peg_happy.wav,happy,3
/content/drive/MyDrive/DataSet_Voice/happy/OAF_should_happy.wav,happy,3
/content/drive/MyDrive/DataSet_Voice/happy/YAF_cab_happy.wav,happy,3
/content/drive/MyDrive/DataSet_Voice/happy/OAF_ring_happy.wav,happy,3
/content/drive/MyDrive/DataSet_Voice/happy/YAF_hire_happy.wav,happy,3
/content/drive/MyDrive/DataSet_Voice/happy/OAF_pool_happy.wav,happy,3
/content/drive/MyDrive/DataSet_Voice/happy/YAF_five_happy.wav,happy,3
/content/drive/MyDrive/DataSet_Voice/happy/YAF_dab_happy.wav,happy,3
/content/drive/MyDrive/DataSet_Voice/happy/OAF_raise_happy.wav,happy,3
/content/drive/MyDrive/DataSet_Voice/happy/OAF_which_happy.wav,happy,3
/content/drive/MyDrive/DataSet_Voice/happy/YAF_bone_happy.wav,happy,3
/content/drive/MyDrive/DataSet_Voice/happy/OAF_neat_happy.wav,happy,3
/content/drive/MyDrive/DataSet_Voice/happy/YAF_bean_happy.wav,happy,3
/content/drive/MyDrive/DataSet_Voice/happy/OAF_rot_happy.wav,happy,3
/content/drive/MyDrive/DataSet_Voice/happy/YAF_fail_happy.wav,happy,3
/content/drive/MyDrive/DataSet_Voice/happy/YAF_book_happy.wav,happy,3
/content/drive/MyDrive/DataSet_Voice/happy/YAF_came_happy.wav,happy,3
/content/drive/MyDrive/DataSet_Voice/happy/OAF_pick_happy.wav,happy,3
/content/drive/MyDrive/DataSet_Voice/happy/OAF_time_happy.wav,happy,3
/content/drive/MyDrive/DataSet_Voice/happy/YAF_hall_happy.wav,happy,3
/content/drive/MyDrive/DataSet_Voice/happy/OAF_wife_happy.wav,happy,3
/content/drive/MyDrive/DataSet_Voice/happy/OAF_young_happy.wav,happy,3
/content/drive/MyDrive/DataSet_Voice/happy/YAF_food_happy.wav,happy,3
/content/drive/MyDrive/DataSet_Voice/happy/YAF_jug_happy.wav,happy,3
/content/drive/MyDrive/DataSet_Voice/happy/OAF_room_happy.wav,happy,3
/content/drive/MyDrive/DataSet_Voice/happy/OAF_wash_happy.wav,happy,3
/content/drive/MyDrive/DataSet_Voice/happy/YAF_cheek_happy.wav,happy,3
/content/drive/MyDrive/DataSet_Voice/happy/YAF_have_happy.wav,happy,3
/content/drive/MyDrive/DataSet_Voice/happy/YAF_half_happy.wav,happy,3
/content/drive/MyDrive/DataSet_Voice/happy/OAF_raid_happy.wav,happy,3
/content/drive/MyDrive/DataSet_Voice/happy/YAF_cause_happy.wav,happy,3
/content/drive/MyDrive/DataSet_Voice/happy/YAF_juice_happy.wav,happy,3
/content/drive/MyDrive/DataSet_Voice/happy/OAF_rough_happy.wav,happy,3
/content/drive/MyDrive/DataSet_Voice/happy/OAF_near_happy.wav,happy,3
/content/drive/MyDrive/DataSet_Voice/happy/OAF_tell_happy.wav,happy,3
/content/drive/MyDrive/DataSet_Voice/happy/OAF_rat_happy.wav,happy,3
/content/drive/MyDrive/DataSet_Voice/happy/OAF_sour_happy.wav,happy,3
/content/drive/MyDrive/DataSet_Voice/happy/YAF_burn_happy.wav,happy,3
/content/drive/MyDrive/DataSet_Voice/happy/OAF_tape_happy.wav,happy,3
/content/drive/MyDrive/DataSet_Voice/happy/OAF_vote_happy.wav,happy,3
/content/drive/MyDrive/DataSet_Voice/happy/YAF_dead_happy.wav,happy,3
/content/drive/MyDrive/DataSet_Voice/happy/YAF_hate_happy.wav,happy,3
/content/drive/MyDrive/DataSet_Voice/happy/OAF_ripe_happy.wav,happy,3
/content/drive/MyDrive/DataSet_Voice/happy/OAF_red_happy.wav,happy,3
/content/drive/MyDrive/DataSet_Voice/happy/OAF_rush_happy.wav,happy,3
/content/drive/MyDrive/DataSet_Voice/happy/OAF_white_happy.wav,happy,3
/content/drive/MyDrive/DataSet_Voice/happy/YAF_fall_happy.wav,happy,3
/content/drive/MyDrive/DataSet_Voice/happy/OAF_south_happy.wav,happy,3
/content/drive/MyDrive/DataSet_Voice/happy/OAF_rose_happy.wav,happy,3
/content/drive/MyDrive/DataSet_Voice/happy/YAF_door_happy.wav,happy,3
/content/drive/MyDrive/DataSet_Voice/happy/OAF_soup_happy.wav,happy,3
/content/drive/MyDrive/DataSet_Voice/happy/OAF_pass_happy.wav,happy,3
/content/drive/MyDrive/DataSet_Voice/happy/OAF_wire_happy.wav,happy,3
/content/drive/MyDrive/DataSet_Voice/happy/OAF_team_happy.wav,happy,3
/content/drive/MyDrive/DataSet_Voice/happy/YAF_fit_happy.wav,happy,3
/content/drive/MyDrive/DataSet_Voice/happy/OAF_witch_happy.wav,happy,3
/content/drive/MyDrive/DataSet_Voice/happy/OAF_size_happy.wav,happy,3
/content/drive/MyDrive/DataSet_Voice/happy/YAF_join_happy.wav,happy,3
/content/drive/MyDrive/DataSet_Voice/happy/OAF_thin_happy.wav,happy,3
/content/drive/MyDrive/DataSet_Voice/happy/YAF_deep_happy.wav,happy,3
/content/drive/MyDrive/DataSet_Voice/happy/YAF_bar_happy.wav,happy,3
/content/drive/MyDrive/DataSet_Voice/happy/OAF_whip_happy.wav,happy,3
/content/drive/MyDrive/DataSet_Voice/happy/OAF_puff_happy.wav,happy,3
/content/drive/MyDrive/DataSet_Voice/happy/OAF_walk_happy.wav,happy,3
/content/drive/MyDrive/DataSet_Voice/happy/YAF_dip_happy.wav,happy,3
/content/drive/MyDrive/DataSet_Voice/happy/OAF_thumb_happy.wav,happy,3
/content/drive/MyDrive/DataSet_Voice/happy/OAF_turn_happy.wav,happy,3
/content/drive/MyDrive/DataSet_Voice/happy/OAF_voice_happy.wav,happy,3
/content/drive/MyDrive/DataSet_Voice/happy/YAF_ditch_happy.wav,happy,3
/content/drive/MyDrive/DataSet_Voice/happy/YAF_dodge_happy.wav,happy,3
/content/drive/MyDrive/DataSet_Voice/happy/YAF_chat_happy.wav,happy,3
/content/drive/MyDrive/DataSet_Voice/happy/YAF_gap_happy.wav,happy,3
/content/drive/MyDrive/DataSet_Voice/happy/OAF_vine_happy.wav,happy,3
/content/drive/MyDrive/DataSet_Voice/happy/OAF_reach_happy.wav,happy,3
/content/drive/MyDrive/DataSet_Voice/happy/OAF_sub_happy.wav,happy,3
/content/drive/MyDrive/DataSet_Voice/happy/YAF_bought_happy.wav,happy,3
/content/drive/MyDrive/DataSet_Voice/happy/YAF_date_happy.wav,happy,3
/content/drive/MyDrive/DataSet_Voice/happy/OAF_pad_happy.wav,happy,3
/content/drive/MyDrive/DataSet_Voice/happy/OAF_take_happy.wav,happy,3
/content/drive/MyDrive/DataSet_Voice/happy/OAF_sure_happy.wav,happy,3
/content/drive/MyDrive/DataSet_Voice/happy/OAF_thought_happy.wav,happy,3
/content/drive/MyDrive/DataSet_Voice/happy/OAF_road_happy.wav,happy,3
/content/drive/MyDrive/DataSet_Voice/happy/YAF_goal_happy.wav,happy,3
/content/drive/MyDrive/DataSet_Voice/happy/OAF_page_happy.wav,happy,3
/content/drive/MyDrive/DataSet_Voice/happy/YAF_chair_happy.wav,happy,3
/content/drive/MyDrive/DataSet_Voice/happy/YAF_gin_happy.wav,happy,3
/content/drive/MyDrive/DataSet_Voice/happy/OAF_tool_happy.wav,happy,3
/content/drive/MyDrive/DataSet_Voice/happy/OAF_nice_happy.wav,happy,3
/content/drive/MyDrive/DataSet_Voice/happy/OAF_shirt_happy.wav,happy,3
/content/drive/MyDrive/DataSet_Voice/happy/OAF_pole_happy.wav,happy,3
/content/drive/MyDrive/DataSet_Voice/happy/OAF_wag_happy.wav,happy,3
/content/drive/MyDrive/DataSet_Voice/happy/OAF_sail_happy.wav,happy,3
/content/drive/MyDrive/DataSet_Voice/happy/OAF_ton_happy.wav,happy,3
/content/drive/MyDrive/DataSet_Voice/happy/YAF_good_happy.wav,happy,3
/content/drive/MyDrive/DataSet_Voice/happy/YAF_far_happy.wav,happy,3
/content/drive/MyDrive/DataSet_Voice/happy/YAF_get_happy.wav,happy,3
/content/drive/MyDrive/DataSet_Voice/happy/OAF_soap_happy.wav,happy,3
/content/drive/MyDrive/DataSet_Voice/happy/YAF_cool_happy.wav,happy,3
/content/drive/MyDrive/DataSet_Voice/happy/OAF_rag_happy.wav,happy,3
/content/drive/MyDrive/DataSet_Voice/happy/OAF_shout_happy.wav,happy,3
/content/drive/MyDrive/DataSet_Voice/happy/YAF_hurl_happy.wav,happy,3
/content/drive/MyDrive/DataSet_Voice/happy/YAF_haze_happy.wav,happy,3
/content/drive/MyDrive/DataSet_Voice/happy/YAF_gaze_happy.wav,happy,3
/content/drive/MyDrive/DataSet_Voice/happy/YAF_jail_happy.wav,happy,3
/content/drive/MyDrive/DataSet_Voice/happy/OAF_when_happy.wav,happy,3
/content/drive/MyDrive/DataSet_Voice/happy/OAF_talk_happy.wav,happy,3
/content/drive/MyDrive/DataSet_Voice/happy/OAF_sell_happy.wav,happy,3
/content/drive/MyDrive/DataSet_Voice/happy/OAF_tire_happy.wav,happy,3
/content/drive/MyDrive/DataSet_Voice/happy/OAF_seize_happy.wav,happy,3
/content/drive/MyDrive/DataSet_Voice/happy/YAF_jar_happy.wav,happy,3
/content/drive/MyDrive/DataSet_Voice/happy/OAF_wheat_happy.wav,happy,3
/content/drive/MyDrive/DataSet_Voice/happy/YAF_fat_happy.wav,happy,3
/content/drive/MyDrive/DataSet_Voice/happy/YAF_dog_happy.wav,happy,3
/content/drive/MyDrive/DataSet_Voice/happy/OAF_shack_happy.wav,happy,3
/content/drive/MyDrive/DataSet_Voice/happy/OAF_tough_happy.wav,happy,3
/content/drive/MyDrive/DataSet_Voice/happy/OAF_shall_happy.wav,happy,3
/content/drive/MyDrive/DataSet_Voice/happy/YAF_dime_happy.wav,happy,3
/content/drive/MyDrive/DataSet_Voice/happy/YAF_chief_happy.wav,happy,3
/content/drive/MyDrive/DataSet_Voice/happy/OAF_numb_happy.wav,happy,3
/content/drive/MyDrive/DataSet_Voice/happy/YAF_boat_happy.wav,happy,3
/content/drive/MyDrive/DataSet_Voice/happy/OAF_perch_happy.wav,happy,3
/content/drive/MyDrive/DataSet_Voice/happy/OAF_phone_happy.wav,happy,3
/content/drive/MyDrive/DataSet_Voice/happy/YAF_check_happy.wav,happy,3
/content/drive/MyDrive/DataSet_Voice/happy/OAF_shawl_happy.wav,happy,3
/content/drive/MyDrive/DataSet_Voice/happy/YAF_hash_happy.wav,happy,3
/content/drive/MyDrive/DataSet_Voice/happy/YAF_hole_happy.wav,happy,3
/content/drive/MyDrive/DataSet_Voice/happy/YAF_judge_happy.wav,happy,3
/content/drive/MyDrive/DataSet_Voice/happy/YAF_bath_happy.wav,happy,3
/content/drive/MyDrive/DataSet_Voice/happy/YAF_goose_happy.wav,happy,3
/content/drive/MyDrive/DataSet_Voice/happy/OAF_read_happy.wav,happy,3
/content/drive/MyDrive/DataSet_Voice/happy/OAF_such_happy.wav,happy,3
/content/drive/MyDrive/DataSet_Voice/happy/OAF_pike_happy.wav,happy,3
/content/drive/MyDrive/DataSet_Voice/happy/OAF_pain_happy.wav,happy,3
/content/drive/MyDrive/DataSet_Voice/happy/YAF_base_happy.wav,happy,3
/content/drive/MyDrive/DataSet_Voice/happy/OAF_mouse_happy.wav,happy,3
/content/drive/MyDrive/DataSet_Voice/happy/YAF_choice_happy.wav,happy,3
/content/drive/MyDrive/DataSet_Voice/happy/OAF_yes_happy.wav,happy,3
/content/drive/MyDrive/DataSet_Voice/happy/YAF_sell_happy.wav,happy,3
/content/drive/MyDrive/DataSet_Voice/happy/YAF_note_happy.wav,happy,3
/content/drive/MyDrive/DataSet_Voice/happy/YAF_take_happy.wav,happy,3
/content/drive/MyDrive/DataSet_Voice/happy/YAF_talk_happy.wav,happy,3
/content/drive/MyDrive/DataSet_Voice/happy/YAF_mouse_happy.wav,happy,3
/content/drive/MyDrive/DataSet_Voice/happy/YAF_shout_happy.wav,happy,3
/content/drive/MyDrive/DataSet_Voice/happy/YAF_shirt_happy.wav,happy,3
/content/drive/MyDrive/DataSet_Voice/happy/YAF_lid_happy.wav,happy,3
/content/drive/MyDrive/DataSet_Voice/happy/YAF_tough_happy.wav,happy,3
/content/drive/MyDrive/DataSet_Voice/happy/YAF_moon_happy.wav,happy,3
/content/drive/MyDrive/DataSet_Voice/happy/YAF_late_happy.wav,happy,3
/content/drive/MyDrive/DataSet_Voice/happy/YAF_peg_happy.wav,happy,3
/content/drive/MyDrive/DataSet_Voice/happy/YAF_keg_happy.wav,happy,3
/content/drive/MyDrive/DataSet_Voice/happy/YAF_third_happy.wav,happy,3
/content/drive/MyDrive/DataSet_Voice/happy/YAF_witch_happy.wav,happy,3
/content/drive/MyDrive/DataSet_Voice/happy/YAF_merge_happy.wav,happy,3
/content/drive/MyDrive/DataSet_Voice/happy/YAF_thought_happy.wav,happy,3
/content/drive/MyDrive/DataSet_Voice/happy/YAF_south_happy.wav,happy,3
/content/drive/MyDrive/DataSet_Voice/happy/YAF_pick_happy.wav,happy,3
/content/drive/MyDrive/DataSet_Voice/happy/YAF_red_happy.wav,happy,3
/content/drive/MyDrive/DataSet_Voice/happy/YAF_reach_happy.wav,happy,3
/content/drive/MyDrive/DataSet_Voice/happy/YAF_keen_happy.wav,happy,3
/content/drive/MyDrive/DataSet_Voice/happy/YAF_road_happy.wav,happy,3
/content/drive/MyDrive/DataSet_Voice/happy/YAF_white_happy.wav,happy,3
/content/drive/MyDrive/DataSet_Voice/happy/YAF_lore_happy.wav,happy,3
/content/drive/MyDrive/DataSet_Voice/happy/YAF_ripe_happy.wav,happy,3
/content/drive/MyDrive/DataSet_Voice/happy/YAF_whip_happy.wav,happy,3
/content/drive/MyDrive/DataSet_Voice/happy/YAF_thin_happy.wav,happy,3
/content/drive/MyDrive/DataSet_Voice/happy/YAF_sure_happy.wav,happy,3
/content/drive/MyDrive/DataSet_Voice/happy/YAF_when_happy.wav,happy,3
/content/drive/MyDrive/DataSet_Voice/happy/YAF_which_happy.wav,happy,3
/content/drive/MyDrive/DataSet_Voice/happy/YAF_pool_happy.wav,happy,3
/content/drive/MyDrive/DataSet_Voice/happy/YAF_nice_happy.wav,happy,3
/content/drive/MyDrive/DataSet_Voice/happy/YAF_match_happy.wav,happy,3
/content/drive/MyDrive/DataSet_Voice/happy/YAF_met_happy.wav,happy,3
/content/drive/MyDrive/DataSet_Voice/happy/YAF_time_happy.wav,happy,3
/content/drive/MyDrive/DataSet_Voice/happy/YAF_loaf_happy.wav,happy,3
/content/drive/MyDrive/DataSet_Voice/happy/YAF_mill_happy.wav,happy,3
/content/drive/MyDrive/DataSet_Voice/happy/YAF_pain_happy.wav,happy,3
/content/drive/MyDrive/DataSet_Voice/happy/YAF_mop_happy.wav,happy,3
/content/drive/MyDrive/DataSet_Voice/happy/YAF_mob_happy.wav,happy,3
/content/drive/MyDrive/DataSet_Voice/happy/YAF_search_happy.wav,happy,3
/content/drive/MyDrive/DataSet_Voice/happy/YAF_thumb_happy.wav,happy,3
/content/drive/MyDrive/DataSet_Voice/happy/YAF_neat_happy.wav,happy,3
/content/drive/MyDrive/DataSet_Voice/happy/YAF_pole_happy.wav,happy,3
/content/drive/MyDrive/DataSet_Voice/happy/YAF_rose_happy.wav,happy,3
/content/drive/MyDrive/DataSet_Voice/happy/YAF_king_happy.wav,happy,3
/content/drive/MyDrive/DataSet_Voice/happy/YAF_keep_happy.wav,happy,3
/content/drive/MyDrive/DataSet_Voice/happy/YAF_pad_happy.wav,happy,3
/content/drive/MyDrive/DataSet_Voice/happy/YAF_numb_happy.wav,happy,3
/content/drive/MyDrive/DataSet_Voice/happy/YAF_phone_happy.wav,happy,3
/content/drive/MyDrive/DataSet_Voice/happy/YAF_mess_happy.wav,happy,3
/content/drive/MyDrive/DataSet_Voice/happy/YAF_raise_happy.wav,happy,3
/content/drive/MyDrive/DataSet_Voice/happy/YAF_ring_happy.wav,happy,3
/content/drive/MyDrive/DataSet_Voice/happy/YAF_wag_happy.wav,happy,3
/content/drive/MyDrive/DataSet_Voice/happy/YAF_turn_happy.wav,happy,3
/content/drive/MyDrive/DataSet_Voice/happy/YAF_mode_happy.wav,happy,3
/content/drive/MyDrive/DataSet_Voice/happy/YAF_wire_happy.wav,happy,3
/content/drive/MyDrive/DataSet_Voice/happy/YAF_limb_happy.wav,happy,3
/content/drive/MyDrive/DataSet_Voice/happy/YAF_soup_happy.wav,happy,3
/content/drive/MyDrive/DataSet_Voice/happy/YAF_vote_happy.wav,happy,3
/content/drive/MyDrive/DataSet_Voice/happy/YAF_kite_happy.wav,happy,3
/content/drive/MyDrive/DataSet_Voice/happy/YAF_yes_happy.wav,happy,3
/content/drive/MyDrive/DataSet_Voice/happy/YAF_shack_happy.wav,happy,3
/content/drive/MyDrive/DataSet_Voice/happy/YAF_lot_happy.wav,happy,3
/content/drive/MyDrive/DataSet_Voice/happy/YAF_seize_happy.wav,happy,3
/content/drive/MyDrive/DataSet_Voice/happy/YAF_such_happy.wav,happy,3
/content/drive/MyDrive/DataSet_Voice/happy/YAF_sub_happy.wav,happy,3
/content/drive/MyDrive/DataSet_Voice/happy/YAF_tape_happy.wav,happy,3
/content/drive/MyDrive/DataSet_Voice/happy/YAF_lose_happy.wav,happy,3
/content/drive/MyDrive/DataSet_Voice/happy/YAF_lean_happy.wav,happy,3
/content/drive/MyDrive/DataSet_Voice/happy/YAF_sail_happy.wav,happy,3
/content/drive/MyDrive/DataSet_Voice/happy/YAF_tell_happy.wav,happy,3
/content/drive/MyDrive/DataSet_Voice/happy/YAF_tip_happy.wav,happy,3
/content/drive/MyDrive/DataSet_Voice/happy/YAF_pearl_happy.wav,happy,3
/content/drive/MyDrive/DataSet_Voice/happy/YAF_lease_happy.wav,happy,3
/content/drive/MyDrive/DataSet_Voice/happy/YAF_read_happy.wav,happy,3
/content/drive/MyDrive/DataSet_Voice/happy/YAF_void_happy.wav,happy,3
/content/drive/MyDrive/DataSet_Voice/happy/YAF_rat_happy.wav,happy,3
/content/drive/MyDrive/DataSet_Voice/happy/YAF_said_happy.wav,happy,3
/content/drive/MyDrive/DataSet_Voice/happy/YAF_team_happy.wav,happy,3
/content/drive/MyDrive/DataSet_Voice/happy/YAF_vine_happy.wav,happy,3
/content/drive/MyDrive/DataSet_Voice/happy/YAF_rot_happy.wav,happy,3
/content/drive/MyDrive/DataSet_Voice/happy/YAF_walk_happy.wav,happy,3
/content/drive/MyDrive/DataSet_Voice/happy/YAF_pass_happy.wav,happy,3
/content/drive/MyDrive/DataSet_Voice/happy/YAF_puff_happy.wav,happy,3
/content/drive/MyDrive/DataSet_Voice/happy/YAF_shawl_happy.wav,happy,3
/content/drive/MyDrive/DataSet_Voice/happy/YAF_size_happy.wav,happy,3
/content/drive/MyDrive/DataSet_Voice/happy/YAF_kick_happy.wav,happy,3
/content/drive/MyDrive/DataSet_Voice/happy/YAF_page_happy.wav,happy,3
/content/drive/MyDrive/DataSet_Voice/happy/YAF_name_happy.wav,happy,3
/content/drive/MyDrive/DataSet_Voice/happy/YAF_learn_happy.wav,happy,3
/content/drive/MyDrive/DataSet_Voice/happy/YAF_life_happy.wav,happy,3
/content/drive/MyDrive/DataSet_Voice/happy/YAF_wheat_happy.wav,happy,3
/content/drive/MyDrive/DataSet_Voice/happy/YAF_tire_happy.wav,happy,3
/content/drive/MyDrive/DataSet_Voice/happy/YAF_sheep_happy.wav,happy,3
/content/drive/MyDrive/DataSet_Voice/happy/YAF_perch_happy.wav,happy,3
/content/drive/MyDrive/DataSet_Voice/happy/YAF_pike_happy.wav,happy,3
/content/drive/MyDrive/DataSet_Voice/happy/YAF_room_happy.wav,happy,3
/content/drive/MyDrive/DataSet_Voice/happy/YAF_luck_happy.wav,happy,3
/content/drive/MyDrive/DataSet_Voice/happy/YAF_love_happy.wav,happy,3
/content/drive/MyDrive/DataSet_Voice/happy/YAF_rain_happy.wav,happy,3
/content/drive/MyDrive/DataSet_Voice/happy/YAF_should_happy.wav,happy,3
/content/drive/MyDrive/DataSet_Voice/happy/YAF_week_happy.wav,happy,3
/content/drive/MyDrive/DataSet_Voice/happy/YAF_mood_happy.wav,happy,3
/content/drive/MyDrive/DataSet_Voice/happy/YAF_kill_happy.wav,happy,3
/content/drive/MyDrive/DataSet_Voice/happy/YAF_youth_happy.wav,happy,3
/content/drive/MyDrive/DataSet_Voice/happy/YAF_ton_happy.wav,happy,3
/content/drive/MyDrive/DataSet_Voice/happy/YAF_tool_happy.wav,happy,3
/content/drive/MyDrive/DataSet_Voice/happy/YAF_raid_happy.wav,happy,3
/content/drive/MyDrive/DataSet_Voice/happy/YAF_yearn_happy.wav,happy,3
/content/drive/MyDrive/DataSet_Voice/happy/YAF_knock_happy.wav,happy,3
/content/drive/MyDrive/DataSet_Voice/happy/YAF_long_happy.wav,happy,3
/content/drive/MyDrive/DataSet_Voice/happy/YAF_rush_happy.wav,happy,3
/content/drive/MyDrive/DataSet_Voice/happy/YAF_nag_happy.wav,happy,3
/content/drive/MyDrive/DataSet_Voice/happy/YAF_make_happy.wav,happy,3
/content/drive/MyDrive/DataSet_Voice/happy/YAF_wash_happy.wav,happy,3
/content/drive/MyDrive/DataSet_Voice/happy/YAF_sour_happy.wav,happy,3
/content/drive/MyDrive/DataSet_Voice/happy/YAF_young_happy.wav,happy,3
/content/drive/MyDrive/DataSet_Voice/happy/YAF_near_happy.wav,happy,3
/content/drive/MyDrive/DataSet_Voice/happy/YAF_laud_happy.wav,happy,3
/content/drive/MyDrive/DataSet_Voice/happy/YAF_soap_happy.wav,happy,3
/content/drive/MyDrive/DataSet_Voice/happy/YAF_live_happy.wav,happy,3
/content/drive/MyDrive/DataSet_Voice/happy/YAF_rag_happy.wav,happy,3
/content/drive/MyDrive/DataSet_Voice/happy/YAF_rough_happy.wav,happy,3
/content/drive/MyDrive/DataSet_Voice/happy/YAF_wife_happy.wav,happy,3
/content/drive/MyDrive/DataSet_Voice/happy/YAF_shall_happy.wav,happy,3
/content/drive/MyDrive/DataSet_Voice/happy/YAF_voice_happy.wav,happy,3
/content/drive/MyDrive/DataSet_Voice/happy/1002_TIE_HAP_XX.wav,happy,3
/content/drive/MyDrive/DataSet_Voice/happy/1001_IEO_HAP_LO.wav,happy,3
/content/drive/MyDrive/DataSet_Voice/happy/1002_IEO_HAP_LO.wav,happy,3
/content/drive/MyDrive/DataSet_Voice/happy/1006_WSI_HAP_XX.wav,happy,3
/content/drive/MyDrive/DataSet_Voice/happy/1006_DFA_HAP_XX.wav,happy,3
/content/drive/MyDrive/DataSet_Voice/happy/1005_ITH_HAP_XX.wav,happy,3
/content/drive/MyDrive/DataSet_Voice/happy/1007_DFA_HAP_XX.wav,happy,3
/content/drive/MyDrive/DataSet_Voice/happy/1001_WSI_HAP_XX.wav,happy,3
/content/drive/MyDrive/DataSet_Voice/happy/1005_IOM_HAP_XX.wav,happy,3
/content/drive/MyDrive/DataSet_Voice/happy/1001_IWW_HAP_XX.wav,happy,3
/content/drive/MyDrive/DataSet_Voice/happy/1003_TSI_HAP_XX.wav,happy,3
/content/drive/MyDrive/DataSet_Voice/happy/1004_TSI_HAP_XX.wav,happy,3
/content/drive/MyDrive/DataSet_Voice/happy/1006_MTI_HAP_XX.wav,happy,3
/content/drive/MyDrive/DataSet_Voice/happy/1003_ITH_HAP_XX.wav,happy,3
/content/drive/MyDrive/DataSet_Voice/happy/1003_IWW_HAP_XX.wav,happy,3
/content/drive/MyDrive/DataSet_Voice/happy/1004_DFA_HAP_XX.wav,happy,3
/content/drive/MyDrive/DataSet_Voice/happy/1007_IEO_HAP_MD.wav,happy,3
/content/drive/MyDrive/DataSet_Voice/happy/1004_ITH_HAP_XX.wav,happy,3
/content/drive/MyDrive/DataSet_Voice/happy/1002_IEO_HAP_HI.wav,happy,3
/content/drive/MyDrive/DataSet_Voice/happy/1001_DFA_HAP_XX.wav,happy,3
/content/drive/MyDrive/DataSet_Voice/happy/1005_ITS_HAP_XX.wav,happy,3
/content/drive/MyDrive/DataSet_Voice/happy/1007_TSI_HAP_XX.wav,happy,3
/content/drive/MyDrive/DataSet_Voice/happy/1001_ITS_HAP_XX.wav,happy,3
/content/drive/MyDrive/DataSet_Voice/happy/1002_TAI_HAP_XX.wav,happy,3
/content/drive/MyDrive/DataSet_Voice/happy/1004_IWL_HAP_XX.wav,happy,3
/content/drive/MyDrive/DataSet_Voice/happy/1005_DFA_HAP_XX.wav,happy,3
/content/drive/MyDrive/DataSet_Voice/happy/1004_TAI_HAP_XX.wav,happy,3
/content/drive/MyDrive/DataSet_Voice/happy/1008_IEO_HAP_MD.wav,happy,3
/content/drive/MyDrive/DataSet_Voice/happy/1003_WSI_HAP_XX.wav,happy,3
/content/drive/MyDrive/DataSet_Voice/happy/1005_IWW_HAP_XX.wav,happy,3
/content/drive/MyDrive/DataSet_Voice/happy/1004_IWW_HAP_XX.wav,happy,3
/content/drive/MyDrive/DataSet_Voice/happy/1007_IWW_HAP_XX.wav,happy,3
/content/drive/MyDrive/DataSet_Voice/happy/1002_TSI_HAP_XX.wav,happy,3
/content/drive/MyDrive/DataSet_Voice/happy/1007_IWL_HAP_XX.wav,happy,3
/content/drive/MyDrive/DataSet_Voice/happy/1004_TIE_HAP_XX.wav,happy,3
/content/drive/MyDrive/DataSet_Voice/happy/1007_ITH_HAP_XX.wav,happy,3
/content/drive/MyDrive/DataSet_Voice/happy/1005_WSI_HAP_XX.wav,happy,3
/content/drive/MyDrive/DataSet_Voice/happy/1003_TAI_HAP_XX.wav,happy,3
/content/drive/MyDrive/DataSet_Voice/happy/1005_IEO_HAP_HI.wav,happy,3
/content/drive/MyDrive/DataSet_Voice/happy/1005_IWL_HAP_XX.wav,happy,3
/content/drive/MyDrive/DataSet_Voice/happy/1001_TAI_HAP_XX.wav,happy,3
/content/drive/MyDrive/DataSet_Voice/happy/1006_ITH_HAP_XX.wav,happy,3
/content/drive/MyDrive/DataSet_Voice/happy/1002_MTI_HAP_XX.wav,happy,3
/content/drive/MyDrive/DataSet_Voice/happy/1007_IOM_HAP_XX.wav,happy,3
/content/drive/MyDrive/DataSet_Voice/happy/1008_IWW_HAP_XX.wav,happy,3
/content/drive/MyDrive/DataSet_Voice/happy/1008_ITS_HAP_XX.wav,happy,3
/content/drive/MyDrive/DataSet_Voice/happy/1002_ITS_HAP_XX.wav,happy,3
/content/drive/MyDrive/DataSet_Voice/happy/1005_MTI_HAP_XX.wav,happy,3
/content/drive/MyDrive/DataSet_Voice/happy/1007_TAI_HAP_XX.wav,happy,3
/content/drive/MyDrive/DataSet_Voice/happy/1001_MTI_HAP_XX.wav,happy,3
/content/drive/MyDrive/DataSet_Voice/happy/1004_IEO_HAP_MD.wav,happy,3
/content/drive/MyDrive/DataSet_Voice/happy/1003_TIE_HAP_XX.wav,happy,3
/content/drive/MyDrive/DataSet_Voice/happy/1008_MTI_HAP_XX.wav,happy,3
/content/drive/MyDrive/DataSet_Voice/happy/1003_IEO_HAP_HI.wav,happy,3
/content/drive/MyDrive/DataSet_Voice/happy/1005_TIE_HAP_XX.wav,happy,3
/content/drive/MyDrive/DataSet_Voice/happy/1002_IWW_HAP_XX.wav,happy,3
/content/drive/MyDrive/DataSet_Voice/happy/1007_IEO_HAP_LO.wav,happy,3
/content/drive/MyDrive/DataSet_Voice/happy/1006_IWW_HAP_XX.wav,happy,3
/content/drive/MyDrive/DataSet_Voice/happy/1001_IWL_HAP_XX.wav,happy,3
/content/drive/MyDrive/DataSet_Voice/happy/1001_TIE_HAP_XX.wav,happy,3
/content/drive/MyDrive/DataSet_Voice/happy/1005_TAI_HAP_XX.wav,happy,3
/content/drive/MyDrive/DataSet_Voice/happy/1001_TSI_HAP_XX.wav,happy,3
/content/drive/MyDrive/DataSet_Voice/happy/1001_IEO_HAP_MD.wav,happy,3
/content/drive/MyDrive/DataSet_Voice/happy/1005_IEO_HAP_MD.wav,happy,3
/content/drive/MyDrive/DataSet_Voice/happy/1003_DFA_HAP_XX.wav,happy,3
/content/drive/MyDrive/DataSet_Voice/happy/1007_TIE_HAP_XX.wav,happy,3
/content/drive/MyDrive/DataSet_Voice/happy/1004_WSI_HAP_XX.wav,happy,3
/content/drive/MyDrive/DataSet_Voice/happy/1007_MTI_HAP_XX.wav,happy,3
/content/drive/MyDrive/DataSet_Voice/happy/1003_MTI_HAP_XX.wav,happy,3
/content/drive/MyDrive/DataSet_Voice/happy/1004_MTI_HAP_XX.wav,happy,3
/content/drive/MyDrive/DataSet_Voice/happy/1006_TSI_HAP_XX.wav,happy,3
/content/drive/MyDrive/DataSet_Voice/happy/1008_IWL_HAP_XX.wav,happy,3
/content/drive/MyDrive/DataSet_Voice/happy/1006_IEO_HAP_HI.wav,happy,3
/content/drive/MyDrive/DataSet_Voice/happy/1001_IEO_HAP_HI.wav,happy,3
/content/drive/MyDrive/DataSet_Voice/happy/1002_IWL_HAP_XX.wav,happy,3
/content/drive/MyDrive/DataSet_Voice/happy/1004_IOM_HAP_XX.wav,happy,3
/content/drive/MyDrive/DataSet_Voice/happy/1007_ITS_HAP_XX.wav,happy,3
/content/drive/MyDrive/DataSet_Voice/happy/1008_TSI_HAP_XX.wav,happy,3
/content/drive/MyDrive/DataSet_Voice/happy/1006_IOM_HAP_XX.wav,happy,3
/content/drive/MyDrive/DataSet_Voice/happy/1002_IEO_HAP_MD.wav,happy,3
/content/drive/MyDrive/DataSet_Voice/happy/1004_IEO_HAP_LO.wav,happy,3
/content/drive/MyDrive/DataSet_Voice/happy/1008_IEO_HAP_HI.wav,happy,3
/content/drive/MyDrive/DataSet_Voice/happy/1003_ITS_HAP_XX.wav,happy,3
/content/drive/MyDrive/DataSet_Voice/happy/1008_IEO_HAP_LO.wav,happy,3
/content/drive/MyDrive/DataSet_Voice/happy/1005_IEO_HAP_LO.wav,happy,3
/content/drive/MyDrive/DataSet_Voice/happy/1002_IOM_HAP_XX.wav,happy,3
/content/drive/MyDrive/DataSet_Voice/happy/1004_IEO_HAP_HI.wav,happy,3
/content/drive/MyDrive/DataSet_Voice/happy/1002_WSI_HAP_XX.wav,happy,3
/content/drive/MyDrive/DataSet_Voice/happy/1008_IOM_HAP_XX.wav,happy,3
/content/drive/MyDrive/DataSet_Voice/happy/1005_TSI_HAP_XX.wav,happy,3
/content/drive/MyDrive/DataSet_Voice/happy/1006_IWL_HAP_XX.wav,happy,3
/content/drive/MyDrive/DataSet_Voice/happy/1006_IEO_HAP_LO.wav,happy,3
/content/drive/MyDrive/DataSet_Voice/happy/1007_WSI_HAP_XX.wav,happy,3
/content/drive/MyDrive/DataSet_Voice/happy/1006_TAI_HAP_XX.wav,happy,3
/content/drive/MyDrive/DataSet_Voice/happy/1001_IOM_HAP_XX.wav,happy,3
/content/drive/MyDrive/DataSet_Voice/happy/1006_ITS_HAP_XX.wav,happy,3
/content/drive/MyDrive/DataSet_Voice/happy/1006_IEO_HAP_MD.wav,happy,3
/content/drive/MyDrive/DataSet_Voice/happy/1003_IEO_HAP_MD.wav,happy,3
/content/drive/MyDrive/DataSet_Voice/happy/1003_IOM_HAP_XX.wav,happy,3
/content/drive/MyDrive/DataSet_Voice/happy/1001_ITH_HAP_XX.wav,happy,3
/content/drive/MyDrive/DataSet_Voice/happy/1008_TIE_HAP_XX.wav,happy,3
/content/drive/MyDrive/DataSet_Voice/happy/1002_ITH_HAP_XX.wav,happy,3
/content/drive/MyDrive/DataSet_Voice/happy/1003_IWL_HAP_XX.wav,happy,3
/content/drive/MyDrive/DataSet_Voice/happy/1008_TAI_HAP_XX.wav,happy,3
/content/drive/MyDrive/DataSet_Voice/happy/1006_TIE_HAP_XX.wav,happy,3
/content/drive/MyDrive/DataSet_Voice/happy/1003_IEO_HAP_LO.wav,happy,3
/content/drive/MyDrive/DataSet_Voice/happy/1008_ITH_HAP_XX.wav,happy,3
/content/drive/MyDrive/DataSet_Voice/happy/1008_DFA_HAP_XX.wav,happy,3
/content/drive/MyDrive/DataSet_Voice/happy/1004_ITS_HAP_XX.wav,happy,3
/content/drive/MyDrive/DataSet_Voice/happy/1007_IEO_HAP_HI.wav,happy,3
/content/drive/MyDrive/DataSet_Voice/happy/1002_DFA_HAP_XX.wav,happy,3
/content/drive/MyDrive/DataSet_Voice/happy/1015_TAI_HAP_XX.wav,happy,3
/content/drive/MyDrive/DataSet_Voice/happy/1025_TSI_HAP_XX.wav,happy,3
/content/drive/MyDrive/DataSet_Voice/happy/1015_IEO_HAP_MD.wav,happy,3
/content/drive/MyDrive/DataSet_Voice/happy/1010_IOM_HAP_XX.wav,happy,3
/content/drive/MyDrive/DataSet_Voice/happy/1021_TAI_HAP_XX.wav,happy,3
/content/drive/MyDrive/DataSet_Voice/happy/1011_ITS_HAP_XX.wav,happy,3
/content/drive/MyDrive/DataSet_Voice/happy/1018_ITH_HAP_XX.wav,happy,3
/content/drive/MyDrive/DataSet_Voice/happy/1011_IEO_HAP_LO.wav,happy,3
/content/drive/MyDrive/DataSet_Voice/happy/1025_MTI_HAP_XX.wav,happy,3
/content/drive/MyDrive/DataSet_Voice/happy/1026_IWL_HAP_XX.wav,happy,3
/content/drive/MyDrive/DataSet_Voice/happy/1020_IEO_HAP_MD.wav,happy,3
/content/drive/MyDrive/DataSet_Voice/happy/1016_TIE_HAP_XX.wav,happy,3
/content/drive/MyDrive/DataSet_Voice/happy/1024_ITH_HAP_XX.wav,happy,3
/content/drive/MyDrive/DataSet_Voice/happy/1025_IEO_HAP_HI.wav,happy,3
/content/drive/MyDrive/DataSet_Voice/happy/1015_DFA_HAP_XX.wav,happy,3
/content/drive/MyDrive/DataSet_Voice/happy/1009_IOM_HAP_XX.wav,happy,3
/content/drive/MyDrive/DataSet_Voice/happy/1016_DFA_HAP_XX.wav,happy,3
/content/drive/MyDrive/DataSet_Voice/happy/1013_TIE_HAP_XX.wav,happy,3
/content/drive/MyDrive/DataSet_Voice/happy/1019_IWW_HAP_XX.wav,happy,3
/content/drive/MyDrive/DataSet_Voice/happy/1012_TIE_HAP_XX.wav,happy,3
/content/drive/MyDrive/DataSet_Voice/happy/1023_IOM_HAP_XX.wav,happy,3
/content/drive/MyDrive/DataSet_Voice/happy/1027_ITH_HAP_XX.wav,happy,3
/content/drive/MyDrive/DataSet_Voice/happy/1012_IWL_HAP_XX.wav,happy,3
/content/drive/MyDrive/DataSet_Voice/happy/1016_TAI_HAP_XX.wav,happy,3
/content/drive/MyDrive/DataSet_Voice/happy/1011_IEO_HAP_MD.wav,happy,3
/content/drive/MyDrive/DataSet_Voice/happy/1014_DFA_HAP_XX.wav,happy,3
/content/drive/MyDrive/DataSet_Voice/happy/1017_IWW_HAP_XX.wav,happy,3
/content/drive/MyDrive/DataSet_Voice/happy/1022_IWW_HAP_XX.wav,happy,3
/content/drive/MyDrive/DataSet_Voice/happy/1020_IOM_HAP_XX.wav,happy,3
/content/drive/MyDrive/DataSet_Voice/happy/1026_WSI_HAP_XX.wav,happy,3
/content/drive/MyDrive/DataSet_Voice/happy/1018_TIE_HAP_XX.wav,happy,3
/content/drive/MyDrive/DataSet_Voice/happy/1017_TSI_HAP_XX.wav,happy,3
/content/drive/MyDrive/DataSet_Voice/happy/1015_ITS_HAP_XX.wav,happy,3
/content/drive/MyDrive/DataSet_Voice/happy/1021_IEO_HAP_MD.wav,happy,3
/content/drive/MyDrive/DataSet_Voice/happy/1009_ITH_HAP_XX.wav,happy,3
/content/drive/MyDrive/DataSet_Voice/happy/1028_IEO_HAP_LO.wav,happy,3
/content/drive/MyDrive/DataSet_Voice/happy/1025_IWW_HAP_XX.wav,happy,3
/content/drive/MyDrive/DataSet_Voice/happy/1026_DFA_HAP_XX.wav,happy,3
/content/drive/MyDrive/DataSet_Voice/happy/1012_IOM_HAP_XX.wav,happy,3
/content/drive/MyDrive/DataSet_Voice/happy/1019_TIE_HAP_XX.wav,happy,3
/content/drive/MyDrive/DataSet_Voice/happy/1019_IEO_HAP_MD.wav,happy,3
/content/drive/MyDrive/DataSet_Voice/happy/1016_IWL_HAP_XX.wav,happy,3
/content/drive/MyDrive/DataSet_Voice/happy/1009_TSI_HAP_XX.wav,happy,3
/content/drive/MyDrive/DataSet_Voice/happy/1025_IEO_HAP_LO.wav,happy,3
/content/drive/MyDrive/DataSet_Voice/happy/1024_ITS_HAP_XX.wav,happy,3
/content/drive/MyDrive/DataSet_Voice/happy/1021_DFA_HAP_XX.wav,happy,3
/content/drive/MyDrive/DataSet_Voice/happy/1010_IEO_HAP_LO.wav,happy,3
/content/drive/MyDrive/DataSet_Voice/happy/1024_TAI_HAP_XX.wav,happy,3
/content/drive/MyDrive/DataSet_Voice/happy/1017_TIE_HAP_XX.wav,happy,3
/content/drive/MyDrive/DataSet_Voice/happy/1020_DFA_HAP_XX.wav,happy,3
/content/drive/MyDrive/DataSet_Voice/happy/1026_ITH_HAP_XX.wav,happy,3
/content/drive/MyDrive/DataSet_Voice/happy/1022_IEO_HAP_LO.wav,happy,3
/content/drive/MyDrive/DataSet_Voice/happy/1020_IEO_HAP_LO.wav,happy,3
/content/drive/MyDrive/DataSet_Voice/happy/1012_IEO_HAP_LO.wav,happy,3
/content/drive/MyDrive/DataSet_Voice/happy/1014_IWW_HAP_XX.wav,happy,3
/content/drive/MyDrive/DataSet_Voice/happy/1023_TIE_HAP_XX.wav,happy,3
/content/drive/MyDrive/DataSet_Voice/happy/1010_IEO_HAP_HI.wav,happy,3
/content/drive/MyDrive/DataSet_Voice/happy/1013_IWW_HAP_XX.wav,happy,3
/content/drive/MyDrive/DataSet_Voice/happy/1022_IWL_HAP_XX.wav,happy,3
/content/drive/MyDrive/DataSet_Voice/happy/1018_ITS_HAP_XX.wav,happy,3
/content/drive/MyDrive/DataSet_Voice/happy/1028_IEO_HAP_MD.wav,happy,3
/content/drive/MyDrive/DataSet_Voice/happy/1009_IWW_HAP_XX.wav,happy,3
/content/drive/MyDrive/DataSet_Voice/happy/1024_DFA_HAP_XX.wav,happy,3
/content/drive/MyDrive/DataSet_Voice/happy/1014_IOM_HAP_XX.wav,happy,3
/content/drive/MyDrive/DataSet_Voice/happy/1018_TSI_HAP_XX.wav,happy,3
/content/drive/MyDrive/DataSet_Voice/happy/1018_IWL_HAP_XX.wav,happy,3
/content/drive/MyDrive/DataSet_Voice/happy/1017_MTI_HAP_XX.wav,happy,3
/content/drive/MyDrive/DataSet_Voice/happy/1026_ITS_HAP_XX.wav,happy,3
/content/drive/MyDrive/DataSet_Voice/happy/1017_IEO_HAP_LO.wav,happy,3
/content/drive/MyDrive/DataSet_Voice/happy/1013_IEO_HAP_LO.wav,happy,3
/content/drive/MyDrive/DataSet_Voice/happy/1015_ITH_HAP_XX.wav,happy,3
/content/drive/MyDrive/DataSet_Voice/happy/1023_MTI_HAP_XX.wav,happy,3
/content/drive/MyDrive/DataSet_Voice/happy/1011_IEO_HAP_HI.wav,happy,3
/content/drive/MyDrive/DataSet_Voice/happy/1015_TSI_HAP_XX.wav,happy,3
/content/drive/MyDrive/DataSet_Voice/happy/1024_IWL_HAP_XX.wav,happy,3
/content/drive/MyDrive/DataSet_Voice/happy/1012_DFA_HAP_XX.wav,happy,3
/content/drive/MyDrive/DataSet_Voice/happy/1019_IOM_HAP_XX.wav,happy,3
/content/drive/MyDrive/DataSet_Voice/happy/1016_ITS_HAP_XX.wav,happy,3
/content/drive/MyDrive/DataSet_Voice/happy/1020_WSI_HAP_XX.wav,happy,3
/content/drive/MyDrive/DataSet_Voice/happy/1015_IEO_HAP_LO.wav,happy,3
/content/drive/MyDrive/DataSet_Voice/happy/1014_ITS_HAP_XX.wav,happy,3
/content/drive/MyDrive/DataSet_Voice/happy/1017_IEO_HAP_MD.wav,happy,3
/content/drive/MyDrive/DataSet_Voice/happy/1026_IEO_HAP_MD.wav,happy,3
/content/drive/MyDrive/DataSet_Voice/happy/1026_TAI_HAP_XX.wav,happy,3
/content/drive/MyDrive/DataSet_Voice/happy/1027_IWL_HAP_XX.wav,happy,3
/content/drive/MyDrive/DataSet_Voice/happy/1022_ITS_HAP_XX.wav,happy,3
/content/drive/MyDrive/DataSet_Voice/happy/1024_TIE_HAP_XX.wav,happy,3
/content/drive/MyDrive/DataSet_Voice/happy/1025_IEO_HAP_MD.wav,happy,3
/content/drive/MyDrive/DataSet_Voice/happy/1028_DFA_HAP_XX.wav,happy,3
/content/drive/MyDrive/DataSet_Voice/happy/1021_ITS_HAP_XX.wav,happy,3
/content/drive/MyDrive/DataSet_Voice/happy/1013_ITS_HAP_XX.wav,happy,3
/content/drive/MyDrive/DataSet_Voice/happy/1018_TAI_HAP_XX.wav,happy,3
/content/drive/MyDrive/DataSet_Voice/happy/1022_MTI_HAP_XX.wav,happy,3
/content/drive/MyDrive/DataSet_Voice/happy/1023_TSI_HAP_XX.wav,happy,3
/content/drive/MyDrive/DataSet_Voice/happy/1017_IOM_HAP_XX.wav,happy,3
/content/drive/MyDrive/DataSet_Voice/happy/1014_IEO_HAP_LO.wav,happy,3
/content/drive/MyDrive/DataSet_Voice/happy/1013_DFA_HAP_XX.wav,happy,3
/content/drive/MyDrive/DataSet_Voice/happy/1018_IEO_HAP_HI.wav,happy,3
/content/drive/MyDrive/DataSet_Voice/happy/1022_IEO_HAP_MD.wav,happy,3
/content/drive/MyDrive/DataSet_Voice/happy/1020_TAI_HAP_XX.wav,happy,3
/content/drive/MyDrive/DataSet_Voice/happy/1011_DFA_HAP_XX.wav,happy,3
/content/drive/MyDrive/DataSet_Voice/happy/1023_IEO_HAP_MD.wav,happy,3
/content/drive/MyDrive/DataSet_Voice/happy/1023_TAI_HAP_XX.wav,happy,3
/content/drive/MyDrive/DataSet_Voice/happy/1015_WSI_HAP_XX.wav,happy,3
/content/drive/MyDrive/DataSet_Voice/happy/1027_IEO_HAP_LO.wav,happy,3
/content/drive/MyDrive/DataSet_Voice/happy/1022_IOM_HAP_XX.wav,happy,3
/content/drive/MyDrive/DataSet_Voice/happy/1023_ITS_HAP_XX.wav,happy,3
/content/drive/MyDrive/DataSet_Voice/happy/1023_ITH_HAP_XX.wav,happy,3
/content/drive/MyDrive/DataSet_Voice/happy/1014_TIE_HAP_XX.wav,happy,3
/content/drive/MyDrive/DataSet_Voice/happy/1011_IOM_HAP_XX.wav,happy,3
/content/drive/MyDrive/DataSet_Voice/happy/1013_TAI_HAP_XX.wav,happy,3
/content/drive/MyDrive/DataSet_Voice/happy/1015_IOM_HAP_XX.wav,happy,3
/content/drive/MyDrive/DataSet_Voice/happy/1027_TSI_HAP_XX.wav,happy,3
/content/drive/MyDrive/DataSet_Voice/happy/1010_IWL_HAP_XX.wav,happy,3
/content/drive/MyDrive/DataSet_Voice/happy/1011_IWL_HAP_XX.wav,happy,3
/content/drive/MyDrive/DataSet_Voice/happy/1016_IEO_HAP_MD.wav,happy,3
/content/drive/MyDrive/DataSet_Voice/happy/1017_ITH_HAP_XX.wav,happy,3
/content/drive/MyDrive/DataSet_Voice/happy/1022_TAI_HAP_XX.wav,happy,3
/content/drive/MyDrive/DataSet_Voice/happy/1023_IEO_HAP_LO.wav,happy,3
/content/drive/MyDrive/DataSet_Voice/happy/1020_ITH_HAP_XX.wav,happy,3
/content/drive/MyDrive/DataSet_Voice/happy/1011_IWW_HAP_XX.wav,happy,3
/content/drive/MyDrive/DataSet_Voice/happy/1019_MTI_HAP_XX.wav,happy,3
/content/drive/MyDrive/DataSet_Voice/happy/1014_IEO_HAP_HI.wav,happy,3
/content/drive/MyDrive/DataSet_Voice/happy/1020_IWL_HAP_XX.wav,happy,3
/content/drive/MyDrive/DataSet_Voice/happy/1011_WSI_HAP_XX.wav,happy,3
/content/drive/MyDrive/DataSet_Voice/happy/1014_MTI_HAP_XX.wav,happy,3
/content/drive/MyDrive/DataSet_Voice/happy/1026_TIE_HAP_XX.wav,happy,3
/content/drive/MyDrive/DataSet_Voice/happy/1022_IEO_HAP_HI.wav,happy,3
/content/drive/MyDrive/DataSet_Voice/happy/1011_TSI_HAP_XX.wav,happy,3
/content/drive/MyDrive/DataSet_Voice/happy/1016_IWW_HAP_XX.wav,happy,3
/content/drive/MyDrive/DataSet_Voice/happy/1013_IWL_HAP_XX.wav,happy,3
/content/drive/MyDrive/DataSet_Voice/happy/1020_TIE_HAP_XX.wav,happy,3
/content/drive/MyDrive/DataSet_Voice/happy/1021_WSI_HAP_XX.wav,happy,3
/content/drive/MyDrive/DataSet_Voice/happy/1010_TIE_HAP_XX.wav,happy,3
/content/drive/MyDrive/DataSet_Voice/happy/1024_TSI_HAP_XX.wav,happy,3
/content/drive/MyDrive/DataSet_Voice/happy/1017_WSI_HAP_XX.wav,happy,3
/content/drive/MyDrive/DataSet_Voice/happy/1019_IEO_HAP_HI.wav,happy,3
/content/drive/MyDrive/DataSet_Voice/happy/1019_TSI_HAP_XX.wav,happy,3
/content/drive/MyDrive/DataSet_Voice/happy/1016_WSI_HAP_XX.wav,happy,3
/content/drive/MyDrive/DataSet_Voice/happy/1012_IEO_HAP_HI.wav,happy,3
/content/drive/MyDrive/DataSet_Voice/happy/1017_ITS_HAP_XX.wav,happy,3
/content/drive/MyDrive/DataSet_Voice/happy/1021_TIE_HAP_XX.wav,happy,3
/content/drive/MyDrive/DataSet_Voice/happy/1012_IEO_HAP_MD.wav,happy,3
/content/drive/MyDrive/DataSet_Voice/happy/1020_TSI_HAP_XX.wav,happy,3
/content/drive/MyDrive/DataSet_Voice/happy/1017_TAI_HAP_XX.wav,happy,3
/content/drive/MyDrive/DataSet_Voice/happy/1009_IEO_HAP_MD.wav,happy,3
/content/drive/MyDrive/DataSet_Voice/happy/1013_IEO_HAP_MD.wav,happy,3
/content/drive/MyDrive/DataSet_Voice/happy/1012_ITS_HAP_XX.wav,happy,3
/content/drive/MyDrive/DataSet_Voice/happy/1025_ITS_HAP_XX.wav,happy,3
/content/drive/MyDrive/DataSet_Voice/happy/1017_IEO_HAP_HI.wav,happy,3
/content/drive/MyDrive/DataSet_Voice/happy/1013_TSI_HAP_XX.wav,happy,3
/content/drive/MyDrive/DataSet_Voice/happy/1010_ITH_HAP_XX.wav,happy,3
/content/drive/MyDrive/DataSet_Voice/happy/1020_IWW_HAP_XX.wav,happy,3
/content/drive/MyDrive/DataSet_Voice/happy/1019_TAI_HAP_XX.wav,happy,3
/content/drive/MyDrive/DataSet_Voice/happy/1015_IWW_HAP_XX.wav,happy,3
/content/drive/MyDrive/DataSet_Voice/happy/1015_IEO_HAP_HI.wav,happy,3
/content/drive/MyDrive/DataSet_Voice/happy/1012_ITH_HAP_XX.wav,happy,3
/content/drive/MyDrive/DataSet_Voice/happy/1024_IEO_HAP_LO.wav,happy,3
/content/drive/MyDrive/DataSet_Voice/happy/1010_TAI_HAP_XX.wav,happy,3
/content/drive/MyDrive/DataSet_Voice/happy/1010_DFA_HAP_XX.wav,happy,3
/content/drive/MyDrive/DataSet_Voice/happy/1025_IWL_HAP_XX.wav,happy,3
/content/drive/MyDrive/DataSet_Voice/happy/1020_ITS_HAP_XX.wav,happy,3
/content/drive/MyDrive/DataSet_Voice/happy/1021_MTI_HAP_XX.wav,happy,3
/content/drive/MyDrive/DataSet_Voice/happy/1019_ITS_HAP_XX.wav,happy,3
/content/drive/MyDrive/DataSet_Voice/happy/1009_TIE_HAP_XX.wav,happy,3
/content/drive/MyDrive/DataSet_Voice/happy/1012_MTI_HAP_XX.wav,happy,3
/content/drive/MyDrive/DataSet_Voice/happy/1013_ITH_HAP_XX.wav,happy,3
/content/drive/MyDrive/DataSet_Voice/happy/1023_IWW_HAP_XX.wav,happy,3
/content/drive/MyDrive/DataSet_Voice/happy/1009_IEO_HAP_HI.wav,happy,3
/content/drive/MyDrive/DataSet_Voice/happy/1021_IOM_HAP_XX.wav,happy,3
/content/drive/MyDrive/DataSet_Voice/happy/1013_IOM_HAP_XX.wav,happy,3
/content/drive/MyDrive/DataSet_Voice/happy/1016_IEO_HAP_HI.wav,happy,3
/content/drive/MyDrive/DataSet_Voice/happy/1011_TIE_HAP_XX.wav,happy,3
/content/drive/MyDrive/DataSet_Voice/happy/1024_IEO_HAP_MD.wav,happy,3
/content/drive/MyDrive/DataSet_Voice/happy/1009_ITS_HAP_XX.wav,happy,3
/content/drive/MyDrive/DataSet_Voice/happy/1016_MTI_HAP_XX.wav,happy,3
/content/drive/MyDrive/DataSet_Voice/happy/1027_IOM_HAP_XX.wav,happy,3
/content/drive/MyDrive/DataSet_Voice/happy/1023_IEO_HAP_HI.wav,happy,3
/content/drive/MyDrive/DataSet_Voice/happy/1026_TSI_HAP_XX.wav,happy,3
/content/drive/MyDrive/DataSet_Voice/happy/1016_IEO_HAP_LO.wav,happy,3
/content/drive/MyDrive/DataSet_Voice/happy/1021_IEO_HAP_LO.wav,happy,3
/content/drive/MyDrive/DataSet_Voice/happy/1010_IEO_HAP_MD.wav,happy,3
/content/drive/MyDrive/DataSet_Voice/happy/1018_IWW_HAP_XX.wav,happy,3
/content/drive/MyDrive/DataSet_Voice/happy/1027_ITS_HAP_XX.wav,happy,3
/content/drive/MyDrive/DataSet_Voice/happy/1022_ITH_HAP_XX.wav,happy,3
/content/drive/MyDrive/DataSet_Voice/happy/1015_TIE_HAP_XX.wav,happy,3
/content/drive/MyDrive/DataSet_Voice/happy/1014_TSI_HAP_XX.wav,happy,3
/content/drive/MyDrive/DataSet_Voice/happy/1011_ITH_HAP_XX.wav,happy,3
/content/drive/MyDrive/DataSet_Voice/happy/1009_TAI_HAP_XX.wav,happy,3
/content/drive/MyDrive/DataSet_Voice/happy/1027_IWW_HAP_XX.wav,happy,3
/content/drive/MyDrive/DataSet_Voice/happy/1013_WSI_HAP_XX.wav,happy,3
/content/drive/MyDrive/DataSet_Voice/happy/1022_TIE_HAP_XX.wav,happy,3
/content/drive/MyDrive/DataSet_Voice/happy/1016_TSI_HAP_XX.wav,happy,3
/content/drive/MyDrive/DataSet_Voice/happy/1012_IWW_HAP_XX.wav,happy,3
/content/drive/MyDrive/DataSet_Voice/happy/1025_IOM_HAP_XX.wav,happy,3
/content/drive/MyDrive/DataSet_Voice/happy/1027_DFA_HAP_XX.wav,happy,3
/content/drive/MyDrive/DataSet_Voice/happy/1017_DFA_HAP_XX.wav,happy,3
/content/drive/MyDrive/DataSet_Voice/happy/1023_DFA_HAP_XX.wav,happy,3
/content/drive/MyDrive/DataSet_Voice/happy/1019_WSI_HAP_XX.wav,happy,3
/content/drive/MyDrive/DataSet_Voice/happy/1020_IEO_HAP_HI.wav,happy,3
/content/drive/MyDrive/DataSet_Voice/happy/1023_WSI_HAP_XX.wav,happy,3
/content/drive/MyDrive/DataSet_Voice/happy/1015_MTI_HAP_XX.wav,happy,3
/content/drive/MyDrive/DataSet_Voice/happy/1026_IEO_HAP_LO.wav,happy,3
/content/drive/MyDrive/DataSet_Voice/happy/1024_MTI_HAP_XX.wav,happy,3
/content/drive/MyDrive/DataSet_Voice/happy/1018_DFA_HAP_XX.wav,happy,3
/content/drive/MyDrive/DataSet_Voice/happy/1026_IWW_HAP_XX.wav,happy,3
/content/drive/MyDrive/DataSet_Voice/happy/1025_WSI_HAP_XX.wav,happy,3
/content/drive/MyDrive/DataSet_Voice/happy/1025_TAI_HAP_XX.wav,happy,3
/content/drive/MyDrive/DataSet_Voice/happy/1018_IEO_HAP_LO.wav,happy,3
/content/drive/MyDrive/DataSet_Voice/happy/1016_ITH_HAP_XX.wav,happy,3
/content/drive/MyDrive/DataSet_Voice/happy/1011_TAI_HAP_XX.wav,happy,3
/content/drive/MyDrive/DataSet_Voice/happy/1027_MTI_HAP_XX.wav,happy,3
/content/drive/MyDrive/DataSet_Voice/happy/1015_IWL_HAP_XX.wav,happy,3
/content/drive/MyDrive/DataSet_Voice/happy/1022_WSI_HAP_XX.wav,happy,3
/content/drive/MyDrive/DataSet_Voice/happy/1020_MTI_HAP_XX.wav,happy,3
/content/drive/MyDrive/DataSet_Voice/happy/1009_WSI_HAP_XX.wav,happy,3
/content/drive/MyDrive/DataSet_Voice/happy/1014_ITH_HAP_XX.wav,happy,3
/content/drive/MyDrive/DataSet_Voice/happy/1014_IWL_HAP_XX.wav,happy,3
/content/drive/MyDrive/DataSet_Voice/happy/1013_IEO_HAP_HI.wav,happy,3
/content/drive/MyDrive/DataSet_Voice/happy/1016_IOM_HAP_XX.wav,happy,3
/content/drive/MyDrive/DataSet_Voice/happy/1021_IWL_HAP_XX.wav,happy,3
/content/drive/MyDrive/DataSet_Voice/happy/1010_WSI_HAP_XX.wav,happy,3
/content/drive/MyDrive/DataSet_Voice/happy/1023_IWL_HAP_XX.wav,happy,3
/content/drive/MyDrive/DataSet_Voice/happy/1018_IEO_HAP_MD.wav,happy,3
/content/drive/MyDrive/DataSet_Voice/happy/1024_IOM_HAP_XX.wav,happy,3
/content/drive/MyDrive/DataSet_Voice/happy/1019_IEO_HAP_LO.wav,happy,3
/content/drive/MyDrive/DataSet_Voice/happy/1021_IEO_HAP_HI.wav,happy,3
/content/drive/MyDrive/DataSet_Voice/happy/1010_IWW_HAP_XX.wav,happy,3
/content/drive/MyDrive/DataSet_Voice/happy/1018_MTI_HAP_XX.wav,happy,3
/content/drive/MyDrive/DataSet_Voice/happy/1019_IWL_HAP_XX.wav,happy,3
/content/drive/MyDrive/DataSet_Voice/happy/1014_TAI_HAP_XX.wav,happy,3
/content/drive/MyDrive/DataSet_Voice/happy/1022_TSI_HAP_XX.wav,happy,3
/content/drive/MyDrive/DataSet_Voice/happy/1021_ITH_HAP_XX.wav,happy,3
/content/drive/MyDrive/DataSet_Voice/happy/1014_WSI_HAP_XX.wav,happy,3
/content/drive/MyDrive/DataSet_Voice/happy/1018_WSI_HAP_XX.wav,happy,3
/content/drive/MyDrive/DataSet_Voice/happy/1013_MTI_HAP_XX.wav,happy,3
/content/drive/MyDrive/DataSet_Voice/happy/1022_DFA_HAP_XX.wav,happy,3
/content/drive/MyDrive/DataSet_Voice/happy/1019_DFA_HAP_XX.wav,happy,3
/content/drive/MyDrive/DataSet_Voice/happy/1026_MTI_HAP_XX.wav,happy,3
/content/drive/MyDrive/DataSet_Voice/happy/1026_IOM_HAP_XX.wav,happy,3
/content/drive/MyDrive/DataSet_Voice/happy/1014_IEO_HAP_MD.wav,happy,3
/content/drive/MyDrive/DataSet_Voice/happy/1027_WSI_HAP_XX.wav,happy,3
/content/drive/MyDrive/DataSet_Voice/happy/1026_IEO_HAP_HI.wav,happy,3
/content/drive/MyDrive/DataSet_Voice/happy/1024_IWW_HAP_XX.wav,happy,3
/content/drive/MyDrive/DataSet_Voice/happy/1025_ITH_HAP_XX.wav,happy,3
/content/drive/MyDrive/DataSet_Voice/happy/1009_IWL_HAP_XX.wav,happy,3
/content/drive/MyDrive/DataSet_Voice/happy/1010_ITS_HAP_XX.wav,happy,3
/content/drive/MyDrive/DataSet_Voice/happy/1010_TSI_HAP_XX.wav,happy,3
/content/drive/MyDrive/DataSet_Voice/happy/1009_DFA_HAP_XX.wav,happy,3
/content/drive/MyDrive/DataSet_Voice/happy/1024_IEO_HAP_HI.wav,happy,3
/content/drive/MyDrive/DataSet_Voice/happy/1027_TIE_HAP_XX.wav,happy,3
/content/drive/MyDrive/DataSet_Voice/happy/1011_MTI_HAP_XX.wav,happy,3
/content/drive/MyDrive/DataSet_Voice/happy/1012_WSI_HAP_XX.wav,happy,3
/content/drive/MyDrive/DataSet_Voice/happy/1010_MTI_HAP_XX.wav,happy,3
/content/drive/MyDrive/DataSet_Voice/happy/1027_IEO_HAP_HI.wav,happy,3
/content/drive/MyDrive/DataSet_Voice/happy/1027_TAI_HAP_XX.wav,happy,3
/content/drive/MyDrive/DataSet_Voice/happy/1025_DFA_HAP_XX.wav,happy,3
/content/drive/MyDrive/DataSet_Voice/happy/1021_IWW_HAP_XX.wav,happy,3
/content/drive/MyDrive/DataSet_Voice/happy/1017_IWL_HAP_XX.wav,happy,3
/content/drive/MyDrive/DataSet_Voice/happy/1012_TSI_HAP_XX.wav,happy,3
/content/drive/MyDrive/DataSet_Voice/happy/1009_IEO_HAP_LO.wav,happy,3
/content/drive/MyDrive/DataSet_Voice/happy/1028_IEO_HAP_HI.wav,happy,3
/content/drive/MyDrive/DataSet_Voice/happy/1012_TAI_HAP_XX.wav,happy,3
/content/drive/MyDrive/DataSet_Voice/happy/1027_IEO_HAP_MD.wav,happy,3
/content/drive/MyDrive/DataSet_Voice/happy/1021_TSI_HAP_XX.wav,happy,3
/content/drive/MyDrive/DataSet_Voice/happy/1018_IOM_HAP_XX.wav,happy,3
/content/drive/MyDrive/DataSet_Voice/happy/1024_WSI_HAP_XX.wav,happy,3
/content/drive/MyDrive/DataSet_Voice/happy/1025_TIE_HAP_XX.wav,happy,3
/content/drive/MyDrive/DataSet_Voice/happy/1045_TSI_HAP_XX.wav,happy,3
/content/drive/MyDrive/DataSet_Voice/happy/1043_TSI_HAP_XX.wav,happy,3
/content/drive/MyDrive/DataSet_Voice/happy/1041_IEO_HAP_MD.wav,happy,3
/content/drive/MyDrive/DataSet_Voice/happy/1030_TIE_HAP_XX.wav,happy,3
/content/drive/MyDrive/DataSet_Voice/happy/1034_IEO_HAP_MD.wav,happy,3
/content/drive/MyDrive/DataSet_Voice/happy/1039_MTI_HAP_XX.wav,happy,3
/content/drive/MyDrive/DataSet_Voice/happy/1042_ITH_HAP_XX.wav,happy,3
/content/drive/MyDrive/DataSet_Voice/happy/1039_TAI_HAP_XX.wav,happy,3
/content/drive/MyDrive/DataSet_Voice/happy/1040_IEO_HAP_MD.wav,happy,3
/content/drive/MyDrive/DataSet_Voice/happy/1029_ITS_HAP_XX.wav,happy,3
/content/drive/MyDrive/DataSet_Voice/happy/1032_IWL_HAP_XX.wav,happy,3
/content/drive/MyDrive/DataSet_Voice/happy/1032_IEO_HAP_HI.wav,happy,3
/content/drive/MyDrive/DataSet_Voice/happy/1038_TSI_HAP_XX.wav,happy,3
/content/drive/MyDrive/DataSet_Voice/happy/1028_IWL_HAP_XX.wav,happy,3
/content/drive/MyDrive/DataSet_Voice/happy/1042_IEO_HAP_MD.wav,happy,3
/content/drive/MyDrive/DataSet_Voice/happy/1037_IWW_HAP_XX.wav,happy,3
/content/drive/MyDrive/DataSet_Voice/happy/1046_IEO_HAP_MD.wav,happy,3
/content/drive/MyDrive/DataSet_Voice/happy/1033_ITS_HAP_XX.wav,happy,3
/content/drive/MyDrive/DataSet_Voice/happy/1034_MTI_HAP_XX.wav,happy,3
/content/drive/MyDrive/DataSet_Voice/happy/1045_IOM_HAP_XX.wav,happy,3
/content/drive/MyDrive/DataSet_Voice/happy/1033_MTI_HAP_XX.wav,happy,3
/content/drive/MyDrive/DataSet_Voice/happy/1040_IWW_HAP_XX.wav,happy,3
/content/drive/MyDrive/DataSet_Voice/happy/1043_IEO_HAP_HI.wav,happy,3
/content/drive/MyDrive/DataSet_Voice/happy/1042_MTI_HAP_XX.wav,happy,3
/content/drive/MyDrive/DataSet_Voice/happy/1040_IWL_HAP_XX.wav,happy,3
/content/drive/MyDrive/DataSet_Voice/happy/1032_IWW_HAP_XX.wav,happy,3
/content/drive/MyDrive/DataSet_Voice/happy/1044_MTI_HAP_XX.wav,happy,3
/content/drive/MyDrive/DataSet_Voice/happy/1038_ITH_HAP_XX.wav,happy,3
/content/drive/MyDrive/DataSet_Voice/happy/1041_IEO_HAP_HI.wav,happy,3
/content/drive/MyDrive/DataSet_Voice/happy/1043_IEO_HAP_LO.wav,happy,3
/content/drive/MyDrive/DataSet_Voice/happy/1036_TIE_HAP_XX.wav,happy,3
/content/drive/MyDrive/DataSet_Voice/happy/1046_IEO_HAP_HI.wav,happy,3
/content/drive/MyDrive/DataSet_Voice/happy/1036_IEO_HAP_HI.wav,happy,3
/content/drive/MyDrive/DataSet_Voice/happy/1033_ITH_HAP_XX.wav,happy,3
/content/drive/MyDrive/DataSet_Voice/happy/1045_DFA_HAP_XX.wav,happy,3
/content/drive/MyDrive/DataSet_Voice/happy/1036_IWL_HAP_XX.wav,happy,3
/content/drive/MyDrive/DataSet_Voice/happy/1042_TAI_HAP_XX.wav,happy,3
/content/drive/MyDrive/DataSet_Voice/happy/1036_IEO_HAP_MD.wav,happy,3
/content/drive/MyDrive/DataSet_Voice/happy/1030_DFA_HAP_XX.wav,happy,3
/content/drive/MyDrive/DataSet_Voice/happy/1040_TSI_HAP_XX.wav,happy,3
/content/drive/MyDrive/DataSet_Voice/happy/1031_ITH_HAP_XX.wav,happy,3
/content/drive/MyDrive/DataSet_Voice/happy/1036_IOM_HAP_XX.wav,happy,3
/content/drive/MyDrive/DataSet_Voice/happy/1041_IEO_HAP_LO.wav,happy,3
/content/drive/MyDrive/DataSet_Voice/happy/1028_WSI_HAP_XX.wav,happy,3
/content/drive/MyDrive/DataSet_Voice/happy/1044_ITH_HAP_XX.wav,happy,3
/content/drive/MyDrive/DataSet_Voice/happy/1038_WSI_HAP_XX.wav,happy,3
/content/drive/MyDrive/DataSet_Voice/happy/1031_IEO_HAP_LO.wav,happy,3
/content/drive/MyDrive/DataSet_Voice/happy/1046_TIE_HAP_XX.wav,happy,3
/content/drive/MyDrive/DataSet_Voice/happy/1039_IOM_HAP_XX.wav,happy,3
/content/drive/MyDrive/DataSet_Voice/happy/1038_MTI_HAP_XX.wav,happy,3
/content/drive/MyDrive/DataSet_Voice/happy/1040_IOM_HAP_XX.wav,happy,3
/content/drive/MyDrive/DataSet_Voice/happy/1046_IOM_HAP_XX.wav,happy,3
/content/drive/MyDrive/DataSet_Voice/happy/1046_MTI_HAP_XX.wav,happy,3
/content/drive/MyDrive/DataSet_Voice/happy/1041_WSI_HAP_XX.wav,happy,3
/content/drive/MyDrive/DataSet_Voice/happy/1030_IEO_HAP_LO.wav,happy,3
/content/drive/MyDrive/DataSet_Voice/happy/1041_IWL_HAP_XX.wav,happy,3
/content/drive/MyDrive/DataSet_Voice/happy/1042_TSI_HAP_XX.wav,happy,3
/content/drive/MyDrive/DataSet_Voice/happy/1028_IWW_HAP_XX.wav,happy,3
/content/drive/MyDrive/DataSet_Voice/happy/1031_IEO_HAP_MD.wav,happy,3
/content/drive/MyDrive/DataSet_Voice/happy/1041_ITS_HAP_XX.wav,happy,3
/content/drive/MyDrive/DataSet_Voice/happy/1041_IWW_HAP_XX.wav,happy,3
/content/drive/MyDrive/DataSet_Voice/happy/1042_IWL_HAP_XX.wav,happy,3
/content/drive/MyDrive/DataSet_Voice/happy/1032_TSI_HAP_XX.wav,happy,3
/content/drive/MyDrive/DataSet_Voice/happy/1043_TIE_HAP_XX.wav,happy,3
/content/drive/MyDrive/DataSet_Voice/happy/1040_IEO_HAP_HI.wav,happy,3
/content/drive/MyDrive/DataSet_Voice/happy/1044_IWW_HAP_XX.wav,happy,3
/content/drive/MyDrive/DataSet_Voice/happy/1033_TSI_HAP_XX.wav,happy,3
/content/drive/MyDrive/DataSet_Voice/happy/1030_IOM_HAP_XX.wav,happy,3
/content/drive/MyDrive/DataSet_Voice/happy/1039_ITS_HAP_XX.wav,happy,3
/content/drive/MyDrive/DataSet_Voice/happy/1045_IEO_HAP_LO.wav,happy,3
/content/drive/MyDrive/DataSet_Voice/happy/1044_IEO_HAP_HI.wav,happy,3
/content/drive/MyDrive/DataSet_Voice/happy/1034_IOM_HAP_XX.wav,happy,3
/content/drive/MyDrive/DataSet_Voice/happy/1029_IWL_HAP_XX.wav,happy,3
/content/drive/MyDrive/DataSet_Voice/happy/1038_IWL_HAP_XX.wav,happy,3
/content/drive/MyDrive/DataSet_Voice/happy/1044_IEO_HAP_LO.wav,happy,3
/content/drive/MyDrive/DataSet_Voice/happy/1035_IOM_HAP_XX.wav,happy,3
/content/drive/MyDrive/DataSet_Voice/happy/1038_ITS_HAP_XX.wav,happy,3
/content/drive/MyDrive/DataSet_Voice/happy/1037_IWL_HAP_XX.wav,happy,3
/content/drive/MyDrive/DataSet_Voice/happy/1035_WSI_HAP_XX.wav,happy,3
/content/drive/MyDrive/DataSet_Voice/happy/1032_IEO_HAP_LO.wav,happy,3
/content/drive/MyDrive/DataSet_Voice/happy/1032_ITH_HAP_XX.wav,happy,3
/content/drive/MyDrive/DataSet_Voice/happy/1040_DFA_HAP_XX.wav,happy,3
/content/drive/MyDrive/DataSet_Voice/happy/1040_TAI_HAP_XX.wav,happy,3
/content/drive/MyDrive/DataSet_Voice/happy/1034_WSI_HAP_XX.wav,happy,3
/content/drive/MyDrive/DataSet_Voice/happy/1035_IEO_HAP_HI.wav,happy,3
/content/drive/MyDrive/DataSet_Voice/happy/1029_ITH_HAP_XX.wav,happy,3
/content/drive/MyDrive/DataSet_Voice/happy/1046_ITS_HAP_XX.wav,happy,3
/content/drive/MyDrive/DataSet_Voice/happy/1031_IWL_HAP_XX.wav,happy,3
/content/drive/MyDrive/DataSet_Voice/happy/1041_DFA_HAP_XX.wav,happy,3
/content/drive/MyDrive/DataSet_Voice/happy/1043_DFA_HAP_XX.wav,happy,3
/content/drive/MyDrive/DataSet_Voice/happy/1030_WSI_HAP_XX.wav,happy,3
/content/drive/MyDrive/DataSet_Voice/happy/1036_WSI_HAP_XX.wav,happy,3
/content/drive/MyDrive/DataSet_Voice/happy/1045_ITH_HAP_XX.wav,happy,3
/content/drive/MyDrive/DataSet_Voice/happy/1039_IEO_HAP_LO.wav,happy,3
/content/drive/MyDrive/DataSet_Voice/happy/1034_DFA_HAP_XX.wav,happy,3
/content/drive/MyDrive/DataSet_Voice/happy/1043_IWL_HAP_XX.wav,happy,3
/content/drive/MyDrive/DataSet_Voice/happy/1039_IWL_HAP_XX.wav,happy,3
/content/drive/MyDrive/DataSet_Voice/happy/1032_TIE_HAP_XX.wav,happy,3
/content/drive/MyDrive/DataSet_Voice/happy/1033_IEO_HAP_MD.wav,happy,3
/content/drive/MyDrive/DataSet_Voice/happy/1043_ITS_HAP_XX.wav,happy,3
/content/drive/MyDrive/DataSet_Voice/happy/1033_WSI_HAP_XX.wav,happy,3
/content/drive/MyDrive/DataSet_Voice/happy/1035_TAI_HAP_XX.wav,happy,3
/content/drive/MyDrive/DataSet_Voice/happy/1037_ITH_HAP_XX.wav,happy,3
/content/drive/MyDrive/DataSet_Voice/happy/1043_IWW_HAP_XX.wav,happy,3
/content/drive/MyDrive/DataSet_Voice/happy/1041_TIE_HAP_XX.wav,happy,3
/content/drive/MyDrive/DataSet_Voice/happy/1037_ITS_HAP_XX.wav,happy,3
/content/drive/MyDrive/DataSet_Voice/happy/1040_ITH_HAP_XX.wav,happy,3
/content/drive/MyDrive/DataSet_Voice/happy/1037_WSI_HAP_XX.wav,happy,3
/content/drive/MyDrive/DataSet_Voice/happy/1040_IEO_HAP_LO.wav,happy,3
/content/drive/MyDrive/DataSet_Voice/happy/1029_IEO_HAP_LO.wav,happy,3
/content/drive/MyDrive/DataSet_Voice/happy/1034_TAI_HAP_XX.wav,happy,3
/content/drive/MyDrive/DataSet_Voice/happy/1039_IEO_HAP_HI.wav,happy,3
/content/drive/MyDrive/DataSet_Voice/happy/1036_DFA_HAP_XX.wav,happy,3
/content/drive/MyDrive/DataSet_Voice/happy/1043_IOM_HAP_XX.wav,happy,3
/content/drive/MyDrive/DataSet_Voice/happy/1037_IEO_HAP_LO.wav,happy,3
/content/drive/MyDrive/DataSet_Voice/happy/1031_TIE_HAP_XX.wav,happy,3
/content/drive/MyDrive/DataSet_Voice/happy/1031_IWW_HAP_XX.wav,happy,3
/content/drive/MyDrive/DataSet_Voice/happy/1038_IEO_HAP_LO.wav,happy,3
/content/drive/MyDrive/DataSet_Voice/happy/1034_IWL_HAP_XX.wav,happy,3
/content/drive/MyDrive/DataSet_Voice/happy/1034_IWW_HAP_XX.wav,happy,3
/content/drive/MyDrive/DataSet_Voice/happy/1031_TSI_HAP_XX.wav,happy,3
/content/drive/MyDrive/DataSet_Voice/happy/1044_TSI_HAP_XX.wav,happy,3
/content/drive/MyDrive/DataSet_Voice/happy/1032_IEO_HAP_MD.wav,happy,3
/content/drive/MyDrive/DataSet_Voice/happy/1029_TAI_HAP_XX.wav,happy,3
/content/drive/MyDrive/DataSet_Voice/happy/1029_DFA_HAP_XX.wav,happy,3
/content/drive/MyDrive/DataSet_Voice/happy/1030_ITH_HAP_XX.wav,happy,3
/content/drive/MyDrive/DataSet_Voice/happy/1042_TIE_HAP_XX.wav,happy,3
/content/drive/MyDrive/DataSet_Voice/happy/1037_TIE_HAP_XX.wav,happy,3
/content/drive/MyDrive/DataSet_Voice/happy/1042_IOM_HAP_XX.wav,happy,3
/content/drive/MyDrive/DataSet_Voice/happy/1046_DFA_HAP_XX.wav,happy,3
/content/drive/MyDrive/DataSet_Voice/happy/1045_IEO_HAP_MD.wav,happy,3
/content/drive/MyDrive/DataSet_Voice/happy/1030_ITS_HAP_XX.wav,happy,3
/content/drive/MyDrive/DataSet_Voice/happy/1035_TSI_HAP_XX.wav,happy,3
/content/drive/MyDrive/DataSet_Voice/happy/1036_TAI_HAP_XX.wav,happy,3
/content/drive/MyDrive/DataSet_Voice/happy/1031_MTI_HAP_XX.wav,happy,3
/content/drive/MyDrive/DataSet_Voice/happy/1034_ITS_HAP_XX.wav,happy,3
/content/drive/MyDrive/DataSet_Voice/happy/1035_IWW_HAP_XX.wav,happy,3
/content/drive/MyDrive/DataSet_Voice/happy/1037_TSI_HAP_XX.wav,happy,3
/content/drive/MyDrive/DataSet_Voice/happy/1044_IWL_HAP_XX.wav,happy,3
/content/drive/MyDrive/DataSet_Voice/happy/1032_WSI_HAP_XX.wav,happy,3
/content/drive/MyDrive/DataSet_Voice/happy/1029_WSI_HAP_XX.wav,happy,3
/content/drive/MyDrive/DataSet_Voice/happy/1042_IEO_HAP_HI.wav,happy,3
/content/drive/MyDrive/DataSet_Voice/happy/1040_MTI_HAP_XX.wav,happy,3
/content/drive/MyDrive/DataSet_Voice/happy/1035_MTI_HAP_XX.wav,happy,3
/content/drive/MyDrive/DataSet_Voice/happy/1035_IEO_HAP_MD.wav,happy,3
/content/drive/MyDrive/DataSet_Voice/happy/1030_IEO_HAP_MD.wav,happy,3
/content/drive/MyDrive/DataSet_Voice/happy/1046_IEO_HAP_LO.wav,happy,3
/content/drive/MyDrive/DataSet_Voice/happy/1035_IWL_HAP_XX.wav,happy,3
/content/drive/MyDrive/DataSet_Voice/happy/1031_DFA_HAP_XX.wav,happy,3
/content/drive/MyDrive/DataSet_Voice/happy/1029_IEO_HAP_MD.wav,happy,3
/content/drive/MyDrive/DataSet_Voice/happy/1042_IEO_HAP_LO.wav,happy,3
/content/drive/MyDrive/DataSet_Voice/happy/1044_TIE_HAP_XX.wav,happy,3
/content/drive/MyDrive/DataSet_Voice/happy/1039_TSI_HAP_XX.wav,happy,3
/content/drive/MyDrive/DataSet_Voice/happy/1046_TAI_HAP_XX.wav,happy,3
/content/drive/MyDrive/DataSet_Voice/happy/1038_IEO_HAP_MD.wav,happy,3
/content/drive/MyDrive/DataSet_Voice/happy/1044_IOM_HAP_XX.wav,happy,3
/content/drive/MyDrive/DataSet_Voice/happy/1046_WSI_HAP_XX.wav,happy,3
/content/drive/MyDrive/DataSet_Voice/happy/1036_ITS_HAP_XX.wav,happy,3
/content/drive/MyDrive/DataSet_Voice/happy/1028_ITS_HAP_XX.wav,happy,3
/content/drive/MyDrive/DataSet_Voice/happy/1038_IWW_HAP_XX.wav,happy,3
/content/drive/MyDrive/DataSet_Voice/happy/1043_ITH_HAP_XX.wav,happy,3
/content/drive/MyDrive/DataSet_Voice/happy/1037_DFA_HAP_XX.wav,happy,3
/content/drive/MyDrive/DataSet_Voice/happy/1045_MTI_HAP_XX.wav,happy,3
/content/drive/MyDrive/DataSet_Voice/happy/1039_TIE_HAP_XX.wav,happy,3
/content/drive/MyDrive/DataSet_Voice/happy/1028_TIE_HAP_XX.wav,happy,3
/content/drive/MyDrive/DataSet_Voice/happy/1031_IOM_HAP_XX.wav,happy,3
/content/drive/MyDrive/DataSet_Voice/happy/1034_IEO_HAP_LO.wav,happy,3
/content/drive/MyDrive/DataSet_Voice/happy/1039_IWW_HAP_XX.wav,happy,3
/content/drive/MyDrive/DataSet_Voice/happy/1042_WSI_HAP_XX.wav,happy,3
/content/drive/MyDrive/DataSet_Voice/happy/1035_ITH_HAP_XX.wav,happy,3
/content/drive/MyDrive/DataSet_Voice/happy/1046_ITH_HAP_XX.wav,happy,3
/content/drive/MyDrive/DataSet_Voice/happy/1031_WSI_HAP_XX.wav,happy,3
/content/drive/MyDrive/DataSet_Voice/happy/1046_IWW_HAP_XX.wav,happy,3
/content/drive/MyDrive/DataSet_Voice/happy/1037_IOM_HAP_XX.wav,happy,3
/content/drive/MyDrive/DataSet_Voice/happy/1035_ITS_HAP_XX.wav,happy,3
/content/drive/MyDrive/DataSet_Voice/happy/1037_MTI_HAP_XX.wav,happy,3
/content/drive/MyDrive/DataSet_Voice/happy/1029_IOM_HAP_XX.wav,happy,3
/content/drive/MyDrive/DataSet_Voice/happy/1033_TIE_HAP_XX.wav,happy,3
/content/drive/MyDrive/DataSet_Voice/happy/1029_TSI_HAP_XX.wav,happy,3
/content/drive/MyDrive/DataSet_Voice/happy/1042_IWW_HAP_XX.wav,happy,3
/content/drive/MyDrive/DataSet_Voice/happy/1038_IEO_HAP_HI.wav,happy,3
/content/drive/MyDrive/DataSet_Voice/happy/1039_ITH_HAP_XX.wav,happy,3
/content/drive/MyDrive/DataSet_Voice/happy/1033_IEO_HAP_HI.wav,happy,3
/content/drive/MyDrive/DataSet_Voice/happy/1033_IEO_HAP_LO.wav,happy,3
/content/drive/MyDrive/DataSet_Voice/happy/1030_TAI_HAP_XX.wav,happy,3
/content/drive/MyDrive/DataSet_Voice/happy/1041_MTI_HAP_XX.wav,happy,3
/content/drive/MyDrive/DataSet_Voice/happy/1030_IWW_HAP_XX.wav,happy,3
/content/drive/MyDrive/DataSet_Voice/happy/1031_TAI_HAP_XX.wav,happy,3
/content/drive/MyDrive/DataSet_Voice/happy/1039_DFA_HAP_XX.wav,happy,3
/content/drive/MyDrive/DataSet_Voice/happy/1036_IEO_HAP_LO.wav,happy,3
/content/drive/MyDrive/DataSet_Voice/happy/1041_TAI_HAP_XX.wav,happy,3
/content/drive/MyDrive/DataSet_Voice/happy/1032_IOM_HAP_XX.wav,happy,3
/content/drive/MyDrive/DataSet_Voice/happy/1033_TAI_HAP_XX.wav,happy,3
/content/drive/MyDrive/DataSet_Voice/happy/1038_TIE_HAP_XX.wav,happy,3
/content/drive/MyDrive/DataSet_Voice/happy/1038_DFA_HAP_XX.wav,happy,3
/content/drive/MyDrive/DataSet_Voice/happy/1044_WSI_HAP_XX.wav,happy,3
/content/drive/MyDrive/DataSet_Voice/happy/1033_IOM_HAP_XX.wav,happy,3
/content/drive/MyDrive/DataSet_Voice/happy/1030_MTI_HAP_XX.wav,happy,3
/content/drive/MyDrive/DataSet_Voice/happy/1046_TSI_HAP_XX.wav,happy,3
/content/drive/MyDrive/DataSet_Voice/happy/1040_ITS_HAP_XX.wav,happy,3
/content/drive/MyDrive/DataSet_Voice/happy/1030_TSI_HAP_XX.wav,happy,3
/content/drive/MyDrive/DataSet_Voice/happy/1043_WSI_HAP_XX.wav,happy,3
/content/drive/MyDrive/DataSet_Voice/happy/1029_IWW_HAP_XX.wav,happy,3
/content/drive/MyDrive/DataSet_Voice/happy/1037_TAI_HAP_XX.wav,happy,3
/content/drive/MyDrive/DataSet_Voice/happy/1032_MTI_HAP_XX.wav,happy,3
/content/drive/MyDrive/DataSet_Voice/happy/1038_TAI_HAP_XX.wav,happy,3
/content/drive/MyDrive/DataSet_Voice/happy/1033_IWW_HAP_XX.wav,happy,3
/content/drive/MyDrive/DataSet_Voice/happy/1045_TAI_HAP_XX.wav,happy,3
/content/drive/MyDrive/DataSet_Voice/happy/1029_TIE_HAP_XX.wav,happy,3
/content/drive/MyDrive/DataSet_Voice/happy/1036_IWW_HAP_XX.wav,happy,3
/content/drive/MyDrive/DataSet_Voice/happy/1042_ITS_HAP_XX.wav,happy,3
/content/drive/MyDrive/DataSet_Voice/happy/1036_TSI_HAP_XX.wav,happy,3
/content/drive/MyDrive/DataSet_Voice/happy/1036_ITH_HAP_XX.wav,happy,3
/content/drive/MyDrive/DataSet_Voice/happy/1041_TSI_HAP_XX.wav,happy,3
/content/drive/MyDrive/DataSet_Voice/happy/1028_ITH_HAP_XX.wav,happy,3
/content/drive/MyDrive/DataSet_Voice/happy/1031_IEO_HAP_HI.wav,happy,3
/content/drive/MyDrive/DataSet_Voice/happy/1043_MTI_HAP_XX.wav,happy,3
/content/drive/MyDrive/DataSet_Voice/happy/1033_IWL_HAP_XX.wav,happy,3
/content/drive/MyDrive/DataSet_Voice/happy/1045_IWL_HAP_XX.wav,happy,3
/content/drive/MyDrive/DataSet_Voice/happy/1032_ITS_HAP_XX.wav,happy,3
/content/drive/MyDrive/DataSet_Voice/happy/1035_TIE_HAP_XX.wav,happy,3
/content/drive/MyDrive/DataSet_Voice/happy/1044_ITS_HAP_XX.wav,happy,3
/content/drive/MyDrive/DataSet_Voice/happy/1041_ITH_HAP_XX.wav,happy,3
/content/drive/MyDrive/DataSet_Voice/happy/1039_WSI_HAP_XX.wav,happy,3
/content/drive/MyDrive/DataSet_Voice/happy/1040_WSI_HAP_XX.wav,happy,3
/content/drive/MyDrive/DataSet_Voice/happy/1029_IEO_HAP_HI.wav,happy,3
/content/drive/MyDrive/DataSet_Voice/happy/1030_IWL_HAP_XX.wav,happy,3
/content/drive/MyDrive/DataSet_Voice/happy/1034_TSI_HAP_XX.wav,happy,3
/content/drive/MyDrive/DataSet_Voice/happy/1029_MTI_HAP_XX.wav,happy,3
/content/drive/MyDrive/DataSet_Voice/happy/1041_IOM_HAP_XX.wav,happy,3
/content/drive/MyDrive/DataSet_Voice/happy/1036_MTI_HAP_XX.wav,happy,3
/content/drive/MyDrive/DataSet_Voice/happy/1045_ITS_HAP_XX.wav,happy,3
/content/drive/MyDrive/DataSet_Voice/happy/1028_IOM_HAP_XX.wav,happy,3
/content/drive/MyDrive/DataSet_Voice/happy/1045_IEO_HAP_HI.wav,happy,3
/content/drive/MyDrive/DataSet_Voice/happy/1034_ITH_HAP_XX.wav,happy,3
/content/drive/MyDrive/DataSet_Voice/happy/1028_TSI_HAP_XX.wav,happy,3
/content/drive/MyDrive/DataSet_Voice/happy/1044_IEO_HAP_MD.wav,happy,3
/content/drive/MyDrive/DataSet_Voice/happy/1028_TAI_HAP_XX.wav,happy,3
/content/drive/MyDrive/DataSet_Voice/happy/1042_DFA_HAP_XX.wav,happy,3
/content/drive/MyDrive/DataSet_Voice/happy/1045_WSI_HAP_XX.wav,happy,3
/content/drive/MyDrive/DataSet_Voice/happy/1045_TIE_HAP_XX.wav,happy,3
/content/drive/MyDrive/DataSet_Voice/happy/1038_IOM_HAP_XX.wav,happy,3
/content/drive/MyDrive/DataSet_Voice/happy/1043_IEO_HAP_MD.wav,happy,3
/content/drive/MyDrive/DataSet_Voice/happy/1034_TIE_HAP_XX.wav,happy,3
/content/drive/MyDrive/DataSet_Voice/happy/1043_TAI_HAP_XX.wav,happy,3
/content/drive/MyDrive/DataSet_Voice/happy/1032_TAI_HAP_XX.wav,happy,3
/content/drive/MyDrive/DataSet_Voice/happy/1034_IEO_HAP_HI.wav,happy,3
/content/drive/MyDrive/DataSet_Voice/happy/1035_DFA_HAP_XX.wav,happy,3
/content/drive/MyDrive/DataSet_Voice/happy/1037_IEO_HAP_MD.wav,happy,3
/content/drive/MyDrive/DataSet_Voice/happy/1045_IWW_HAP_XX.wav,happy,3
/content/drive/MyDrive/DataSet_Voice/happy/1040_TIE_HAP_XX.wav,happy,3
/content/drive/MyDrive/DataSet_Voice/happy/1030_IEO_HAP_HI.wav,happy,3
/content/drive/MyDrive/DataSet_Voice/happy/1032_DFA_HAP_XX.wav,happy,3
/content/drive/MyDrive/DataSet_Voice/happy/1039_IEO_HAP_MD.wav,happy,3
/content/drive/MyDrive/DataSet_Voice/happy/1028_MTI_HAP_XX.wav,happy,3
/content/drive/MyDrive/DataSet_Voice/happy/1037_IEO_HAP_HI.wav,happy,3
/content/drive/MyDrive/DataSet_Voice/happy/1033_DFA_HAP_XX.wav,happy,3
/content/drive/MyDrive/DataSet_Voice/happy/1044_TAI_HAP_XX.wav,happy,3
/content/drive/MyDrive/DataSet_Voice/happy/1031_ITS_HAP_XX.wav,happy,3
/content/drive/MyDrive/DataSet_Voice/happy/1047_DFA_HAP_XX.wav,happy,3
/content/drive/MyDrive/DataSet_Voice/happy/1046_IWL_HAP_XX.wav,happy,3
/content/drive/MyDrive/DataSet_Voice/happy/1044_DFA_HAP_XX.wav,happy,3
/content/drive/MyDrive/DataSet_Voice/happy/1035_IEO_HAP_LO.wav,happy,3
/content/drive/MyDrive/DataSet_Voice/happy/1051_IEO_HAP_HI.wav,happy,3
/content/drive/MyDrive/DataSet_Voice/happy/1057_ITH_HAP_XX.wav,happy,3
/content/drive/MyDrive/DataSet_Voice/happy/1054_IOM_HAP_XX.wav,happy,3
/content/drive/MyDrive/DataSet_Voice/happy/1055_IEO_HAP_MD.wav,happy,3
/content/drive/MyDrive/DataSet_Voice/happy/1062_TSI_HAP_XX.wav,happy,3
/content/drive/MyDrive/DataSet_Voice/happy/1062_WSI_HAP_XX.wav,happy,3
/content/drive/MyDrive/DataSet_Voice/happy/1047_TSI_HAP_XX.wav,happy,3
/content/drive/MyDrive/DataSet_Voice/happy/1056_IEO_HAP_LO.wav,happy,3
/content/drive/MyDrive/DataSet_Voice/happy/1063_MTI_HAP_XX.wav,happy,3
/content/drive/MyDrive/DataSet_Voice/happy/1062_ITH_HAP_XX.wav,happy,3
/content/drive/MyDrive/DataSet_Voice/happy/1059_DFA_HAP_XX.wav,happy,3
/content/drive/MyDrive/DataSet_Voice/happy/1053_MTI_HAP_XX.wav,happy,3
/content/drive/MyDrive/DataSet_Voice/happy/1059_TSI_HAP_XX.wav,happy,3
/content/drive/MyDrive/DataSet_Voice/happy/1063_ITS_HAP_XX.wav,happy,3
/content/drive/MyDrive/DataSet_Voice/happy/1051_DFA_HAP_XX.wav,happy,3
/content/drive/MyDrive/DataSet_Voice/happy/1047_ITS_HAP_XX.wav,happy,3
/content/drive/MyDrive/DataSet_Voice/happy/1061_DFA_HAP_XX.wav,happy,3
/content/drive/MyDrive/DataSet_Voice/happy/1055_TAI_HAP_XX.wav,happy,3
/content/drive/MyDrive/DataSet_Voice/happy/1053_TAI_HAP_XX.wav,happy,3
/content/drive/MyDrive/DataSet_Voice/happy/1050_WSI_HAP_XX.wav,happy,3
/content/drive/MyDrive/DataSet_Voice/happy/1049_TAI_HAP_XX.wav,happy,3
/content/drive/MyDrive/DataSet_Voice/happy/1056_IWL_HAP_XX.wav,happy,3
/content/drive/MyDrive/DataSet_Voice/happy/1053_ITH_HAP_XX.wav,happy,3
/content/drive/MyDrive/DataSet_Voice/happy/1048_IEO_HAP_HI.wav,happy,3
/content/drive/MyDrive/DataSet_Voice/happy/1048_WSI_HAP_XX.wav,happy,3
/content/drive/MyDrive/DataSet_Voice/happy/1061_ITH_HAP_XX.wav,happy,3
/content/drive/MyDrive/DataSet_Voice/happy/1062_IOM_HAP_XX.wav,happy,3
/content/drive/MyDrive/DataSet_Voice/happy/1052_MTI_HAP_XX.wav,happy,3
/content/drive/MyDrive/DataSet_Voice/happy/1056_IEO_HAP_HI.wav,happy,3
/content/drive/MyDrive/DataSet_Voice/happy/1060_DFA_HAP_XX.wav,happy,3
/content/drive/MyDrive/DataSet_Voice/happy/1057_TIE_HAP_XX.wav,happy,3
/content/drive/MyDrive/DataSet_Voice/happy/1059_ITS_HAP_XX.wav,happy,3
/content/drive/MyDrive/DataSet_Voice/happy/1055_IEO_HAP_HI.wav,happy,3
/content/drive/MyDrive/DataSet_Voice/happy/1063_IWW_HAP_XX.wav,happy,3
/content/drive/MyDrive/DataSet_Voice/happy/1054_IWL_HAP_XX.wav,happy,3
/content/drive/MyDrive/DataSet_Voice/happy/1049_IOM_HAP_XX.wav,happy,3
/content/drive/MyDrive/DataSet_Voice/happy/1056_DFA_HAP_XX.wav,happy,3
/content/drive/MyDrive/DataSet_Voice/happy/1058_ITH_HAP_XX.wav,happy,3
/content/drive/MyDrive/DataSet_Voice/happy/1062_IEO_HAP_HI.wav,happy,3
/content/drive/MyDrive/DataSet_Voice/happy/1051_IEO_HAP_LO.wav,happy,3
/content/drive/MyDrive/DataSet_Voice/happy/1047_IEO_HAP_MD.wav,happy,3
/content/drive/MyDrive/DataSet_Voice/happy/1048_IWL_HAP_XX.wav,happy,3
/content/drive/MyDrive/DataSet_Voice/happy/1050_TSI_HAP_XX.wav,happy,3
/content/drive/MyDrive/DataSet_Voice/happy/1053_TSI_HAP_XX.wav,happy,3
/content/drive/MyDrive/DataSet_Voice/happy/1047_IEO_HAP_HI.wav,happy,3
/content/drive/MyDrive/DataSet_Voice/happy/1057_IEO_HAP_HI.wav,happy,3
/content/drive/MyDrive/DataSet_Voice/happy/1053_IEO_HAP_MD.wav,happy,3
/content/drive/MyDrive/DataSet_Voice/happy/1050_IEO_HAP_MD.wav,happy,3
/content/drive/MyDrive/DataSet_Voice/happy/1051_TSI_HAP_XX.wav,happy,3
/content/drive/MyDrive/DataSet_Voice/happy/1052_ITS_HAP_XX.wav,happy,3
/content/drive/MyDrive/DataSet_Voice/happy/1057_IEO_HAP_LO.wav,happy,3
/content/drive/MyDrive/DataSet_Voice/happy/1061_IWW_HAP_XX.wav,happy,3
/content/drive/MyDrive/DataSet_Voice/happy/1048_IEO_HAP_LO.wav,happy,3
/content/drive/MyDrive/DataSet_Voice/happy/1059_TAI_HAP_XX.wav,happy,3
/content/drive/MyDrive/DataSet_Voice/happy/1050_IWL_HAP_XX.wav,happy,3
/content/drive/MyDrive/DataSet_Voice/happy/1059_IOM_HAP_XX.wav,happy,3
/content/drive/MyDrive/DataSet_Voice/happy/1051_IEO_HAP_MD.wav,happy,3
/content/drive/MyDrive/DataSet_Voice/happy/1054_IEO_HAP_LO.wav,happy,3
/content/drive/MyDrive/DataSet_Voice/happy/1057_TAI_HAP_XX.wav,happy,3
/content/drive/MyDrive/DataSet_Voice/happy/1062_TAI_HAP_XX.wav,happy,3
/content/drive/MyDrive/DataSet_Voice/happy/1048_IWW_HAP_XX.wav,happy,3
/content/drive/MyDrive/DataSet_Voice/happy/1048_TIE_HAP_XX.wav,happy,3
/content/drive/MyDrive/DataSet_Voice/happy/1053_IEO_HAP_LO.wav,happy,3
/content/drive/MyDrive/DataSet_Voice/happy/1054_IEO_HAP_MD.wav,happy,3
/content/drive/MyDrive/DataSet_Voice/happy/1058_TIE_HAP_XX.wav,happy,3
/content/drive/MyDrive/DataSet_Voice/happy/1053_TIE_HAP_XX.wav,happy,3
/content/drive/MyDrive/DataSet_Voice/happy/1060_IEO_HAP_LO.wav,happy,3
/content/drive/MyDrive/DataSet_Voice/happy/1059_IEO_HAP_MD.wav,happy,3
/content/drive/MyDrive/DataSet_Voice/happy/1055_WSI_HAP_XX.wav,happy,3
/content/drive/MyDrive/DataSet_Voice/happy/1062_IWW_HAP_XX.wav,happy,3
/content/drive/MyDrive/DataSet_Voice/happy/1047_IEO_HAP_LO.wav,happy,3
/content/drive/MyDrive/DataSet_Voice/happy/1060_WSI_HAP_XX.wav,happy,3
/content/drive/MyDrive/DataSet_Voice/happy/1050_ITH_HAP_XX.wav,happy,3
/content/drive/MyDrive/DataSet_Voice/happy/1053_IEO_HAP_HI.wav,happy,3
/content/drive/MyDrive/DataSet_Voice/happy/1061_MTI_HAP_XX.wav,happy,3
/content/drive/MyDrive/DataSet_Voice/happy/1047_IWW_HAP_XX.wav,happy,3
/content/drive/MyDrive/DataSet_Voice/happy/1048_TSI_HAP_XX.wav,happy,3
/content/drive/MyDrive/DataSet_Voice/happy/1059_IEO_HAP_LO.wav,happy,3
/content/drive/MyDrive/DataSet_Voice/happy/1054_ITH_HAP_XX.wav,happy,3
/content/drive/MyDrive/DataSet_Voice/happy/1061_ITS_HAP_XX.wav,happy,3
/content/drive/MyDrive/DataSet_Voice/happy/1051_ITH_HAP_XX.wav,happy,3
/content/drive/MyDrive/DataSet_Voice/happy/1049_IEO_HAP_HI.wav,happy,3
/content/drive/MyDrive/DataSet_Voice/happy/1055_TIE_HAP_XX.wav,happy,3
/content/drive/MyDrive/DataSet_Voice/happy/1060_IOM_HAP_XX.wav,happy,3
/content/drive/MyDrive/DataSet_Voice/happy/1061_IOM_HAP_XX.wav,happy,3
/content/drive/MyDrive/DataSet_Voice/happy/1060_ITS_HAP_XX.wav,happy,3
/content/drive/MyDrive/DataSet_Voice/happy/1058_IEO_HAP_HI.wav,happy,3
/content/drive/MyDrive/DataSet_Voice/happy/1048_ITS_HAP_XX.wav,happy,3
/content/drive/MyDrive/DataSet_Voice/happy/1049_TSI_HAP_XX.wav,happy,3
/content/drive/MyDrive/DataSet_Voice/happy/1063_IEO_HAP_HI.wav,happy,3
/content/drive/MyDrive/DataSet_Voice/happy/1058_TAI_HAP_XX.wav,happy,3
/content/drive/MyDrive/DataSet_Voice/happy/1050_MTI_HAP_XX.wav,happy,3
/content/drive/MyDrive/DataSet_Voice/happy/1054_IWW_HAP_XX.wav,happy,3
/content/drive/MyDrive/DataSet_Voice/happy/1058_IWL_HAP_XX.wav,happy,3
/content/drive/MyDrive/DataSet_Voice/happy/1061_TAI_HAP_XX.wav,happy,3
/content/drive/MyDrive/DataSet_Voice/happy/1060_MTI_HAP_XX.wav,happy,3
/content/drive/MyDrive/DataSet_Voice/happy/1052_TAI_HAP_XX.wav,happy,3
/content/drive/MyDrive/DataSet_Voice/happy/1049_MTI_HAP_XX.wav,happy,3
/content/drive/MyDrive/DataSet_Voice/happy/1053_IWW_HAP_XX.wav,happy,3
/content/drive/MyDrive/DataSet_Voice/happy/1056_TIE_HAP_XX.wav,happy,3
/content/drive/MyDrive/DataSet_Voice/happy/1063_IOM_HAP_XX.wav,happy,3
/content/drive/MyDrive/DataSet_Voice/happy/1049_WSI_HAP_XX.wav,happy,3
/content/drive/MyDrive/DataSet_Voice/happy/1056_IEO_HAP_MD.wav,happy,3
/content/drive/MyDrive/DataSet_Voice/happy/1062_IWL_HAP_XX.wav,happy,3
/content/drive/MyDrive/DataSet_Voice/happy/1057_WSI_HAP_XX.wav,happy,3
/content/drive/MyDrive/DataSet_Voice/happy/1047_ITH_HAP_XX.wav,happy,3
/content/drive/MyDrive/DataSet_Voice/happy/1063_IWL_HAP_XX.wav,happy,3
/content/drive/MyDrive/DataSet_Voice/happy/1060_TAI_HAP_XX.wav,happy,3
/content/drive/MyDrive/DataSet_Voice/happy/1063_IEO_HAP_LO.wav,happy,3
/content/drive/MyDrive/DataSet_Voice/happy/1058_DFA_HAP_XX.wav,happy,3
/content/drive/MyDrive/DataSet_Voice/happy/1050_IEO_HAP_LO.wav,happy,3
/content/drive/MyDrive/DataSet_Voice/happy/1056_IOM_HAP_XX.wav,happy,3
/content/drive/MyDrive/DataSet_Voice/happy/1054_WSI_HAP_XX.wav,happy,3
/content/drive/MyDrive/DataSet_Voice/happy/1060_IWW_HAP_XX.wav,happy,3
/content/drive/MyDrive/DataSet_Voice/happy/1050_TAI_HAP_XX.wav,happy,3
/content/drive/MyDrive/DataSet_Voice/happy/1052_WSI_HAP_XX.wav,happy,3
/content/drive/MyDrive/DataSet_Voice/happy/1056_TSI_HAP_XX.wav,happy,3
/content/drive/MyDrive/DataSet_Voice/happy/1058_ITS_HAP_XX.wav,happy,3
/content/drive/MyDrive/DataSet_Voice/happy/1049_IEO_HAP_MD.wav,happy,3
/content/drive/MyDrive/DataSet_Voice/happy/1049_IEO_HAP_LO.wav,happy,3
/content/drive/MyDrive/DataSet_Voice/happy/1056_TAI_HAP_XX.wav,happy,3
/content/drive/MyDrive/DataSet_Voice/happy/1053_IWL_HAP_XX.wav,happy,3
/content/drive/MyDrive/DataSet_Voice/happy/1058_IWW_HAP_XX.wav,happy,3
/content/drive/MyDrive/DataSet_Voice/happy/1049_TIE_HAP_XX.wav,happy,3
/content/drive/MyDrive/DataSet_Voice/happy/1060_ITH_HAP_XX.wav,happy,3
/content/drive/MyDrive/DataSet_Voice/happy/1058_TSI_HAP_XX.wav,happy,3
/content/drive/MyDrive/DataSet_Voice/happy/1047_IOM_HAP_XX.wav,happy,3
/content/drive/MyDrive/DataSet_Voice/happy/1057_DFA_HAP_XX.wav,happy,3
/content/drive/MyDrive/DataSet_Voice/happy/1059_IWW_HAP_XX.wav,happy,3
/content/drive/MyDrive/DataSet_Voice/happy/1047_WSI_HAP_XX.wav,happy,3
/content/drive/MyDrive/DataSet_Voice/happy/1057_IWW_HAP_XX.wav,happy,3
/content/drive/MyDrive/DataSet_Voice/happy/1055_ITS_HAP_XX.wav,happy,3
/content/drive/MyDrive/DataSet_Voice/happy/1061_IEO_HAP_MD.wav,happy,3
/content/drive/MyDrive/DataSet_Voice/happy/1053_IOM_HAP_XX.wav,happy,3
/content/drive/MyDrive/DataSet_Voice/happy/1050_IOM_HAP_XX.wav,happy,3
/content/drive/MyDrive/DataSet_Voice/happy/1051_TIE_HAP_XX.wav,happy,3
/content/drive/MyDrive/DataSet_Voice/happy/1056_IWW_HAP_XX.wav,happy,3
/content/drive/MyDrive/DataSet_Voice/happy/1051_ITS_HAP_XX.wav,happy,3
/content/drive/MyDrive/DataSet_Voice/happy/1050_TIE_HAP_XX.wav,happy,3
/content/drive/MyDrive/DataSet_Voice/happy/1059_ITH_HAP_XX.wav,happy,3
/content/drive/MyDrive/DataSet_Voice/happy/1047_IWL_HAP_XX.wav,happy,3
/content/drive/MyDrive/DataSet_Voice/happy/1047_TIE_HAP_XX.wav,happy,3
/content/drive/MyDrive/DataSet_Voice/happy/1063_IEO_HAP_MD.wav,happy,3
/content/drive/MyDrive/DataSet_Voice/happy/1047_MTI_HAP_XX.wav,happy,3
/content/drive/MyDrive/DataSet_Voice/happy/1051_TAI_HAP_XX.wav,happy,3
/content/drive/MyDrive/DataSet_Voice/happy/1057_TSI_HAP_XX.wav,happy,3
/content/drive/MyDrive/DataSet_Voice/happy/1059_WSI_HAP_XX.wav,happy,3
/content/drive/MyDrive/DataSet_Voice/happy/1050_IWW_HAP_XX.wav,happy,3
/content/drive/MyDrive/DataSet_Voice/happy/1049_ITH_HAP_XX.wav,happy,3
/content/drive/MyDrive/DataSet_Voice/happy/1060_IWL_HAP_XX.wav,happy,3
/content/drive/MyDrive/DataSet_Voice/happy/1062_IEO_HAP_MD.wav,happy,3
/content/drive/MyDrive/DataSet_Voice/happy/1055_IEO_HAP_LO.wav,happy,3
/content/drive/MyDrive/DataSet_Voice/happy/1057_MTI_HAP_XX.wav,happy,3
/content/drive/MyDrive/DataSet_Voice/happy/1052_ITH_HAP_XX.wav,happy,3
/content/drive/MyDrive/DataSet_Voice/happy/1050_ITS_HAP_XX.wav,happy,3
/content/drive/MyDrive/DataSet_Voice/happy/1058_IEO_HAP_LO.wav,happy,3
/content/drive/MyDrive/DataSet_Voice/happy/1055_TSI_HAP_XX.wav,happy,3
/content/drive/MyDrive/DataSet_Voice/happy/1052_DFA_HAP_XX.wav,happy,3
/content/drive/MyDrive/DataSet_Voice/happy/1051_MTI_HAP_XX.wav,happy,3
/content/drive/MyDrive/DataSet_Voice/happy/1059_TIE_HAP_XX.wav,happy,3
/content/drive/MyDrive/DataSet_Voice/happy/1058_IEO_HAP_MD.wav,happy,3
/content/drive/MyDrive/DataSet_Voice/happy/1052_IEO_HAP_HI.wav,happy,3
/content/drive/MyDrive/DataSet_Voice/happy/1059_MTI_HAP_XX.wav,happy,3
/content/drive/MyDrive/DataSet_Voice/happy/1061_TIE_HAP_XX.wav,happy,3
/content/drive/MyDrive/DataSet_Voice/happy/1052_TSI_HAP_XX.wav,happy,3
/content/drive/MyDrive/DataSet_Voice/happy/1048_IEO_HAP_MD.wav,happy,3
/content/drive/MyDrive/DataSet_Voice/happy/1048_ITH_HAP_XX.wav,happy,3
/content/drive/MyDrive/DataSet_Voice/happy/1058_IOM_HAP_XX.wav,happy,3
/content/drive/MyDrive/DataSet_Voice/happy/1058_WSI_HAP_XX.wav,happy,3
/content/drive/MyDrive/DataSet_Voice/happy/1057_ITS_HAP_XX.wav,happy,3
/content/drive/MyDrive/DataSet_Voice/happy/1055_ITH_HAP_XX.wav,happy,3
/content/drive/MyDrive/DataSet_Voice/happy/1053_WSI_HAP_XX.wav,happy,3
/content/drive/MyDrive/DataSet_Voice/happy/1061_WSI_HAP_XX.wav,happy,3
/content/drive/MyDrive/DataSet_Voice/happy/1050_DFA_HAP_XX.wav,happy,3
/content/drive/MyDrive/DataSet_Voice/happy/1052_IEO_HAP_MD.wav,happy,3
/content/drive/MyDrive/DataSet_Voice/happy/1055_IWW_HAP_XX.wav,happy,3
/content/drive/MyDrive/DataSet_Voice/happy/1055_DFA_HAP_XX.wav,happy,3
/content/drive/MyDrive/DataSet_Voice/happy/1051_IWL_HAP_XX.wav,happy,3
/content/drive/MyDrive/DataSet_Voice/happy/1055_IWL_HAP_XX.wav,happy,3
/content/drive/MyDrive/DataSet_Voice/happy/1061_IEO_HAP_LO.wav,happy,3
/content/drive/MyDrive/DataSet_Voice/happy/1062_IEO_HAP_LO.wav,happy,3
/content/drive/MyDrive/DataSet_Voice/happy/1054_ITS_HAP_XX.wav,happy,3
/content/drive/MyDrive/DataSet_Voice/happy/1054_DFA_HAP_XX.wav,happy,3
/content/drive/MyDrive/DataSet_Voice/happy/1062_ITS_HAP_XX.wav,happy,3
/content/drive/MyDrive/DataSet_Voice/happy/1052_TIE_HAP_XX.wav,happy,3
/content/drive/MyDrive/DataSet_Voice/happy/1052_IOM_HAP_XX.wav,happy,3
/content/drive/MyDrive/DataSet_Voice/happy/1061_IEO_HAP_HI.wav,happy,3
/content/drive/MyDrive/DataSet_Voice/happy/1052_IWW_HAP_XX.wav,happy,3
/content/drive/MyDrive/DataSet_Voice/happy/1054_TSI_HAP_XX.wav,happy,3
/content/drive/MyDrive/DataSet_Voice/happy/1057_IOM_HAP_XX.wav,happy,3
/content/drive/MyDrive/DataSet_Voice/happy/1056_WSI_HAP_XX.wav,happy,3
/content/drive/MyDrive/DataSet_Voice/happy/1060_TIE_HAP_XX.wav,happy,3
/content/drive/MyDrive/DataSet_Voice/happy/1052_IEO_HAP_LO.wav,happy,3
/content/drive/MyDrive/DataSet_Voice/happy/1053_ITS_HAP_XX.wav,happy,3
/content/drive/MyDrive/DataSet_Voice/happy/1051_WSI_HAP_XX.wav,happy,3
/content/drive/MyDrive/DataSet_Voice/happy/1051_IOM_HAP_XX.wav,happy,3
/content/drive/MyDrive/DataSet_Voice/happy/1050_IEO_HAP_HI.wav,happy,3
/content/drive/MyDrive/DataSet_Voice/happy/1048_DFA_HAP_XX.wav,happy,3
/content/drive/MyDrive/DataSet_Voice/happy/1054_TIE_HAP_XX.wav,happy,3
/content/drive/MyDrive/DataSet_Voice/happy/1063_DFA_HAP_XX.wav,happy,3
/content/drive/MyDrive/DataSet_Voice/happy/1057_IEO_HAP_MD.wav,happy,3
/content/drive/MyDrive/DataSet_Voice/happy/1060_IEO_HAP_MD.wav,happy,3
/content/drive/MyDrive/DataSet_Voice/happy/1056_ITS_HAP_XX.wav,happy,3
/content/drive/MyDrive/DataSet_Voice/happy/1049_IWW_HAP_XX.wav,happy,3
/content/drive/MyDrive/DataSet_Voice/happy/1057_IWL_HAP_XX.wav,happy,3
/content/drive/MyDrive/DataSet_Voice/happy/1048_IOM_HAP_XX.wav,happy,3
/content/drive/MyDrive/DataSet_Voice/happy/1061_TSI_HAP_XX.wav,happy,3
/content/drive/MyDrive/DataSet_Voice/happy/1062_MTI_HAP_XX.wav,happy,3
/content/drive/MyDrive/DataSet_Voice/happy/1049_IWL_HAP_XX.wav,happy,3
/content/drive/MyDrive/DataSet_Voice/happy/1048_TAI_HAP_XX.wav,happy,3
/content/drive/MyDrive/DataSet_Voice/happy/1054_TAI_HAP_XX.wav,happy,3
/content/drive/MyDrive/DataSet_Voice/happy/1062_TIE_HAP_XX.wav,happy,3
/content/drive/MyDrive/DataSet_Voice/happy/1060_IEO_HAP_HI.wav,happy,3
/content/drive/MyDrive/DataSet_Voice/happy/1054_IEO_HAP_HI.wav,happy,3
/content/drive/MyDrive/DataSet_Voice/happy/1056_ITH_HAP_XX.wav,happy,3
/content/drive/MyDrive/DataSet_Voice/happy/1049_ITS_HAP_XX.wav,happy,3
/content/drive/MyDrive/DataSet_Voice/happy/1063_ITH_HAP_XX.wav,happy,3
/content/drive/MyDrive/DataSet_Voice/happy/1054_MTI_HAP_XX.wav,happy,3
/content/drive/MyDrive/DataSet_Voice/happy/1053_DFA_HAP_XX.wav,happy,3
/content/drive/MyDrive/DataSet_Voice/happy/1059_IEO_HAP_HI.wav,happy,3
/content/drive/MyDrive/DataSet_Voice/happy/1052_IWL_HAP_XX.wav,happy,3
/content/drive/MyDrive/DataSet_Voice/neutral/1054_MTI_NEU_XX.wav,neutral,4
/content/drive/MyDrive/DataSet_Voice/neutral/1055_TSI_NEU_XX.wav,neutral,4
/content/drive/MyDrive/DataSet_Voice/neutral/1052_TAI_NEU_XX.wav,neutral,4
/content/drive/MyDrive/DataSet_Voice/neutral/1047_ITH_NEU_XX.wav,neutral,4
/content/drive/MyDrive/DataSet_Voice/neutral/1060_MTI_NEU_XX.wav,neutral,4
/content/drive/MyDrive/DataSet_Voice/neutral/1063_ITH_NEU_XX.wav,neutral,4
/content/drive/MyDrive/DataSet_Voice/neutral/1051_IEO_NEU_XX.wav,neutral,4
/content/drive/MyDrive/DataSet_Voice/neutral/1062_ITS_NEU_XX.wav,neutral,4
/content/drive/MyDrive/DataSet_Voice/neutral/1060_IOM_NEU_XX.wav,neutral,4
/content/drive/MyDrive/DataSet_Voice/neutral/1053_TIE_NEU_XX.wav,neutral,4
/content/drive/MyDrive/DataSet_Voice/neutral/1050_WSI_NEU_XX.wav,neutral,4
/content/drive/MyDrive/DataSet_Voice/neutral/1049_IWW_NEU_XX.wav,neutral,4
/content/drive/MyDrive/DataSet_Voice/neutral/1058_IWL_NEU_XX.wav,neutral,4
/content/drive/MyDrive/DataSet_Voice/neutral/1048_TAI_NEU_XX.wav,neutral,4
/content/drive/MyDrive/DataSet_Voice/neutral/1058_ITH_NEU_XX.wav,neutral,4
/content/drive/MyDrive/DataSet_Voice/neutral/1063_IWW_NEU_XX.wav,neutral,4
/content/drive/MyDrive/DataSet_Voice/neutral/1050_DFA_NEU_XX.wav,neutral,4
/content/drive/MyDrive/DataSet_Voice/neutral/1059_DFA_NEU_XX.wav,neutral,4
/content/drive/MyDrive/DataSet_Voice/neutral/1053_DFA_NEU_XX.wav,neutral,4
/content/drive/MyDrive/DataSet_Voice/neutral/1048_IEO_NEU_XX.wav,neutral,4
/content/drive/MyDrive/DataSet_Voice/neutral/1048_ITH_NEU_XX.wav,neutral,4
/content/drive/MyDrive/DataSet_Voice/neutral/1060_IWW_NEU_XX.wav,neutral,4
/content/drive/MyDrive/DataSet_Voice/neutral/1060_IEO_NEU_XX.wav,neutral,4
/content/drive/MyDrive/DataSet_Voice/neutral/1057_IWL_NEU_XX.wav,neutral,4
/content/drive/MyDrive/DataSet_Voice/neutral/1049_MTI_NEU_XX.wav,neutral,4
/content/drive/MyDrive/DataSet_Voice/neutral/1050_MTI_NEU_XX.wav,neutral,4
/content/drive/MyDrive/DataSet_Voice/neutral/1051_ITS_NEU_XX.wav,neutral,4
/content/drive/MyDrive/DataSet_Voice/neutral/1056_IOM_NEU_XX.wav,neutral,4
/content/drive/MyDrive/DataSet_Voice/neutral/1060_ITH_NEU_XX.wav,neutral,4
/content/drive/MyDrive/DataSet_Voice/neutral/1048_ITS_NEU_XX.wav,neutral,4
/content/drive/MyDrive/DataSet_Voice/neutral/1063_IWL_NEU_XX.wav,neutral,4
/content/drive/MyDrive/DataSet_Voice/neutral/1062_DFA_NEU_XX.wav,neutral,4
/content/drive/MyDrive/DataSet_Voice/neutral/1056_DFA_NEU_XX.wav,neutral,4
/content/drive/MyDrive/DataSet_Voice/neutral/1055_IWW_NEU_XX.wav,neutral,4
/content/drive/MyDrive/DataSet_Voice/neutral/1061_ITS_NEU_XX.wav,neutral,4
/content/drive/MyDrive/DataSet_Voice/neutral/1060_DFA_NEU_XX.wav,neutral,4
/content/drive/MyDrive/DataSet_Voice/neutral/1054_IWL_NEU_XX.wav,neutral,4
/content/drive/MyDrive/DataSet_Voice/neutral/1058_TAI_NEU_XX.wav,neutral,4
/content/drive/MyDrive/DataSet_Voice/neutral/1054_TSI_NEU_XX.wav,neutral,4
/content/drive/MyDrive/DataSet_Voice/neutral/1059_IOM_NEU_XX.wav,neutral,4
/content/drive/MyDrive/DataSet_Voice/neutral/1061_ITH_NEU_XX.wav,neutral,4
/content/drive/MyDrive/DataSet_Voice/neutral/1058_IWW_NEU_XX.wav,neutral,4
/content/drive/MyDrive/DataSet_Voice/neutral/1047_TIE_NEU_XX.wav,neutral,4
/content/drive/MyDrive/DataSet_Voice/neutral/1052_IWW_NEU_XX.wav,neutral,4
/content/drive/MyDrive/DataSet_Voice/neutral/1051_WSI_NEU_XX.wav,neutral,4
/content/drive/MyDrive/DataSet_Voice/neutral/1050_IWW_NEU_XX.wav,neutral,4
/content/drive/MyDrive/DataSet_Voice/neutral/1056_ITH_NEU_XX.wav,neutral,4
/content/drive/MyDrive/DataSet_Voice/neutral/1055_TAI_NEU_XX.wav,neutral,4
/content/drive/MyDrive/DataSet_Voice/neutral/1063_DFA_NEU_XX.wav,neutral,4
/content/drive/MyDrive/DataSet_Voice/neutral/1053_IEO_NEU_XX.wav,neutral,4
/content/drive/MyDrive/DataSet_Voice/neutral/1054_ITS_NEU_XX.wav,neutral,4
/content/drive/MyDrive/DataSet_Voice/neutral/1062_TSI_NEU_XX.wav,neutral,4
/content/drive/MyDrive/DataSet_Voice/neutral/1051_IWW_NEU_XX.wav,neutral,4
/content/drive/MyDrive/DataSet_Voice/neutral/1058_TSI_NEU_XX.wav,neutral,4
/content/drive/MyDrive/DataSet_Voice/neutral/1061_TIE_NEU_XX.wav,neutral,4
/content/drive/MyDrive/DataSet_Voice/neutral/1049_IWL_NEU_XX.wav,neutral,4
/content/drive/MyDrive/DataSet_Voice/neutral/1058_DFA_NEU_XX.wav,neutral,4
/content/drive/MyDrive/DataSet_Voice/neutral/1050_ITH_NEU_XX.wav,neutral,4
/content/drive/MyDrive/DataSet_Voice/neutral/1052_ITH_NEU_XX.wav,neutral,4
/content/drive/MyDrive/DataSet_Voice/neutral/1055_DFA_NEU_XX.wav,neutral,4
/content/drive/MyDrive/DataSet_Voice/neutral/1060_IWL_NEU_XX.wav,neutral,4
/content/drive/MyDrive/DataSet_Voice/neutral/1047_IEO_NEU_XX.wav,neutral,4
/content/drive/MyDrive/DataSet_Voice/neutral/1051_TIE_NEU_XX.wav,neutral,4
/content/drive/MyDrive/DataSet_Voice/neutral/1056_IWW_NEU_XX.wav,neutral,4
/content/drive/MyDrive/DataSet_Voice/neutral/1053_ITH_NEU_XX.wav,neutral,4
/content/drive/MyDrive/DataSet_Voice/neutral/1054_IEO_NEU_XX.wav,neutral,4
/content/drive/MyDrive/DataSet_Voice/neutral/1048_IOM_NEU_XX.wav,neutral,4
/content/drive/MyDrive/DataSet_Voice/neutral/1059_TIE_NEU_XX.wav,neutral,4
/content/drive/MyDrive/DataSet_Voice/neutral/1061_TSI_NEU_XX.wav,neutral,4
/content/drive/MyDrive/DataSet_Voice/neutral/1058_MTI_NEU_XX.wav,neutral,4
/content/drive/MyDrive/DataSet_Voice/neutral/1047_ITS_NEU_XX.wav,neutral,4
/content/drive/MyDrive/DataSet_Voice/neutral/1048_TSI_NEU_XX.wav,neutral,4
/content/drive/MyDrive/DataSet_Voice/neutral/1047_IOM_NEU_XX.wav,neutral,4
/content/drive/MyDrive/DataSet_Voice/neutral/1056_TAI_NEU_XX.wav,neutral,4
/content/drive/MyDrive/DataSet_Voice/neutral/1050_IOM_NEU_XX.wav,neutral,4
/content/drive/MyDrive/DataSet_Voice/neutral/1054_TIE_NEU_XX.wav,neutral,4
/content/drive/MyDrive/DataSet_Voice/neutral/1057_WSI_NEU_XX.wav,neutral,4
/content/drive/MyDrive/DataSet_Voice/neutral/1049_IOM_NEU_XX.wav,neutral,4
/content/drive/MyDrive/DataSet_Voice/neutral/1059_WSI_NEU_XX.wav,neutral,4
/content/drive/MyDrive/DataSet_Voice/neutral/1051_IOM_NEU_XX.wav,neutral,4
/content/drive/MyDrive/DataSet_Voice/neutral/1054_IWW_NEU_XX.wav,neutral,4
/content/drive/MyDrive/DataSet_Voice/neutral/1057_IEO_NEU_XX.wav,neutral,4
/content/drive/MyDrive/DataSet_Voice/neutral/1053_TAI_NEU_XX.wav,neutral,4
/content/drive/MyDrive/DataSet_Voice/neutral/1056_WSI_NEU_XX.wav,neutral,4
/content/drive/MyDrive/DataSet_Voice/neutral/1055_WSI_NEU_XX.wav,neutral,4
/content/drive/MyDrive/DataSet_Voice/neutral/1057_IOM_NEU_XX.wav,neutral,4
/content/drive/MyDrive/DataSet_Voice/neutral/1048_IWL_NEU_XX.wav,neutral,4
/content/drive/MyDrive/DataSet_Voice/neutral/1055_TIE_NEU_XX.wav,neutral,4
/content/drive/MyDrive/DataSet_Voice/neutral/1052_TSI_NEU_XX.wav,neutral,4
/content/drive/MyDrive/DataSet_Voice/neutral/1049_IEO_NEU_XX.wav,neutral,4
/content/drive/MyDrive/DataSet_Voice/neutral/1047_TSI_NEU_XX.wav,neutral,4
/content/drive/MyDrive/DataSet_Voice/neutral/1049_ITS_NEU_XX.wav,neutral,4
/content/drive/MyDrive/DataSet_Voice/neutral/1051_MTI_NEU_XX.wav,neutral,4
/content/drive/MyDrive/DataSet_Voice/neutral/1056_IWL_NEU_XX.wav,neutral,4
/content/drive/MyDrive/DataSet_Voice/neutral/1057_DFA_NEU_XX.wav,neutral,4
/content/drive/MyDrive/DataSet_Voice/neutral/1059_MTI_NEU_XX.wav,neutral,4
/content/drive/MyDrive/DataSet_Voice/neutral/1060_WSI_NEU_XX.wav,neutral,4
/content/drive/MyDrive/DataSet_Voice/neutral/1047_TAI_NEU_XX.wav,neutral,4
/content/drive/MyDrive/DataSet_Voice/neutral/1059_TSI_NEU_XX.wav,neutral,4
/content/drive/MyDrive/DataSet_Voice/neutral/1049_WSI_NEU_XX.wav,neutral,4
/content/drive/MyDrive/DataSet_Voice/neutral/1062_MTI_NEU_XX.wav,neutral,4
/content/drive/MyDrive/DataSet_Voice/neutral/1054_IOM_NEU_XX.wav,neutral,4
/content/drive/MyDrive/DataSet_Voice/neutral/1049_ITH_NEU_XX.wav,neutral,4
/content/drive/MyDrive/DataSet_Voice/neutral/1047_IWL_NEU_XX.wav,neutral,4
/content/drive/MyDrive/DataSet_Voice/neutral/1062_IEO_NEU_XX.wav,neutral,4
/content/drive/MyDrive/DataSet_Voice/neutral/1054_DFA_NEU_XX.wav,neutral,4
/content/drive/MyDrive/DataSet_Voice/neutral/1050_IWL_NEU_XX.wav,neutral,4
/content/drive/MyDrive/DataSet_Voice/neutral/1061_IOM_NEU_XX.wav,neutral,4
/content/drive/MyDrive/DataSet_Voice/neutral/1050_ITS_NEU_XX.wav,neutral,4
/content/drive/MyDrive/DataSet_Voice/neutral/1060_TSI_NEU_XX.wav,neutral,4
/content/drive/MyDrive/DataSet_Voice/neutral/1061_IEO_NEU_XX.wav,neutral,4
/content/drive/MyDrive/DataSet_Voice/neutral/1056_MTI_NEU_XX.wav,neutral,4
/content/drive/MyDrive/DataSet_Voice/neutral/1053_WSI_NEU_XX.wav,neutral,4
/content/drive/MyDrive/DataSet_Voice/neutral/1062_ITH_NEU_XX.wav,neutral,4
/content/drive/MyDrive/DataSet_Voice/neutral/1060_TIE_NEU_XX.wav,neutral,4
/content/drive/MyDrive/DataSet_Voice/neutral/1056_IEO_NEU_XX.wav,neutral,4
/content/drive/MyDrive/DataSet_Voice/neutral/1048_DFA_NEU_XX.wav,neutral,4
/content/drive/MyDrive/DataSet_Voice/neutral/1058_TIE_NEU_XX.wav,neutral,4
/content/drive/MyDrive/DataSet_Voice/neutral/1062_TIE_NEU_XX.wav,neutral,4
/content/drive/MyDrive/DataSet_Voice/neutral/1047_IWW_NEU_XX.wav,neutral,4
/content/drive/MyDrive/DataSet_Voice/neutral/1055_IEO_NEU_XX.wav,neutral,4
/content/drive/MyDrive/DataSet_Voice/neutral/1061_WSI_NEU_XX.wav,neutral,4
/content/drive/MyDrive/DataSet_Voice/neutral/1062_IWW_NEU_XX.wav,neutral,4
/content/drive/MyDrive/DataSet_Voice/neutral/1051_TAI_NEU_XX.wav,neutral,4
/content/drive/MyDrive/DataSet_Voice/neutral/1053_IOM_NEU_XX.wav,neutral,4
/content/drive/MyDrive/DataSet_Voice/neutral/1054_TAI_NEU_XX.wav,neutral,4
/content/drive/MyDrive/DataSet_Voice/neutral/1052_WSI_NEU_XX.wav,neutral,4
/content/drive/MyDrive/DataSet_Voice/neutral/1049_TIE_NEU_XX.wav,neutral,4
/content/drive/MyDrive/DataSet_Voice/neutral/1053_TSI_NEU_XX.wav,neutral,4
/content/drive/MyDrive/DataSet_Voice/neutral/1053_IWW_NEU_XX.wav,neutral,4
/content/drive/MyDrive/DataSet_Voice/neutral/1054_ITH_NEU_XX.wav,neutral,4
/content/drive/MyDrive/DataSet_Voice/neutral/1056_ITS_NEU_XX.wav,neutral,4
/content/drive/MyDrive/DataSet_Voice/neutral/1061_IWL_NEU_XX.wav,neutral,4
/content/drive/MyDrive/DataSet_Voice/neutral/1048_TIE_NEU_XX.wav,neutral,4
/content/drive/MyDrive/DataSet_Voice/neutral/1047_WSI_NEU_XX.wav,neutral,4
/content/drive/MyDrive/DataSet_Voice/neutral/1048_MTI_NEU_XX.wav,neutral,4
/content/drive/MyDrive/DataSet_Voice/neutral/1059_ITH_NEU_XX.wav,neutral,4
/content/drive/MyDrive/DataSet_Voice/neutral/1063_ITS_NEU_XX.wav,neutral,4
/content/drive/MyDrive/DataSet_Voice/neutral/1059_ITS_NEU_XX.wav,neutral,4
/content/drive/MyDrive/DataSet_Voice/neutral/1054_WSI_NEU_XX.wav,neutral,4
/content/drive/MyDrive/DataSet_Voice/neutral/1057_IWW_NEU_XX.wav,neutral,4
/content/drive/MyDrive/DataSet_Voice/neutral/1057_TAI_NEU_XX.wav,neutral,4
/content/drive/MyDrive/DataSet_Voice/neutral/1058_IEO_NEU_XX.wav,neutral,4
/content/drive/MyDrive/DataSet_Voice/neutral/1059_IWW_NEU_XX.wav,neutral,4
/content/drive/MyDrive/DataSet_Voice/neutral/1052_TIE_NEU_XX.wav,neutral,4
/content/drive/MyDrive/DataSet_Voice/neutral/1061_DFA_NEU_XX.wav,neutral,4
/content/drive/MyDrive/DataSet_Voice/neutral/1059_IEO_NEU_XX.wav,neutral,4
/content/drive/MyDrive/DataSet_Voice/neutral/1058_ITS_NEU_XX.wav,neutral,4
/content/drive/MyDrive/DataSet_Voice/neutral/1059_TAI_NEU_XX.wav,neutral,4
/content/drive/MyDrive/DataSet_Voice/neutral/1063_IEO_NEU_XX.wav,neutral,4
/content/drive/MyDrive/DataSet_Voice/neutral/1057_TSI_NEU_XX.wav,neutral,4
/content/drive/MyDrive/DataSet_Voice/neutral/1052_MTI_NEU_XX.wav,neutral,4
/content/drive/MyDrive/DataSet_Voice/neutral/1057_TIE_NEU_XX.wav,neutral,4
/content/drive/MyDrive/DataSet_Voice/neutral/1055_ITS_NEU_XX.wav,neutral,4
/content/drive/MyDrive/DataSet_Voice/neutral/1050_IEO_NEU_XX.wav,neutral,4
/content/drive/MyDrive/DataSet_Voice/neutral/1052_IEO_NEU_XX.wav,neutral,4
/content/drive/MyDrive/DataSet_Voice/neutral/1052_ITS_NEU_XX.wav,neutral,4
/content/drive/MyDrive/DataSet_Voice/neutral/1052_IOM_NEU_XX.wav,neutral,4
/content/drive/MyDrive/DataSet_Voice/neutral/1062_IOM_NEU_XX.wav,neutral,4
/content/drive/MyDrive/DataSet_Voice/neutral/1052_DFA_NEU_XX.wav,neutral,4
/content/drive/MyDrive/DataSet_Voice/neutral/1060_ITS_NEU_XX.wav,neutral,4
/content/drive/MyDrive/DataSet_Voice/neutral/1055_ITH_NEU_XX.wav,neutral,4
/content/drive/MyDrive/DataSet_Voice/neutral/1049_TAI_NEU_XX.wav,neutral,4
/content/drive/MyDrive/DataSet_Voice/neutral/1050_TIE_NEU_XX.wav,neutral,4
/content/drive/MyDrive/DataSet_Voice/neutral/1077_DFA_NEU_XX.wav,neutral,4
/content/drive/MyDrive/DataSet_Voice/neutral/1071_IEO_NEU_XX.wav,neutral,4
/content/drive/MyDrive/DataSet_Voice/neutral/1073_IWL_NEU_XX.wav,neutral,4
/content/drive/MyDrive/DataSet_Voice/neutral/1066_ITS_NEU_XX.wav,neutral,4
/content/drive/MyDrive/DataSet_Voice/neutral/1073_TIE_NEU_XX.wav,neutral,4
/content/drive/MyDrive/DataSet_Voice/neutral/1073_TSI_NEU_XX.wav,neutral,4
/content/drive/MyDrive/DataSet_Voice/neutral/1074_ITS_NEU_XX.wav,neutral,4
/content/drive/MyDrive/DataSet_Voice/neutral/1071_TSI_NEU_XX.wav,neutral,4
/content/drive/MyDrive/DataSet_Voice/neutral/1076_ITH_NEU_XX.wav,neutral,4
/content/drive/MyDrive/DataSet_Voice/neutral/1065_ITH_NEU_XX.wav,neutral,4
/content/drive/MyDrive/DataSet_Voice/neutral/1067_MTI_NEU_XX.wav,neutral,4
/content/drive/MyDrive/DataSet_Voice/neutral/1068_TAI_NEU_XX.wav,neutral,4
/content/drive/MyDrive/DataSet_Voice/neutral/1075_DFA_NEU_XX.wav,neutral,4
/content/drive/MyDrive/DataSet_Voice/neutral/1073_WSI_NEU_XX.wav,neutral,4
/content/drive/MyDrive/DataSet_Voice/neutral/1077_TAI_NEU_XX.wav,neutral,4
/content/drive/MyDrive/DataSet_Voice/neutral/1077_IEO_NEU_XX.wav,neutral,4
/content/drive/MyDrive/DataSet_Voice/neutral/1076_IOM_NEU_XX.wav,neutral,4
/content/drive/MyDrive/DataSet_Voice/neutral/1077_TSI_NEU_XX.wav,neutral,4
/content/drive/MyDrive/DataSet_Voice/neutral/1070_IEO_NEU_XX.wav,neutral,4
/content/drive/MyDrive/DataSet_Voice/neutral/1070_DFA_NEU_XX.wav,neutral,4
/content/drive/MyDrive/DataSet_Voice/neutral/1067_ITS_NEU_XX.wav,neutral,4
/content/drive/MyDrive/DataSet_Voice/neutral/1073_IOM_NEU_XX.wav,neutral,4
/content/drive/MyDrive/DataSet_Voice/neutral/1066_MTI_NEU_XX.wav,neutral,4
/content/drive/MyDrive/DataSet_Voice/neutral/1075_IWL_NEU_XX.wav,neutral,4
/content/drive/MyDrive/DataSet_Voice/neutral/1073_MTI_NEU_XX.wav,neutral,4
/content/drive/MyDrive/DataSet_Voice/neutral/1072_TAI_NEU_XX.wav,neutral,4
/content/drive/MyDrive/DataSet_Voice/neutral/1076_MTI_NEU_XX.wav,neutral,4
/content/drive/MyDrive/DataSet_Voice/neutral/1075_ITS_NEU_XX.wav,neutral,4
/content/drive/MyDrive/DataSet_Voice/neutral/1064_TAI_NEU_XX.wav,neutral,4
/content/drive/MyDrive/DataSet_Voice/neutral/1065_IWL_NEU_XX.wav,neutral,4
/content/drive/MyDrive/DataSet_Voice/neutral/1074_MTI_NEU_XX.wav,neutral,4
/content/drive/MyDrive/DataSet_Voice/neutral/1064_DFA_NEU_XX.wav,neutral,4
/content/drive/MyDrive/DataSet_Voice/neutral/1073_DFA_NEU_XX.wav,neutral,4
/content/drive/MyDrive/DataSet_Voice/neutral/1064_IWW_NEU_XX.wav,neutral,4
/content/drive/MyDrive/DataSet_Voice/neutral/1077_WSI_NEU_XX.wav,neutral,4
/content/drive/MyDrive/DataSet_Voice/neutral/1068_IWL_NEU_XX.wav,neutral,4
/content/drive/MyDrive/DataSet_Voice/neutral/1075_IEO_NEU_XX.wav,neutral,4
/content/drive/MyDrive/DataSet_Voice/neutral/1072_IWL_NEU_XX.wav,neutral,4
/content/drive/MyDrive/DataSet_Voice/neutral/1070_MTI_NEU_XX.wav,neutral,4
/content/drive/MyDrive/DataSet_Voice/neutral/1065_IEO_NEU_XX.wav,neutral,4
/content/drive/MyDrive/DataSet_Voice/neutral/1077_MTI_NEU_XX.wav,neutral,4
/content/drive/MyDrive/DataSet_Voice/neutral/1068_DFA_NEU_XX.wav,neutral,4
/content/drive/MyDrive/DataSet_Voice/neutral/1072_TIE_NEU_XX.wav,neutral,4
/content/drive/MyDrive/DataSet_Voice/neutral/1067_IWL_NEU_XX.wav,neutral,4
/content/drive/MyDrive/DataSet_Voice/neutral/1076_DFA_NEU_XX.wav,neutral,4
/content/drive/MyDrive/DataSet_Voice/neutral/1077_IOM_NEU_XX.wav,neutral,4
/content/drive/MyDrive/DataSet_Voice/neutral/1073_IWW_NEU_XX.wav,neutral,4
/content/drive/MyDrive/DataSet_Voice/neutral/1068_IEO_NEU_XX.wav,neutral,4
/content/drive/MyDrive/DataSet_Voice/neutral/1072_IEO_NEU_XX.wav,neutral,4
/content/drive/MyDrive/DataSet_Voice/neutral/1077_TIE_NEU_XX.wav,neutral,4
/content/drive/MyDrive/DataSet_Voice/neutral/1066_IEO_NEU_XX.wav,neutral,4
/content/drive/MyDrive/DataSet_Voice/neutral/1067_IEO_NEU_XX.wav,neutral,4
/content/drive/MyDrive/DataSet_Voice/neutral/1071_IOM_NEU_XX.wav,neutral,4
/content/drive/MyDrive/DataSet_Voice/neutral/1064_IOM_NEU_XX.wav,neutral,4
/content/drive/MyDrive/DataSet_Voice/neutral/1074_DFA_NEU_XX.wav,neutral,4
/content/drive/MyDrive/DataSet_Voice/neutral/1077_ITH_NEU_XX.wav,neutral,4
/content/drive/MyDrive/DataSet_Voice/neutral/1069_IWL_NEU_XX.wav,neutral,4
/content/drive/MyDrive/DataSet_Voice/neutral/1069_TAI_NEU_XX.wav,neutral,4
/content/drive/MyDrive/DataSet_Voice/neutral/1069_ITH_NEU_XX.wav,neutral,4
/content/drive/MyDrive/DataSet_Voice/neutral/1063_TSI_NEU_XX.wav,neutral,4
/content/drive/MyDrive/DataSet_Voice/neutral/1075_ITH_NEU_XX.wav,neutral,4
/content/drive/MyDrive/DataSet_Voice/neutral/1068_IWW_NEU_XX.wav,neutral,4
/content/drive/MyDrive/DataSet_Voice/neutral/1076_IWW_NEU_XX.wav,neutral,4
/content/drive/MyDrive/DataSet_Voice/neutral/1066_IOM_NEU_XX.wav,neutral,4
/content/drive/MyDrive/DataSet_Voice/neutral/1064_ITH_NEU_XX.wav,neutral,4
/content/drive/MyDrive/DataSet_Voice/neutral/1074_TIE_NEU_XX.wav,neutral,4
/content/drive/MyDrive/DataSet_Voice/neutral/1071_ITH_NEU_XX.wav,neutral,4
/content/drive/MyDrive/DataSet_Voice/neutral/1066_TIE_NEU_XX.wav,neutral,4
/content/drive/MyDrive/DataSet_Voice/neutral/1072_DFA_NEU_XX.wav,neutral,4
/content/drive/MyDrive/DataSet_Voice/neutral/1063_MTI_NEU_XX.wav,neutral,4
/content/drive/MyDrive/DataSet_Voice/neutral/1075_TAI_NEU_XX.wav,neutral,4
/content/drive/MyDrive/DataSet_Voice/neutral/1072_IOM_NEU_XX.wav,neutral,4
/content/drive/MyDrive/DataSet_Voice/neutral/1070_TIE_NEU_XX.wav,neutral,4
/content/drive/MyDrive/DataSet_Voice/neutral/1065_IWW_NEU_XX.wav,neutral,4
/content/drive/MyDrive/DataSet_Voice/neutral/1063_TIE_NEU_XX.wav,neutral,4
/content/drive/MyDrive/DataSet_Voice/neutral/1071_IWW_NEU_XX.wav,neutral,4
/content/drive/MyDrive/DataSet_Voice/neutral/1065_TSI_NEU_XX.wav,neutral,4
/content/drive/MyDrive/DataSet_Voice/neutral/1070_IWW_NEU_XX.wav,neutral,4
/content/drive/MyDrive/DataSet_Voice/neutral/1065_ITS_NEU_XX.wav,neutral,4
/content/drive/MyDrive/DataSet_Voice/neutral/1066_TSI_NEU_XX.wav,neutral,4
/content/drive/MyDrive/DataSet_Voice/neutral/1077_IWW_NEU_XX.wav,neutral,4
/content/drive/MyDrive/DataSet_Voice/neutral/1075_IOM_NEU_XX.wav,neutral,4
/content/drive/MyDrive/DataSet_Voice/neutral/1078_ITH_NEU_XX.wav,neutral,4
/content/drive/MyDrive/DataSet_Voice/neutral/1071_TIE_NEU_XX.wav,neutral,4
/content/drive/MyDrive/DataSet_Voice/neutral/1066_TAI_NEU_XX.wav,neutral,4
/content/drive/MyDrive/DataSet_Voice/neutral/1070_IOM_NEU_XX.wav,neutral,4
/content/drive/MyDrive/DataSet_Voice/neutral/1064_IWL_NEU_XX.wav,neutral,4
/content/drive/MyDrive/DataSet_Voice/neutral/1069_TSI_NEU_XX.wav,neutral,4
/content/drive/MyDrive/DataSet_Voice/neutral/1064_WSI_NEU_XX.wav,neutral,4
/content/drive/MyDrive/DataSet_Voice/neutral/1073_TAI_NEU_XX.wav,neutral,4
/content/drive/MyDrive/DataSet_Voice/neutral/1073_ITS_NEU_XX.wav,neutral,4
/content/drive/MyDrive/DataSet_Voice/neutral/1076_TAI_NEU_XX.wav,neutral,4
/content/drive/MyDrive/DataSet_Voice/neutral/1072_ITH_NEU_XX.wav,neutral,4
/content/drive/MyDrive/DataSet_Voice/neutral/1077_IWL_NEU_XX.wav,neutral,4
/content/drive/MyDrive/DataSet_Voice/neutral/1076_IEO_NEU_XX.wav,neutral,4
/content/drive/MyDrive/DataSet_Voice/neutral/1070_ITH_NEU_XX.wav,neutral,4
/content/drive/MyDrive/DataSet_Voice/neutral/1065_TAI_NEU_XX.wav,neutral,4
/content/drive/MyDrive/DataSet_Voice/neutral/1075_MTI_NEU_XX.wav,neutral,4
/content/drive/MyDrive/DataSet_Voice/neutral/1073_ITH_NEU_XX.wav,neutral,4
/content/drive/MyDrive/DataSet_Voice/neutral/1072_MTI_NEU_XX.wav,neutral,4
/content/drive/MyDrive/DataSet_Voice/neutral/1067_TAI_NEU_XX.wav,neutral,4
/content/drive/MyDrive/DataSet_Voice/neutral/1071_TAI_NEU_XX.wav,neutral,4
/content/drive/MyDrive/DataSet_Voice/neutral/1070_IWL_NEU_XX.wav,neutral,4
/content/drive/MyDrive/DataSet_Voice/neutral/1076_TSI_NEU_XX.wav,neutral,4
/content/drive/MyDrive/DataSet_Voice/neutral/1068_ITS_NEU_XX.wav,neutral,4
/content/drive/MyDrive/DataSet_Voice/neutral/1066_IWW_NEU_XX.wav,neutral,4
/content/drive/MyDrive/DataSet_Voice/neutral/1072_WSI_NEU_XX.wav,neutral,4
/content/drive/MyDrive/DataSet_Voice/neutral/1063_TAI_NEU_XX.wav,neutral,4
/content/drive/MyDrive/DataSet_Voice/neutral/1066_IWL_NEU_XX.wav,neutral,4
/content/drive/MyDrive/DataSet_Voice/neutral/1068_TIE_NEU_XX.wav,neutral,4
/content/drive/MyDrive/DataSet_Voice/neutral/1070_WSI_NEU_XX.wav,neutral,4
/content/drive/MyDrive/DataSet_Voice/neutral/1071_ITS_NEU_XX.wav,neutral,4
/content/drive/MyDrive/DataSet_Voice/neutral/1075_WSI_NEU_XX.wav,neutral,4
/content/drive/MyDrive/DataSet_Voice/neutral/1064_TIE_NEU_XX.wav,neutral,4
/content/drive/MyDrive/DataSet_Voice/neutral/1069_DFA_NEU_XX.wav,neutral,4
/content/drive/MyDrive/DataSet_Voice/neutral/1071_MTI_NEU_XX.wav,neutral,4
/content/drive/MyDrive/DataSet_Voice/neutral/1067_ITH_NEU_XX.wav,neutral,4
/content/drive/MyDrive/DataSet_Voice/neutral/1072_ITS_NEU_XX.wav,neutral,4
/content/drive/MyDrive/DataSet_Voice/neutral/1070_TSI_NEU_XX.wav,neutral,4
/content/drive/MyDrive/DataSet_Voice/neutral/1064_TSI_NEU_XX.wav,neutral,4
/content/drive/MyDrive/DataSet_Voice/neutral/1067_IOM_NEU_XX.wav,neutral,4
/content/drive/MyDrive/DataSet_Voice/neutral/1070_TAI_NEU_XX.wav,neutral,4
/content/drive/MyDrive/DataSet_Voice/neutral/1075_TIE_NEU_XX.wav,neutral,4
/content/drive/MyDrive/DataSet_Voice/neutral/1064_ITS_NEU_XX.wav,neutral,4
/content/drive/MyDrive/DataSet_Voice/neutral/1067_DFA_NEU_XX.wav,neutral,4
/content/drive/MyDrive/DataSet_Voice/neutral/1074_IOM_NEU_XX.wav,neutral,4
/content/drive/MyDrive/DataSet_Voice/neutral/1069_TIE_NEU_XX.wav,neutral,4
/content/drive/MyDrive/DataSet_Voice/neutral/1071_DFA_NEU_XX.wav,neutral,4
/content/drive/MyDrive/DataSet_Voice/neutral/1065_MTI_NEU_XX.wav,neutral,4
/content/drive/MyDrive/DataSet_Voice/neutral/1074_TAI_NEU_XX.wav,neutral,4
/content/drive/MyDrive/DataSet_Voice/neutral/1065_IOM_NEU_XX.wav,neutral,4
/content/drive/MyDrive/DataSet_Voice/neutral/1067_TIE_NEU_XX.wav,neutral,4
/content/drive/MyDrive/DataSet_Voice/neutral/1075_TSI_NEU_XX.wav,neutral,4
/content/drive/MyDrive/DataSet_Voice/neutral/1074_IWW_NEU_XX.wav,neutral,4
/content/drive/MyDrive/DataSet_Voice/neutral/1074_IEO_NEU_XX.wav,neutral,4
/content/drive/MyDrive/DataSet_Voice/neutral/1064_IEO_NEU_XX.wav,neutral,4
/content/drive/MyDrive/DataSet_Voice/neutral/1073_IEO_NEU_XX.wav,neutral,4
/content/drive/MyDrive/DataSet_Voice/neutral/1066_DFA_NEU_XX.wav,neutral,4
/content/drive/MyDrive/DataSet_Voice/neutral/1074_WSI_NEU_XX.wav,neutral,4
/content/drive/MyDrive/DataSet_Voice/neutral/1076_IWL_NEU_XX.wav,neutral,4
/content/drive/MyDrive/DataSet_Voice/neutral/1071_IWL_NEU_XX.wav,neutral,4
/content/drive/MyDrive/DataSet_Voice/neutral/1078_IEO_NEU_XX.wav,neutral,4
/content/drive/MyDrive/DataSet_Voice/neutral/1065_WSI_NEU_XX.wav,neutral,4
/content/drive/MyDrive/DataSet_Voice/neutral/1068_MTI_NEU_XX.wav,neutral,4
/content/drive/MyDrive/DataSet_Voice/neutral/1078_DFA_NEU_XX.wav,neutral,4
/content/drive/MyDrive/DataSet_Voice/neutral/1069_IWW_NEU_XX.wav,neutral,4
/content/drive/MyDrive/DataSet_Voice/neutral/1064_MTI_NEU_XX.wav,neutral,4
/content/drive/MyDrive/DataSet_Voice/neutral/1067_IWW_NEU_XX.wav,neutral,4
/content/drive/MyDrive/DataSet_Voice/neutral/1074_IWL_NEU_XX.wav,neutral,4
/content/drive/MyDrive/DataSet_Voice/neutral/1066_ITH_NEU_XX.wav,neutral,4
/content/drive/MyDrive/DataSet_Voice/neutral/1068_IOM_NEU_XX.wav,neutral,4
/content/drive/MyDrive/DataSet_Voice/neutral/1074_ITH_NEU_XX.wav,neutral,4
/content/drive/MyDrive/DataSet_Voice/neutral/1077_ITS_NEU_XX.wav,neutral,4
/content/drive/MyDrive/DataSet_Voice/neutral/1065_DFA_NEU_XX.wav,neutral,4
/content/drive/MyDrive/DataSet_Voice/neutral/1074_TSI_NEU_XX.wav,neutral,4
/content/drive/MyDrive/DataSet_Voice/neutral/1076_WSI_NEU_XX.wav,neutral,4
/content/drive/MyDrive/DataSet_Voice/neutral/1068_TSI_NEU_XX.wav,neutral,4
/content/drive/MyDrive/DataSet_Voice/neutral/1071_WSI_NEU_XX.wav,neutral,4
/content/drive/MyDrive/DataSet_Voice/neutral/1069_WSI_NEU_XX.wav,neutral,4
/content/drive/MyDrive/DataSet_Voice/neutral/1075_IWW_NEU_XX.wav,neutral,4
/content/drive/MyDrive/DataSet_Voice/neutral/1068_WSI_NEU_XX.wav,neutral,4
/content/drive/MyDrive/DataSet_Voice/neutral/1067_WSI_NEU_XX.wav,neutral,4
/content/drive/MyDrive/DataSet_Voice/neutral/1072_IWW_NEU_XX.wav,neutral,4
/content/drive/MyDrive/DataSet_Voice/neutral/1069_MTI_NEU_XX.wav,neutral,4
/content/drive/MyDrive/DataSet_Voice/neutral/1072_TSI_NEU_XX.wav,neutral,4
/content/drive/MyDrive/DataSet_Voice/neutral/1069_IOM_NEU_XX.wav,neutral,4
/content/drive/MyDrive/DataSet_Voice/neutral/1070_ITS_NEU_XX.wav,neutral,4
/content/drive/MyDrive/DataSet_Voice/neutral/1063_WSI_NEU_XX.wav,neutral,4
/content/drive/MyDrive/DataSet_Voice/neutral/1069_IEO_NEU_XX.wav,neutral,4
/content/drive/MyDrive/DataSet_Voice/neutral/1068_ITH_NEU_XX.wav,neutral,4
/content/drive/MyDrive/DataSet_Voice/neutral/1066_WSI_NEU_XX.wav,neutral,4
/content/drive/MyDrive/DataSet_Voice/neutral/1065_TIE_NEU_XX.wav,neutral,4
/content/drive/MyDrive/DataSet_Voice/neutral/1076_TIE_NEU_XX.wav,neutral,4
/content/drive/MyDrive/DataSet_Voice/neutral/1067_TSI_NEU_XX.wav,neutral,4
/content/drive/MyDrive/DataSet_Voice/neutral/1069_ITS_NEU_XX.wav,neutral,4
/content/drive/MyDrive/DataSet_Voice/neutral/1078_IOM_NEU_XX.wav,neutral,4
/content/drive/MyDrive/DataSet_Voice/neutral/1083_DFA_NEU_XX.wav,neutral,4
/content/drive/MyDrive/DataSet_Voice/neutral/1079_WSI_NEU_XX.wav,neutral,4
/content/drive/MyDrive/DataSet_Voice/neutral/1088_IWL_NEU_XX.wav,neutral,4
/content/drive/MyDrive/DataSet_Voice/neutral/1089_IEO_NEU_XX.wav,neutral,4
/content/drive/MyDrive/DataSet_Voice/neutral/1087_IEO_NEU_XX.wav,neutral,4
/content/drive/MyDrive/DataSet_Voice/neutral/1088_DFA_NEU_XX.wav,neutral,4
/content/drive/MyDrive/DataSet_Voice/neutral/1086_MTI_NEU_XX.wav,neutral,4
/content/drive/MyDrive/DataSet_Voice/neutral/1084_MTI_NEU_XX.wav,neutral,4
/content/drive/MyDrive/DataSet_Voice/neutral/1091_ITS_NEU_XX.wav,neutral,4
/content/drive/MyDrive/DataSet_Voice/neutral/1080_IOM_NEU_XX.wav,neutral,4
/content/drive/MyDrive/DataSet_Voice/neutral/1080_ITS_NEU_XX.wav,neutral,4
/content/drive/MyDrive/DataSet_Voice/neutral/1091_DFA_NEU_XX.wav,neutral,4
/content/drive/MyDrive/DataSet_Voice/neutral/1084_WSI_NEU_XX.wav,neutral,4
/content/drive/MyDrive/DataSet_Voice/neutral/1084_TAI_NEU_XX.wav,neutral,4
/content/drive/MyDrive/DataSet_Voice/neutral/1081_DFA_NEU_XX.wav,neutral,4
/content/drive/MyDrive/DataSet_Voice/neutral/1082_MTI_NEU_XX.wav,neutral,4
/content/drive/MyDrive/DataSet_Voice/neutral/1083_TSI_NEU_XX.wav,neutral,4
/content/drive/MyDrive/DataSet_Voice/neutral/1088_IEO_NEU_XX.wav,neutral,4
/content/drive/MyDrive/DataSet_Voice/neutral/1090_TIE_NEU_XX.wav,neutral,4
/content/drive/MyDrive/DataSet_Voice/neutral/1084_ITH_NEU_XX.wav,neutral,4
/content/drive/MyDrive/DataSet_Voice/neutral/1084_IWL_NEU_XX.wav,neutral,4
/content/drive/MyDrive/DataSet_Voice/neutral/1082_TIE_NEU_XX.wav,neutral,4
/content/drive/MyDrive/DataSet_Voice/neutral/1082_IOM_NEU_XX.wav,neutral,4
/content/drive/MyDrive/DataSet_Voice/neutral/1085_WSI_NEU_XX.wav,neutral,4
/content/drive/MyDrive/DataSet_Voice/neutral/1086_ITS_NEU_XX.wav,neutral,4
/content/drive/MyDrive/DataSet_Voice/neutral/1078_TIE_NEU_XX.wav,neutral,4
/content/drive/MyDrive/DataSet_Voice/neutral/1081_TSI_NEU_XX.wav,neutral,4
/content/drive/MyDrive/DataSet_Voice/neutral/1080_IWW_NEU_XX.wav,neutral,4
/content/drive/MyDrive/DataSet_Voice/neutral/1089_MTI_NEU_XX.wav,neutral,4
/content/drive/MyDrive/DataSet_Voice/neutral/1080_TIE_NEU_XX.wav,neutral,4
/content/drive/MyDrive/DataSet_Voice/neutral/1084_DFA_NEU_XX.wav,neutral,4
/content/drive/MyDrive/DataSet_Voice/neutral/1088_TAI_NEU_XX.wav,neutral,4
/content/drive/MyDrive/DataSet_Voice/neutral/1090_IWL_NEU_XX.wav,neutral,4
/content/drive/MyDrive/DataSet_Voice/neutral/1079_ITH_NEU_XX.wav,neutral,4
/content/drive/MyDrive/DataSet_Voice/neutral/1088_MTI_NEU_XX.wav,neutral,4
/content/drive/MyDrive/DataSet_Voice/neutral/1089_TAI_NEU_XX.wav,neutral,4
/content/drive/MyDrive/DataSet_Voice/neutral/1084_IWW_NEU_XX.wav,neutral,4
/content/drive/MyDrive/DataSet_Voice/neutral/1091_ITH_NEU_XX.wav,neutral,4
/content/drive/MyDrive/DataSet_Voice/neutral/1082_IEO_NEU_XX.wav,neutral,4
/content/drive/MyDrive/DataSet_Voice/neutral/1091_WSI_NEU_XX.wav,neutral,4
/content/drive/MyDrive/DataSet_Voice/neutral/1091_TIE_NEU_XX.wav,neutral,4
/content/drive/MyDrive/DataSet_Voice/neutral/1090_ITS_NEU_XX.wav,neutral,4
/content/drive/MyDrive/DataSet_Voice/neutral/1086_IOM_NEU_XX.wav,neutral,4
/content/drive/MyDrive/DataSet_Voice/neutral/1083_WSI_NEU_XX.wav,neutral,4
/content/drive/MyDrive/DataSet_Voice/neutral/1080_IWL_NEU_XX.wav,neutral,4
/content/drive/MyDrive/DataSet_Voice/neutral/1091_MTI_NEU_XX.wav,neutral,4
/content/drive/MyDrive/DataSet_Voice/neutral/03-01-01-01-02-02-02.wav,neutral,4
/content/drive/MyDrive/DataSet_Voice/neutral/1088_TSI_NEU_XX.wav,neutral,4
/content/drive/MyDrive/DataSet_Voice/neutral/1086_TAI_NEU_XX.wav,neutral,4
/content/drive/MyDrive/DataSet_Voice/neutral/1088_IOM_NEU_XX.wav,neutral,4
/content/drive/MyDrive/DataSet_Voice/neutral/1081_IWL_NEU_XX.wav,neutral,4
/content/drive/MyDrive/DataSet_Voice/neutral/1079_IWL_NEU_XX.wav,neutral,4
/content/drive/MyDrive/DataSet_Voice/neutral/03-01-01-01-02-01-01.wav,neutral,4
/content/drive/MyDrive/DataSet_Voice/neutral/1088_ITS_NEU_XX.wav,neutral,4
/content/drive/MyDrive/DataSet_Voice/neutral/1078_WSI_NEU_XX.wav,neutral,4
/content/drive/MyDrive/DataSet_Voice/neutral/1086_WSI_NEU_XX.wav,neutral,4
/content/drive/MyDrive/DataSet_Voice/neutral/1087_IWL_NEU_XX.wav,neutral,4
/content/drive/MyDrive/DataSet_Voice/neutral/1082_ITH_NEU_XX.wav,neutral,4
/content/drive/MyDrive/DataSet_Voice/neutral/1080_TAI_NEU_XX.wav,neutral,4
/content/drive/MyDrive/DataSet_Voice/neutral/1086_TIE_NEU_XX.wav,neutral,4
/content/drive/MyDrive/DataSet_Voice/neutral/1081_IEO_NEU_XX.wav,neutral,4
/content/drive/MyDrive/DataSet_Voice/neutral/1091_IWW_NEU_XX.wav,neutral,4
/content/drive/MyDrive/DataSet_Voice/neutral/1080_TSI_NEU_XX.wav,neutral,4
/content/drive/MyDrive/DataSet_Voice/neutral/1079_IEO_NEU_XX.wav,neutral,4
/content/drive/MyDrive/DataSet_Voice/neutral/1080_WSI_NEU_XX.wav,neutral,4
/content/drive/MyDrive/DataSet_Voice/neutral/1090_TAI_NEU_XX.wav,neutral,4
/content/drive/MyDrive/DataSet_Voice/neutral/1083_TIE_NEU_XX.wav,neutral,4
/content/drive/MyDrive/DataSet_Voice/neutral/1079_DFA_NEU_XX.wav,neutral,4
/content/drive/MyDrive/DataSet_Voice/neutral/1079_TSI_NEU_XX.wav,neutral,4
/content/drive/MyDrive/DataSet_Voice/neutral/03-01-01-01-02-01-02.wav,neutral,4
/content/drive/MyDrive/DataSet_Voice/neutral/1082_TAI_NEU_XX.wav,neutral,4
/content/drive/MyDrive/DataSet_Voice/neutral/1081_WSI_NEU_XX.wav,neutral,4
/content/drive/MyDrive/DataSet_Voice/neutral/1083_TAI_NEU_XX.wav,neutral,4
/content/drive/MyDrive/DataSet_Voice/neutral/1084_IEO_NEU_XX.wav,neutral,4
/content/drive/MyDrive/DataSet_Voice/neutral/1078_TAI_NEU_XX.wav,neutral,4
/content/drive/MyDrive/DataSet_Voice/neutral/1084_IOM_NEU_XX.wav,neutral,4
/content/drive/MyDrive/DataSet_Voice/neutral/1091_IOM_NEU_XX.wav,neutral,4
/content/drive/MyDrive/DataSet_Voice/neutral/1090_MTI_NEU_XX.wav,neutral,4
/content/drive/MyDrive/DataSet_Voice/neutral/1086_ITH_NEU_XX.wav,neutral,4
/content/drive/MyDrive/DataSet_Voice/neutral/1085_ITS_NEU_XX.wav,neutral,4
/content/drive/MyDrive/DataSet_Voice/neutral/1079_IWW_NEU_XX.wav,neutral,4
/content/drive/MyDrive/DataSet_Voice/neutral/1091_TSI_NEU_XX.wav,neutral,4
/content/drive/MyDrive/DataSet_Voice/neutral/1089_TSI_NEU_XX.wav,neutral,4
/content/drive/MyDrive/DataSet_Voice/neutral/1082_WSI_NEU_XX.wav,neutral,4
/content/drive/MyDrive/DataSet_Voice/neutral/1091_IEO_NEU_XX.wav,neutral,4
/content/drive/MyDrive/DataSet_Voice/neutral/1089_IOM_NEU_XX.wav,neutral,4
/content/drive/MyDrive/DataSet_Voice/neutral/03-01-01-01-01-01-01.wav,neutral,4
/content/drive/MyDrive/DataSet_Voice/neutral/1085_IEO_NEU_XX.wav,neutral,4
/content/drive/MyDrive/DataSet_Voice/neutral/1087_MTI_NEU_XX.wav,neutral,4
/content/drive/MyDrive/DataSet_Voice/neutral/1086_IWW_NEU_XX.wav,neutral,4
/content/drive/MyDrive/DataSet_Voice/neutral/1087_TIE_NEU_XX.wav,neutral,4
/content/drive/MyDrive/DataSet_Voice/neutral/1088_WSI_NEU_XX.wav,neutral,4
/content/drive/MyDrive/DataSet_Voice/neutral/1079_MTI_NEU_XX.wav,neutral,4
/content/drive/MyDrive/DataSet_Voice/neutral/1089_IWW_NEU_XX.wav,neutral,4
/content/drive/MyDrive/DataSet_Voice/neutral/1080_MTI_NEU_XX.wav,neutral,4
/content/drive/MyDrive/DataSet_Voice/neutral/1090_IEO_NEU_XX.wav,neutral,4
/content/drive/MyDrive/DataSet_Voice/neutral/1079_ITS_NEU_XX.wav,neutral,4
/content/drive/MyDrive/DataSet_Voice/neutral/1084_TSI_NEU_XX.wav,neutral,4
/content/drive/MyDrive/DataSet_Voice/neutral/1081_TIE_NEU_XX.wav,neutral,4
/content/drive/MyDrive/DataSet_Voice/neutral/1085_TIE_NEU_XX.wav,neutral,4
/content/drive/MyDrive/DataSet_Voice/neutral/1085_MTI_NEU_XX.wav,neutral,4
/content/drive/MyDrive/DataSet_Voice/neutral/1089_TIE_NEU_XX.wav,neutral,4
/content/drive/MyDrive/DataSet_Voice/neutral/1079_TAI_NEU_XX.wav,neutral,4
/content/drive/MyDrive/DataSet_Voice/neutral/1086_DFA_NEU_XX.wav,neutral,4
/content/drive/MyDrive/DataSet_Voice/neutral/03-01-01-01-02-02-01.wav,neutral,4
/content/drive/MyDrive/DataSet_Voice/neutral/1079_TIE_NEU_XX.wav,neutral,4
/content/drive/MyDrive/DataSet_Voice/neutral/1087_ITS_NEU_XX.wav,neutral,4
/content/drive/MyDrive/DataSet_Voice/neutral/1088_TIE_NEU_XX.wav,neutral,4
/content/drive/MyDrive/DataSet_Voice/neutral/1086_TSI_NEU_XX.wav,neutral,4
/content/drive/MyDrive/DataSet_Voice/neutral/1085_IWL_NEU_XX.wav,neutral,4
/content/drive/MyDrive/DataSet_Voice/neutral/1084_ITS_NEU_XX.wav,neutral,4
/content/drive/MyDrive/DataSet_Voice/neutral/1089_WSI_NEU_XX.wav,neutral,4
/content/drive/MyDrive/DataSet_Voice/neutral/1085_IOM_NEU_XX.wav,neutral,4
/content/drive/MyDrive/DataSet_Voice/neutral/1081_ITH_NEU_XX.wav,neutral,4
/content/drive/MyDrive/DataSet_Voice/neutral/1082_IWW_NEU_XX.wav,neutral,4
/content/drive/MyDrive/DataSet_Voice/neutral/1078_IWW_NEU_XX.wav,neutral,4
/content/drive/MyDrive/DataSet_Voice/neutral/1085_DFA_NEU_XX.wav,neutral,4
/content/drive/MyDrive/DataSet_Voice/neutral/1080_DFA_NEU_XX.wav,neutral,4
/content/drive/MyDrive/DataSet_Voice/neutral/1083_IEO_NEU_XX.wav,neutral,4
/content/drive/MyDrive/DataSet_Voice/neutral/1091_TAI_NEU_XX.wav,neutral,4
/content/drive/MyDrive/DataSet_Voice/neutral/1085_TSI_NEU_XX.wav,neutral,4
/content/drive/MyDrive/DataSet_Voice/neutral/1083_IWL_NEU_XX.wav,neutral,4
/content/drive/MyDrive/DataSet_Voice/neutral/03-01-01-01-01-02-02.wav,neutral,4
/content/drive/MyDrive/DataSet_Voice/neutral/1081_IWW_NEU_XX.wav,neutral,4
/content/drive/MyDrive/DataSet_Voice/neutral/1089_IWL_NEU_XX.wav,neutral,4
/content/drive/MyDrive/DataSet_Voice/neutral/03-01-01-01-01-02-01.wav,neutral,4
/content/drive/MyDrive/DataSet_Voice/neutral/1087_WSI_NEU_XX.wav,neutral,4
/content/drive/MyDrive/DataSet_Voice/neutral/1087_TSI_NEU_XX.wav,neutral,4
/content/drive/MyDrive/DataSet_Voice/neutral/1078_ITS_NEU_XX.wav,neutral,4
/content/drive/MyDrive/DataSet_Voice/neutral/1080_ITH_NEU_XX.wav,neutral,4
/content/drive/MyDrive/DataSet_Voice/neutral/1078_IWL_NEU_XX.wav,neutral,4
/content/drive/MyDrive/DataSet_Voice/neutral/1078_MTI_NEU_XX.wav,neutral,4
/content/drive/MyDrive/DataSet_Voice/neutral/1082_ITS_NEU_XX.wav,neutral,4
/content/drive/MyDrive/DataSet_Voice/neutral/1090_IWW_NEU_XX.wav,neutral,4
/content/drive/MyDrive/DataSet_Voice/neutral/1083_ITS_NEU_XX.wav,neutral,4
/content/drive/MyDrive/DataSet_Voice/neutral/1087_DFA_NEU_XX.wav,neutral,4
/content/drive/MyDrive/DataSet_Voice/neutral/1085_TAI_NEU_XX.wav,neutral,4
/content/drive/MyDrive/DataSet_Voice/neutral/1090_WSI_NEU_XX.wav,neutral,4
/content/drive/MyDrive/DataSet_Voice/neutral/1090_IOM_NEU_XX.wav,neutral,4
/content/drive/MyDrive/DataSet_Voice/neutral/1090_ITH_NEU_XX.wav,neutral,4
/content/drive/MyDrive/DataSet_Voice/neutral/03-01-01-01-01-01-02.wav,neutral,4
/content/drive/MyDrive/DataSet_Voice/neutral/1083_ITH_NEU_XX.wav,neutral,4
/content/drive/MyDrive/DataSet_Voice/neutral/1088_ITH_NEU_XX.wav,neutral,4
/content/drive/MyDrive/DataSet_Voice/neutral/1078_TSI_NEU_XX.wav,neutral,4
/content/drive/MyDrive/DataSet_Voice/neutral/1082_TSI_NEU_XX.wav,neutral,4
/content/drive/MyDrive/DataSet_Voice/neutral/1081_TAI_NEU_XX.wav,neutral,4
/content/drive/MyDrive/DataSet_Voice/neutral/1080_IEO_NEU_XX.wav,neutral,4
/content/drive/MyDrive/DataSet_Voice/neutral/1082_DFA_NEU_XX.wav,neutral,4
/content/drive/MyDrive/DataSet_Voice/neutral/1082_IWL_NEU_XX.wav,neutral,4
/content/drive/MyDrive/DataSet_Voice/neutral/1087_IWW_NEU_XX.wav,neutral,4
/content/drive/MyDrive/DataSet_Voice/neutral/1089_ITH_NEU_XX.wav,neutral,4
/content/drive/MyDrive/DataSet_Voice/neutral/1081_MTI_NEU_XX.wav,neutral,4
/content/drive/MyDrive/DataSet_Voice/neutral/1079_IOM_NEU_XX.wav,neutral,4
/content/drive/MyDrive/DataSet_Voice/neutral/1090_TSI_NEU_XX.wav,neutral,4
/content/drive/MyDrive/DataSet_Voice/neutral/1088_IWW_NEU_XX.wav,neutral,4
/content/drive/MyDrive/DataSet_Voice/neutral/1087_IOM_NEU_XX.wav,neutral,4
/content/drive/MyDrive/DataSet_Voice/neutral/1084_TIE_NEU_XX.wav,neutral,4
/content/drive/MyDrive/DataSet_Voice/neutral/1081_IOM_NEU_XX.wav,neutral,4
/content/drive/MyDrive/DataSet_Voice/neutral/1086_IEO_NEU_XX.wav,neutral,4
/content/drive/MyDrive/DataSet_Voice/neutral/1091_IWL_NEU_XX.wav,neutral,4
/content/drive/MyDrive/DataSet_Voice/neutral/1081_ITS_NEU_XX.wav,neutral,4
/content/drive/MyDrive/DataSet_Voice/neutral/1085_IWW_NEU_XX.wav,neutral,4
/content/drive/MyDrive/DataSet_Voice/neutral/1087_ITH_NEU_XX.wav,neutral,4
/content/drive/MyDrive/DataSet_Voice/neutral/1086_IWL_NEU_XX.wav,neutral,4
/content/drive/MyDrive/DataSet_Voice/neutral/1090_DFA_NEU_XX.wav,neutral,4
/content/drive/MyDrive/DataSet_Voice/neutral/1083_IWW_NEU_XX.wav,neutral,4
/content/drive/MyDrive/DataSet_Voice/neutral/1087_TAI_NEU_XX.wav,neutral,4
/content/drive/MyDrive/DataSet_Voice/neutral/1085_ITH_NEU_XX.wav,neutral,4
/content/drive/MyDrive/DataSet_Voice/neutral/1083_IOM_NEU_XX.wav,neutral,4
/content/drive/MyDrive/DataSet_Voice/neutral/1089_ITS_NEU_XX.wav,neutral,4
/content/drive/MyDrive/DataSet_Voice/neutral/1089_DFA_NEU_XX.wav,neutral,4
/content/drive/MyDrive/DataSet_Voice/neutral/1083_MTI_NEU_XX.wav,neutral,4
/content/drive/MyDrive/DataSet_Voice/neutral/03-01-01-01-01-02-10.wav,neutral,4
/content/drive/MyDrive/DataSet_Voice/neutral/03-01-01-01-02-02-05.wav,neutral,4
/content/drive/MyDrive/DataSet_Voice/neutral/03-01-01-01-01-02-18.wav,neutral,4
/content/drive/MyDrive/DataSet_Voice/neutral/03-01-01-01-02-01-16.wav,neutral,4
/content/drive/MyDrive/DataSet_Voice/neutral/03-01-01-01-02-01-10.wav,neutral,4
/content/drive/MyDrive/DataSet_Voice/neutral/03-01-01-01-01-02-12.wav,neutral,4
/content/drive/MyDrive/DataSet_Voice/neutral/03-01-01-01-01-01-08.wav,neutral,4
/content/drive/MyDrive/DataSet_Voice/neutral/03-01-01-01-02-01-04.wav,neutral,4
/content/drive/MyDrive/DataSet_Voice/neutral/03-01-01-01-02-01-06.wav,neutral,4
/content/drive/MyDrive/DataSet_Voice/neutral/03-01-01-01-02-01-03.wav,neutral,4
/content/drive/MyDrive/DataSet_Voice/neutral/03-01-01-01-01-02-17.wav,neutral,4
/content/drive/MyDrive/DataSet_Voice/neutral/03-01-01-01-02-01-08.wav,neutral,4
/content/drive/MyDrive/DataSet_Voice/neutral/03-01-01-01-02-02-06.wav,neutral,4
/content/drive/MyDrive/DataSet_Voice/neutral/03-01-01-01-02-01-14.wav,neutral,4
/content/drive/MyDrive/DataSet_Voice/neutral/03-01-01-01-02-01-11.wav,neutral,4
/content/drive/MyDrive/DataSet_Voice/neutral/03-01-01-01-01-02-08.wav,neutral,4
/content/drive/MyDrive/DataSet_Voice/neutral/03-01-01-01-01-01-13.wav,neutral,4
/content/drive/MyDrive/DataSet_Voice/neutral/03-01-01-01-02-02-18.wav,neutral,4
/content/drive/MyDrive/DataSet_Voice/neutral/03-01-01-01-02-01-07.wav,neutral,4
/content/drive/MyDrive/DataSet_Voice/neutral/03-01-01-01-01-01-03.wav,neutral,4
/content/drive/MyDrive/DataSet_Voice/neutral/03-01-01-01-01-01-17.wav,neutral,4
/content/drive/MyDrive/DataSet_Voice/neutral/03-01-01-01-02-01-13.wav,neutral,4
/content/drive/MyDrive/DataSet_Voice/neutral/03-01-01-01-02-02-04.wav,neutral,4
/content/drive/MyDrive/DataSet_Voice/neutral/03-01-01-01-02-01-17.wav,neutral,4
/content/drive/MyDrive/DataSet_Voice/neutral/03-01-01-01-02-02-09.wav,neutral,4
/content/drive/MyDrive/DataSet_Voice/neutral/03-01-01-01-02-02-13.wav,neutral,4
/content/drive/MyDrive/DataSet_Voice/neutral/03-01-01-01-01-01-18.wav,neutral,4
/content/drive/MyDrive/DataSet_Voice/neutral/03-01-01-01-01-02-11.wav,neutral,4
/content/drive/MyDrive/DataSet_Voice/neutral/03-01-01-01-02-02-11.wav,neutral,4
/content/drive/MyDrive/DataSet_Voice/neutral/03-01-01-01-02-02-03.wav,neutral,4
/content/drive/MyDrive/DataSet_Voice/neutral/03-01-01-01-02-01-12.wav,neutral,4
/content/drive/MyDrive/DataSet_Voice/neutral/03-01-01-01-01-02-03.wav,neutral,4
/content/drive/MyDrive/DataSet_Voice/neutral/03-01-01-01-02-01-18.wav,neutral,4
/content/drive/MyDrive/DataSet_Voice/neutral/03-01-01-01-01-01-06.wav,neutral,4
/content/drive/MyDrive/DataSet_Voice/neutral/03-01-01-01-01-02-15.wav,neutral,4
/content/drive/MyDrive/DataSet_Voice/neutral/03-01-01-01-01-01-10.wav,neutral,4
/content/drive/MyDrive/DataSet_Voice/neutral/03-01-01-01-02-02-08.wav,neutral,4
/content/drive/MyDrive/DataSet_Voice/neutral/03-01-01-01-01-01-05.wav,neutral,4
/content/drive/MyDrive/DataSet_Voice/neutral/03-01-01-01-01-01-15.wav,neutral,4
/content/drive/MyDrive/DataSet_Voice/neutral/03-01-01-01-02-02-15.wav,neutral,4
/content/drive/MyDrive/DataSet_Voice/neutral/03-01-01-01-01-02-13.wav,neutral,4
/content/drive/MyDrive/DataSet_Voice/neutral/03-01-01-01-01-02-05.wav,neutral,4
/content/drive/MyDrive/DataSet_Voice/neutral/03-01-01-01-01-01-16.wav,neutral,4
/content/drive/MyDrive/DataSet_Voice/neutral/03-01-01-01-02-02-14.wav,neutral,4
/content/drive/MyDrive/DataSet_Voice/neutral/03-01-01-01-01-01-04.wav,neutral,4
/content/drive/MyDrive/DataSet_Voice/neutral/03-01-01-01-01-01-11.wav,neutral,4
/content/drive/MyDrive/DataSet_Voice/neutral/03-01-01-01-01-01-12.wav,neutral,4
/content/drive/MyDrive/DataSet_Voice/neutral/03-01-01-01-01-01-07.wav,neutral,4
/content/drive/MyDrive/DataSet_Voice/neutral/03-01-01-01-02-02-16.wav,neutral,4
/content/drive/MyDrive/DataSet_Voice/neutral/03-01-01-01-01-02-14.wav,neutral,4
/content/drive/MyDrive/DataSet_Voice/neutral/03-01-01-01-01-02-07.wav,neutral,4
/content/drive/MyDrive/DataSet_Voice/neutral/03-01-01-01-01-02-16.wav,neutral,4
/content/drive/MyDrive/DataSet_Voice/neutral/03-01-01-01-02-01-09.wav,neutral,4
/content/drive/MyDrive/DataSet_Voice/neutral/03-01-01-01-01-02-06.wav,neutral,4
/content/drive/MyDrive/DataSet_Voice/neutral/03-01-01-01-02-02-12.wav,neutral,4
/content/drive/MyDrive/DataSet_Voice/neutral/03-01-01-01-02-02-07.wav,neutral,4
/content/drive/MyDrive/DataSet_Voice/neutral/03-01-01-01-02-01-05.wav,neutral,4
/content/drive/MyDrive/DataSet_Voice/neutral/03-01-01-01-01-02-09.wav,neutral,4
/content/drive/MyDrive/DataSet_Voice/neutral/03-01-01-01-02-02-10.wav,neutral,4
/content/drive/MyDrive/DataSet_Voice/neutral/03-01-01-01-01-01-09.wav,neutral,4
/content/drive/MyDrive/DataSet_Voice/neutral/03-01-01-01-02-01-15.wav,neutral,4
/content/drive/MyDrive/DataSet_Voice/neutral/03-01-01-01-01-01-14.wav,neutral,4
/content/drive/MyDrive/DataSet_Voice/neutral/03-01-01-01-01-02-04.wav,neutral,4
/content/drive/MyDrive/DataSet_Voice/neutral/03-01-01-01-02-02-17.wav,neutral,4
/content/drive/MyDrive/DataSet_Voice/neutral/OAF_goal_neutral.wav,neutral,4
/content/drive/MyDrive/DataSet_Voice/neutral/OAF_mood_neutral.wav,neutral,4
/content/drive/MyDrive/DataSet_Voice/neutral/OAF_fail_neutral.wav,neutral,4
/content/drive/MyDrive/DataSet_Voice/neutral/OAF_cool_neutral.wav,neutral,4
/content/drive/MyDrive/DataSet_Voice/neutral/03-01-01-01-01-01-20.wav,neutral,4
/content/drive/MyDrive/DataSet_Voice/neutral/OAF_book_neutral.wav,neutral,4
/content/drive/MyDrive/DataSet_Voice/neutral/OAF_dodge_neutral.wav,neutral,4
/content/drive/MyDrive/DataSet_Voice/neutral/03-01-01-01-02-01-24.wav,neutral,4
/content/drive/MyDrive/DataSet_Voice/neutral/OAF_mill_neutral.wav,neutral,4
/content/drive/MyDrive/DataSet_Voice/neutral/OAF_far_neutral.wav,neutral,4
/content/drive/MyDrive/DataSet_Voice/neutral/OAF_germ_neutral.wav,neutral,4
/content/drive/MyDrive/DataSet_Voice/neutral/OAF_dime_neutral.wav,neutral,4
/content/drive/MyDrive/DataSet_Voice/neutral/OAF_hall_neutral.wav,neutral,4
/content/drive/MyDrive/DataSet_Voice/neutral/OAF_moon_neutral.wav,neutral,4
/content/drive/MyDrive/DataSet_Voice/neutral/OAF_make_neutral.wav,neutral,4
/content/drive/MyDrive/DataSet_Voice/neutral/OAF_mode_neutral.wav,neutral,4
/content/drive/MyDrive/DataSet_Voice/neutral/OAF_fall_neutral.wav,neutral,4
/content/drive/MyDrive/DataSet_Voice/neutral/OAF_join_neutral.wav,neutral,4
/content/drive/MyDrive/DataSet_Voice/neutral/03-01-01-01-02-01-20.wav,neutral,4
/content/drive/MyDrive/DataSet_Voice/neutral/03-01-01-01-02-02-21.wav,neutral,4
/content/drive/MyDrive/DataSet_Voice/neutral/OAF_good_neutral.wav,neutral,4
/content/drive/MyDrive/DataSet_Voice/neutral/OAF_deep_neutral.wav,neutral,4
/content/drive/MyDrive/DataSet_Voice/neutral/OAF_late_neutral.wav,neutral,4
/content/drive/MyDrive/DataSet_Voice/neutral/OAF_hash_neutral.wav,neutral,4
/content/drive/MyDrive/DataSet_Voice/neutral/OAF_bought_neutral.wav,neutral,4
/content/drive/MyDrive/DataSet_Voice/neutral/OAF_gin_neutral.wav,neutral,4
/content/drive/MyDrive/DataSet_Voice/neutral/OAF_lid_neutral.wav,neutral,4
/content/drive/MyDrive/DataSet_Voice/neutral/03-01-01-01-02-02-19.wav,neutral,4
/content/drive/MyDrive/DataSet_Voice/neutral/03-01-01-01-01-01-19.wav,neutral,4
/content/drive/MyDrive/DataSet_Voice/neutral/OAF_lore_neutral.wav,neutral,4
/content/drive/MyDrive/DataSet_Voice/neutral/OAF_bar_neutral.wav,neutral,4
/content/drive/MyDrive/DataSet_Voice/neutral/03-01-01-01-01-02-23.wav,neutral,4
/content/drive/MyDrive/DataSet_Voice/neutral/OAF_merge_neutral.wav,neutral,4
/content/drive/MyDrive/DataSet_Voice/neutral/OAF_cheek_neutral.wav,neutral,4
/content/drive/MyDrive/DataSet_Voice/neutral/OAF_gap_neutral.wav,neutral,4
/content/drive/MyDrive/DataSet_Voice/neutral/03-01-01-01-01-02-21.wav,neutral,4
/content/drive/MyDrive/DataSet_Voice/neutral/03-01-01-01-02-02-24.wav,neutral,4
/content/drive/MyDrive/DataSet_Voice/neutral/03-01-01-01-02-01-19.wav,neutral,4
/content/drive/MyDrive/DataSet_Voice/neutral/03-01-01-01-01-01-23.wav,neutral,4
/content/drive/MyDrive/DataSet_Voice/neutral/OAF_hush_neutral.wav,neutral,4
/content/drive/MyDrive/DataSet_Voice/neutral/OAF_juice_neutral.wav,neutral,4
/content/drive/MyDrive/DataSet_Voice/neutral/OAF_lease_neutral.wav,neutral,4
/content/drive/MyDrive/DataSet_Voice/neutral/OAF_met_neutral.wav,neutral,4
/content/drive/MyDrive/DataSet_Voice/neutral/OAF_luck_neutral.wav,neutral,4
/content/drive/MyDrive/DataSet_Voice/neutral/OAF_five_neutral.wav,neutral,4
/content/drive/MyDrive/DataSet_Voice/neutral/OAF_half_neutral.wav,neutral,4
/content/drive/MyDrive/DataSet_Voice/neutral/03-01-01-01-02-02-22.wav,neutral,4
/content/drive/MyDrive/DataSet_Voice/neutral/OAF_judge_neutral.wav,neutral,4
/content/drive/MyDrive/DataSet_Voice/neutral/OAF_bean_neutral.wav,neutral,4
/content/drive/MyDrive/DataSet_Voice/neutral/OAF_hit_neutral.wav,neutral,4
/content/drive/MyDrive/DataSet_Voice/neutral/OAF_goose_neutral.wav,neutral,4
/content/drive/MyDrive/DataSet_Voice/neutral/OAF_long_neutral.wav,neutral,4
/content/drive/MyDrive/DataSet_Voice/neutral/OAF_kite_neutral.wav,neutral,4
/content/drive/MyDrive/DataSet_Voice/neutral/OAF_death_neutral.wav,neutral,4
/content/drive/MyDrive/DataSet_Voice/neutral/OAF_gun_neutral.wav,neutral,4
/content/drive/MyDrive/DataSet_Voice/neutral/OAF_jail_neutral.wav,neutral,4
/content/drive/MyDrive/DataSet_Voice/neutral/OAF_haze_neutral.wav,neutral,4
/content/drive/MyDrive/DataSet_Voice/neutral/OAF_jug_neutral.wav,neutral,4
/content/drive/MyDrive/DataSet_Voice/neutral/OAF_boat_neutral.wav,neutral,4
/content/drive/MyDrive/DataSet_Voice/neutral/OAF_chat_neutral.wav,neutral,4
/content/drive/MyDrive/DataSet_Voice/neutral/OAF_bone_neutral.wav,neutral,4
/content/drive/MyDrive/DataSet_Voice/neutral/OAF_dab_neutral.wav,neutral,4
/content/drive/MyDrive/DataSet_Voice/neutral/OAF_kill_neutral.wav,neutral,4
/content/drive/MyDrive/DataSet_Voice/neutral/OAF_live_neutral.wav,neutral,4
/content/drive/MyDrive/DataSet_Voice/neutral/OAF_chair_neutral.wav,neutral,4
/content/drive/MyDrive/DataSet_Voice/neutral/OAF_king_neutral.wav,neutral,4
/content/drive/MyDrive/DataSet_Voice/neutral/OAF_check_neutral.wav,neutral,4
/content/drive/MyDrive/DataSet_Voice/neutral/OAF_cause_neutral.wav,neutral,4
/content/drive/MyDrive/DataSet_Voice/neutral/OAF_lose_neutral.wav,neutral,4
/content/drive/MyDrive/DataSet_Voice/neutral/OAF_chalk_neutral.wav,neutral,4
/content/drive/MyDrive/DataSet_Voice/neutral/OAF_burn_neutral.wav,neutral,4
/content/drive/MyDrive/DataSet_Voice/neutral/OAF_dip_neutral.wav,neutral,4
/content/drive/MyDrive/DataSet_Voice/neutral/OAF_fat_neutral.wav,neutral,4
/content/drive/MyDrive/DataSet_Voice/neutral/OAF_calm_neutral.wav,neutral,4
/content/drive/MyDrive/DataSet_Voice/neutral/OAF_chain_neutral.wav,neutral,4
/content/drive/MyDrive/DataSet_Voice/neutral/03-01-01-01-01-02-24.wav,neutral,4
/content/drive/MyDrive/DataSet_Voice/neutral/03-01-01-01-02-02-20.wav,neutral,4
/content/drive/MyDrive/DataSet_Voice/neutral/OAF_date_neutral.wav,neutral,4
/content/drive/MyDrive/DataSet_Voice/neutral/OAF_laud_neutral.wav,neutral,4
/content/drive/MyDrive/DataSet_Voice/neutral/OAF_jar_neutral.wav,neutral,4
/content/drive/MyDrive/DataSet_Voice/neutral/OAF_choice_neutral.wav,neutral,4
/content/drive/MyDrive/DataSet_Voice/neutral/03-01-01-01-01-02-20.wav,neutral,4
/content/drive/MyDrive/DataSet_Voice/neutral/03-01-01-01-01-01-21.wav,neutral,4
/content/drive/MyDrive/DataSet_Voice/neutral/OAF_get_neutral.wav,neutral,4
/content/drive/MyDrive/DataSet_Voice/neutral/OAF_hurl_neutral.wav,neutral,4
/content/drive/MyDrive/DataSet_Voice/neutral/OAF_mess_neutral.wav,neutral,4
/content/drive/MyDrive/DataSet_Voice/neutral/OAF_life_neutral.wav,neutral,4
/content/drive/MyDrive/DataSet_Voice/neutral/OAF_food_neutral.wav,neutral,4
/content/drive/MyDrive/DataSet_Voice/neutral/OAF_cab_neutral.wav,neutral,4
/content/drive/MyDrive/DataSet_Voice/neutral/03-01-01-01-02-01-22.wav,neutral,4
/content/drive/MyDrive/DataSet_Voice/neutral/OAF_home_neutral.wav,neutral,4
/content/drive/MyDrive/DataSet_Voice/neutral/OAF_beg_neutral.wav,neutral,4
/content/drive/MyDrive/DataSet_Voice/neutral/OAF_door_neutral.wav,neutral,4
/content/drive/MyDrive/DataSet_Voice/neutral/OAF_mop_neutral.wav,neutral,4
/content/drive/MyDrive/DataSet_Voice/neutral/OAF_hire_neutral.wav,neutral,4
/content/drive/MyDrive/DataSet_Voice/neutral/OAF_knock_neutral.wav,neutral,4
/content/drive/MyDrive/DataSet_Voice/neutral/OAF_lean_neutral.wav,neutral,4
/content/drive/MyDrive/DataSet_Voice/neutral/OAF_back_neutral.wav,neutral,4
/content/drive/MyDrive/DataSet_Voice/neutral/03-01-01-01-01-01-22.wav,neutral,4
/content/drive/MyDrive/DataSet_Voice/neutral/OAF_base_neutral.wav,neutral,4
/content/drive/MyDrive/DataSet_Voice/neutral/OAF_mob_neutral.wav,neutral,4
/content/drive/MyDrive/DataSet_Voice/neutral/OAF_hole_neutral.wav,neutral,4
/content/drive/MyDrive/DataSet_Voice/neutral/OAF_hate_neutral.wav,neutral,4
/content/drive/MyDrive/DataSet_Voice/neutral/OAF_chief_neutral.wav,neutral,4
/content/drive/MyDrive/DataSet_Voice/neutral/03-01-01-01-02-02-23.wav,neutral,4
/content/drive/MyDrive/DataSet_Voice/neutral/03-01-01-01-01-01-24.wav,neutral,4
/content/drive/MyDrive/DataSet_Voice/neutral/03-01-01-01-02-01-21.wav,neutral,4
/content/drive/MyDrive/DataSet_Voice/neutral/OAF_match_neutral.wav,neutral,4
/content/drive/MyDrive/DataSet_Voice/neutral/OAF_fit_neutral.wav,neutral,4
/content/drive/MyDrive/DataSet_Voice/neutral/OAF_dead_neutral.wav,neutral,4
/content/drive/MyDrive/DataSet_Voice/neutral/OAF_have_neutral.wav,neutral,4
/content/drive/MyDrive/DataSet_Voice/neutral/OAF_loaf_neutral.wav,neutral,4
/content/drive/MyDrive/DataSet_Voice/neutral/OAF_kick_neutral.wav,neutral,4
/content/drive/MyDrive/DataSet_Voice/neutral/03-01-01-01-01-02-19.wav,neutral,4
/content/drive/MyDrive/DataSet_Voice/neutral/03-01-01-01-01-02-22.wav,neutral,4
/content/drive/MyDrive/DataSet_Voice/neutral/OAF_bath_neutral.wav,neutral,4
/content/drive/MyDrive/DataSet_Voice/neutral/OAF_love_neutral.wav,neutral,4
/content/drive/MyDrive/DataSet_Voice/neutral/OAF_ditch_neutral.wav,neutral,4
/content/drive/MyDrive/DataSet_Voice/neutral/OAF_gaze_neutral.wav,neutral,4
/content/drive/MyDrive/DataSet_Voice/neutral/OAF_came_neutral.wav,neutral,4
/content/drive/MyDrive/DataSet_Voice/neutral/OAF_lot_neutral.wav,neutral,4
/content/drive/MyDrive/DataSet_Voice/neutral/OAF_limb_neutral.wav,neutral,4
/content/drive/MyDrive/DataSet_Voice/neutral/OAF_gas_neutral.wav,neutral,4
/content/drive/MyDrive/DataSet_Voice/neutral/OAF_keg_neutral.wav,neutral,4
/content/drive/MyDrive/DataSet_Voice/neutral/OAF_learn_neutral.wav,neutral,4
/content/drive/MyDrive/DataSet_Voice/neutral/OAF_doll_neutral.wav,neutral,4
/content/drive/MyDrive/DataSet_Voice/neutral/OAF_keep_neutral.wav,neutral,4
/content/drive/MyDrive/DataSet_Voice/neutral/OAF_keen_neutral.wav,neutral,4
/content/drive/MyDrive/DataSet_Voice/neutral/OAF_dog_neutral.wav,neutral,4
/content/drive/MyDrive/DataSet_Voice/neutral/03-01-01-01-02-01-23.wav,neutral,4
/content/drive/MyDrive/DataSet_Voice/neutral/YAF_deep_neutral.wav,neutral,4
/content/drive/MyDrive/DataSet_Voice/neutral/OAF_time_neutral.wav,neutral,4
/content/drive/MyDrive/DataSet_Voice/neutral/OAF_reach_neutral.wav,neutral,4
/content/drive/MyDrive/DataSet_Voice/neutral/OAF_rat_neutral.wav,neutral,4
/content/drive/MyDrive/DataSet_Voice/neutral/OAF_sub_neutral.wav,neutral,4
/content/drive/MyDrive/DataSet_Voice/neutral/OAF_sail_neutral.wav,neutral,4
/content/drive/MyDrive/DataSet_Voice/neutral/OAF_which_neutral.wav,neutral,4
/content/drive/MyDrive/DataSet_Voice/neutral/OAF_voice_neutral.wav,neutral,4
/content/drive/MyDrive/DataSet_Voice/neutral/OAF_sheep_neutral.wav,neutral,4
/content/drive/MyDrive/DataSet_Voice/neutral/OAF_south_neutral.wav,neutral,4
/content/drive/MyDrive/DataSet_Voice/neutral/OAF_pad_neutral.wav,neutral,4
/content/drive/MyDrive/DataSet_Voice/neutral/OAF_note_neutral.wav,neutral,4
/content/drive/MyDrive/DataSet_Voice/neutral/OAF_pool_neutral.wav,neutral,4
/content/drive/MyDrive/DataSet_Voice/neutral/OAF_raise_neutral.wav,neutral,4
/content/drive/MyDrive/DataSet_Voice/neutral/OAF_tire_neutral.wav,neutral,4
/content/drive/MyDrive/DataSet_Voice/neutral/YAF_hall_neutral.wav,neutral,4
/content/drive/MyDrive/DataSet_Voice/neutral/YAF_dodge_neutral.wav,neutral,4
/content/drive/MyDrive/DataSet_Voice/neutral/OAF_sure_neutral.wav,neutral,4
/content/drive/MyDrive/DataSet_Voice/neutral/YAF_doll_neutral.wav,neutral,4
/content/drive/MyDrive/DataSet_Voice/neutral/OAF_red_neutral.wav,neutral,4
/content/drive/MyDrive/DataSet_Voice/neutral/OAF_walk_neutral.wav,neutral,4
/content/drive/MyDrive/DataSet_Voice/neutral/YAF_calm_neutral.wav,neutral,4
/content/drive/MyDrive/DataSet_Voice/neutral/OAF_tough_neutral.wav,neutral,4
/content/drive/MyDrive/DataSet_Voice/neutral/YAF_choice_neutral.wav,neutral,4
/content/drive/MyDrive/DataSet_Voice/neutral/YAF_dead_neutral.wav,neutral,4
/content/drive/MyDrive/DataSet_Voice/neutral/OAF_shack_neutral.wav,neutral,4
/content/drive/MyDrive/DataSet_Voice/neutral/OAF_rain_neutral.wav,neutral,4
/content/drive/MyDrive/DataSet_Voice/neutral/YAF_date_neutral.wav,neutral,4
/content/drive/MyDrive/DataSet_Voice/neutral/YAF_door_neutral.wav,neutral,4
/content/drive/MyDrive/DataSet_Voice/neutral/OAF_thumb_neutral.wav,neutral,4
/content/drive/MyDrive/DataSet_Voice/neutral/OAF_pearl_neutral.wav,neutral,4
/content/drive/MyDrive/DataSet_Voice/neutral/OAF_vote_neutral.wav,neutral,4
/content/drive/MyDrive/DataSet_Voice/neutral/OAF_tip_neutral.wav,neutral,4
/content/drive/MyDrive/DataSet_Voice/neutral/YAF_good_neutral.wav,neutral,4
/content/drive/MyDrive/DataSet_Voice/neutral/OAF_white_neutral.wav,neutral,4
/content/drive/MyDrive/DataSet_Voice/neutral/OAF_soup_neutral.wav,neutral,4
/content/drive/MyDrive/DataSet_Voice/neutral/OAF_room_neutral.wav,neutral,4
/content/drive/MyDrive/DataSet_Voice/neutral/OAF_wire_neutral.wav,neutral,4
/content/drive/MyDrive/DataSet_Voice/neutral/OAF_talk_neutral.wav,neutral,4
/content/drive/MyDrive/DataSet_Voice/neutral/OAF_team_neutral.wav,neutral,4
/content/drive/MyDrive/DataSet_Voice/neutral/YAF_bean_neutral.wav,neutral,4
/content/drive/MyDrive/DataSet_Voice/neutral/YAF_far_neutral.wav,neutral,4
/content/drive/MyDrive/DataSet_Voice/neutral/YAF_food_neutral.wav,neutral,4
/content/drive/MyDrive/DataSet_Voice/neutral/OAF_tool_neutral.wav,neutral,4
/content/drive/MyDrive/DataSet_Voice/neutral/OAF_neat_neutral.wav,neutral,4
/content/drive/MyDrive/DataSet_Voice/neutral/YAF_dip_neutral.wav,neutral,4
/content/drive/MyDrive/DataSet_Voice/neutral/OAF_sell_neutral.wav,neutral,4
/content/drive/MyDrive/DataSet_Voice/neutral/YAF_germ_neutral.wav,neutral,4
/content/drive/MyDrive/DataSet_Voice/neutral/YAF_came_neutral.wav,neutral,4
/content/drive/MyDrive/DataSet_Voice/neutral/OAF_phone_neutral.wav,neutral,4
/content/drive/MyDrive/DataSet_Voice/neutral/OAF_turn_neutral.wav,neutral,4
/content/drive/MyDrive/DataSet_Voice/neutral/OAF_yearn_neutral.wav,neutral,4
/content/drive/MyDrive/DataSet_Voice/neutral/OAF_near_neutral.wav,neutral,4
/content/drive/MyDrive/DataSet_Voice/neutral/YAF_juice_neutral.wav,neutral,4
/content/drive/MyDrive/DataSet_Voice/neutral/OAF_shawl_neutral.wav,neutral,4
/content/drive/MyDrive/DataSet_Voice/neutral/YAF_base_neutral.wav,neutral,4
/content/drive/MyDrive/DataSet_Voice/neutral/OAF_whip_neutral.wav,neutral,4
/content/drive/MyDrive/DataSet_Voice/neutral/OAF_mouse_neutral.wav,neutral,4
/content/drive/MyDrive/DataSet_Voice/neutral/YAF_judge_neutral.wav,neutral,4
/content/drive/MyDrive/DataSet_Voice/neutral/YAF_goal_neutral.wav,neutral,4
/content/drive/MyDrive/DataSet_Voice/neutral/YAF_gin_neutral.wav,neutral,4
/content/drive/MyDrive/DataSet_Voice/neutral/YAF_chain_neutral.wav,neutral,4
/content/drive/MyDrive/DataSet_Voice/neutral/OAF_void_neutral.wav,neutral,4
/content/drive/MyDrive/DataSet_Voice/neutral/OAF_read_neutral.wav,neutral,4
/content/drive/MyDrive/DataSet_Voice/neutral/OAF_raid_neutral.wav,neutral,4
/content/drive/MyDrive/DataSet_Voice/neutral/OAF_pole_neutral.wav,neutral,4
/content/drive/MyDrive/DataSet_Voice/neutral/OAF_sour_neutral.wav,neutral,4
/content/drive/MyDrive/DataSet_Voice/neutral/OAF_shirt_neutral.wav,neutral,4
/content/drive/MyDrive/DataSet_Voice/neutral/YAF_beg_neutral.wav,neutral,4
/content/drive/MyDrive/DataSet_Voice/neutral/YAF_burn_neutral.wav,neutral,4
/content/drive/MyDrive/DataSet_Voice/neutral/YAF_death_neutral.wav,neutral,4
/content/drive/MyDrive/DataSet_Voice/neutral/OAF_road_neutral.wav,neutral,4
/content/drive/MyDrive/DataSet_Voice/neutral/OAF_tape_neutral.wav,neutral,4
/content/drive/MyDrive/DataSet_Voice/neutral/YAF_bath_neutral.wav,neutral,4
/content/drive/MyDrive/DataSet_Voice/neutral/YAF_chalk_neutral.wav,neutral,4
/content/drive/MyDrive/DataSet_Voice/neutral/OAF_search_neutral.wav,neutral,4
/content/drive/MyDrive/DataSet_Voice/neutral/OAF_puff_neutral.wav,neutral,4
/content/drive/MyDrive/DataSet_Voice/neutral/OAF_size_neutral.wav,neutral,4
/content/drive/MyDrive/DataSet_Voice/neutral/OAF_take_neutral.wav,neutral,4
/content/drive/MyDrive/DataSet_Voice/neutral/OAF_tell_neutral.wav,neutral,4
/content/drive/MyDrive/DataSet_Voice/neutral/YAF_goose_neutral.wav,neutral,4
/content/drive/MyDrive/DataSet_Voice/neutral/YAF_bite_neutral.wav,neutral,4
/content/drive/MyDrive/DataSet_Voice/neutral/YAF_cause_neutral.wav,neutral,4
/content/drive/MyDrive/DataSet_Voice/neutral/YAF_haze_neutral.wav,neutral,4
/content/drive/MyDrive/DataSet_Voice/neutral/OAF_peg_neutral.wav,neutral,4
/content/drive/MyDrive/DataSet_Voice/neutral/YAF_check_neutral.wav,neutral,4
/content/drive/MyDrive/DataSet_Voice/neutral/YAF_gas_neutral.wav,neutral,4
/content/drive/MyDrive/DataSet_Voice/neutral/YAF_gun_neutral.wav,neutral,4
/content/drive/MyDrive/DataSet_Voice/neutral/YAF_fail_neutral.wav,neutral,4
/content/drive/MyDrive/DataSet_Voice/neutral/YAF_fat_neutral.wav,neutral,4
/content/drive/MyDrive/DataSet_Voice/neutral/OAF_name_neutral.wav,neutral,4
/content/drive/MyDrive/DataSet_Voice/neutral/YAF_book_neutral.wav,neutral,4
/content/drive/MyDrive/DataSet_Voice/neutral/OAF_seize_neutral.wav,neutral,4
/content/drive/MyDrive/DataSet_Voice/neutral/YAF_chair_neutral.wav,neutral,4
/content/drive/MyDrive/DataSet_Voice/neutral/OAF_wag_neutral.wav,neutral,4
/content/drive/MyDrive/DataSet_Voice/neutral/OAF_rag_neutral.wav,neutral,4
/content/drive/MyDrive/DataSet_Voice/neutral/OAF_nag_neutral.wav,neutral,4
/content/drive/MyDrive/DataSet_Voice/neutral/YAF_have_neutral.wav,neutral,4
/content/drive/MyDrive/DataSet_Voice/neutral/OAF_shall_neutral.wav,neutral,4
/content/drive/MyDrive/DataSet_Voice/neutral/YAF_bone_neutral.wav,neutral,4
/content/drive/MyDrive/DataSet_Voice/neutral/YAF_ditch_neutral.wav,neutral,4
/content/drive/MyDrive/DataSet_Voice/neutral/OAF_week_neutral.wav,neutral,4
/content/drive/MyDrive/DataSet_Voice/neutral/OAF_pike_neutral.wav,neutral,4
/content/drive/MyDrive/DataSet_Voice/neutral/OAF_thin_neutral.wav,neutral,4
/content/drive/MyDrive/DataSet_Voice/neutral/OAF_such_neutral.wav,neutral,4
/content/drive/MyDrive/DataSet_Voice/neutral/YAF_five_neutral.wav,neutral,4
/content/drive/MyDrive/DataSet_Voice/neutral/YAF_jar_neutral.wav,neutral,4
/content/drive/MyDrive/DataSet_Voice/neutral/YAF_hate_neutral.wav,neutral,4
/content/drive/MyDrive/DataSet_Voice/neutral/YAF_half_neutral.wav,neutral,4
/content/drive/MyDrive/DataSet_Voice/neutral/OA_bite_neutral.wav,neutral,4
/content/drive/MyDrive/DataSet_Voice/neutral/OAF_page_neutral.wav,neutral,4
/content/drive/MyDrive/DataSet_Voice/neutral/OAF_pain_neutral.wav,neutral,4
/content/drive/MyDrive/DataSet_Voice/neutral/YAF_join_neutral.wav,neutral,4
/content/drive/MyDrive/DataSet_Voice/neutral/OAF_numb_neutral.wav,neutral,4
/content/drive/MyDrive/DataSet_Voice/neutral/OAF_rough_neutral.wav,neutral,4
/content/drive/MyDrive/DataSet_Voice/neutral/OAF_said_neutral.wav,neutral,4
/content/drive/MyDrive/DataSet_Voice/neutral/YAF_back_neutral.wav,neutral,4
/content/drive/MyDrive/DataSet_Voice/neutral/YAF_dog_neutral.wav,neutral,4
/content/drive/MyDrive/DataSet_Voice/neutral/YAF_hush_neutral.wav,neutral,4
/content/drive/MyDrive/DataSet_Voice/neutral/YAF_hit_neutral.wav,neutral,4
/content/drive/MyDrive/DataSet_Voice/neutral/YAF_home_neutral.wav,neutral,4
/content/drive/MyDrive/DataSet_Voice/neutral/OAF_third_neutral.wav,neutral,4
/content/drive/MyDrive/DataSet_Voice/neutral/OAF_vine_neutral.wav,neutral,4
/content/drive/MyDrive/DataSet_Voice/neutral/YAF_fit_neutral.wav,neutral,4
/content/drive/MyDrive/DataSet_Voice/neutral/OAF_nice_neutral.wav,neutral,4
/content/drive/MyDrive/DataSet_Voice/neutral/OAF_rush_neutral.wav,neutral,4
/content/drive/MyDrive/DataSet_Voice/neutral/OAF_pass_neutral.wav,neutral,4
/content/drive/MyDrive/DataSet_Voice/neutral/YAF_bought_neutral.wav,neutral,4
/content/drive/MyDrive/DataSet_Voice/neutral/OAF_ring_neutral.wav,neutral,4
/content/drive/MyDrive/DataSet_Voice/neutral/YAF_cab_neutral.wav,neutral,4
/content/drive/MyDrive/DataSet_Voice/neutral/OAF_pick_neutral.wav,neutral,4
/content/drive/MyDrive/DataSet_Voice/neutral/OAF_ripe_neutral.wav,neutral,4
/content/drive/MyDrive/DataSet_Voice/neutral/OAF_wash_neutral.wav,neutral,4
/content/drive/MyDrive/DataSet_Voice/neutral/YAF_chat_neutral.wav,neutral,4
/content/drive/MyDrive/DataSet_Voice/neutral/YAF_fall_neutral.wav,neutral,4
/content/drive/MyDrive/DataSet_Voice/neutral/YAF_jug_neutral.wav,neutral,4
/content/drive/MyDrive/DataSet_Voice/neutral/YAF_cheek_neutral.wav,neutral,4
/content/drive/MyDrive/DataSet_Voice/neutral/YAF_jail_neutral.wav,neutral,4
/content/drive/MyDrive/DataSet_Voice/neutral/OAF_wife_neutral.wav,neutral,4
/content/drive/MyDrive/DataSet_Voice/neutral/YAF_bar_neutral.wav,neutral,4
/content/drive/MyDrive/DataSet_Voice/neutral/YAF_hire_neutral.wav,neutral,4
/content/drive/MyDrive/DataSet_Voice/neutral/OAF_witch_neutral.wav,neutral,4
/content/drive/MyDrive/DataSet_Voice/neutral/OAF_wheat_neutral.wav,neutral,4
/content/drive/MyDrive/DataSet_Voice/neutral/YAF_get_neutral.wav,neutral,4
/content/drive/MyDrive/DataSet_Voice/neutral/OAF_shout_neutral.wav,neutral,4
/content/drive/MyDrive/DataSet_Voice/neutral/OAF_ton_neutral.wav,neutral,4
/content/drive/MyDrive/DataSet_Voice/neutral/OAF_rot_neutral.wav,neutral,4
/content/drive/MyDrive/DataSet_Voice/neutral/YAF_boat_neutral.wav,neutral,4
/content/drive/MyDrive/DataSet_Voice/neutral/YAF_hole_neutral.wav,neutral,4
/content/drive/MyDrive/DataSet_Voice/neutral/YAF_cool_neutral.wav,neutral,4
/content/drive/MyDrive/DataSet_Voice/neutral/OAF_yes_neutral.wav,neutral,4
/content/drive/MyDrive/DataSet_Voice/neutral/OAF_when_neutral.wav,neutral,4
/content/drive/MyDrive/DataSet_Voice/neutral/YAF_dab_neutral.wav,neutral,4
/content/drive/MyDrive/DataSet_Voice/neutral/OAF_soap_neutral.wav,neutral,4
/content/drive/MyDrive/DataSet_Voice/neutral/OAF_thought_neutral.wav,neutral,4
/content/drive/MyDrive/DataSet_Voice/neutral/YAF_gaze_neutral.wav,neutral,4
/content/drive/MyDrive/DataSet_Voice/neutral/YAF_gap_neutral.wav,neutral,4
/content/drive/MyDrive/DataSet_Voice/neutral/OAF_youth_neutral.wav,neutral,4
/content/drive/MyDrive/DataSet_Voice/neutral/YAF_hurl_neutral.wav,neutral,4
/content/drive/MyDrive/DataSet_Voice/neutral/YAF_chief_neutral.wav,neutral,4
/content/drive/MyDrive/DataSet_Voice/neutral/OAF_rose_neutral.wav,neutral,4
/content/drive/MyDrive/DataSet_Voice/neutral/YAF_dime_neutral.wav,neutral,4
/content/drive/MyDrive/DataSet_Voice/neutral/OAF_should_neutral.wav,neutral,4
/content/drive/MyDrive/DataSet_Voice/neutral/OAF_perch_neutral.wav,neutral,4
/content/drive/MyDrive/DataSet_Voice/neutral/OAF_young_neutral.wav,neutral,4
/content/drive/MyDrive/DataSet_Voice/neutral/YAF_hash_neutral.wav,neutral,4
/content/drive/MyDrive/DataSet_Voice/neutral/YAF_lot_neutral.wav,neutral,4
/content/drive/MyDrive/DataSet_Voice/neutral/YAF_merge_neutral.wav,neutral,4
/content/drive/MyDrive/DataSet_Voice/neutral/YAF_pain_neutral.wav,neutral,4
/content/drive/MyDrive/DataSet_Voice/neutral/YAF_week_neutral.wav,neutral,4
/content/drive/MyDrive/DataSet_Voice/neutral/YAF_mob_neutral.wav,neutral,4
/content/drive/MyDrive/DataSet_Voice/neutral/YAF_pick_neutral.wav,neutral,4
/content/drive/MyDrive/DataSet_Voice/neutral/YAF_met_neutral.wav,neutral,4
/content/drive/MyDrive/DataSet_Voice/neutral/YAF_such_neutral.wav,neutral,4
/content/drive/MyDrive/DataSet_Voice/neutral/YAF_mop_neutral.wav,neutral,4
/content/drive/MyDrive/DataSet_Voice/neutral/YAF_tip_neutral.wav,neutral,4
/content/drive/MyDrive/DataSet_Voice/neutral/YAF_which_neutral.wav,neutral,4
/content/drive/MyDrive/DataSet_Voice/neutral/YAF_wash_neutral.wav,neutral,4
/content/drive/MyDrive/DataSet_Voice/neutral/YAF_moon_neutral.wav,neutral,4
/content/drive/MyDrive/DataSet_Voice/neutral/YAF_lid_neutral.wav,neutral,4
/content/drive/MyDrive/DataSet_Voice/neutral/YAF_note_neutral.wav,neutral,4
/content/drive/MyDrive/DataSet_Voice/neutral/YAF_sure_neutral.wav,neutral,4
/content/drive/MyDrive/DataSet_Voice/neutral/YAF_young_neutral.wav,neutral,4
/content/drive/MyDrive/DataSet_Voice/neutral/YAF_walk_neutral.wav,neutral,4
/content/drive/MyDrive/DataSet_Voice/neutral/YAF_void_neutral.wav,neutral,4
/content/drive/MyDrive/DataSet_Voice/neutral/YAF_shout_neutral.wav,neutral,4
/content/drive/MyDrive/DataSet_Voice/neutral/YAF_road_neutral.wav,neutral,4
/content/drive/MyDrive/DataSet_Voice/neutral/YAF_south_neutral.wav,neutral,4
/content/drive/MyDrive/DataSet_Voice/neutral/YAF_raid_neutral.wav,neutral,4
/content/drive/MyDrive/DataSet_Voice/neutral/YAF_wheat_neutral.wav,neutral,4
/content/drive/MyDrive/DataSet_Voice/neutral/YAF_soup_neutral.wav,neutral,4
/content/drive/MyDrive/DataSet_Voice/neutral/YAF_pearl_neutral.wav,neutral,4
/content/drive/MyDrive/DataSet_Voice/neutral/YAF_mood_neutral.wav,neutral,4
/content/drive/MyDrive/DataSet_Voice/neutral/YAF_read_neutral.wav,neutral,4
/content/drive/MyDrive/DataSet_Voice/neutral/YAF_wag_neutral.wav,neutral,4
/content/drive/MyDrive/DataSet_Voice/neutral/YAF_witch_neutral.wav,neutral,4
/content/drive/MyDrive/DataSet_Voice/neutral/YAF_ring_neutral.wav,neutral,4
/content/drive/MyDrive/DataSet_Voice/neutral/YAF_nice_neutral.wav,neutral,4
/content/drive/MyDrive/DataSet_Voice/neutral/YAF_size_neutral.wav,neutral,4
/content/drive/MyDrive/DataSet_Voice/neutral/YAF_long_neutral.wav,neutral,4
/content/drive/MyDrive/DataSet_Voice/neutral/YAF_talk_neutral.wav,neutral,4
/content/drive/MyDrive/DataSet_Voice/neutral/YAF_sail_neutral.wav,neutral,4
/content/drive/MyDrive/DataSet_Voice/neutral/YAF_sheep_neutral.wav,neutral,4
/content/drive/MyDrive/DataSet_Voice/neutral/YAF_shirt_neutral.wav,neutral,4
/content/drive/MyDrive/DataSet_Voice/neutral/YAF_rat_neutral.wav,neutral,4
/content/drive/MyDrive/DataSet_Voice/neutral/YAF_rose_neutral.wav,neutral,4
/content/drive/MyDrive/DataSet_Voice/neutral/YAF_learn_neutral.wav,neutral,4
/content/drive/MyDrive/DataSet_Voice/neutral/YAF_thin_neutral.wav,neutral,4
/content/drive/MyDrive/DataSet_Voice/neutral/YAF_white_neutral.wav,neutral,4
/content/drive/MyDrive/DataSet_Voice/neutral/YAF_rain_neutral.wav,neutral,4
/content/drive/MyDrive/DataSet_Voice/neutral/YAF_pole_neutral.wav,neutral,4
/content/drive/MyDrive/DataSet_Voice/neutral/YAF_team_neutral.wav,neutral,4
/content/drive/MyDrive/DataSet_Voice/neutral/YAF_rough_neutral.wav,neutral,4
/content/drive/MyDrive/DataSet_Voice/neutral/YAF_peg_neutral.wav,neutral,4
/content/drive/MyDrive/DataSet_Voice/neutral/YAF_vine_neutral.wav,neutral,4
/content/drive/MyDrive/DataSet_Voice/neutral/YAF_mill_neutral.wav,neutral,4
/content/drive/MyDrive/DataSet_Voice/neutral/YAF_shack_neutral.wav,neutral,4
/content/drive/MyDrive/DataSet_Voice/neutral/YAF_wife_neutral.wav,neutral,4
/content/drive/MyDrive/DataSet_Voice/neutral/YAF_keen_neutral.wav,neutral,4
/content/drive/MyDrive/DataSet_Voice/neutral/YAF_near_neutral.wav,neutral,4
/content/drive/MyDrive/DataSet_Voice/neutral/YAF_lease_neutral.wav,neutral,4
/content/drive/MyDrive/DataSet_Voice/neutral/YAF_king_neutral.wav,neutral,4
/content/drive/MyDrive/DataSet_Voice/neutral/YAF_voice_neutral.wav,neutral,4
/content/drive/MyDrive/DataSet_Voice/neutral/YAF_should_neutral.wav,neutral,4
/content/drive/MyDrive/DataSet_Voice/neutral/YAF_keg_neutral.wav,neutral,4
/content/drive/MyDrive/DataSet_Voice/neutral/YAF_reach_neutral.wav,neutral,4
/content/drive/MyDrive/DataSet_Voice/neutral/YAF_turn_neutral.wav,neutral,4
/content/drive/MyDrive/DataSet_Voice/neutral/YAF_when_neutral.wav,neutral,4
/content/drive/MyDrive/DataSet_Voice/neutral/YAF_laud_neutral.wav,neutral,4
/content/drive/MyDrive/DataSet_Voice/neutral/YAF_vote_neutral.wav,neutral,4
/content/drive/MyDrive/DataSet_Voice/neutral/YAF_tough_neutral.wav,neutral,4
/content/drive/MyDrive/DataSet_Voice/neutral/YAF_name_neutral.wav,neutral,4
/content/drive/MyDrive/DataSet_Voice/neutral/YAF_take_neutral.wav,neutral,4
/content/drive/MyDrive/DataSet_Voice/neutral/YAF_sell_neutral.wav,neutral,4
/content/drive/MyDrive/DataSet_Voice/neutral/YAF_red_neutral.wav,neutral,4
/content/drive/MyDrive/DataSet_Voice/neutral/YAF_kill_neutral.wav,neutral,4
/content/drive/MyDrive/DataSet_Voice/neutral/YAF_whip_neutral.wav,neutral,4
/content/drive/MyDrive/DataSet_Voice/neutral/YAF_puff_neutral.wav,neutral,4
/content/drive/MyDrive/DataSet_Voice/neutral/YAF_page_neutral.wav,neutral,4
/content/drive/MyDrive/DataSet_Voice/neutral/YAF_match_neutral.wav,neutral,4
/content/drive/MyDrive/DataSet_Voice/neutral/YAF_time_neutral.wav,neutral,4
/content/drive/MyDrive/DataSet_Voice/neutral/YAF_lose_neutral.wav,neutral,4
/content/drive/MyDrive/DataSet_Voice/neutral/YAF_live_neutral.wav,neutral,4
/content/drive/MyDrive/DataSet_Voice/neutral/YAF_pass_neutral.wav,neutral,4
/content/drive/MyDrive/DataSet_Voice/neutral/YAF_limb_neutral.wav,neutral,4
/content/drive/MyDrive/DataSet_Voice/neutral/YAF_loaf_neutral.wav,neutral,4
/content/drive/MyDrive/DataSet_Voice/neutral/YAF_ton_neutral.wav,neutral,4
/content/drive/MyDrive/DataSet_Voice/neutral/YAF_sour_neutral.wav,neutral,4
/content/drive/MyDrive/DataSet_Voice/neutral/YAF_mess_neutral.wav,neutral,4
/content/drive/MyDrive/DataSet_Voice/neutral/YAF_rag_neutral.wav,neutral,4
/content/drive/MyDrive/DataSet_Voice/neutral/YAF_mode_neutral.wav,neutral,4
/content/drive/MyDrive/DataSet_Voice/neutral/YAF_make_neutral.wav,neutral,4
/content/drive/MyDrive/DataSet_Voice/neutral/YAF_pool_neutral.wav,neutral,4
/content/drive/MyDrive/DataSet_Voice/neutral/YAF_love_neutral.wav,neutral,4
/content/drive/MyDrive/DataSet_Voice/neutral/YAF_shawl_neutral.wav,neutral,4
/content/drive/MyDrive/DataSet_Voice/neutral/YAF_tell_neutral.wav,neutral,4
/content/drive/MyDrive/DataSet_Voice/neutral/YAF_seize_neutral.wav,neutral,4
/content/drive/MyDrive/DataSet_Voice/neutral/YAF_kite_neutral.wav,neutral,4
/content/drive/MyDrive/DataSet_Voice/neutral/YAF_tape_neutral.wav,neutral,4
/content/drive/MyDrive/DataSet_Voice/neutral/YAF_rot_neutral.wav,neutral,4
/content/drive/MyDrive/DataSet_Voice/neutral/YAF_sub_neutral.wav,neutral,4
/content/drive/MyDrive/DataSet_Voice/neutral/YAF_raise_neutral.wav,neutral,4
/content/drive/MyDrive/DataSet_Voice/neutral/YAF_numb_neutral.wav,neutral,4
/content/drive/MyDrive/DataSet_Voice/neutral/YAF_tool_neutral.wav,neutral,4
/content/drive/MyDrive/DataSet_Voice/neutral/YAF_room_neutral.wav,neutral,4
/content/drive/MyDrive/DataSet_Voice/neutral/YAF_knock_neutral.wav,neutral,4
/content/drive/MyDrive/DataSet_Voice/neutral/YAF_third_neutral.wav,neutral,4
/content/drive/MyDrive/DataSet_Voice/neutral/YAF_soap_neutral.wav,neutral,4
/content/drive/MyDrive/DataSet_Voice/neutral/YAF_pike_neutral.wav,neutral,4
/content/drive/MyDrive/DataSet_Voice/neutral/YAF_lean_neutral.wav,neutral,4
/content/drive/MyDrive/DataSet_Voice/neutral/YAF_phone_neutral.wav,neutral,4
/content/drive/MyDrive/DataSet_Voice/neutral/YAF_tire_neutral.wav,neutral,4
/content/drive/MyDrive/DataSet_Voice/neutral/YAF_nag_neutral.wav,neutral,4
/content/drive/MyDrive/DataSet_Voice/neutral/YAF_youth_neutral.wav,neutral,4
/content/drive/MyDrive/DataSet_Voice/neutral/YAF_pad_neutral.wav,neutral,4
/content/drive/MyDrive/DataSet_Voice/neutral/YAF_search_neutral.wav,neutral,4
/content/drive/MyDrive/DataSet_Voice/neutral/YAF_lore_neutral.wav,neutral,4
/content/drive/MyDrive/DataSet_Voice/neutral/YAF_luck_neutral.wav,neutral,4
/content/drive/MyDrive/DataSet_Voice/neutral/YAF_shall_neutral.wav,neutral,4
/content/drive/MyDrive/DataSet_Voice/neutral/YAF_wire_neutral.wav,neutral,4
/content/drive/MyDrive/DataSet_Voice/neutral/YAF_kick_neutral.wav,neutral,4
/content/drive/MyDrive/DataSet_Voice/neutral/YAF_thought_neutral.wav,neutral,4
/content/drive/MyDrive/DataSet_Voice/neutral/YAF_thumb_neutral.wav,neutral,4
/content/drive/MyDrive/DataSet_Voice/neutral/YAF_perch_neutral.wav,neutral,4
/content/drive/MyDrive/DataSet_Voice/neutral/YAF_rush_neutral.wav,neutral,4
/content/drive/MyDrive/DataSet_Voice/neutral/YAF_yearn_neutral.wav,neutral,4
/content/drive/MyDrive/DataSet_Voice/neutral/YAF_life_neutral.wav,neutral,4
/content/drive/MyDrive/DataSet_Voice/neutral/YAF_late_neutral.wav,neutral,4
/content/drive/MyDrive/DataSet_Voice/neutral/YAF_yes_neutral.wav,neutral,4
/content/drive/MyDrive/DataSet_Voice/neutral/YAF_keep_neutral.wav,neutral,4
/content/drive/MyDrive/DataSet_Voice/neutral/YAF_said_neutral.wav,neutral,4
/content/drive/MyDrive/DataSet_Voice/neutral/YAF_neat_neutral.wav,neutral,4
/content/drive/MyDrive/DataSet_Voice/neutral/YAF_ripe_neutral.wav,neutral,4
/content/drive/MyDrive/DataSet_Voice/neutral/YAF_mouse_neutral.wav,neutral,4
/content/drive/MyDrive/DataSet_Voice/neutral/1005_TSI_NEU_XX.wav,neutral,4
/content/drive/MyDrive/DataSet_Voice/neutral/1006_WSI_NEU_XX.wav,neutral,4
/content/drive/MyDrive/DataSet_Voice/neutral/1003_IOM_NEU_XX.wav,neutral,4
/content/drive/MyDrive/DataSet_Voice/neutral/1003_MTI_NEU_XX.wav,neutral,4
/content/drive/MyDrive/DataSet_Voice/neutral/1006_IEO_NEU_XX.wav,neutral,4
/content/drive/MyDrive/DataSet_Voice/neutral/1003_ITH_NEU_XX.wav,neutral,4
/content/drive/MyDrive/DataSet_Voice/neutral/1007_TSI_NEU_XX.wav,neutral,4
/content/drive/MyDrive/DataSet_Voice/neutral/1006_ITH_NEU_XX.wav,neutral,4
/content/drive/MyDrive/DataSet_Voice/neutral/1001_IOM_NEU_XX.wav,neutral,4
/content/drive/MyDrive/DataSet_Voice/neutral/1001_IEO_NEU_XX.wav,neutral,4
/content/drive/MyDrive/DataSet_Voice/neutral/1008_DFA_NEU_XX.wav,neutral,4
/content/drive/MyDrive/DataSet_Voice/neutral/1004_ITH_NEU_XX.wav,neutral,4
/content/drive/MyDrive/DataSet_Voice/neutral/1007_IEO_NEU_XX.wav,neutral,4
/content/drive/MyDrive/DataSet_Voice/neutral/1008_MTI_NEU_XX.wav,neutral,4
/content/drive/MyDrive/DataSet_Voice/neutral/1005_TAI_NEU_XX.wav,neutral,4
/content/drive/MyDrive/DataSet_Voice/neutral/1002_IEO_NEU_XX.wav,neutral,4
/content/drive/MyDrive/DataSet_Voice/neutral/1005_MTI_NEU_XX.wav,neutral,4
/content/drive/MyDrive/DataSet_Voice/neutral/1007_ITS_NEU_XX.wav,neutral,4
/content/drive/MyDrive/DataSet_Voice/neutral/1006_ITS_NEU_XX.wav,neutral,4
/content/drive/MyDrive/DataSet_Voice/neutral/1004_IWW_NEU_XX.wav,neutral,4
/content/drive/MyDrive/DataSet_Voice/neutral/1007_MTI_NEU_XX.wav,neutral,4
/content/drive/MyDrive/DataSet_Voice/neutral/1006_IWW_NEU_XX.wav,neutral,4
/content/drive/MyDrive/DataSet_Voice/neutral/1003_TSI_NEU_XX.wav,neutral,4
/content/drive/MyDrive/DataSet_Voice/neutral/1002_TSI_NEU_XX.wav,neutral,4
/content/drive/MyDrive/DataSet_Voice/neutral/1004_TSI_NEU_XX.wav,neutral,4
/content/drive/MyDrive/DataSet_Voice/neutral/1001_TIE_NEU_XX.wav,neutral,4
/content/drive/MyDrive/DataSet_Voice/neutral/1005_ITS_NEU_XX.wav,neutral,4
/content/drive/MyDrive/DataSet_Voice/neutral/1004_ITS_NEU_XX.wav,neutral,4
/content/drive/MyDrive/DataSet_Voice/neutral/1007_TAI_NEU_XX.wav,neutral,4
/content/drive/MyDrive/DataSet_Voice/neutral/1003_DFA_NEU_XX.wav,neutral,4
/content/drive/MyDrive/DataSet_Voice/neutral/1007_WSI_NEU_XX.wav,neutral,4
/content/drive/MyDrive/DataSet_Voice/neutral/1006_TIE_NEU_XX.wav,neutral,4
/content/drive/MyDrive/DataSet_Voice/neutral/1008_IWW_NEU_XX.wav,neutral,4
/content/drive/MyDrive/DataSet_Voice/neutral/1005_IWL_NEU_XX.wav,neutral,4
/content/drive/MyDrive/DataSet_Voice/neutral/1002_MTI_NEU_XX.wav,neutral,4
/content/drive/MyDrive/DataSet_Voice/neutral/1006_DFA_NEU_XX.wav,neutral,4
/content/drive/MyDrive/DataSet_Voice/neutral/1002_ITS_NEU_XX.wav,neutral,4
/content/drive/MyDrive/DataSet_Voice/neutral/1004_IWL_NEU_XX.wav,neutral,4
/content/drive/MyDrive/DataSet_Voice/neutral/1008_TAI_NEU_XX.wav,neutral,4
/content/drive/MyDrive/DataSet_Voice/neutral/1002_IWW_NEU_XX.wav,neutral,4
/content/drive/MyDrive/DataSet_Voice/neutral/1008_TIE_NEU_XX.wav,neutral,4
/content/drive/MyDrive/DataSet_Voice/neutral/1004_IEO_NEU_XX.wav,neutral,4
/content/drive/MyDrive/DataSet_Voice/neutral/1006_MTI_NEU_XX.wav,neutral,4
/content/drive/MyDrive/DataSet_Voice/neutral/1004_IOM_NEU_XX.wav,neutral,4
/content/drive/MyDrive/DataSet_Voice/neutral/1003_IWW_NEU_XX.wav,neutral,4
/content/drive/MyDrive/DataSet_Voice/neutral/1001_DFA_NEU_XX.wav,neutral,4
/content/drive/MyDrive/DataSet_Voice/neutral/1004_WSI_NEU_XX.wav,neutral,4
/content/drive/MyDrive/DataSet_Voice/neutral/1006_IWL_NEU_XX.wav,neutral,4
/content/drive/MyDrive/DataSet_Voice/neutral/1005_DFA_NEU_XX.wav,neutral,4
/content/drive/MyDrive/DataSet_Voice/neutral/1004_TIE_NEU_XX.wav,neutral,4
/content/drive/MyDrive/DataSet_Voice/neutral/1002_IOM_NEU_XX.wav,neutral,4
/content/drive/MyDrive/DataSet_Voice/neutral/1004_TAI_NEU_XX.wav,neutral,4
/content/drive/MyDrive/DataSet_Voice/neutral/1005_IWW_NEU_XX.wav,neutral,4
/content/drive/MyDrive/DataSet_Voice/neutral/1008_IWL_NEU_XX.wav,neutral,4
/content/drive/MyDrive/DataSet_Voice/neutral/1005_IEO_NEU_XX.wav,neutral,4
/content/drive/MyDrive/DataSet_Voice/neutral/1005_TIE_NEU_XX.wav,neutral,4
/content/drive/MyDrive/DataSet_Voice/neutral/1001_TSI_NEU_XX.wav,neutral,4
/content/drive/MyDrive/DataSet_Voice/neutral/1004_MTI_NEU_XX.wav,neutral,4
/content/drive/MyDrive/DataSet_Voice/neutral/1002_IWL_NEU_XX.wav,neutral,4
/content/drive/MyDrive/DataSet_Voice/neutral/1007_IWL_NEU_XX.wav,neutral,4
/content/drive/MyDrive/DataSet_Voice/neutral/1001_ITH_NEU_XX.wav,neutral,4
/content/drive/MyDrive/DataSet_Voice/neutral/1003_WSI_NEU_XX.wav,neutral,4
/content/drive/MyDrive/DataSet_Voice/neutral/1004_DFA_NEU_XX.wav,neutral,4
/content/drive/MyDrive/DataSet_Voice/neutral/1008_ITH_NEU_XX.wav,neutral,4
/content/drive/MyDrive/DataSet_Voice/neutral/1003_TAI_NEU_XX.wav,neutral,4
/content/drive/MyDrive/DataSet_Voice/neutral/1006_TAI_NEU_XX.wav,neutral,4
/content/drive/MyDrive/DataSet_Voice/neutral/1002_DFA_NEU_XX.wav,neutral,4
/content/drive/MyDrive/DataSet_Voice/neutral/1007_DFA_NEU_XX.wav,neutral,4
/content/drive/MyDrive/DataSet_Voice/neutral/1002_WSI_NEU_XX.wav,neutral,4
/content/drive/MyDrive/DataSet_Voice/neutral/1001_TAI_NEU_XX.wav,neutral,4
/content/drive/MyDrive/DataSet_Voice/neutral/1008_IEO_NEU_XX.wav,neutral,4
/content/drive/MyDrive/DataSet_Voice/neutral/1007_IWW_NEU_XX.wav,neutral,4
/content/drive/MyDrive/DataSet_Voice/neutral/1001_IWW_NEU_XX.wav,neutral,4
/content/drive/MyDrive/DataSet_Voice/neutral/1005_WSI_NEU_XX.wav,neutral,4
/content/drive/MyDrive/DataSet_Voice/neutral/1001_WSI_NEU_XX.wav,neutral,4
/content/drive/MyDrive/DataSet_Voice/neutral/1006_TSI_NEU_XX.wav,neutral,4
/content/drive/MyDrive/DataSet_Voice/neutral/1007_IOM_NEU_XX.wav,neutral,4
/content/drive/MyDrive/DataSet_Voice/neutral/1008_TSI_NEU_XX.wav,neutral,4
/content/drive/MyDrive/DataSet_Voice/neutral/1008_IOM_NEU_XX.wav,neutral,4
/content/drive/MyDrive/DataSet_Voice/neutral/1003_IEO_NEU_XX.wav,neutral,4
/content/drive/MyDrive/DataSet_Voice/neutral/1007_TIE_NEU_XX.wav,neutral,4
/content/drive/MyDrive/DataSet_Voice/neutral/1005_ITH_NEU_XX.wav,neutral,4
/content/drive/MyDrive/DataSet_Voice/neutral/1003_ITS_NEU_XX.wav,neutral,4
/content/drive/MyDrive/DataSet_Voice/neutral/1005_IOM_NEU_XX.wav,neutral,4
/content/drive/MyDrive/DataSet_Voice/neutral/1001_MTI_NEU_XX.wav,neutral,4
/content/drive/MyDrive/DataSet_Voice/neutral/1006_IOM_NEU_XX.wav,neutral,4
/content/drive/MyDrive/DataSet_Voice/neutral/1001_ITS_NEU_XX.wav,neutral,4
/content/drive/MyDrive/DataSet_Voice/neutral/1002_TAI_NEU_XX.wav,neutral,4
/content/drive/MyDrive/DataSet_Voice/neutral/1007_ITH_NEU_XX.wav,neutral,4
/content/drive/MyDrive/DataSet_Voice/neutral/1001_IWL_NEU_XX.wav,neutral,4
/content/drive/MyDrive/DataSet_Voice/neutral/1003_IWL_NEU_XX.wav,neutral,4
/content/drive/MyDrive/DataSet_Voice/neutral/1008_ITS_NEU_XX.wav,neutral,4
/content/drive/MyDrive/DataSet_Voice/neutral/1003_TIE_NEU_XX.wav,neutral,4
/content/drive/MyDrive/DataSet_Voice/neutral/1002_ITH_NEU_XX.wav,neutral,4
/content/drive/MyDrive/DataSet_Voice/neutral/1027_IOM_NEU_XX.wav,neutral,4
/content/drive/MyDrive/DataSet_Voice/neutral/1014_IWW_NEU_XX.wav,neutral,4
/content/drive/MyDrive/DataSet_Voice/neutral/1019_IEO_NEU_XX.wav,neutral,4
/content/drive/MyDrive/DataSet_Voice/neutral/1025_TSI_NEU_XX.wav,neutral,4
/content/drive/MyDrive/DataSet_Voice/neutral/1022_TIE_NEU_XX.wav,neutral,4
/content/drive/MyDrive/DataSet_Voice/neutral/1020_TSI_NEU_XX.wav,neutral,4
/content/drive/MyDrive/DataSet_Voice/neutral/1013_ITH_NEU_XX.wav,neutral,4
/content/drive/MyDrive/DataSet_Voice/neutral/1012_IOM_NEU_XX.wav,neutral,4
/content/drive/MyDrive/DataSet_Voice/neutral/1014_IEO_NEU_XX.wav,neutral,4
/content/drive/MyDrive/DataSet_Voice/neutral/1012_ITH_NEU_XX.wav,neutral,4
/content/drive/MyDrive/DataSet_Voice/neutral/1017_ITH_NEU_XX.wav,neutral,4
/content/drive/MyDrive/DataSet_Voice/neutral/1024_IOM_NEU_XX.wav,neutral,4
/content/drive/MyDrive/DataSet_Voice/neutral/1014_IWL_NEU_XX.wav,neutral,4
/content/drive/MyDrive/DataSet_Voice/neutral/1027_TSI_NEU_XX.wav,neutral,4
/content/drive/MyDrive/DataSet_Voice/neutral/1021_IEO_NEU_XX.wav,neutral,4
/content/drive/MyDrive/DataSet_Voice/neutral/1026_IEO_NEU_XX.wav,neutral,4
/content/drive/MyDrive/DataSet_Voice/neutral/1025_IWW_NEU_XX.wav,neutral,4
/content/drive/MyDrive/DataSet_Voice/neutral/1009_WSI_NEU_XX.wav,neutral,4
/content/drive/MyDrive/DataSet_Voice/neutral/1015_DFA_NEU_XX.wav,neutral,4
/content/drive/MyDrive/DataSet_Voice/neutral/1010_IWL_NEU_XX.wav,neutral,4
/content/drive/MyDrive/DataSet_Voice/neutral/1022_WSI_NEU_XX.wav,neutral,4
/content/drive/MyDrive/DataSet_Voice/neutral/1023_IEO_NEU_XX.wav,neutral,4
/content/drive/MyDrive/DataSet_Voice/neutral/1020_MTI_NEU_XX.wav,neutral,4
/content/drive/MyDrive/DataSet_Voice/neutral/1021_TSI_NEU_XX.wav,neutral,4
/content/drive/MyDrive/DataSet_Voice/neutral/1012_IEO_NEU_XX.wav,neutral,4
/content/drive/MyDrive/DataSet_Voice/neutral/1021_TAI_NEU_XX.wav,neutral,4
/content/drive/MyDrive/DataSet_Voice/neutral/1023_TSI_NEU_XX.wav,neutral,4
/content/drive/MyDrive/DataSet_Voice/neutral/1017_TSI_NEU_XX.wav,neutral,4
/content/drive/MyDrive/DataSet_Voice/neutral/1024_ITS_NEU_XX.wav,neutral,4
/content/drive/MyDrive/DataSet_Voice/neutral/1011_IWW_NEU_XX.wav,neutral,4
/content/drive/MyDrive/DataSet_Voice/neutral/1011_WSI_NEU_XX.wav,neutral,4
/content/drive/MyDrive/DataSet_Voice/neutral/1026_DFA_NEU_XX.wav,neutral,4
/content/drive/MyDrive/DataSet_Voice/neutral/1019_ITS_NEU_XX.wav,neutral,4
/content/drive/MyDrive/DataSet_Voice/neutral/1013_IWL_NEU_XX.wav,neutral,4
/content/drive/MyDrive/DataSet_Voice/neutral/1017_MTI_NEU_XX.wav,neutral,4
/content/drive/MyDrive/DataSet_Voice/neutral/1025_DFA_NEU_XX.wav,neutral,4
/content/drive/MyDrive/DataSet_Voice/neutral/1028_DFA_NEU_XX.wav,neutral,4
/content/drive/MyDrive/DataSet_Voice/neutral/1014_MTI_NEU_XX.wav,neutral,4
/content/drive/MyDrive/DataSet_Voice/neutral/1011_IOM_NEU_XX.wav,neutral,4
/content/drive/MyDrive/DataSet_Voice/neutral/1019_TAI_NEU_XX.wav,neutral,4
/content/drive/MyDrive/DataSet_Voice/neutral/1013_IOM_NEU_XX.wav,neutral,4
/content/drive/MyDrive/DataSet_Voice/neutral/1010_TAI_NEU_XX.wav,neutral,4
/content/drive/MyDrive/DataSet_Voice/neutral/1019_IWW_NEU_XX.wav,neutral,4
/content/drive/MyDrive/DataSet_Voice/neutral/1024_WSI_NEU_XX.wav,neutral,4
/content/drive/MyDrive/DataSet_Voice/neutral/1015_ITH_NEU_XX.wav,neutral,4
/content/drive/MyDrive/DataSet_Voice/neutral/1016_IWW_NEU_XX.wav,neutral,4
/content/drive/MyDrive/DataSet_Voice/neutral/1021_ITH_NEU_XX.wav,neutral,4
/content/drive/MyDrive/DataSet_Voice/neutral/1026_WSI_NEU_XX.wav,neutral,4
/content/drive/MyDrive/DataSet_Voice/neutral/1025_MTI_NEU_XX.wav,neutral,4
/content/drive/MyDrive/DataSet_Voice/neutral/1014_ITH_NEU_XX.wav,neutral,4
/content/drive/MyDrive/DataSet_Voice/neutral/1022_DFA_NEU_XX.wav,neutral,4
/content/drive/MyDrive/DataSet_Voice/neutral/1026_TSI_NEU_XX.wav,neutral,4
/content/drive/MyDrive/DataSet_Voice/neutral/1013_MTI_NEU_XX.wav,neutral,4
/content/drive/MyDrive/DataSet_Voice/neutral/1013_DFA_NEU_XX.wav,neutral,4
/content/drive/MyDrive/DataSet_Voice/neutral/1011_TAI_NEU_XX.wav,neutral,4
/content/drive/MyDrive/DataSet_Voice/neutral/1019_IWL_NEU_XX.wav,neutral,4
/content/drive/MyDrive/DataSet_Voice/neutral/1012_ITS_NEU_XX.wav,neutral,4
/content/drive/MyDrive/DataSet_Voice/neutral/1010_IWW_NEU_XX.wav,neutral,4
/content/drive/MyDrive/DataSet_Voice/neutral/1024_IWL_NEU_XX.wav,neutral,4
/content/drive/MyDrive/DataSet_Voice/neutral/1017_TIE_NEU_XX.wav,neutral,4
/content/drive/MyDrive/DataSet_Voice/neutral/1018_TIE_NEU_XX.wav,neutral,4
/content/drive/MyDrive/DataSet_Voice/neutral/1021_IWL_NEU_XX.wav,neutral,4
/content/drive/MyDrive/DataSet_Voice/neutral/1016_IEO_NEU_XX.wav,neutral,4
/content/drive/MyDrive/DataSet_Voice/neutral/1009_IWL_NEU_XX.wav,neutral,4
/content/drive/MyDrive/DataSet_Voice/neutral/1013_TSI_NEU_XX.wav,neutral,4
/content/drive/MyDrive/DataSet_Voice/neutral/1016_ITS_NEU_XX.wav,neutral,4
/content/drive/MyDrive/DataSet_Voice/neutral/1020_DFA_NEU_XX.wav,neutral,4
/content/drive/MyDrive/DataSet_Voice/neutral/1016_TAI_NEU_XX.wav,neutral,4
/content/drive/MyDrive/DataSet_Voice/neutral/1017_IWL_NEU_XX.wav,neutral,4
/content/drive/MyDrive/DataSet_Voice/neutral/1022_TSI_NEU_XX.wav,neutral,4
/content/drive/MyDrive/DataSet_Voice/neutral/1022_ITH_NEU_XX.wav,neutral,4
/content/drive/MyDrive/DataSet_Voice/neutral/1012_DFA_NEU_XX.wav,neutral,4
/content/drive/MyDrive/DataSet_Voice/neutral/1014_IOM_NEU_XX.wav,neutral,4
/content/drive/MyDrive/DataSet_Voice/neutral/1023_MTI_NEU_XX.wav,neutral,4
/content/drive/MyDrive/DataSet_Voice/neutral/1024_TIE_NEU_XX.wav,neutral,4
/content/drive/MyDrive/DataSet_Voice/neutral/1015_TSI_NEU_XX.wav,neutral,4
/content/drive/MyDrive/DataSet_Voice/neutral/1025_TAI_NEU_XX.wav,neutral,4
/content/drive/MyDrive/DataSet_Voice/neutral/1009_IWW_NEU_XX.wav,neutral,4
/content/drive/MyDrive/DataSet_Voice/neutral/1015_TAI_NEU_XX.wav,neutral,4
/content/drive/MyDrive/DataSet_Voice/neutral/1016_IOM_NEU_XX.wav,neutral,4
/content/drive/MyDrive/DataSet_Voice/neutral/1009_ITS_NEU_XX.wav,neutral,4
/content/drive/MyDrive/DataSet_Voice/neutral/1020_ITS_NEU_XX.wav,neutral,4
/content/drive/MyDrive/DataSet_Voice/neutral/1018_ITH_NEU_XX.wav,neutral,4
/content/drive/MyDrive/DataSet_Voice/neutral/1025_ITH_NEU_XX.wav,neutral,4
/content/drive/MyDrive/DataSet_Voice/neutral/1019_DFA_NEU_XX.wav,neutral,4
/content/drive/MyDrive/DataSet_Voice/neutral/1024_IEO_NEU_XX.wav,neutral,4
/content/drive/MyDrive/DataSet_Voice/neutral/1023_ITS_NEU_XX.wav,neutral,4
/content/drive/MyDrive/DataSet_Voice/neutral/1026_MTI_NEU_XX.wav,neutral,4
/content/drive/MyDrive/DataSet_Voice/neutral/1014_TAI_NEU_XX.wav,neutral,4
/content/drive/MyDrive/DataSet_Voice/neutral/1016_IWL_NEU_XX.wav,neutral,4
/content/drive/MyDrive/DataSet_Voice/neutral/1015_IEO_NEU_XX.wav,neutral,4
/content/drive/MyDrive/DataSet_Voice/neutral/1025_TIE_NEU_XX.wav,neutral,4
/content/drive/MyDrive/DataSet_Voice/neutral/1011_TSI_NEU_XX.wav,neutral,4
/content/drive/MyDrive/DataSet_Voice/neutral/1017_WSI_NEU_XX.wav,neutral,4
/content/drive/MyDrive/DataSet_Voice/neutral/1025_IWL_NEU_XX.wav,neutral,4
/content/drive/MyDrive/DataSet_Voice/neutral/1018_DFA_NEU_XX.wav,neutral,4
/content/drive/MyDrive/DataSet_Voice/neutral/1026_IWW_NEU_XX.wav,neutral,4
/content/drive/MyDrive/DataSet_Voice/neutral/1010_DFA_NEU_XX.wav,neutral,4
/content/drive/MyDrive/DataSet_Voice/neutral/1019_TSI_NEU_XX.wav,neutral,4
/content/drive/MyDrive/DataSet_Voice/neutral/1022_ITS_NEU_XX.wav,neutral,4
/content/drive/MyDrive/DataSet_Voice/neutral/1023_TIE_NEU_XX.wav,neutral,4
/content/drive/MyDrive/DataSet_Voice/neutral/1027_TAI_NEU_XX.wav,neutral,4
/content/drive/MyDrive/DataSet_Voice/neutral/1021_DFA_NEU_XX.wav,neutral,4
/content/drive/MyDrive/DataSet_Voice/neutral/1023_IWL_NEU_XX.wav,neutral,4
/content/drive/MyDrive/DataSet_Voice/neutral/1027_ITH_NEU_XX.wav,neutral,4
/content/drive/MyDrive/DataSet_Voice/neutral/1012_MTI_NEU_XX.wav,neutral,4
/content/drive/MyDrive/DataSet_Voice/neutral/1027_DFA_NEU_XX.wav,neutral,4
/content/drive/MyDrive/DataSet_Voice/neutral/1017_ITS_NEU_XX.wav,neutral,4
/content/drive/MyDrive/DataSet_Voice/neutral/1010_IEO_NEU_XX.wav,neutral,4
/content/drive/MyDrive/DataSet_Voice/neutral/1027_WSI_NEU_XX.wav,neutral,4
/content/drive/MyDrive/DataSet_Voice/neutral/1020_TIE_NEU_XX.wav,neutral,4
/content/drive/MyDrive/DataSet_Voice/neutral/1012_WSI_NEU_XX.wav,neutral,4
/content/drive/MyDrive/DataSet_Voice/neutral/1011_ITS_NEU_XX.wav,neutral,4
/content/drive/MyDrive/DataSet_Voice/neutral/1027_ITS_NEU_XX.wav,neutral,4
/content/drive/MyDrive/DataSet_Voice/neutral/1024_TAI_NEU_XX.wav,neutral,4
/content/drive/MyDrive/DataSet_Voice/neutral/1028_IEO_NEU_XX.wav,neutral,4
/content/drive/MyDrive/DataSet_Voice/neutral/1024_ITH_NEU_XX.wav,neutral,4
/content/drive/MyDrive/DataSet_Voice/neutral/1021_TIE_NEU_XX.wav,neutral,4
/content/drive/MyDrive/DataSet_Voice/neutral/1009_DFA_NEU_XX.wav,neutral,4
/content/drive/MyDrive/DataSet_Voice/neutral/1018_IEO_NEU_XX.wav,neutral,4
/content/drive/MyDrive/DataSet_Voice/neutral/1018_TAI_NEU_XX.wav,neutral,4
/content/drive/MyDrive/DataSet_Voice/neutral/1015_IOM_NEU_XX.wav,neutral,4
/content/drive/MyDrive/DataSet_Voice/neutral/1025_IEO_NEU_XX.wav,neutral,4
/content/drive/MyDrive/DataSet_Voice/neutral/1025_ITS_NEU_XX.wav,neutral,4
/content/drive/MyDrive/DataSet_Voice/neutral/1015_IWL_NEU_XX.wav,neutral,4
/content/drive/MyDrive/DataSet_Voice/neutral/1012_TAI_NEU_XX.wav,neutral,4
/content/drive/MyDrive/DataSet_Voice/neutral/1017_IEO_NEU_XX.wav,neutral,4
/content/drive/MyDrive/DataSet_Voice/neutral/1026_IOM_NEU_XX.wav,neutral,4
/content/drive/MyDrive/DataSet_Voice/neutral/1009_ITH_NEU_XX.wav,neutral,4
/content/drive/MyDrive/DataSet_Voice/neutral/1016_ITH_NEU_XX.wav,neutral,4
/content/drive/MyDrive/DataSet_Voice/neutral/1014_ITS_NEU_XX.wav,neutral,4
/content/drive/MyDrive/DataSet_Voice/neutral/1023_ITH_NEU_XX.wav,neutral,4
/content/drive/MyDrive/DataSet_Voice/neutral/1016_WSI_NEU_XX.wav,neutral,4
/content/drive/MyDrive/DataSet_Voice/neutral/1016_TIE_NEU_XX.wav,neutral,4
/content/drive/MyDrive/DataSet_Voice/neutral/1021_ITS_NEU_XX.wav,neutral,4
/content/drive/MyDrive/DataSet_Voice/neutral/1011_ITH_NEU_XX.wav,neutral,4
/content/drive/MyDrive/DataSet_Voice/neutral/1013_TIE_NEU_XX.wav,neutral,4
/content/drive/MyDrive/DataSet_Voice/neutral/1024_MTI_NEU_XX.wav,neutral,4
/content/drive/MyDrive/DataSet_Voice/neutral/1025_IOM_NEU_XX.wav,neutral,4
/content/drive/MyDrive/DataSet_Voice/neutral/1023_IOM_NEU_XX.wav,neutral,4
/content/drive/MyDrive/DataSet_Voice/neutral/1020_IWW_NEU_XX.wav,neutral,4
/content/drive/MyDrive/DataSet_Voice/neutral/1013_IEO_NEU_XX.wav,neutral,4
/content/drive/MyDrive/DataSet_Voice/neutral/1021_IWW_NEU_XX.wav,neutral,4
/content/drive/MyDrive/DataSet_Voice/neutral/1026_ITS_NEU_XX.wav,neutral,4
/content/drive/MyDrive/DataSet_Voice/neutral/1022_TAI_NEU_XX.wav,neutral,4
/content/drive/MyDrive/DataSet_Voice/neutral/1014_TIE_NEU_XX.wav,neutral,4
/content/drive/MyDrive/DataSet_Voice/neutral/1022_IOM_NEU_XX.wav,neutral,4
/content/drive/MyDrive/DataSet_Voice/neutral/1019_IOM_NEU_XX.wav,neutral,4
/content/drive/MyDrive/DataSet_Voice/neutral/1020_TAI_NEU_XX.wav,neutral,4
/content/drive/MyDrive/DataSet_Voice/neutral/1012_IWW_NEU_XX.wav,neutral,4
/content/drive/MyDrive/DataSet_Voice/neutral/1010_TSI_NEU_XX.wav,neutral,4
/content/drive/MyDrive/DataSet_Voice/neutral/1023_WSI_NEU_XX.wav,neutral,4
/content/drive/MyDrive/DataSet_Voice/neutral/1009_TAI_NEU_XX.wav,neutral,4
/content/drive/MyDrive/DataSet_Voice/neutral/1010_TIE_NEU_XX.wav,neutral,4
/content/drive/MyDrive/DataSet_Voice/neutral/1023_DFA_NEU_XX.wav,neutral,4
/content/drive/MyDrive/DataSet_Voice/neutral/1009_IOM_NEU_XX.wav,neutral,4
/content/drive/MyDrive/DataSet_Voice/neutral/1015_WSI_NEU_XX.wav,neutral,4
/content/drive/MyDrive/DataSet_Voice/neutral/1027_IEO_NEU_XX.wav,neutral,4
/content/drive/MyDrive/DataSet_Voice/neutral/1024_IWW_NEU_XX.wav,neutral,4
/content/drive/MyDrive/DataSet_Voice/neutral/1018_MTI_NEU_XX.wav,neutral,4
/content/drive/MyDrive/DataSet_Voice/neutral/1015_ITS_NEU_XX.wav,neutral,4
/content/drive/MyDrive/DataSet_Voice/neutral/1017_TAI_NEU_XX.wav,neutral,4
/content/drive/MyDrive/DataSet_Voice/neutral/1011_TIE_NEU_XX.wav,neutral,4
/content/drive/MyDrive/DataSet_Voice/neutral/1020_IWL_NEU_XX.wav,neutral,4
/content/drive/MyDrive/DataSet_Voice/neutral/1014_DFA_NEU_XX.wav,neutral,4
/content/drive/MyDrive/DataSet_Voice/neutral/1011_MTI_NEU_XX.wav,neutral,4
/content/drive/MyDrive/DataSet_Voice/neutral/1010_MTI_NEU_XX.wav,neutral,4
/content/drive/MyDrive/DataSet_Voice/neutral/1021_MTI_NEU_XX.wav,neutral,4
/content/drive/MyDrive/DataSet_Voice/neutral/1011_DFA_NEU_XX.wav,neutral,4
/content/drive/MyDrive/DataSet_Voice/neutral/1010_IOM_NEU_XX.wav,neutral,4
/content/drive/MyDrive/DataSet_Voice/neutral/1022_IWL_NEU_XX.wav,neutral,4
/content/drive/MyDrive/DataSet_Voice/neutral/1010_ITH_NEU_XX.wav,neutral,4
/content/drive/MyDrive/DataSet_Voice/neutral/1026_TIE_NEU_XX.wav,neutral,4
/content/drive/MyDrive/DataSet_Voice/neutral/1013_WSI_NEU_XX.wav,neutral,4
/content/drive/MyDrive/DataSet_Voice/neutral/1026_ITH_NEU_XX.wav,neutral,4
/content/drive/MyDrive/DataSet_Voice/neutral/1026_TAI_NEU_XX.wav,neutral,4
/content/drive/MyDrive/DataSet_Voice/neutral/1011_IEO_NEU_XX.wav,neutral,4
/content/drive/MyDrive/DataSet_Voice/neutral/1012_TIE_NEU_XX.wav,neutral,4
/content/drive/MyDrive/DataSet_Voice/neutral/1027_TIE_NEU_XX.wav,neutral,4
/content/drive/MyDrive/DataSet_Voice/neutral/1016_MTI_NEU_XX.wav,neutral,4
/content/drive/MyDrive/DataSet_Voice/neutral/1024_TSI_NEU_XX.wav,neutral,4
/content/drive/MyDrive/DataSet_Voice/neutral/1019_MTI_NEU_XX.wav,neutral,4
/content/drive/MyDrive/DataSet_Voice/neutral/1026_IWL_NEU_XX.wav,neutral,4
/content/drive/MyDrive/DataSet_Voice/neutral/1022_IEO_NEU_XX.wav,neutral,4
/content/drive/MyDrive/DataSet_Voice/neutral/1011_IWL_NEU_XX.wav,neutral,4
/content/drive/MyDrive/DataSet_Voice/neutral/1017_IWW_NEU_XX.wav,neutral,4
/content/drive/MyDrive/DataSet_Voice/neutral/1025_WSI_NEU_XX.wav,neutral,4
/content/drive/MyDrive/DataSet_Voice/neutral/1023_IWW_NEU_XX.wav,neutral,4
/content/drive/MyDrive/DataSet_Voice/neutral/1019_WSI_NEU_XX.wav,neutral,4
/content/drive/MyDrive/DataSet_Voice/neutral/1009_TIE_NEU_XX.wav,neutral,4
/content/drive/MyDrive/DataSet_Voice/neutral/1014_WSI_NEU_XX.wav,neutral,4
/content/drive/MyDrive/DataSet_Voice/neutral/1020_IEO_NEU_XX.wav,neutral,4
/content/drive/MyDrive/DataSet_Voice/neutral/1013_IWW_NEU_XX.wav,neutral,4
/content/drive/MyDrive/DataSet_Voice/neutral/1009_TSI_NEU_XX.wav,neutral,4
/content/drive/MyDrive/DataSet_Voice/neutral/1027_IWW_NEU_XX.wav,neutral,4
/content/drive/MyDrive/DataSet_Voice/neutral/1010_ITS_NEU_XX.wav,neutral,4
/content/drive/MyDrive/DataSet_Voice/neutral/1020_WSI_NEU_XX.wav,neutral,4
/content/drive/MyDrive/DataSet_Voice/neutral/1013_ITS_NEU_XX.wav,neutral,4
/content/drive/MyDrive/DataSet_Voice/neutral/1015_TIE_NEU_XX.wav,neutral,4
/content/drive/MyDrive/DataSet_Voice/neutral/1020_ITH_NEU_XX.wav,neutral,4
/content/drive/MyDrive/DataSet_Voice/neutral/1022_MTI_NEU_XX.wav,neutral,4
/content/drive/MyDrive/DataSet_Voice/neutral/1016_TSI_NEU_XX.wav,neutral,4
/content/drive/MyDrive/DataSet_Voice/neutral/1016_DFA_NEU_XX.wav,neutral,4
/content/drive/MyDrive/DataSet_Voice/neutral/1015_IWW_NEU_XX.wav,neutral,4
/content/drive/MyDrive/DataSet_Voice/neutral/1013_TAI_NEU_XX.wav,neutral,4
/content/drive/MyDrive/DataSet_Voice/neutral/1021_IOM_NEU_XX.wav,neutral,4
/content/drive/MyDrive/DataSet_Voice/neutral/1022_IWW_NEU_XX.wav,neutral,4
/content/drive/MyDrive/DataSet_Voice/neutral/1009_IEO_NEU_XX.wav,neutral,4
/content/drive/MyDrive/DataSet_Voice/neutral/1014_TSI_NEU_XX.wav,neutral,4
/content/drive/MyDrive/DataSet_Voice/neutral/1023_TAI_NEU_XX.wav,neutral,4
/content/drive/MyDrive/DataSet_Voice/neutral/1017_IOM_NEU_XX.wav,neutral,4
/content/drive/MyDrive/DataSet_Voice/neutral/1018_IOM_NEU_XX.wav,neutral,4
/content/drive/MyDrive/DataSet_Voice/neutral/1018_IWW_NEU_XX.wav,neutral,4
/content/drive/MyDrive/DataSet_Voice/neutral/1018_WSI_NEU_XX.wav,neutral,4
/content/drive/MyDrive/DataSet_Voice/neutral/1018_ITS_NEU_XX.wav,neutral,4
/content/drive/MyDrive/DataSet_Voice/neutral/1027_IWL_NEU_XX.wav,neutral,4
/content/drive/MyDrive/DataSet_Voice/neutral/1020_IOM_NEU_XX.wav,neutral,4
/content/drive/MyDrive/DataSet_Voice/neutral/1015_MTI_NEU_XX.wav,neutral,4
/content/drive/MyDrive/DataSet_Voice/neutral/1018_TSI_NEU_XX.wav,neutral,4
/content/drive/MyDrive/DataSet_Voice/neutral/1012_TSI_NEU_XX.wav,neutral,4
/content/drive/MyDrive/DataSet_Voice/neutral/1019_TIE_NEU_XX.wav,neutral,4
/content/drive/MyDrive/DataSet_Voice/neutral/1018_IWL_NEU_XX.wav,neutral,4
/content/drive/MyDrive/DataSet_Voice/neutral/1012_IWL_NEU_XX.wav,neutral,4
/content/drive/MyDrive/DataSet_Voice/neutral/1010_WSI_NEU_XX.wav,neutral,4
/content/drive/MyDrive/DataSet_Voice/neutral/1017_DFA_NEU_XX.wav,neutral,4
/content/drive/MyDrive/DataSet_Voice/neutral/1024_DFA_NEU_XX.wav,neutral,4
/content/drive/MyDrive/DataSet_Voice/neutral/1021_WSI_NEU_XX.wav,neutral,4
/content/drive/MyDrive/DataSet_Voice/neutral/1027_MTI_NEU_XX.wav,neutral,4
/content/drive/MyDrive/DataSet_Voice/neutral/1039_ITH_NEU_XX.wav,neutral,4
/content/drive/MyDrive/DataSet_Voice/neutral/1034_IEO_NEU_XX.wav,neutral,4
/content/drive/MyDrive/DataSet_Voice/neutral/1034_WSI_NEU_XX.wav,neutral,4
/content/drive/MyDrive/DataSet_Voice/neutral/1036_IEO_NEU_XX.wav,neutral,4
/content/drive/MyDrive/DataSet_Voice/neutral/1045_TIE_NEU_XX.wav,neutral,4
/content/drive/MyDrive/DataSet_Voice/neutral/1028_IOM_NEU_XX.wav,neutral,4
/content/drive/MyDrive/DataSet_Voice/neutral/1043_WSI_NEU_XX.wav,neutral,4
/content/drive/MyDrive/DataSet_Voice/neutral/1030_ITS_NEU_XX.wav,neutral,4
/content/drive/MyDrive/DataSet_Voice/neutral/1037_DFA_NEU_XX.wav,neutral,4
/content/drive/MyDrive/DataSet_Voice/neutral/1035_DFA_NEU_XX.wav,neutral,4
/content/drive/MyDrive/DataSet_Voice/neutral/1042_IOM_NEU_XX.wav,neutral,4
/content/drive/MyDrive/DataSet_Voice/neutral/1045_TAI_NEU_XX.wav,neutral,4
/content/drive/MyDrive/DataSet_Voice/neutral/1041_ITS_NEU_XX.wav,neutral,4
/content/drive/MyDrive/DataSet_Voice/neutral/1035_IWW_NEU_XX.wav,neutral,4
/content/drive/MyDrive/DataSet_Voice/neutral/1033_TAI_NEU_XX.wav,neutral,4
/content/drive/MyDrive/DataSet_Voice/neutral/1029_IEO_NEU_XX.wav,neutral,4
/content/drive/MyDrive/DataSet_Voice/neutral/1036_WSI_NEU_XX.wav,neutral,4
/content/drive/MyDrive/DataSet_Voice/neutral/1033_ITH_NEU_XX.wav,neutral,4
/content/drive/MyDrive/DataSet_Voice/neutral/1033_ITS_NEU_XX.wav,neutral,4
/content/drive/MyDrive/DataSet_Voice/neutral/1044_IEO_NEU_XX.wav,neutral,4
/content/drive/MyDrive/DataSet_Voice/neutral/1031_MTI_NEU_XX.wav,neutral,4
/content/drive/MyDrive/DataSet_Voice/neutral/1029_IOM_NEU_XX.wav,neutral,4
/content/drive/MyDrive/DataSet_Voice/neutral/1029_ITS_NEU_XX.wav,neutral,4
/content/drive/MyDrive/DataSet_Voice/neutral/1035_IOM_NEU_XX.wav,neutral,4
/content/drive/MyDrive/DataSet_Voice/neutral/1036_ITH_NEU_XX.wav,neutral,4
/content/drive/MyDrive/DataSet_Voice/neutral/1046_IEO_NEU_XX.wav,neutral,4
/content/drive/MyDrive/DataSet_Voice/neutral/1034_TAI_NEU_XX.wav,neutral,4
/content/drive/MyDrive/DataSet_Voice/neutral/1043_TIE_NEU_XX.wav,neutral,4
/content/drive/MyDrive/DataSet_Voice/neutral/1033_IOM_NEU_XX.wav,neutral,4
/content/drive/MyDrive/DataSet_Voice/neutral/1040_TIE_NEU_XX.wav,neutral,4
/content/drive/MyDrive/DataSet_Voice/neutral/1042_ITS_NEU_XX.wav,neutral,4
/content/drive/MyDrive/DataSet_Voice/neutral/1039_IOM_NEU_XX.wav,neutral,4
/content/drive/MyDrive/DataSet_Voice/neutral/1028_TAI_NEU_XX.wav,neutral,4
/content/drive/MyDrive/DataSet_Voice/neutral/1044_TAI_NEU_XX.wav,neutral,4
/content/drive/MyDrive/DataSet_Voice/neutral/1045_WSI_NEU_XX.wav,neutral,4
/content/drive/MyDrive/DataSet_Voice/neutral/1028_IWW_NEU_XX.wav,neutral,4
/content/drive/MyDrive/DataSet_Voice/neutral/1041_MTI_NEU_XX.wav,neutral,4
/content/drive/MyDrive/DataSet_Voice/neutral/1045_ITH_NEU_XX.wav,neutral,4
/content/drive/MyDrive/DataSet_Voice/neutral/1040_IWL_NEU_XX.wav,neutral,4
/content/drive/MyDrive/DataSet_Voice/neutral/1030_IWL_NEU_XX.wav,neutral,4
/content/drive/MyDrive/DataSet_Voice/neutral/1038_TSI_NEU_XX.wav,neutral,4
/content/drive/MyDrive/DataSet_Voice/neutral/1036_IWL_NEU_XX.wav,neutral,4
/content/drive/MyDrive/DataSet_Voice/neutral/1029_MTI_NEU_XX.wav,neutral,4
/content/drive/MyDrive/DataSet_Voice/neutral/1041_ITH_NEU_XX.wav,neutral,4
/content/drive/MyDrive/DataSet_Voice/neutral/1031_TSI_NEU_XX.wav,neutral,4
/content/drive/MyDrive/DataSet_Voice/neutral/1040_IEO_NEU_XX.wav,neutral,4
/content/drive/MyDrive/DataSet_Voice/neutral/1044_IWL_NEU_XX.wav,neutral,4
/content/drive/MyDrive/DataSet_Voice/neutral/1036_DFA_NEU_XX.wav,neutral,4
/content/drive/MyDrive/DataSet_Voice/neutral/1035_IEO_NEU_XX.wav,neutral,4
/content/drive/MyDrive/DataSet_Voice/neutral/1038_TAI_NEU_XX.wav,neutral,4
/content/drive/MyDrive/DataSet_Voice/neutral/1028_TSI_NEU_XX.wav,neutral,4
/content/drive/MyDrive/DataSet_Voice/neutral/1041_TSI_NEU_XX.wav,neutral,4
/content/drive/MyDrive/DataSet_Voice/neutral/1032_DFA_NEU_XX.wav,neutral,4
/content/drive/MyDrive/DataSet_Voice/neutral/1034_IOM_NEU_XX.wav,neutral,4
/content/drive/MyDrive/DataSet_Voice/neutral/1044_MTI_NEU_XX.wav,neutral,4
/content/drive/MyDrive/DataSet_Voice/neutral/1031_IOM_NEU_XX.wav,neutral,4
/content/drive/MyDrive/DataSet_Voice/neutral/1043_DFA_NEU_XX.wav,neutral,4
/content/drive/MyDrive/DataSet_Voice/neutral/1044_IWW_NEU_XX.wav,neutral,4
/content/drive/MyDrive/DataSet_Voice/neutral/1029_DFA_NEU_XX.wav,neutral,4
/content/drive/MyDrive/DataSet_Voice/neutral/1043_ITH_NEU_XX.wav,neutral,4
/content/drive/MyDrive/DataSet_Voice/neutral/1040_TSI_NEU_XX.wav,neutral,4
/content/drive/MyDrive/DataSet_Voice/neutral/1037_IOM_NEU_XX.wav,neutral,4
/content/drive/MyDrive/DataSet_Voice/neutral/1039_IWW_NEU_XX.wav,neutral,4
/content/drive/MyDrive/DataSet_Voice/neutral/1029_ITH_NEU_XX.wav,neutral,4
/content/drive/MyDrive/DataSet_Voice/neutral/1042_TIE_NEU_XX.wav,neutral,4
/content/drive/MyDrive/DataSet_Voice/neutral/1033_MTI_NEU_XX.wav,neutral,4
/content/drive/MyDrive/DataSet_Voice/neutral/1034_DFA_NEU_XX.wav,neutral,4
/content/drive/MyDrive/DataSet_Voice/neutral/1033_WSI_NEU_XX.wav,neutral,4
/content/drive/MyDrive/DataSet_Voice/neutral/1037_IEO_NEU_XX.wav,neutral,4
/content/drive/MyDrive/DataSet_Voice/neutral/1046_IWW_NEU_XX.wav,neutral,4
/content/drive/MyDrive/DataSet_Voice/neutral/1031_IWL_NEU_XX.wav,neutral,4
/content/drive/MyDrive/DataSet_Voice/neutral/1045_IEO_NEU_XX.wav,neutral,4
/content/drive/MyDrive/DataSet_Voice/neutral/1033_IWL_NEU_XX.wav,neutral,4
/content/drive/MyDrive/DataSet_Voice/neutral/1028_ITH_NEU_XX.wav,neutral,4
/content/drive/MyDrive/DataSet_Voice/neutral/1034_IWW_NEU_XX.wav,neutral,4
/content/drive/MyDrive/DataSet_Voice/neutral/1038_IWL_NEU_XX.wav,neutral,4
/content/drive/MyDrive/DataSet_Voice/neutral/1039_WSI_NEU_XX.wav,neutral,4
/content/drive/MyDrive/DataSet_Voice/neutral/1038_DFA_NEU_XX.wav,neutral,4
/content/drive/MyDrive/DataSet_Voice/neutral/1043_IWW_NEU_XX.wav,neutral,4
/content/drive/MyDrive/DataSet_Voice/neutral/1038_ITH_NEU_XX.wav,neutral,4
/content/drive/MyDrive/DataSet_Voice/neutral/1032_ITH_NEU_XX.wav,neutral,4
/content/drive/MyDrive/DataSet_Voice/neutral/1041_IWL_NEU_XX.wav,neutral,4
/content/drive/MyDrive/DataSet_Voice/neutral/1046_DFA_NEU_XX.wav,neutral,4
/content/drive/MyDrive/DataSet_Voice/neutral/1032_IWW_NEU_XX.wav,neutral,4
/content/drive/MyDrive/DataSet_Voice/neutral/1035_IWL_NEU_XX.wav,neutral,4
/content/drive/MyDrive/DataSet_Voice/neutral/1028_ITS_NEU_XX.wav,neutral,4
/content/drive/MyDrive/DataSet_Voice/neutral/1046_TSI_NEU_XX.wav,neutral,4
/content/drive/MyDrive/DataSet_Voice/neutral/1035_ITH_NEU_XX.wav,neutral,4
/content/drive/MyDrive/DataSet_Voice/neutral/1030_WSI_NEU_XX.wav,neutral,4
/content/drive/MyDrive/DataSet_Voice/neutral/1036_IWW_NEU_XX.wav,neutral,4
/content/drive/MyDrive/DataSet_Voice/neutral/1042_WSI_NEU_XX.wav,neutral,4
/content/drive/MyDrive/DataSet_Voice/neutral/1032_ITS_NEU_XX.wav,neutral,4
/content/drive/MyDrive/DataSet_Voice/neutral/1040_ITS_NEU_XX.wav,neutral,4
/content/drive/MyDrive/DataSet_Voice/neutral/1030_IOM_NEU_XX.wav,neutral,4
/content/drive/MyDrive/DataSet_Voice/neutral/1037_TIE_NEU_XX.wav,neutral,4
/content/drive/MyDrive/DataSet_Voice/neutral/1035_ITS_NEU_XX.wav,neutral,4
/content/drive/MyDrive/DataSet_Voice/neutral/1046_TAI_NEU_XX.wav,neutral,4
/content/drive/MyDrive/DataSet_Voice/neutral/1043_IEO_NEU_XX.wav,neutral,4
/content/drive/MyDrive/DataSet_Voice/neutral/1036_TSI_NEU_XX.wav,neutral,4
/content/drive/MyDrive/DataSet_Voice/neutral/1038_ITS_NEU_XX.wav,neutral,4
/content/drive/MyDrive/DataSet_Voice/neutral/1039_MTI_NEU_XX.wav,neutral,4
/content/drive/MyDrive/DataSet_Voice/neutral/1046_ITS_NEU_XX.wav,neutral,4
/content/drive/MyDrive/DataSet_Voice/neutral/1042_ITH_NEU_XX.wav,neutral,4
/content/drive/MyDrive/DataSet_Voice/neutral/1035_TSI_NEU_XX.wav,neutral,4
/content/drive/MyDrive/DataSet_Voice/neutral/1045_DFA_NEU_XX.wav,neutral,4
/content/drive/MyDrive/DataSet_Voice/neutral/1044_ITS_NEU_XX.wav,neutral,4
/content/drive/MyDrive/DataSet_Voice/neutral/1036_TAI_NEU_XX.wav,neutral,4
/content/drive/MyDrive/DataSet_Voice/neutral/1047_DFA_NEU_XX.wav,neutral,4
/content/drive/MyDrive/DataSet_Voice/neutral/1040_TAI_NEU_XX.wav,neutral,4
/content/drive/MyDrive/DataSet_Voice/neutral/1038_MTI_NEU_XX.wav,neutral,4
/content/drive/MyDrive/DataSet_Voice/neutral/1034_IWL_NEU_XX.wav,neutral,4
/content/drive/MyDrive/DataSet_Voice/neutral/1042_IWL_NEU_XX.wav,neutral,4
/content/drive/MyDrive/DataSet_Voice/neutral/1035_TAI_NEU_XX.wav,neutral,4
/content/drive/MyDrive/DataSet_Voice/neutral/1032_TAI_NEU_XX.wav,neutral,4
/content/drive/MyDrive/DataSet_Voice/neutral/1045_TSI_NEU_XX.wav,neutral,4
/content/drive/MyDrive/DataSet_Voice/neutral/1037_IWW_NEU_XX.wav,neutral,4
/content/drive/MyDrive/DataSet_Voice/neutral/1038_IOM_NEU_XX.wav,neutral,4
/content/drive/MyDrive/DataSet_Voice/neutral/1038_WSI_NEU_XX.wav,neutral,4
/content/drive/MyDrive/DataSet_Voice/neutral/1046_TIE_NEU_XX.wav,neutral,4
/content/drive/MyDrive/DataSet_Voice/neutral/1029_WSI_NEU_XX.wav,neutral,4
/content/drive/MyDrive/DataSet_Voice/neutral/1034_ITH_NEU_XX.wav,neutral,4
/content/drive/MyDrive/DataSet_Voice/neutral/1043_IWL_NEU_XX.wav,neutral,4
/content/drive/MyDrive/DataSet_Voice/neutral/1038_IEO_NEU_XX.wav,neutral,4
/content/drive/MyDrive/DataSet_Voice/neutral/1031_TAI_NEU_XX.wav,neutral,4
/content/drive/MyDrive/DataSet_Voice/neutral/1045_IWL_NEU_XX.wav,neutral,4
/content/drive/MyDrive/DataSet_Voice/neutral/1046_IWL_NEU_XX.wav,neutral,4
/content/drive/MyDrive/DataSet_Voice/neutral/1033_DFA_NEU_XX.wav,neutral,4
/content/drive/MyDrive/DataSet_Voice/neutral/1037_MTI_NEU_XX.wav,neutral,4
/content/drive/MyDrive/DataSet_Voice/neutral/1036_MTI_NEU_XX.wav,neutral,4
/content/drive/MyDrive/DataSet_Voice/neutral/1031_ITS_NEU_XX.wav,neutral,4
/content/drive/MyDrive/DataSet_Voice/neutral/1041_IOM_NEU_XX.wav,neutral,4
/content/drive/MyDrive/DataSet_Voice/neutral/1029_TIE_NEU_XX.wav,neutral,4
/content/drive/MyDrive/DataSet_Voice/neutral/1040_MTI_NEU_XX.wav,neutral,4
/content/drive/MyDrive/DataSet_Voice/neutral/1033_TIE_NEU_XX.wav,neutral,4
/content/drive/MyDrive/DataSet_Voice/neutral/1043_IOM_NEU_XX.wav,neutral,4
/content/drive/MyDrive/DataSet_Voice/neutral/1035_TIE_NEU_XX.wav,neutral,4
/content/drive/MyDrive/DataSet_Voice/neutral/1032_WSI_NEU_XX.wav,neutral,4
/content/drive/MyDrive/DataSet_Voice/neutral/1030_ITH_NEU_XX.wav,neutral,4
/content/drive/MyDrive/DataSet_Voice/neutral/1039_DFA_NEU_XX.wav,neutral,4
/content/drive/MyDrive/DataSet_Voice/neutral/1036_IOM_NEU_XX.wav,neutral,4
/content/drive/MyDrive/DataSet_Voice/neutral/1030_IEO_NEU_XX.wav,neutral,4
/content/drive/MyDrive/DataSet_Voice/neutral/1031_ITH_NEU_XX.wav,neutral,4
/content/drive/MyDrive/DataSet_Voice/neutral/1031_IEO_NEU_XX.wav,neutral,4
/content/drive/MyDrive/DataSet_Voice/neutral/1045_IWW_NEU_XX.wav,neutral,4
/content/drive/MyDrive/DataSet_Voice/neutral/1042_TAI_NEU_XX.wav,neutral,4
/content/drive/MyDrive/DataSet_Voice/neutral/1033_IEO_NEU_XX.wav,neutral,4
/content/drive/MyDrive/DataSet_Voice/neutral/1033_IWW_NEU_XX.wav,neutral,4
/content/drive/MyDrive/DataSet_Voice/neutral/1044_DFA_NEU_XX.wav,neutral,4
/content/drive/MyDrive/DataSet_Voice/neutral/1041_TAI_NEU_XX.wav,neutral,4
/content/drive/MyDrive/DataSet_Voice/neutral/1037_TAI_NEU_XX.wav,neutral,4
/content/drive/MyDrive/DataSet_Voice/neutral/1035_WSI_NEU_XX.wav,neutral,4
/content/drive/MyDrive/DataSet_Voice/neutral/1041_IEO_NEU_XX.wav,neutral,4
/content/drive/MyDrive/DataSet_Voice/neutral/1034_TSI_NEU_XX.wav,neutral,4
/content/drive/MyDrive/DataSet_Voice/neutral/1045_ITS_NEU_XX.wav,neutral,4
/content/drive/MyDrive/DataSet_Voice/neutral/1039_IWL_NEU_XX.wav,neutral,4
/content/drive/MyDrive/DataSet_Voice/neutral/1030_TSI_NEU_XX.wav,neutral,4
/content/drive/MyDrive/DataSet_Voice/neutral/1040_WSI_NEU_XX.wav,neutral,4
/content/drive/MyDrive/DataSet_Voice/neutral/1042_IEO_NEU_XX.wav,neutral,4
/content/drive/MyDrive/DataSet_Voice/neutral/1045_MTI_NEU_XX.wav,neutral,4
/content/drive/MyDrive/DataSet_Voice/neutral/1030_MTI_NEU_XX.wav,neutral,4
/content/drive/MyDrive/DataSet_Voice/neutral/1037_WSI_NEU_XX.wav,neutral,4
/content/drive/MyDrive/DataSet_Voice/neutral/1039_TSI_NEU_XX.wav,neutral,4
/content/drive/MyDrive/DataSet_Voice/neutral/1029_TSI_NEU_XX.wav,neutral,4
/content/drive/MyDrive/DataSet_Voice/neutral/1038_TIE_NEU_XX.wav,neutral,4
/content/drive/MyDrive/DataSet_Voice/neutral/1037_IWL_NEU_XX.wav,neutral,4
/content/drive/MyDrive/DataSet_Voice/neutral/1034_MTI_NEU_XX.wav,neutral,4
/content/drive/MyDrive/DataSet_Voice/neutral/1041_DFA_NEU_XX.wav,neutral,4
/content/drive/MyDrive/DataSet_Voice/neutral/1042_DFA_NEU_XX.wav,neutral,4
/content/drive/MyDrive/DataSet_Voice/neutral/1040_ITH_NEU_XX.wav,neutral,4
/content/drive/MyDrive/DataSet_Voice/neutral/1046_MTI_NEU_XX.wav,neutral,4
/content/drive/MyDrive/DataSet_Voice/neutral/1033_TSI_NEU_XX.wav,neutral,4
/content/drive/MyDrive/DataSet_Voice/neutral/1046_WSI_NEU_XX.wav,neutral,4
/content/drive/MyDrive/DataSet_Voice/neutral/1036_ITS_NEU_XX.wav,neutral,4
/content/drive/MyDrive/DataSet_Voice/neutral/1031_TIE_NEU_XX.wav,neutral,4
/content/drive/MyDrive/DataSet_Voice/neutral/1042_MTI_NEU_XX.wav,neutral,4
/content/drive/MyDrive/DataSet_Voice/neutral/1029_TAI_NEU_XX.wav,neutral,4
/content/drive/MyDrive/DataSet_Voice/neutral/1032_IWL_NEU_XX.wav,neutral,4
/content/drive/MyDrive/DataSet_Voice/neutral/1040_IWW_NEU_XX.wav,neutral,4
/content/drive/MyDrive/DataSet_Voice/neutral/1028_MTI_NEU_XX.wav,neutral,4
/content/drive/MyDrive/DataSet_Voice/neutral/1042_TSI_NEU_XX.wav,neutral,4
/content/drive/MyDrive/DataSet_Voice/neutral/1030_TIE_NEU_XX.wav,neutral,4
/content/drive/MyDrive/DataSet_Voice/neutral/1041_IWW_NEU_XX.wav,neutral,4
/content/drive/MyDrive/DataSet_Voice/neutral/1032_IEO_NEU_XX.wav,neutral,4
/content/drive/MyDrive/DataSet_Voice/neutral/1037_TSI_NEU_XX.wav,neutral,4
/content/drive/MyDrive/DataSet_Voice/neutral/1034_ITS_NEU_XX.wav,neutral,4
/content/drive/MyDrive/DataSet_Voice/neutral/1037_ITS_NEU_XX.wav,neutral,4
/content/drive/MyDrive/DataSet_Voice/neutral/1045_IOM_NEU_XX.wav,neutral,4
/content/drive/MyDrive/DataSet_Voice/neutral/1041_TIE_NEU_XX.wav,neutral,4
/content/drive/MyDrive/DataSet_Voice/neutral/1039_TAI_NEU_XX.wav,neutral,4
/content/drive/MyDrive/DataSet_Voice/neutral/1031_IWW_NEU_XX.wav,neutral,4
/content/drive/MyDrive/DataSet_Voice/neutral/1035_MTI_NEU_XX.wav,neutral,4
/content/drive/MyDrive/DataSet_Voice/neutral/1039_IEO_NEU_XX.wav,neutral,4
/content/drive/MyDrive/DataSet_Voice/neutral/1029_IWL_NEU_XX.wav,neutral,4
/content/drive/MyDrive/DataSet_Voice/neutral/1040_DFA_NEU_XX.wav,neutral,4
/content/drive/MyDrive/DataSet_Voice/neutral/1044_IOM_NEU_XX.wav,neutral,4
/content/drive/MyDrive/DataSet_Voice/neutral/1031_DFA_NEU_XX.wav,neutral,4
/content/drive/MyDrive/DataSet_Voice/neutral/1044_WSI_NEU_XX.wav,neutral,4
/content/drive/MyDrive/DataSet_Voice/neutral/1043_ITS_NEU_XX.wav,neutral,4
/content/drive/MyDrive/DataSet_Voice/neutral/1036_TIE_NEU_XX.wav,neutral,4
/content/drive/MyDrive/DataSet_Voice/neutral/1032_TSI_NEU_XX.wav,neutral,4
/content/drive/MyDrive/DataSet_Voice/neutral/1043_TSI_NEU_XX.wav,neutral,4
/content/drive/MyDrive/DataSet_Voice/neutral/1032_MTI_NEU_XX.wav,neutral,4
/content/drive/MyDrive/DataSet_Voice/neutral/1046_ITH_NEU_XX.wav,neutral,4
/content/drive/MyDrive/DataSet_Voice/neutral/1039_TIE_NEU_XX.wav,neutral,4
/content/drive/MyDrive/DataSet_Voice/neutral/1037_ITH_NEU_XX.wav,neutral,4
/content/drive/MyDrive/DataSet_Voice/neutral/1038_IWW_NEU_XX.wav,neutral,4
/content/drive/MyDrive/DataSet_Voice/neutral/1039_ITS_NEU_XX.wav,neutral,4
/content/drive/MyDrive/DataSet_Voice/neutral/1044_TSI_NEU_XX.wav,neutral,4
/content/drive/MyDrive/DataSet_Voice/neutral/1028_WSI_NEU_XX.wav,neutral,4
/content/drive/MyDrive/DataSet_Voice/neutral/1029_IWW_NEU_XX.wav,neutral,4
/content/drive/MyDrive/DataSet_Voice/neutral/1044_ITH_NEU_XX.wav,neutral,4
/content/drive/MyDrive/DataSet_Voice/neutral/1028_TIE_NEU_XX.wav,neutral,4
/content/drive/MyDrive/DataSet_Voice/neutral/1046_IOM_NEU_XX.wav,neutral,4
/content/drive/MyDrive/DataSet_Voice/neutral/1034_TIE_NEU_XX.wav,neutral,4
/content/drive/MyDrive/DataSet_Voice/neutral/1043_TAI_NEU_XX.wav,neutral,4
/content/drive/MyDrive/DataSet_Voice/neutral/1030_DFA_NEU_XX.wav,neutral,4
/content/drive/MyDrive/DataSet_Voice/neutral/1028_IWL_NEU_XX.wav,neutral,4
/content/drive/MyDrive/DataSet_Voice/neutral/1041_WSI_NEU_XX.wav,neutral,4
/content/drive/MyDrive/DataSet_Voice/neutral/1044_TIE_NEU_XX.wav,neutral,4
/content/drive/MyDrive/DataSet_Voice/neutral/1042_IWW_NEU_XX.wav,neutral,4
/content/drive/MyDrive/DataSet_Voice/neutral/1040_IOM_NEU_XX.wav,neutral,4
/content/drive/MyDrive/DataSet_Voice/neutral/1043_MTI_NEU_XX.wav,neutral,4
/content/drive/MyDrive/DataSet_Voice/neutral/1032_TIE_NEU_XX.wav,neutral,4
/content/drive/MyDrive/DataSet_Voice/neutral/1031_WSI_NEU_XX.wav,neutral,4
/content/drive/MyDrive/DataSet_Voice/neutral/1030_IWW_NEU_XX.wav,neutral,4
/content/drive/MyDrive/DataSet_Voice/neutral/1030_TAI_NEU_XX.wav,neutral,4
/content/drive/MyDrive/DataSet_Voice/neutral/1032_IOM_NEU_XX.wav,neutral,4
/content/drive/MyDrive/DataSet_Voice/neutral/1063_IOM_NEU_XX.wav,neutral,4
/content/drive/MyDrive/DataSet_Voice/neutral/1062_IWL_NEU_XX.wav,neutral,4
/content/drive/MyDrive/DataSet_Voice/neutral/1057_MTI_NEU_XX.wav,neutral,4
/content/drive/MyDrive/DataSet_Voice/neutral/1061_TAI_NEU_XX.wav,neutral,4
/content/drive/MyDrive/DataSet_Voice/neutral/1056_TIE_NEU_XX.wav,neutral,4
/content/drive/MyDrive/DataSet_Voice/neutral/1058_IOM_NEU_XX.wav,neutral,4
/content/drive/MyDrive/DataSet_Voice/neutral/1055_IWL_NEU_XX.wav,neutral,4
/content/drive/MyDrive/DataSet_Voice/neutral/1057_ITS_NEU_XX.wav,neutral,4
/content/drive/MyDrive/DataSet_Voice/neutral/1049_DFA_NEU_XX.wav,neutral,4
/content/drive/MyDrive/DataSet_Voice/neutral/1057_ITH_NEU_XX.wav,neutral,4
/content/drive/MyDrive/DataSet_Voice/neutral/1052_IWL_NEU_XX.wav,neutral,4
/content/drive/MyDrive/DataSet_Voice/neutral/1051_DFA_NEU_XX.wav,neutral,4
/content/drive/MyDrive/DataSet_Voice/neutral/1055_IOM_NEU_XX.wav,neutral,4
/content/drive/MyDrive/DataSet_Voice/neutral/1062_WSI_NEU_XX.wav,neutral,4
/content/drive/MyDrive/DataSet_Voice/neutral/1061_MTI_NEU_XX.wav,neutral,4
/content/drive/MyDrive/DataSet_Voice/neutral/1056_TSI_NEU_XX.wav,neutral,4
/content/drive/MyDrive/DataSet_Voice/neutral/1047_MTI_NEU_XX.wav,neutral,4
/content/drive/MyDrive/DataSet_Voice/neutral/1053_ITS_NEU_XX.wav,neutral,4
/content/drive/MyDrive/DataSet_Voice/neutral/1058_WSI_NEU_XX.wav,neutral,4
/content/drive/MyDrive/DataSet_Voice/neutral/1050_TSI_NEU_XX.wav,neutral,4
/content/drive/MyDrive/DataSet_Voice/neutral/1059_IWL_NEU_XX.wav,neutral,4
/content/drive/MyDrive/DataSet_Voice/neutral/1049_TSI_NEU_XX.wav,neutral,4
/content/drive/MyDrive/DataSet_Voice/neutral/1055_MTI_NEU_XX.wav,neutral,4
/content/drive/MyDrive/DataSet_Voice/neutral/1053_IWL_NEU_XX.wav,neutral,4
/content/drive/MyDrive/DataSet_Voice/neutral/1050_TAI_NEU_XX.wav,neutral,4
/content/drive/MyDrive/DataSet_Voice/neutral/1060_TAI_NEU_XX.wav,neutral,4
/content/drive/MyDrive/DataSet_Voice/neutral/1053_MTI_NEU_XX.wav,neutral,4
/content/drive/MyDrive/DataSet_Voice/neutral/1051_IWL_NEU_XX.wav,neutral,4
/content/drive/MyDrive/DataSet_Voice/neutral/1062_TAI_NEU_XX.wav,neutral,4
/content/drive/MyDrive/DataSet_Voice/neutral/1051_ITH_NEU_XX.wav,neutral,4
/content/drive/MyDrive/DataSet_Voice/neutral/1048_WSI_NEU_XX.wav,neutral,4
/content/drive/MyDrive/DataSet_Voice/neutral/1061_IWW_NEU_XX.wav,neutral,4
/content/drive/MyDrive/DataSet_Voice/neutral/1048_IWW_NEU_XX.wav,neutral,4
/content/drive/MyDrive/DataSet_Voice/neutral/1051_TSI_NEU_XX.wav,neutral,4
/content/drive/MyDrive/DataSet_Voice/sad/1051_IWW_SAD_XX.wav,sad,5
/content/drive/MyDrive/DataSet_Voice/sad/1049_TSI_SAD_XX.wav,sad,5
/content/drive/MyDrive/DataSet_Voice/sad/1063_IWW_SAD_XX.wav,sad,5
/content/drive/MyDrive/DataSet_Voice/sad/1048_TIE_SAD_XX.wav,sad,5
/content/drive/MyDrive/DataSet_Voice/sad/1059_ITS_SAD_XX.wav,sad,5
/content/drive/MyDrive/DataSet_Voice/sad/1047_MTI_SAD_XX.wav,sad,5
/content/drive/MyDrive/DataSet_Voice/sad/1058_ITH_SAD_XX.wav,sad,5
/content/drive/MyDrive/DataSet_Voice/sad/1050_TSI_SAD_XX.wav,sad,5
/content/drive/MyDrive/DataSet_Voice/sad/1050_IEO_SAD_HI.wav,sad,5
/content/drive/MyDrive/DataSet_Voice/sad/1055_IOM_SAD_XX.wav,sad,5
/content/drive/MyDrive/DataSet_Voice/sad/1049_IWL_SAD_XX.wav,sad,5
/content/drive/MyDrive/DataSet_Voice/sad/1064_ITS_SAD_XX.wav,sad,5
/content/drive/MyDrive/DataSet_Voice/sad/1067_TIE_SAD_XX.wav,sad,5
/content/drive/MyDrive/DataSet_Voice/sad/1072_ITH_SAD_XX.wav,sad,5
/content/drive/MyDrive/DataSet_Voice/sad/1067_DFA_SAD_XX.wav,sad,5
/content/drive/MyDrive/DataSet_Voice/sad/1067_IEO_SAD_HI.wav,sad,5
/content/drive/MyDrive/DataSet_Voice/sad/1073_DFA_SAD_XX.wav,sad,5
/content/drive/MyDrive/DataSet_Voice/sad/1075_TAI_SAD_XX.wav,sad,5
/content/drive/MyDrive/DataSet_Voice/sad/1071_IWW_SAD_XX.wav,sad,5
/content/drive/MyDrive/DataSet_Voice/sad/1073_TIE_SAD_XX.wav,sad,5
/content/drive/MyDrive/DataSet_Voice/sad/1072_MTI_SAD_XX.wav,sad,5
/content/drive/MyDrive/DataSet_Voice/sad/1065_TSI_SAD_XX.wav,sad,5
/content/drive/MyDrive/DataSet_Voice/sad/1072_IEO_SAD_LO.wav,sad,5
/content/drive/MyDrive/DataSet_Voice/sad/1075_TIE_SAD_XX.wav,sad,5
/content/drive/MyDrive/DataSet_Voice/sad/1077_TSI_SAD_XX.wav,sad,5
/content/drive/MyDrive/DataSet_Voice/sad/1075_IWW_SAD_XX.wav,sad,5
/content/drive/MyDrive/DataSet_Voice/sad/1077_ITH_SAD_XX.wav,sad,5
/content/drive/MyDrive/DataSet_Voice/sad/1070_IEO_SAD_HI.wav,sad,5
/content/drive/MyDrive/DataSet_Voice/sad/1076_IWW_SAD_XX.wav,sad,5
/content/drive/MyDrive/DataSet_Voice/sad/1068_IEO_SAD_LO.wav,sad,5
/content/drive/MyDrive/DataSet_Voice/sad/1066_IEO_SAD_MD.wav,sad,5
/content/drive/MyDrive/DataSet_Voice/sad/1075_ITS_SAD_XX.wav,sad,5
/content/drive/MyDrive/DataSet_Voice/sad/1073_WSI_SAD_XX.wav,sad,5
/content/drive/MyDrive/DataSet_Voice/sad/1073_IWL_SAD_XX.wav,sad,5
/content/drive/MyDrive/DataSet_Voice/sad/1070_ITH_SAD_XX.wav,sad,5
/content/drive/MyDrive/DataSet_Voice/sad/1070_IEO_SAD_MD.wav,sad,5
/content/drive/MyDrive/DataSet_Voice/sad/1064_IEO_SAD_LO.wav,sad,5
/content/drive/MyDrive/DataSet_Voice/sad/1074_IOM_SAD_XX.wav,sad,5
/content/drive/MyDrive/DataSet_Voice/sad/1072_DFA_SAD_XX.wav,sad,5
/content/drive/MyDrive/DataSet_Voice/sad/1071_WSI_SAD_XX.wav,sad,5
/content/drive/MyDrive/DataSet_Voice/sad/1068_TSI_SAD_XX.wav,sad,5
/content/drive/MyDrive/DataSet_Voice/sad/1064_IWL_SAD_XX.wav,sad,5
/content/drive/MyDrive/DataSet_Voice/sad/1064_IEO_SAD_MD.wav,sad,5
/content/drive/MyDrive/DataSet_Voice/sad/1076_IEO_SAD_MD.wav,sad,5
/content/drive/MyDrive/DataSet_Voice/sad/1064_TIE_SAD_XX.wav,sad,5
/content/drive/MyDrive/DataSet_Voice/sad/1073_IEO_SAD_MD.wav,sad,5
/content/drive/MyDrive/DataSet_Voice/sad/1076_ITS_SAD_XX.wav,sad,5
/content/drive/MyDrive/DataSet_Voice/sad/1065_IOM_SAD_XX.wav,sad,5
/content/drive/MyDrive/DataSet_Voice/sad/1068_IEO_SAD_MD.wav,sad,5
/content/drive/MyDrive/DataSet_Voice/sad/1071_IEO_SAD_HI.wav,sad,5
/content/drive/MyDrive/DataSet_Voice/sad/1072_IEO_SAD_HI.wav,sad,5
/content/drive/MyDrive/DataSet_Voice/sad/1064_DFA_SAD_XX.wav,sad,5
/content/drive/MyDrive/DataSet_Voice/sad/1065_IEO_SAD_LO.wav,sad,5
/content/drive/MyDrive/DataSet_Voice/sad/1067_IWW_SAD_XX.wav,sad,5
/content/drive/MyDrive/DataSet_Voice/sad/1078_DFA_SAD_XX.wav,sad,5
/content/drive/MyDrive/DataSet_Voice/sad/1078_IOM_SAD_XX.wav,sad,5
/content/drive/MyDrive/DataSet_Voice/sad/1069_TAI_SAD_XX.wav,sad,5
/content/drive/MyDrive/DataSet_Voice/sad/1064_TAI_SAD_XX.wav,sad,5
/content/drive/MyDrive/DataSet_Voice/sad/1066_IEO_SAD_HI.wav,sad,5
/content/drive/MyDrive/DataSet_Voice/sad/1075_DFA_SAD_XX.wav,sad,5
/content/drive/MyDrive/DataSet_Voice/sad/1071_DFA_SAD_XX.wav,sad,5
/content/drive/MyDrive/DataSet_Voice/sad/1071_ITS_SAD_XX.wav,sad,5
/content/drive/MyDrive/DataSet_Voice/sad/1073_IEO_SAD_LO.wav,sad,5
/content/drive/MyDrive/DataSet_Voice/sad/1071_IOM_SAD_XX.wav,sad,5
/content/drive/MyDrive/DataSet_Voice/sad/1072_ITS_SAD_XX.wav,sad,5
/content/drive/MyDrive/DataSet_Voice/sad/1075_TSI_SAD_XX.wav,sad,5
/content/drive/MyDrive/DataSet_Voice/sad/1067_IOM_SAD_XX.wav,sad,5
/content/drive/MyDrive/DataSet_Voice/sad/1066_WSI_SAD_XX.wav,sad,5
/content/drive/MyDrive/DataSet_Voice/sad/1065_IWL_SAD_XX.wav,sad,5
/content/drive/MyDrive/DataSet_Voice/sad/1074_MTI_SAD_XX.wav,sad,5
/content/drive/MyDrive/DataSet_Voice/sad/1069_ITS_SAD_XX.wav,sad,5
/content/drive/MyDrive/DataSet_Voice/sad/1066_TIE_SAD_XX.wav,sad,5
/content/drive/MyDrive/DataSet_Voice/sad/1073_ITH_SAD_XX.wav,sad,5
/content/drive/MyDrive/DataSet_Voice/sad/1065_ITH_SAD_XX.wav,sad,5
/content/drive/MyDrive/DataSet_Voice/sad/1070_IWW_SAD_XX.wav,sad,5
/content/drive/MyDrive/DataSet_Voice/sad/1077_IEO_SAD_HI.wav,sad,5
/content/drive/MyDrive/DataSet_Voice/sad/1072_IEO_SAD_MD.wav,sad,5
/content/drive/MyDrive/DataSet_Voice/sad/1064_TSI_SAD_XX.wav,sad,5
/content/drive/MyDrive/DataSet_Voice/sad/1070_TIE_SAD_XX.wav,sad,5
/content/drive/MyDrive/DataSet_Voice/sad/1076_ITH_SAD_XX.wav,sad,5
/content/drive/MyDrive/DataSet_Voice/sad/1064_ITH_SAD_XX.wav,sad,5
/content/drive/MyDrive/DataSet_Voice/sad/1074_ITS_SAD_XX.wav,sad,5
/content/drive/MyDrive/DataSet_Voice/sad/1068_ITS_SAD_XX.wav,sad,5
/content/drive/MyDrive/DataSet_Voice/sad/1065_IWW_SAD_XX.wav,sad,5
/content/drive/MyDrive/DataSet_Voice/sad/1077_IOM_SAD_XX.wav,sad,5
/content/drive/MyDrive/DataSet_Voice/sad/1068_TAI_SAD_XX.wav,sad,5
/content/drive/MyDrive/DataSet_Voice/sad/1066_MTI_SAD_XX.wav,sad,5
/content/drive/MyDrive/DataSet_Voice/sad/1067_IWL_SAD_XX.wav,sad,5
/content/drive/MyDrive/DataSet_Voice/sad/1074_TSI_SAD_XX.wav,sad,5
/content/drive/MyDrive/DataSet_Voice/sad/1078_IEO_SAD_MD.wav,sad,5
/content/drive/MyDrive/DataSet_Voice/sad/1072_IWW_SAD_XX.wav,sad,5
/content/drive/MyDrive/DataSet_Voice/sad/1078_ITH_SAD_XX.wav,sad,5
/content/drive/MyDrive/DataSet_Voice/sad/1069_MTI_SAD_XX.wav,sad,5
/content/drive/MyDrive/DataSet_Voice/sad/1070_DFA_SAD_XX.wav,sad,5
/content/drive/MyDrive/DataSet_Voice/sad/1077_TIE_SAD_XX.wav,sad,5
/content/drive/MyDrive/DataSet_Voice/sad/1068_IWW_SAD_XX.wav,sad,5
/content/drive/MyDrive/DataSet_Voice/sad/1073_IOM_SAD_XX.wav,sad,5
/content/drive/MyDrive/DataSet_Voice/sad/1069_IWW_SAD_XX.wav,sad,5
/content/drive/MyDrive/DataSet_Voice/sad/1070_IWL_SAD_XX.wav,sad,5
/content/drive/MyDrive/DataSet_Voice/sad/1064_IOM_SAD_XX.wav,sad,5
/content/drive/MyDrive/DataSet_Voice/sad/1066_IEO_SAD_LO.wav,sad,5
/content/drive/MyDrive/DataSet_Voice/sad/1077_DFA_SAD_XX.wav,sad,5
/content/drive/MyDrive/DataSet_Voice/sad/1074_WSI_SAD_XX.wav,sad,5
/content/drive/MyDrive/DataSet_Voice/sad/1075_IEO_SAD_MD.wav,sad,5
/content/drive/MyDrive/DataSet_Voice/sad/1071_IEO_SAD_LO.wav,sad,5
/content/drive/MyDrive/DataSet_Voice/sad/1068_WSI_SAD_XX.wav,sad,5
/content/drive/MyDrive/DataSet_Voice/sad/1076_TAI_SAD_XX.wav,sad,5
/content/drive/MyDrive/DataSet_Voice/sad/1065_IEO_SAD_HI.wav,sad,5
/content/drive/MyDrive/DataSet_Voice/sad/1078_IEO_SAD_HI.wav,sad,5
/content/drive/MyDrive/DataSet_Voice/sad/1065_MTI_SAD_XX.wav,sad,5
/content/drive/MyDrive/DataSet_Voice/sad/1069_IWL_SAD_XX.wav,sad,5
/content/drive/MyDrive/DataSet_Voice/sad/1069_IEO_SAD_HI.wav,sad,5
/content/drive/MyDrive/DataSet_Voice/sad/1069_DFA_SAD_XX.wav,sad,5
/content/drive/MyDrive/DataSet_Voice/sad/1066_IWL_SAD_XX.wav,sad,5
/content/drive/MyDrive/DataSet_Voice/sad/1076_WSI_SAD_XX.wav,sad,5
/content/drive/MyDrive/DataSet_Voice/sad/1064_WSI_SAD_XX.wav,sad,5
/content/drive/MyDrive/DataSet_Voice/sad/1077_MTI_SAD_XX.wav,sad,5
/content/drive/MyDrive/DataSet_Voice/sad/1065_TAI_SAD_XX.wav,sad,5
/content/drive/MyDrive/DataSet_Voice/sad/1072_WSI_SAD_XX.wav,sad,5
/content/drive/MyDrive/DataSet_Voice/sad/1069_TSI_SAD_XX.wav,sad,5
/content/drive/MyDrive/DataSet_Voice/sad/1064_IEO_SAD_HI.wav,sad,5
/content/drive/MyDrive/DataSet_Voice/sad/1072_TSI_SAD_XX.wav,sad,5
/content/drive/MyDrive/DataSet_Voice/sad/1063_MTI_SAD_XX.wav,sad,5
/content/drive/MyDrive/DataSet_Voice/sad/1066_TSI_SAD_XX.wav,sad,5
/content/drive/MyDrive/DataSet_Voice/sad/1068_MTI_SAD_XX.wav,sad,5
/content/drive/MyDrive/DataSet_Voice/sad/1074_ITH_SAD_XX.wav,sad,5
/content/drive/MyDrive/DataSet_Voice/sad/1070_WSI_SAD_XX.wav,sad,5
/content/drive/MyDrive/DataSet_Voice/sad/1067_ITH_SAD_XX.wav,sad,5
/content/drive/MyDrive/DataSet_Voice/sad/1078_IEO_SAD_LO.wav,sad,5
/content/drive/MyDrive/DataSet_Voice/sad/1069_IEO_SAD_MD.wav,sad,5
/content/drive/MyDrive/DataSet_Voice/sad/1076_DFA_SAD_XX.wav,sad,5
/content/drive/MyDrive/DataSet_Voice/sad/1063_TSI_SAD_XX.wav,sad,5
/content/drive/MyDrive/DataSet_Voice/sad/1076_IEO_SAD_HI.wav,sad,5
/content/drive/MyDrive/DataSet_Voice/sad/1076_IOM_SAD_XX.wav,sad,5
/content/drive/MyDrive/DataSet_Voice/sad/1070_ITS_SAD_XX.wav,sad,5
/content/drive/MyDrive/DataSet_Voice/sad/1067_MTI_SAD_XX.wav,sad,5
/content/drive/MyDrive/DataSet_Voice/sad/1075_IWL_SAD_XX.wav,sad,5
/content/drive/MyDrive/DataSet_Voice/sad/1075_WSI_SAD_XX.wav,sad,5
/content/drive/MyDrive/DataSet_Voice/sad/1071_ITH_SAD_XX.wav,sad,5
/content/drive/MyDrive/DataSet_Voice/sad/1063_WSI_SAD_XX.wav,sad,5
/content/drive/MyDrive/DataSet_Voice/sad/1070_TAI_SAD_XX.wav,sad,5
/content/drive/MyDrive/DataSet_Voice/sad/1073_IWW_SAD_XX.wav,sad,5
/content/drive/MyDrive/DataSet_Voice/sad/1067_IEO_SAD_LO.wav,sad,5
/content/drive/MyDrive/DataSet_Voice/sad/1070_IEO_SAD_LO.wav,sad,5
/content/drive/MyDrive/DataSet_Voice/sad/1073_MTI_SAD_XX.wav,sad,5
/content/drive/MyDrive/DataSet_Voice/sad/1071_MTI_SAD_XX.wav,sad,5
/content/drive/MyDrive/DataSet_Voice/sad/1065_IEO_SAD_MD.wav,sad,5
/content/drive/MyDrive/DataSet_Voice/sad/1067_TAI_SAD_XX.wav,sad,5
/content/drive/MyDrive/DataSet_Voice/sad/1072_TIE_SAD_XX.wav,sad,5
/content/drive/MyDrive/DataSet_Voice/sad/1065_TIE_SAD_XX.wav,sad,5
/content/drive/MyDrive/DataSet_Voice/sad/1065_DFA_SAD_XX.wav,sad,5
/content/drive/MyDrive/DataSet_Voice/sad/1067_TSI_SAD_XX.wav,sad,5
/content/drive/MyDrive/DataSet_Voice/sad/1077_ITS_SAD_XX.wav,sad,5
/content/drive/MyDrive/DataSet_Voice/sad/1072_IOM_SAD_XX.wav,sad,5
/content/drive/MyDrive/DataSet_Voice/sad/1066_IOM_SAD_XX.wav,sad,5
/content/drive/MyDrive/DataSet_Voice/sad/1077_WSI_SAD_XX.wav,sad,5
/content/drive/MyDrive/DataSet_Voice/sad/1066_DFA_SAD_XX.wav,sad,5
/content/drive/MyDrive/DataSet_Voice/sad/1071_TAI_SAD_XX.wav,sad,5
/content/drive/MyDrive/DataSet_Voice/sad/1076_TIE_SAD_XX.wav,sad,5
/content/drive/MyDrive/DataSet_Voice/sad/1073_TSI_SAD_XX.wav,sad,5
/content/drive/MyDrive/DataSet_Voice/sad/1066_ITH_SAD_XX.wav,sad,5
/content/drive/MyDrive/DataSet_Voice/sad/1065_WSI_SAD_XX.wav,sad,5
/content/drive/MyDrive/DataSet_Voice/sad/1070_TSI_SAD_XX.wav,sad,5
/content/drive/MyDrive/DataSet_Voice/sad/1071_TIE_SAD_XX.wav,sad,5
/content/drive/MyDrive/DataSet_Voice/sad/1067_WSI_SAD_XX.wav,sad,5
/content/drive/MyDrive/DataSet_Voice/sad/1075_MTI_SAD_XX.wav,sad,5
/content/drive/MyDrive/DataSet_Voice/sad/1067_IEO_SAD_MD.wav,sad,5
/content/drive/MyDrive/DataSet_Voice/sad/1074_TIE_SAD_XX.wav,sad,5
/content/drive/MyDrive/DataSet_Voice/sad/1069_IEO_SAD_LO.wav,sad,5
/content/drive/MyDrive/DataSet_Voice/sad/1069_IOM_SAD_XX.wav,sad,5
/content/drive/MyDrive/DataSet_Voice/sad/1063_TAI_SAD_XX.wav,sad,5
/content/drive/MyDrive/DataSet_Voice/sad/1077_IWW_SAD_XX.wav,sad,5
/content/drive/MyDrive/DataSet_Voice/sad/1071_IWL_SAD_XX.wav,sad,5
/content/drive/MyDrive/DataSet_Voice/sad/1070_IOM_SAD_XX.wav,sad,5
/content/drive/MyDrive/DataSet_Voice/sad/1075_IOM_SAD_XX.wav,sad,5
/content/drive/MyDrive/DataSet_Voice/sad/1064_MTI_SAD_XX.wav,sad,5
/content/drive/MyDrive/DataSet_Voice/sad/1074_DFA_SAD_XX.wav,sad,5
/content/drive/MyDrive/DataSet_Voice/sad/1067_ITS_SAD_XX.wav,sad,5
/content/drive/MyDrive/DataSet_Voice/sad/1077_TAI_SAD_XX.wav,sad,5
/content/drive/MyDrive/DataSet_Voice/sad/1066_ITS_SAD_XX.wav,sad,5
/content/drive/MyDrive/DataSet_Voice/sad/1074_IEO_SAD_HI.wav,sad,5
/content/drive/MyDrive/DataSet_Voice/sad/1073_IEO_SAD_HI.wav,sad,5
/content/drive/MyDrive/DataSet_Voice/sad/1074_TAI_SAD_XX.wav,sad,5
/content/drive/MyDrive/DataSet_Voice/sad/1068_IEO_SAD_HI.wav,sad,5
/content/drive/MyDrive/DataSet_Voice/sad/1076_MTI_SAD_XX.wav,sad,5
/content/drive/MyDrive/DataSet_Voice/sad/1072_IWL_SAD_XX.wav,sad,5
/content/drive/MyDrive/DataSet_Voice/sad/1068_IWL_SAD_XX.wav,sad,5
/content/drive/MyDrive/DataSet_Voice/sad/1068_TIE_SAD_XX.wav,sad,5
/content/drive/MyDrive/DataSet_Voice/sad/1074_IWL_SAD_XX.wav,sad,5
/content/drive/MyDrive/DataSet_Voice/sad/1069_WSI_SAD_XX.wav,sad,5
/content/drive/MyDrive/DataSet_Voice/sad/1076_TSI_SAD_XX.wav,sad,5
/content/drive/MyDrive/DataSet_Voice/sad/1068_DFA_SAD_XX.wav,sad,5
/content/drive/MyDrive/DataSet_Voice/sad/1071_IEO_SAD_MD.wav,sad,5
/content/drive/MyDrive/DataSet_Voice/sad/1075_ITH_SAD_XX.wav,sad,5
/content/drive/MyDrive/DataSet_Voice/sad/1069_TIE_SAD_XX.wav,sad,5
/content/drive/MyDrive/DataSet_Voice/sad/1075_IEO_SAD_LO.wav,sad,5
/content/drive/MyDrive/DataSet_Voice/sad/1076_IEO_SAD_LO.wav,sad,5
/content/drive/MyDrive/DataSet_Voice/sad/1066_IWW_SAD_XX.wav,sad,5
/content/drive/MyDrive/DataSet_Voice/sad/1068_IOM_SAD_XX.wav,sad,5
/content/drive/MyDrive/DataSet_Voice/sad/1063_TIE_SAD_XX.wav,sad,5
/content/drive/MyDrive/DataSet_Voice/sad/1073_TAI_SAD_XX.wav,sad,5
/content/drive/MyDrive/DataSet_Voice/sad/1066_TAI_SAD_XX.wav,sad,5
/content/drive/MyDrive/DataSet_Voice/sad/1074_IEO_SAD_LO.wav,sad,5
/content/drive/MyDrive/DataSet_Voice/sad/1065_ITS_SAD_XX.wav,sad,5
/content/drive/MyDrive/DataSet_Voice/sad/1077_IEO_SAD_LO.wav,sad,5
/content/drive/MyDrive/DataSet_Voice/sad/1074_IEO_SAD_MD.wav,sad,5
/content/drive/MyDrive/DataSet_Voice/sad/1074_IWW_SAD_XX.wav,sad,5
/content/drive/MyDrive/DataSet_Voice/sad/1068_ITH_SAD_XX.wav,sad,5
/content/drive/MyDrive/DataSet_Voice/sad/1075_IEO_SAD_HI.wav,sad,5
/content/drive/MyDrive/DataSet_Voice/sad/1076_IWL_SAD_XX.wav,sad,5
/content/drive/MyDrive/DataSet_Voice/sad/1077_IEO_SAD_MD.wav,sad,5
/content/drive/MyDrive/DataSet_Voice/sad/1077_IWL_SAD_XX.wav,sad,5
/content/drive/MyDrive/DataSet_Voice/sad/1071_TSI_SAD_XX.wav,sad,5
/content/drive/MyDrive/DataSet_Voice/sad/1069_ITH_SAD_XX.wav,sad,5
/content/drive/MyDrive/DataSet_Voice/sad/1064_IWW_SAD_XX.wav,sad,5
/content/drive/MyDrive/DataSet_Voice/sad/1070_MTI_SAD_XX.wav,sad,5
/content/drive/MyDrive/DataSet_Voice/sad/1072_TAI_SAD_XX.wav,sad,5
/content/drive/MyDrive/DataSet_Voice/sad/1073_ITS_SAD_XX.wav,sad,5
/content/drive/MyDrive/DataSet_Voice/sad/1088_IEO_SAD_MD.wav,sad,5
/content/drive/MyDrive/DataSet_Voice/sad/1086_TIE_SAD_XX.wav,sad,5
/content/drive/MyDrive/DataSet_Voice/sad/1085_TAI_SAD_XX.wav,sad,5
/content/drive/MyDrive/DataSet_Voice/sad/1086_IEO_SAD_HI.wav,sad,5
/content/drive/MyDrive/DataSet_Voice/sad/1079_IWL_SAD_XX.wav,sad,5
/content/drive/MyDrive/DataSet_Voice/sad/1081_ITH_SAD_XX.wav,sad,5
/content/drive/MyDrive/DataSet_Voice/sad/1090_IWL_SAD_XX.wav,sad,5
/content/drive/MyDrive/DataSet_Voice/sad/1079_MTI_SAD_XX.wav,sad,5
/content/drive/MyDrive/DataSet_Voice/sad/03-01-04-02-02-02-01.wav,sad,5
/content/drive/MyDrive/DataSet_Voice/sad/1078_IWL_SAD_XX.wav,sad,5
/content/drive/MyDrive/DataSet_Voice/sad/1088_WSI_SAD_XX.wav,sad,5
/content/drive/MyDrive/DataSet_Voice/sad/1083_IEO_SAD_LO.wav,sad,5
/content/drive/MyDrive/DataSet_Voice/sad/1078_TAI_SAD_XX.wav,sad,5
/content/drive/MyDrive/DataSet_Voice/sad/1086_TAI_SAD_XX.wav,sad,5
/content/drive/MyDrive/DataSet_Voice/sad/1085_WSI_SAD_XX.wav,sad,5
/content/drive/MyDrive/DataSet_Voice/sad/1084_MTI_SAD_XX.wav,sad,5
/content/drive/MyDrive/DataSet_Voice/sad/1083_IEO_SAD_MD.wav,sad,5
/content/drive/MyDrive/DataSet_Voice/sad/1084_IWW_SAD_XX.wav,sad,5
/content/drive/MyDrive/DataSet_Voice/sad/1087_WSI_SAD_XX.wav,sad,5
/content/drive/MyDrive/DataSet_Voice/sad/1088_IEO_SAD_HI.wav,sad,5
/content/drive/MyDrive/DataSet_Voice/sad/1082_DFA_SAD_XX.wav,sad,5
/content/drive/MyDrive/DataSet_Voice/sad/1081_IEO_SAD_LO.wav,sad,5
/content/drive/MyDrive/DataSet_Voice/sad/1086_ITS_SAD_XX.wav,sad,5
/content/drive/MyDrive/DataSet_Voice/sad/1083_IEO_SAD_HI.wav,sad,5
/content/drive/MyDrive/DataSet_Voice/sad/1091_IWW_SAD_XX.wav,sad,5
/content/drive/MyDrive/DataSet_Voice/sad/1084_TIE_SAD_XX.wav,sad,5
/content/drive/MyDrive/DataSet_Voice/sad/1081_IWW_SAD_XX.wav,sad,5
/content/drive/MyDrive/DataSet_Voice/sad/1086_MTI_SAD_XX.wav,sad,5
/content/drive/MyDrive/DataSet_Voice/sad/1090_WSI_SAD_XX.wav,sad,5
/content/drive/MyDrive/DataSet_Voice/sad/1089_ITS_SAD_XX.wav,sad,5
/content/drive/MyDrive/DataSet_Voice/sad/1089_TAI_SAD_XX.wav,sad,5
/content/drive/MyDrive/DataSet_Voice/sad/03-01-04-01-01-02-01.wav,sad,5
/content/drive/MyDrive/DataSet_Voice/sad/1078_WSI_SAD_XX.wav,sad,5
/content/drive/MyDrive/DataSet_Voice/sad/1080_IEO_SAD_HI.wav,sad,5
/content/drive/MyDrive/DataSet_Voice/sad/1084_IEO_SAD_LO.wav,sad,5
/content/drive/MyDrive/DataSet_Voice/sad/1091_IOM_SAD_XX.wav,sad,5
/content/drive/MyDrive/DataSet_Voice/sad/1082_TIE_SAD_XX.wav,sad,5
/content/drive/MyDrive/DataSet_Voice/sad/1079_IWW_SAD_XX.wav,sad,5
/content/drive/MyDrive/DataSet_Voice/sad/1084_IEO_SAD_HI.wav,sad,5
/content/drive/MyDrive/DataSet_Voice/sad/1084_ITS_SAD_XX.wav,sad,5
/content/drive/MyDrive/DataSet_Voice/sad/1080_TAI_SAD_XX.wav,sad,5
/content/drive/MyDrive/DataSet_Voice/sad/1086_ITH_SAD_XX.wav,sad,5
/content/drive/MyDrive/DataSet_Voice/sad/1088_IWW_SAD_XX.wav,sad,5
/content/drive/MyDrive/DataSet_Voice/sad/1082_IWW_SAD_XX.wav,sad,5
/content/drive/MyDrive/DataSet_Voice/sad/1081_ITS_SAD_XX.wav,sad,5
/content/drive/MyDrive/DataSet_Voice/sad/1084_DFA_SAD_XX.wav,sad,5
/content/drive/MyDrive/DataSet_Voice/sad/1080_IEO_SAD_MD.wav,sad,5
/content/drive/MyDrive/DataSet_Voice/sad/1085_IWL_SAD_XX.wav,sad,5
/content/drive/MyDrive/DataSet_Voice/sad/1083_WSI_SAD_XX.wav,sad,5
/content/drive/MyDrive/DataSet_Voice/sad/03-01-04-01-02-01-01.wav,sad,5
/content/drive/MyDrive/DataSet_Voice/sad/1091_ITS_SAD_XX.wav,sad,5
/content/drive/MyDrive/DataSet_Voice/sad/1087_ITH_SAD_XX.wav,sad,5
/content/drive/MyDrive/DataSet_Voice/sad/1081_WSI_SAD_XX.wav,sad,5
/content/drive/MyDrive/DataSet_Voice/sad/1079_ITH_SAD_XX.wav,sad,5
/content/drive/MyDrive/DataSet_Voice/sad/1090_TIE_SAD_XX.wav,sad,5
/content/drive/MyDrive/DataSet_Voice/sad/1091_IEO_SAD_HI.wav,sad,5
/content/drive/MyDrive/DataSet_Voice/sad/1086_IWW_SAD_XX.wav,sad,5
/content/drive/MyDrive/DataSet_Voice/sad/1083_IWW_SAD_XX.wav,sad,5
/content/drive/MyDrive/DataSet_Voice/sad/1089_IWL_SAD_XX.wav,sad,5
/content/drive/MyDrive/DataSet_Voice/sad/1082_ITS_SAD_XX.wav,sad,5
/content/drive/MyDrive/DataSet_Voice/sad/1079_IEO_SAD_MD.wav,sad,5
/content/drive/MyDrive/DataSet_Voice/sad/1084_WSI_SAD_XX.wav,sad,5
/content/drive/MyDrive/DataSet_Voice/sad/1086_IWL_SAD_XX.wav,sad,5
/content/drive/MyDrive/DataSet_Voice/sad/1091_WSI_SAD_XX.wav,sad,5
/content/drive/MyDrive/DataSet_Voice/sad/03-01-04-01-02-02-02.wav,sad,5
/content/drive/MyDrive/DataSet_Voice/sad/1091_IEO_SAD_LO.wav,sad,5
/content/drive/MyDrive/DataSet_Voice/sad/1081_TSI_SAD_XX.wav,sad,5
/content/drive/MyDrive/DataSet_Voice/sad/1079_TAI_SAD_XX.wav,sad,5
/content/drive/MyDrive/DataSet_Voice/sad/1091_IWL_SAD_XX.wav,sad,5
/content/drive/MyDrive/DataSet_Voice/sad/1083_TAI_SAD_XX.wav,sad,5
/content/drive/MyDrive/DataSet_Voice/sad/1087_DFA_SAD_XX.wav,sad,5
/content/drive/MyDrive/DataSet_Voice/sad/1089_ITH_SAD_XX.wav,sad,5
/content/drive/MyDrive/DataSet_Voice/sad/1088_TIE_SAD_XX.wav,sad,5
/content/drive/MyDrive/DataSet_Voice/sad/1082_IWL_SAD_XX.wav,sad,5
/content/drive/MyDrive/DataSet_Voice/sad/1078_MTI_SAD_XX.wav,sad,5
/content/drive/MyDrive/DataSet_Voice/sad/1078_IWW_SAD_XX.wav,sad,5
/content/drive/MyDrive/DataSet_Voice/sad/1090_ITS_SAD_XX.wav,sad,5
/content/drive/MyDrive/DataSet_Voice/sad/1088_TSI_SAD_XX.wav,sad,5
/content/drive/MyDrive/DataSet_Voice/sad/1086_IEO_SAD_MD.wav,sad,5
/content/drive/MyDrive/DataSet_Voice/sad/1085_IEO_SAD_MD.wav,sad,5
/content/drive/MyDrive/DataSet_Voice/sad/1088_TAI_SAD_XX.wav,sad,5
/content/drive/MyDrive/DataSet_Voice/sad/1083_ITH_SAD_XX.wav,sad,5
/content/drive/MyDrive/DataSet_Voice/sad/1085_TSI_SAD_XX.wav,sad,5
/content/drive/MyDrive/DataSet_Voice/sad/1090_IWW_SAD_XX.wav,sad,5
/content/drive/MyDrive/DataSet_Voice/sad/1083_MTI_SAD_XX.wav,sad,5
/content/drive/MyDrive/DataSet_Voice/sad/1089_DFA_SAD_XX.wav,sad,5
/content/drive/MyDrive/DataSet_Voice/sad/1085_MTI_SAD_XX.wav,sad,5
/content/drive/MyDrive/DataSet_Voice/sad/1090_IEO_SAD_LO.wav,sad,5
/content/drive/MyDrive/DataSet_Voice/sad/1081_TAI_SAD_XX.wav,sad,5
/content/drive/MyDrive/DataSet_Voice/sad/1084_IOM_SAD_XX.wav,sad,5
/content/drive/MyDrive/DataSet_Voice/sad/1085_ITH_SAD_XX.wav,sad,5
/content/drive/MyDrive/DataSet_Voice/sad/1087_IEO_SAD_LO.wav,sad,5
/content/drive/MyDrive/DataSet_Voice/sad/03-01-04-01-02-01-02.wav,sad,5
/content/drive/MyDrive/DataSet_Voice/sad/1087_TAI_SAD_XX.wav,sad,5
/content/drive/MyDrive/DataSet_Voice/sad/1080_MTI_SAD_XX.wav,sad,5
/content/drive/MyDrive/DataSet_Voice/sad/1083_TSI_SAD_XX.wav,sad,5
/content/drive/MyDrive/DataSet_Voice/sad/1080_IWW_SAD_XX.wav,sad,5
/content/drive/MyDrive/DataSet_Voice/sad/1078_ITS_SAD_XX.wav,sad,5
/content/drive/MyDrive/DataSet_Voice/sad/1088_DFA_SAD_XX.wav,sad,5
/content/drive/MyDrive/DataSet_Voice/sad/1090_MTI_SAD_XX.wav,sad,5
/content/drive/MyDrive/DataSet_Voice/sad/1079_IEO_SAD_HI.wav,sad,5
/content/drive/MyDrive/DataSet_Voice/sad/1087_IWW_SAD_XX.wav,sad,5
/content/drive/MyDrive/DataSet_Voice/sad/1087_MTI_SAD_XX.wav,sad,5
/content/drive/MyDrive/DataSet_Voice/sad/03-01-04-02-01-01-01.wav,sad,5
/content/drive/MyDrive/DataSet_Voice/sad/1082_ITH_SAD_XX.wav,sad,5
/content/drive/MyDrive/DataSet_Voice/sad/1088_IWL_SAD_XX.wav,sad,5
/content/drive/MyDrive/DataSet_Voice/sad/1081_MTI_SAD_XX.wav,sad,5
/content/drive/MyDrive/DataSet_Voice/sad/1085_ITS_SAD_XX.wav,sad,5
/content/drive/MyDrive/DataSet_Voice/sad/1081_TIE_SAD_XX.wav,sad,5
/content/drive/MyDrive/DataSet_Voice/sad/1091_ITH_SAD_XX.wav,sad,5
/content/drive/MyDrive/DataSet_Voice/sad/1079_TSI_SAD_XX.wav,sad,5
/content/drive/MyDrive/DataSet_Voice/sad/1087_TSI_SAD_XX.wav,sad,5
/content/drive/MyDrive/DataSet_Voice/sad/1080_IWL_SAD_XX.wav,sad,5
/content/drive/MyDrive/DataSet_Voice/sad/1084_TAI_SAD_XX.wav,sad,5
/content/drive/MyDrive/DataSet_Voice/sad/1089_MTI_SAD_XX.wav,sad,5
/content/drive/MyDrive/DataSet_Voice/sad/1082_IOM_SAD_XX.wav,sad,5
/content/drive/MyDrive/DataSet_Voice/sad/1079_IEO_SAD_LO.wav,sad,5
/content/drive/MyDrive/DataSet_Voice/sad/1089_IEO_SAD_HI.wav,sad,5
/content/drive/MyDrive/DataSet_Voice/sad/1078_TSI_SAD_XX.wav,sad,5
/content/drive/MyDrive/DataSet_Voice/sad/03-01-04-01-01-02-02.wav,sad,5
/content/drive/MyDrive/DataSet_Voice/sad/1083_IWL_SAD_XX.wav,sad,5
/content/drive/MyDrive/DataSet_Voice/sad/1082_TAI_SAD_XX.wav,sad,5
/content/drive/MyDrive/DataSet_Voice/sad/1079_DFA_SAD_XX.wav,sad,5
/content/drive/MyDrive/DataSet_Voice/sad/1084_ITH_SAD_XX.wav,sad,5
/content/drive/MyDrive/DataSet_Voice/sad/1089_TIE_SAD_XX.wav,sad,5
/content/drive/MyDrive/DataSet_Voice/sad/1081_IEO_SAD_MD.wav,sad,5
/content/drive/MyDrive/DataSet_Voice/sad/1080_WSI_SAD_XX.wav,sad,5
/content/drive/MyDrive/DataSet_Voice/sad/1079_ITS_SAD_XX.wav,sad,5
/content/drive/MyDrive/DataSet_Voice/sad/1082_IEO_SAD_LO.wav,sad,5
/content/drive/MyDrive/DataSet_Voice/sad/1091_TIE_SAD_XX.wav,sad,5
/content/drive/MyDrive/DataSet_Voice/sad/1091_TAI_SAD_XX.wav,sad,5
/content/drive/MyDrive/DataSet_Voice/sad/1090_DFA_SAD_XX.wav,sad,5
/content/drive/MyDrive/DataSet_Voice/sad/1090_IEO_SAD_HI.wav,sad,5
/content/drive/MyDrive/DataSet_Voice/sad/1083_TIE_SAD_XX.wav,sad,5
/content/drive/MyDrive/DataSet_Voice/sad/1087_ITS_SAD_XX.wav,sad,5
/content/drive/MyDrive/DataSet_Voice/sad/03-01-04-01-01-01-01.wav,sad,5
/content/drive/MyDrive/DataSet_Voice/sad/03-01-04-02-01-02-02.wav,sad,5
/content/drive/MyDrive/DataSet_Voice/sad/1089_TSI_SAD_XX.wav,sad,5
/content/drive/MyDrive/DataSet_Voice/sad/1080_ITH_SAD_XX.wav,sad,5
/content/drive/MyDrive/DataSet_Voice/sad/1088_IOM_SAD_XX.wav,sad,5
/content/drive/MyDrive/DataSet_Voice/sad/1091_MTI_SAD_XX.wav,sad,5
/content/drive/MyDrive/DataSet_Voice/sad/1089_IEO_SAD_LO.wav,sad,5
/content/drive/MyDrive/DataSet_Voice/sad/1088_IEO_SAD_LO.wav,sad,5
/content/drive/MyDrive/DataSet_Voice/sad/1082_IEO_SAD_HI.wav,sad,5
/content/drive/MyDrive/DataSet_Voice/sad/1089_IWW_SAD_XX.wav,sad,5
/content/drive/MyDrive/DataSet_Voice/sad/1090_TAI_SAD_XX.wav,sad,5
/content/drive/MyDrive/DataSet_Voice/sad/1080_ITS_SAD_XX.wav,sad,5
/content/drive/MyDrive/DataSet_Voice/sad/1080_IEO_SAD_LO.wav,sad,5
/content/drive/MyDrive/DataSet_Voice/sad/1085_IEO_SAD_LO.wav,sad,5
/content/drive/MyDrive/DataSet_Voice/sad/1090_IOM_SAD_XX.wav,sad,5
/content/drive/MyDrive/DataSet_Voice/sad/1081_IWL_SAD_XX.wav,sad,5
/content/drive/MyDrive/DataSet_Voice/sad/1082_IEO_SAD_MD.wav,sad,5
/content/drive/MyDrive/DataSet_Voice/sad/1082_WSI_SAD_XX.wav,sad,5
/content/drive/MyDrive/DataSet_Voice/sad/1090_IEO_SAD_MD.wav,sad,5
/content/drive/MyDrive/DataSet_Voice/sad/1088_ITS_SAD_XX.wav,sad,5
/content/drive/MyDrive/DataSet_Voice/sad/1086_IEO_SAD_LO.wav,sad,5
/content/drive/MyDrive/DataSet_Voice/sad/1080_TIE_SAD_XX.wav,sad,5
/content/drive/MyDrive/DataSet_Voice/sad/03-01-04-02-01-02-01.wav,sad,5
/content/drive/MyDrive/DataSet_Voice/sad/03-01-04-01-01-01-02.wav,sad,5
/content/drive/MyDrive/DataSet_Voice/sad/1078_TIE_SAD_XX.wav,sad,5
/content/drive/MyDrive/DataSet_Voice/sad/1079_WSI_SAD_XX.wav,sad,5
/content/drive/MyDrive/DataSet_Voice/sad/1090_ITH_SAD_XX.wav,sad,5
/content/drive/MyDrive/DataSet_Voice/sad/1086_DFA_SAD_XX.wav,sad,5
/content/drive/MyDrive/DataSet_Voice/sad/1084_IEO_SAD_MD.wav,sad,5
/content/drive/MyDrive/DataSet_Voice/sad/1085_IOM_SAD_XX.wav,sad,5
/content/drive/MyDrive/DataSet_Voice/sad/1088_MTI_SAD_XX.wav,sad,5
/content/drive/MyDrive/DataSet_Voice/sad/1081_IOM_SAD_XX.wav,sad,5
/content/drive/MyDrive/DataSet_Voice/sad/1082_MTI_SAD_XX.wav,sad,5
/content/drive/MyDrive/DataSet_Voice/sad/1089_IEO_SAD_MD.wav,sad,5
/content/drive/MyDrive/DataSet_Voice/sad/1091_IEO_SAD_MD.wav,sad,5
/content/drive/MyDrive/DataSet_Voice/sad/1088_ITH_SAD_XX.wav,sad,5
/content/drive/MyDrive/DataSet_Voice/sad/1087_IEO_SAD_HI.wav,sad,5
/content/drive/MyDrive/DataSet_Voice/sad/1091_TSI_SAD_XX.wav,sad,5
/content/drive/MyDrive/DataSet_Voice/sad/1085_IWW_SAD_XX.wav,sad,5
/content/drive/MyDrive/DataSet_Voice/sad/1087_IEO_SAD_MD.wav,sad,5
/content/drive/MyDrive/DataSet_Voice/sad/1083_ITS_SAD_XX.wav,sad,5
/content/drive/MyDrive/DataSet_Voice/sad/1086_WSI_SAD_XX.wav,sad,5
/content/drive/MyDrive/DataSet_Voice/sad/1090_TSI_SAD_XX.wav,sad,5
/content/drive/MyDrive/DataSet_Voice/sad/1087_IOM_SAD_XX.wav,sad,5
/content/drive/MyDrive/DataSet_Voice/sad/1080_DFA_SAD_XX.wav,sad,5
/content/drive/MyDrive/DataSet_Voice/sad/1089_IOM_SAD_XX.wav,sad,5
/content/drive/MyDrive/DataSet_Voice/sad/1087_TIE_SAD_XX.wav,sad,5
/content/drive/MyDrive/DataSet_Voice/sad/03-01-04-02-02-01-01.wav,sad,5
/content/drive/MyDrive/DataSet_Voice/sad/1080_IOM_SAD_XX.wav,sad,5
/content/drive/MyDrive/DataSet_Voice/sad/1083_IOM_SAD_XX.wav,sad,5
/content/drive/MyDrive/DataSet_Voice/sad/03-01-04-02-01-01-02.wav,sad,5
/content/drive/MyDrive/DataSet_Voice/sad/1086_TSI_SAD_XX.wav,sad,5
/content/drive/MyDrive/DataSet_Voice/sad/1087_IWL_SAD_XX.wav,sad,5
/content/drive/MyDrive/DataSet_Voice/sad/1079_TIE_SAD_XX.wav,sad,5
/content/drive/MyDrive/DataSet_Voice/sad/1086_IOM_SAD_XX.wav,sad,5
/content/drive/MyDrive/DataSet_Voice/sad/1080_TSI_SAD_XX.wav,sad,5
/content/drive/MyDrive/DataSet_Voice/sad/1082_TSI_SAD_XX.wav,sad,5
/content/drive/MyDrive/DataSet_Voice/sad/1081_IEO_SAD_HI.wav,sad,5
/content/drive/MyDrive/DataSet_Voice/sad/03-01-04-01-02-02-01.wav,sad,5
/content/drive/MyDrive/DataSet_Voice/sad/1084_IWL_SAD_XX.wav,sad,5
/content/drive/MyDrive/DataSet_Voice/sad/1085_DFA_SAD_XX.wav,sad,5
/content/drive/MyDrive/DataSet_Voice/sad/1081_DFA_SAD_XX.wav,sad,5
/content/drive/MyDrive/DataSet_Voice/sad/1085_IEO_SAD_HI.wav,sad,5
/content/drive/MyDrive/DataSet_Voice/sad/1079_IOM_SAD_XX.wav,sad,5
/content/drive/MyDrive/DataSet_Voice/sad/1089_WSI_SAD_XX.wav,sad,5
/content/drive/MyDrive/DataSet_Voice/sad/1091_DFA_SAD_XX.wav,sad,5
/content/drive/MyDrive/DataSet_Voice/sad/1084_TSI_SAD_XX.wav,sad,5
/content/drive/MyDrive/DataSet_Voice/sad/1085_TIE_SAD_XX.wav,sad,5
/content/drive/MyDrive/DataSet_Voice/sad/1083_DFA_SAD_XX.wav,sad,5
/content/drive/MyDrive/DataSet_Voice/sad/03-01-04-01-01-01-15.wav,sad,5
/content/drive/MyDrive/DataSet_Voice/sad/03-01-04-01-01-01-05.wav,sad,5
/content/drive/MyDrive/DataSet_Voice/sad/03-01-04-02-01-01-07.wav,sad,5
/content/drive/MyDrive/DataSet_Voice/sad/03-01-04-01-02-01-16.wav,sad,5
/content/drive/MyDrive/DataSet_Voice/sad/03-01-04-01-01-02-08.wav,sad,5
/content/drive/MyDrive/DataSet_Voice/sad/03-01-04-02-02-01-17.wav,sad,5
/content/drive/MyDrive/DataSet_Voice/sad/03-01-04-01-01-01-09.wav,sad,5
/content/drive/MyDrive/DataSet_Voice/sad/03-01-04-02-01-01-18.wav,sad,5
/content/drive/MyDrive/DataSet_Voice/sad/03-01-04-02-02-01-16.wav,sad,5
/content/drive/MyDrive/DataSet_Voice/sad/03-01-04-01-02-01-13.wav,sad,5
/content/drive/MyDrive/DataSet_Voice/sad/03-01-04-02-02-02-05.wav,sad,5
/content/drive/MyDrive/DataSet_Voice/sad/03-01-04-01-02-02-16.wav,sad,5
/content/drive/MyDrive/DataSet_Voice/sad/03-01-04-01-02-02-03.wav,sad,5
/content/drive/MyDrive/DataSet_Voice/sad/03-01-04-02-02-01-05.wav,sad,5
/content/drive/MyDrive/DataSet_Voice/sad/03-01-04-01-01-01-06.wav,sad,5
/content/drive/MyDrive/DataSet_Voice/sad/03-01-04-01-02-01-04.wav,sad,5
/content/drive/MyDrive/DataSet_Voice/sad/03-01-04-01-02-02-17.wav,sad,5
/content/drive/MyDrive/DataSet_Voice/sad/03-01-04-01-02-02-10.wav,sad,5
/content/drive/MyDrive/DataSet_Voice/sad/03-01-04-01-02-01-06.wav,sad,5
/content/drive/MyDrive/DataSet_Voice/sad/03-01-04-01-01-02-12.wav,sad,5
/content/drive/MyDrive/DataSet_Voice/sad/03-01-04-02-01-01-06.wav,sad,5
/content/drive/MyDrive/DataSet_Voice/sad/03-01-04-01-01-02-07.wav,sad,5
/content/drive/MyDrive/DataSet_Voice/sad/03-01-04-01-02-01-12.wav,sad,5
/content/drive/MyDrive/DataSet_Voice/sad/03-01-04-02-02-01-11.wav,sad,5
/content/drive/MyDrive/DataSet_Voice/sad/03-01-04-01-02-02-12.wav,sad,5
/content/drive/MyDrive/DataSet_Voice/sad/03-01-04-01-01-01-13.wav,sad,5
/content/drive/MyDrive/DataSet_Voice/sad/03-01-04-01-02-02-07.wav,sad,5
/content/drive/MyDrive/DataSet_Voice/sad/03-01-04-02-01-02-06.wav,sad,5
/content/drive/MyDrive/DataSet_Voice/sad/03-01-04-01-02-02-18.wav,sad,5
/content/drive/MyDrive/DataSet_Voice/sad/03-01-04-02-02-01-06.wav,sad,5
/content/drive/MyDrive/DataSet_Voice/sad/03-01-04-02-01-01-11.wav,sad,5
/content/drive/MyDrive/DataSet_Voice/sad/03-01-04-01-01-01-08.wav,sad,5
/content/drive/MyDrive/DataSet_Voice/sad/03-01-04-02-02-01-14.wav,sad,5
/content/drive/MyDrive/DataSet_Voice/sad/03-01-04-02-01-02-08.wav,sad,5
/content/drive/MyDrive/DataSet_Voice/sad/03-01-04-01-01-01-16.wav,sad,5
/content/drive/MyDrive/DataSet_Voice/sad/03-01-04-01-01-01-18.wav,sad,5
/content/drive/MyDrive/DataSet_Voice/sad/03-01-04-02-02-01-07.wav,sad,5
/content/drive/MyDrive/DataSet_Voice/sad/03-01-04-01-02-02-14.wav,sad,5
/content/drive/MyDrive/DataSet_Voice/sad/03-01-04-01-01-01-14.wav,sad,5
/content/drive/MyDrive/DataSet_Voice/sad/03-01-04-01-01-02-15.wav,sad,5
/content/drive/MyDrive/DataSet_Voice/sad/03-01-04-02-02-02-06.wav,sad,5
/content/drive/MyDrive/DataSet_Voice/sad/03-01-04-02-02-02-11.wav,sad,5
/content/drive/MyDrive/DataSet_Voice/sad/03-01-04-01-02-01-05.wav,sad,5
/content/drive/MyDrive/DataSet_Voice/sad/03-01-04-02-02-01-10.wav,sad,5
/content/drive/MyDrive/DataSet_Voice/sad/03-01-04-01-02-01-10.wav,sad,5
/content/drive/MyDrive/DataSet_Voice/sad/03-01-04-02-02-02-10.wav,sad,5
/content/drive/MyDrive/DataSet_Voice/sad/03-01-04-01-01-02-11.wav,sad,5
/content/drive/MyDrive/DataSet_Voice/sad/03-01-04-02-02-02-16.wav,sad,5
/content/drive/MyDrive/DataSet_Voice/sad/03-01-04-01-02-02-06.wav,sad,5
/content/drive/MyDrive/DataSet_Voice/sad/03-01-04-02-01-02-09.wav,sad,5
/content/drive/MyDrive/DataSet_Voice/sad/03-01-04-01-02-01-09.wav,sad,5
/content/drive/MyDrive/DataSet_Voice/sad/03-01-04-02-02-02-15.wav,sad,5
/content/drive/MyDrive/DataSet_Voice/sad/03-01-04-01-02-02-15.wav,sad,5
/content/drive/MyDrive/DataSet_Voice/sad/03-01-04-02-02-02-17.wav,sad,5
/content/drive/MyDrive/DataSet_Voice/sad/03-01-04-02-02-02-18.wav,sad,5
/content/drive/MyDrive/DataSet_Voice/sad/03-01-04-02-02-01-02.wav,sad,5
/content/drive/MyDrive/DataSet_Voice/sad/03-01-04-01-02-01-14.wav,sad,5
/content/drive/MyDrive/DataSet_Voice/sad/03-01-04-02-01-02-03.wav,sad,5
/content/drive/MyDrive/DataSet_Voice/sad/03-01-04-02-01-02-14.wav,sad,5
/content/drive/MyDrive/DataSet_Voice/sad/03-01-04-02-01-02-10.wav,sad,5
/content/drive/MyDrive/DataSet_Voice/sad/03-01-04-01-01-01-10.wav,sad,5
/content/drive/MyDrive/DataSet_Voice/sad/03-01-04-01-02-02-05.wav,sad,5
/content/drive/MyDrive/DataSet_Voice/sad/03-01-04-01-02-01-15.wav,sad,5
/content/drive/MyDrive/DataSet_Voice/sad/03-01-04-02-01-01-10.wav,sad,5
/content/drive/MyDrive/DataSet_Voice/sad/03-01-04-02-02-01-04.wav,sad,5
/content/drive/MyDrive/DataSet_Voice/sad/03-01-04-01-02-01-07.wav,sad,5
/content/drive/MyDrive/DataSet_Voice/sad/03-01-04-02-01-01-15.wav,sad,5
/content/drive/MyDrive/DataSet_Voice/sad/03-01-04-02-02-02-08.wav,sad,5
/content/drive/MyDrive/DataSet_Voice/sad/03-01-04-02-01-02-16.wav,sad,5
/content/drive/MyDrive/DataSet_Voice/sad/03-01-04-01-02-01-18.wav,sad,5
/content/drive/MyDrive/DataSet_Voice/sad/03-01-04-02-02-02-09.wav,sad,5
/content/drive/MyDrive/DataSet_Voice/sad/03-01-04-02-01-01-08.wav,sad,5
/content/drive/MyDrive/DataSet_Voice/sad/03-01-04-02-01-02-05.wav,sad,5
/content/drive/MyDrive/DataSet_Voice/sad/03-01-04-01-01-02-04.wav,sad,5
/content/drive/MyDrive/DataSet_Voice/sad/03-01-04-02-01-02-04.wav,sad,5
/content/drive/MyDrive/DataSet_Voice/sad/03-01-04-01-02-02-04.wav,sad,5
/content/drive/MyDrive/DataSet_Voice/sad/03-01-04-02-01-01-05.wav,sad,5
/content/drive/MyDrive/DataSet_Voice/sad/03-01-04-01-01-01-03.wav,sad,5
/content/drive/MyDrive/DataSet_Voice/sad/03-01-04-01-01-02-14.wav,sad,5
/content/drive/MyDrive/DataSet_Voice/sad/03-01-04-02-01-01-13.wav,sad,5
/content/drive/MyDrive/DataSet_Voice/sad/03-01-04-01-01-02-17.wav,sad,5
/content/drive/MyDrive/DataSet_Voice/sad/03-01-04-02-01-01-17.wav,sad,5
/content/drive/MyDrive/DataSet_Voice/sad/03-01-04-02-02-02-02.wav,sad,5
/content/drive/MyDrive/DataSet_Voice/sad/03-01-04-02-02-02-12.wav,sad,5
/content/drive/MyDrive/DataSet_Voice/sad/03-01-04-01-02-02-09.wav,sad,5
/content/drive/MyDrive/DataSet_Voice/sad/03-01-04-02-01-02-11.wav,sad,5
/content/drive/MyDrive/DataSet_Voice/sad/03-01-04-02-02-01-18.wav,sad,5
/content/drive/MyDrive/DataSet_Voice/sad/03-01-04-02-01-01-03.wav,sad,5
/content/drive/MyDrive/DataSet_Voice/sad/03-01-04-02-01-02-18.wav,sad,5
/content/drive/MyDrive/DataSet_Voice/sad/03-01-04-02-02-02-13.wav,sad,5
/content/drive/MyDrive/DataSet_Voice/sad/03-01-04-01-01-01-11.wav,sad,5
/content/drive/MyDrive/DataSet_Voice/sad/03-01-04-02-02-01-08.wav,sad,5
/content/drive/MyDrive/DataSet_Voice/sad/03-01-04-02-01-01-14.wav,sad,5
/content/drive/MyDrive/DataSet_Voice/sad/03-01-04-02-02-01-09.wav,sad,5
/content/drive/MyDrive/DataSet_Voice/sad/03-01-04-01-01-01-17.wav,sad,5
/content/drive/MyDrive/DataSet_Voice/sad/03-01-04-01-02-02-13.wav,sad,5
/content/drive/MyDrive/DataSet_Voice/sad/03-01-04-01-01-02-18.wav,sad,5
/content/drive/MyDrive/DataSet_Voice/sad/03-01-04-02-01-01-16.wav,sad,5
/content/drive/MyDrive/DataSet_Voice/sad/03-01-04-02-02-02-03.wav,sad,5
/content/drive/MyDrive/DataSet_Voice/sad/03-01-04-02-01-02-15.wav,sad,5
/content/drive/MyDrive/DataSet_Voice/sad/03-01-04-01-01-02-13.wav,sad,5
/content/drive/MyDrive/DataSet_Voice/sad/03-01-04-01-01-02-05.wav,sad,5
/content/drive/MyDrive/DataSet_Voice/sad/03-01-04-02-01-02-17.wav,sad,5
/content/drive/MyDrive/DataSet_Voice/sad/03-01-04-01-01-02-09.wav,sad,5
/content/drive/MyDrive/DataSet_Voice/sad/03-01-04-01-02-01-03.wav,sad,5
/content/drive/MyDrive/DataSet_Voice/sad/03-01-04-02-02-01-12.wav,sad,5
/content/drive/MyDrive/DataSet_Voice/sad/03-01-04-02-01-01-09.wav,sad,5
/content/drive/MyDrive/DataSet_Voice/sad/03-01-04-01-01-02-06.wav,sad,5
/content/drive/MyDrive/DataSet_Voice/sad/03-01-04-01-01-02-16.wav,sad,5
/content/drive/MyDrive/DataSet_Voice/sad/03-01-04-01-02-02-08.wav,sad,5
/content/drive/MyDrive/DataSet_Voice/sad/03-01-04-01-02-01-17.wav,sad,5
/content/drive/MyDrive/DataSet_Voice/sad/03-01-04-01-02-02-11.wav,sad,5
/content/drive/MyDrive/DataSet_Voice/sad/03-01-04-01-01-02-03.wav,sad,5
/content/drive/MyDrive/DataSet_Voice/sad/03-01-04-02-01-01-12.wav,sad,5
/content/drive/MyDrive/DataSet_Voice/sad/03-01-04-02-01-02-12.wav,sad,5
/content/drive/MyDrive/DataSet_Voice/sad/03-01-04-02-02-02-07.wav,sad,5
/content/drive/MyDrive/DataSet_Voice/sad/03-01-04-01-01-02-10.wav,sad,5
/content/drive/MyDrive/DataSet_Voice/sad/03-01-04-02-01-01-04.wav,sad,5
/content/drive/MyDrive/DataSet_Voice/sad/03-01-04-01-02-01-11.wav,sad,5
/content/drive/MyDrive/DataSet_Voice/sad/03-01-04-02-02-01-13.wav,sad,5
/content/drive/MyDrive/DataSet_Voice/sad/03-01-04-02-02-01-15.wav,sad,5
/content/drive/MyDrive/DataSet_Voice/sad/03-01-04-01-01-01-07.wav,sad,5
/content/drive/MyDrive/DataSet_Voice/sad/03-01-04-01-02-01-08.wav,sad,5
/content/drive/MyDrive/DataSet_Voice/sad/03-01-04-01-01-01-04.wav,sad,5
/content/drive/MyDrive/DataSet_Voice/sad/03-01-04-01-01-01-12.wav,sad,5
/content/drive/MyDrive/DataSet_Voice/sad/03-01-04-02-01-02-13.wav,sad,5
/content/drive/MyDrive/DataSet_Voice/sad/03-01-04-02-02-01-03.wav,sad,5
/content/drive/MyDrive/DataSet_Voice/sad/03-01-04-02-01-02-07.wav,sad,5
/content/drive/MyDrive/DataSet_Voice/sad/03-01-04-02-02-02-14.wav,sad,5
/content/drive/MyDrive/DataSet_Voice/sad/03-01-04-02-02-02-04.wav,sad,5
/content/drive/MyDrive/DataSet_Voice/sad/OAF_door_sad.wav,sad,5
/content/drive/MyDrive/DataSet_Voice/sad/OAF_keen_sad.wav,sad,5
/content/drive/MyDrive/DataSet_Voice/sad/OAF_dead_sad.wav,sad,5
/content/drive/MyDrive/DataSet_Voice/sad/03-01-04-02-01-01-21.wav,sad,5
/content/drive/MyDrive/DataSet_Voice/sad/OAF_goose_sad.wav,sad,5
/content/drive/MyDrive/DataSet_Voice/sad/03-01-04-01-02-02-21.wav,sad,5
/content/drive/MyDrive/DataSet_Voice/sad/OAF_hate_sad.wav,sad,5
/content/drive/MyDrive/DataSet_Voice/sad/03-01-04-01-02-02-20.wav,sad,5
/content/drive/MyDrive/DataSet_Voice/sad/OAF_dodge_sad.wav,sad,5
/content/drive/MyDrive/DataSet_Voice/sad/OAF_late_sad.wav,sad,5
/content/drive/MyDrive/DataSet_Voice/sad/03-01-04-01-01-02-24.wav,sad,5
/content/drive/MyDrive/DataSet_Voice/sad/03-01-04-01-02-01-24.wav,sad,5
/content/drive/MyDrive/DataSet_Voice/sad/OAF_gin_sad.wav,sad,5
/content/drive/MyDrive/DataSet_Voice/sad/OAF_base_sad.wav,sad,5
/content/drive/MyDrive/DataSet_Voice/sad/OAF_death_sad.wav,sad,5
/content/drive/MyDrive/DataSet_Voice/sad/OAF_kill_sad.wav,sad,5
/content/drive/MyDrive/DataSet_Voice/sad/03-01-04-02-02-02-19.wav,sad,5
/content/drive/MyDrive/DataSet_Voice/sad/OAF_fall_sad.wav,sad,5
/content/drive/MyDrive/DataSet_Voice/sad/OAF_doll_sad.wav,sad,5
/content/drive/MyDrive/DataSet_Voice/sad/OAF_laud_sad.wav,sad,5
/content/drive/MyDrive/DataSet_Voice/sad/OAF_came_sad.wav,sad,5
/content/drive/MyDrive/DataSet_Voice/sad/03-01-04-01-01-02-23.wav,sad,5
/content/drive/MyDrive/DataSet_Voice/sad/OAF_chair_sad.wav,sad,5
/content/drive/MyDrive/DataSet_Voice/sad/03-01-04-02-02-01-23.wav,sad,5
/content/drive/MyDrive/DataSet_Voice/sad/03-01-04-01-02-02-19.wav,sad,5
/content/drive/MyDrive/DataSet_Voice/sad/OAF_kite_sad.wav,sad,5
/content/drive/MyDrive/DataSet_Voice/sad/OAF_hush_sad.wav,sad,5
/content/drive/MyDrive/DataSet_Voice/sad/OAF_haze_sad.wav,sad,5
/content/drive/MyDrive/DataSet_Voice/sad/03-01-04-02-01-02-23.wav,sad,5
/content/drive/MyDrive/DataSet_Voice/sad/OAF_cause_sad.wav,sad,5
/content/drive/MyDrive/DataSet_Voice/sad/03-01-04-01-01-01-24.wav,sad,5
/content/drive/MyDrive/DataSet_Voice/sad/OAF_book_sad.wav,sad,5
/content/drive/MyDrive/DataSet_Voice/sad/OAF_lose_sad.wav,sad,5
/content/drive/MyDrive/DataSet_Voice/sad/OAF_live_sad.wav,sad,5
/content/drive/MyDrive/DataSet_Voice/sad/OAF_fail_sad.wav,sad,5
/content/drive/MyDrive/DataSet_Voice/sad/OAF_calm_sad.wav,sad,5
/content/drive/MyDrive/DataSet_Voice/sad/03-01-04-01-01-01-20.wav,sad,5
/content/drive/MyDrive/DataSet_Voice/sad/03-01-04-01-01-01-22.wav,sad,5
/content/drive/MyDrive/DataSet_Voice/sad/03-01-04-02-02-01-20.wav,sad,5
/content/drive/MyDrive/DataSet_Voice/sad/03-01-04-02-01-02-24.wav,sad,5
/content/drive/MyDrive/DataSet_Voice/sad/03-01-04-01-01-02-20.wav,sad,5
/content/drive/MyDrive/DataSet_Voice/sad/03-01-04-02-02-02-23.wav,sad,5
/content/drive/MyDrive/DataSet_Voice/sad/OAF_burn_sad.wav,sad,5
/content/drive/MyDrive/DataSet_Voice/sad/03-01-04-02-01-01-23.wav,sad,5
/content/drive/MyDrive/DataSet_Voice/sad/OAF_match_sad.wav,sad,5
/content/drive/MyDrive/DataSet_Voice/sad/03-01-04-02-01-02-19.wav,sad,5
/content/drive/MyDrive/DataSet_Voice/sad/OAF_bone_sad.wav,sad,5
/content/drive/MyDrive/DataSet_Voice/sad/OAF_bar_sad.wav,sad,5
/content/drive/MyDrive/DataSet_Voice/sad/OAF_mill_sad.wav,sad,5
/content/drive/MyDrive/DataSet_Voice/sad/OAF_home_sad.wav,sad,5
/content/drive/MyDrive/DataSet_Voice/sad/OAF_mob_sad.wav,sad,5
/content/drive/MyDrive/DataSet_Voice/sad/OAF_hurl_sad.wav,sad,5
/content/drive/MyDrive/DataSet_Voice/sad/OAF_check_sad.wav,sad,5
/content/drive/MyDrive/DataSet_Voice/sad/OAF_hire_sad.wav,sad,5
/content/drive/MyDrive/DataSet_Voice/sad/03-01-04-02-02-01-24.wav,sad,5
/content/drive/MyDrive/DataSet_Voice/sad/OAF_bath_sad.wav,sad,5
/content/drive/MyDrive/DataSet_Voice/sad/OAF_good_sad.wav,sad,5
/content/drive/MyDrive/DataSet_Voice/sad/03-01-04-01-01-02-21.wav,sad,5
/content/drive/MyDrive/DataSet_Voice/sad/OAF_bought_sad.wav,sad,5
/content/drive/MyDrive/DataSet_Voice/sad/OAF_king_sad.wav,sad,5
/content/drive/MyDrive/DataSet_Voice/sad/OAF_bite_sad.wav,sad,5
/content/drive/MyDrive/DataSet_Voice/sad/03-01-04-02-01-01-24.wav,sad,5
/content/drive/MyDrive/DataSet_Voice/sad/03-01-04-02-02-02-20.wav,sad,5
/content/drive/MyDrive/DataSet_Voice/sad/OAF_hole_sad.wav,sad,5
/content/drive/MyDrive/DataSet_Voice/sad/03-01-04-02-02-02-21.wav,sad,5
/content/drive/MyDrive/DataSet_Voice/sad/OAF_cheek_sad.wav,sad,5
/content/drive/MyDrive/DataSet_Voice/sad/OAF_have_sad.wav,sad,5
/content/drive/MyDrive/DataSet_Voice/sad/OAF_met_sad.wav,sad,5
/content/drive/MyDrive/DataSet_Voice/sad/OAF_luck_sad.wav,sad,5
/content/drive/MyDrive/DataSet_Voice/sad/OAF_back_sad.wav,sad,5
/content/drive/MyDrive/DataSet_Voice/sad/OAF_date_sad.wav,sad,5
/content/drive/MyDrive/DataSet_Voice/sad/OAF_bean_sad.wav,sad,5
/content/drive/MyDrive/DataSet_Voice/sad/OAF_food_sad.wav,sad,5
/content/drive/MyDrive/DataSet_Voice/sad/03-01-04-02-02-01-22.wav,sad,5
/content/drive/MyDrive/DataSet_Voice/sad/OAF_jail_sad.wav,sad,5
/content/drive/MyDrive/DataSet_Voice/sad/OAF_learn_sad.wav,sad,5
/content/drive/MyDrive/DataSet_Voice/sad/OAF_lot_sad.wav,sad,5
/content/drive/MyDrive/DataSet_Voice/sad/OAF_beg_sad.wav,sad,5
/content/drive/MyDrive/DataSet_Voice/sad/03-01-04-02-01-01-19.wav,sad,5
/content/drive/MyDrive/DataSet_Voice/sad/OAF_keep_sad.wav,sad,5
/content/drive/MyDrive/DataSet_Voice/sad/OAF_knock_sad.wav,sad,5
/content/drive/MyDrive/DataSet_Voice/sad/OAF_chalk_sad.wav,sad,5
/content/drive/MyDrive/DataSet_Voice/sad/OAF_mop_sad.wav,sad,5
/content/drive/MyDrive/DataSet_Voice/sad/OAF_mood_sad.wav,sad,5
/content/drive/MyDrive/DataSet_Voice/sad/03-01-04-01-01-01-19.wav,sad,5
/content/drive/MyDrive/DataSet_Voice/sad/03-01-04-02-02-01-19.wav,sad,5
/content/drive/MyDrive/DataSet_Voice/sad/OAF_hit_sad.wav,sad,5
/content/drive/MyDrive/DataSet_Voice/sad/OAF_dime_sad.wav,sad,5
/content/drive/MyDrive/DataSet_Voice/sad/OAF_germ_sad.wav,sad,5
/content/drive/MyDrive/DataSet_Voice/sad/OAF_half_sad.wav,sad,5
/content/drive/MyDrive/DataSet_Voice/sad/OAF_gap_sad.wav,sad,5
/content/drive/MyDrive/DataSet_Voice/sad/03-01-04-02-02-01-21.wav,sad,5
/content/drive/MyDrive/DataSet_Voice/sad/OAF_fit_sad.wav,sad,5
/content/drive/MyDrive/DataSet_Voice/sad/03-01-04-02-02-02-24.wav,sad,5
/content/drive/MyDrive/DataSet_Voice/sad/OAF_join_sad.wav,sad,5
/content/drive/MyDrive/DataSet_Voice/sad/03-01-04-01-02-01-23.wav,sad,5
/content/drive/MyDrive/DataSet_Voice/sad/OAF_gun_sad.wav,sad,5
/content/drive/MyDrive/DataSet_Voice/sad/OAF_boat_sad.wav,sad,5
/content/drive/MyDrive/DataSet_Voice/sad/OAF_chain_sad.wav,sad,5
/content/drive/MyDrive/DataSet_Voice/sad/03-01-04-02-01-02-22.wav,sad,5
/content/drive/MyDrive/DataSet_Voice/sad/03-01-04-01-01-02-19.wav,sad,5
/content/drive/MyDrive/DataSet_Voice/sad/OAF_jug_sad.wav,sad,5
/content/drive/MyDrive/DataSet_Voice/sad/OAF_hall_sad.wav,sad,5
/content/drive/MyDrive/DataSet_Voice/sad/OAF_kick_sad.wav,sad,5
/content/drive/MyDrive/DataSet_Voice/sad/OAF_lean_sad.wav,sad,5
/content/drive/MyDrive/DataSet_Voice/sad/03-01-04-01-02-02-23.wav,sad,5
/content/drive/MyDrive/DataSet_Voice/sad/OAF_gas_sad.wav,sad,5
/content/drive/MyDrive/DataSet_Voice/sad/OAF_dab_sad.wav,sad,5
/content/drive/MyDrive/DataSet_Voice/sad/03-01-04-01-02-02-24.wav,sad,5
/content/drive/MyDrive/DataSet_Voice/sad/03-01-04-01-01-01-21.wav,sad,5
/content/drive/MyDrive/DataSet_Voice/sad/OAF_hash_sad.wav,sad,5
/content/drive/MyDrive/DataSet_Voice/sad/OAF_goal_sad.wav,sad,5
/content/drive/MyDrive/DataSet_Voice/sad/OAF_juice_sad.wav,sad,5
/content/drive/MyDrive/DataSet_Voice/sad/03-01-04-01-02-01-21.wav,sad,5
/content/drive/MyDrive/DataSet_Voice/sad/03-01-04-02-01-01-20.wav,sad,5
/content/drive/MyDrive/DataSet_Voice/sad/OAF_judge_sad.wav,sad,5
/content/drive/MyDrive/DataSet_Voice/sad/03-01-04-01-02-01-22.wav,sad,5
/content/drive/MyDrive/DataSet_Voice/sad/OAF_long_sad.wav,sad,5
/content/drive/MyDrive/DataSet_Voice/sad/OAF_far_sad.wav,sad,5
/content/drive/MyDrive/DataSet_Voice/sad/OAF_lid_sad.wav,sad,5
/content/drive/MyDrive/DataSet_Voice/sad/OAF_life_sad.wav,sad,5
/content/drive/MyDrive/DataSet_Voice/sad/OAF_deep_sad.wav,sad,5
/content/drive/MyDrive/DataSet_Voice/sad/OAF_fat_sad.wav,sad,5
/content/drive/MyDrive/DataSet_Voice/sad/OAF_dip_sad.wav,sad,5
/content/drive/MyDrive/DataSet_Voice/sad/OAF_gaze_sad.wav,sad,5
/content/drive/MyDrive/DataSet_Voice/sad/OAF_love_sad.wav,sad,5
/content/drive/MyDrive/DataSet_Voice/sad/OAF_ditch_sad.wav,sad,5
/content/drive/MyDrive/DataSet_Voice/sad/OAF_choice_sad.wav,sad,5
/content/drive/MyDrive/DataSet_Voice/sad/OAF_mode_sad.wav,sad,5
/content/drive/MyDrive/DataSet_Voice/sad/03-01-04-01-01-02-22.wav,sad,5
/content/drive/MyDrive/DataSet_Voice/sad/03-01-04-01-02-01-20.wav,sad,5
/content/drive/MyDrive/DataSet_Voice/sad/OAF_lore_sad.wav,sad,5
/content/drive/MyDrive/DataSet_Voice/sad/OAF_cool_sad.wav,sad,5
/content/drive/MyDrive/DataSet_Voice/sad/OAF_keg_sad.wav,sad,5
/content/drive/MyDrive/DataSet_Voice/sad/OAF_merge_sad.wav,sad,5
/content/drive/MyDrive/DataSet_Voice/sad/OAF_chief_sad.wav,sad,5
/content/drive/MyDrive/DataSet_Voice/sad/OAF_moon_sad.wav,sad,5
/content/drive/MyDrive/DataSet_Voice/sad/03-01-04-02-01-01-22.wav,sad,5
/content/drive/MyDrive/DataSet_Voice/sad/03-01-04-01-02-01-19.wav,sad,5
/content/drive/MyDrive/DataSet_Voice/sad/03-01-04-01-01-01-23.wav,sad,5
/content/drive/MyDrive/DataSet_Voice/sad/OAF_get_sad.wav,sad,5
/content/drive/MyDrive/DataSet_Voice/sad/OAF_lease_sad.wav,sad,5
/content/drive/MyDrive/DataSet_Voice/sad/OAF_mess_sad.wav,sad,5
/content/drive/MyDrive/DataSet_Voice/sad/OAF_loaf_sad.wav,sad,5
/content/drive/MyDrive/DataSet_Voice/sad/03-01-04-02-01-02-20.wav,sad,5
/content/drive/MyDrive/DataSet_Voice/sad/03-01-04-02-01-02-21.wav,sad,5
/content/drive/MyDrive/DataSet_Voice/sad/OAF_cab_sad.wav,sad,5
/content/drive/MyDrive/DataSet_Voice/sad/OAF_limb_sad.wav,sad,5
/content/drive/MyDrive/DataSet_Voice/sad/03-01-04-01-02-02-22.wav,sad,5
/content/drive/MyDrive/DataSet_Voice/sad/OAF_five_sad.wav,sad,5
/content/drive/MyDrive/DataSet_Voice/sad/OAF_chat_sad.wav,sad,5
/content/drive/MyDrive/DataSet_Voice/sad/OAF_dog_sad.wav,sad,5
/content/drive/MyDrive/DataSet_Voice/sad/OAF_jar_sad.wav,sad,5
/content/drive/MyDrive/DataSet_Voice/sad/03-01-04-02-02-02-22.wav,sad,5
/content/drive/MyDrive/DataSet_Voice/sad/OAF_make_sad.wav,sad,5
/content/drive/MyDrive/DataSet_Voice/sad/OAF_tough_sad.wav,sad,5
/content/drive/MyDrive/DataSet_Voice/sad/YAF_goose_sad.wav,sad,5
/content/drive/MyDrive/DataSet_Voice/sad/YAF_bone_sad.wav,sad,5
/content/drive/MyDrive/DataSet_Voice/sad/OAF_sell_sad.wav,sad,5
/content/drive/MyDrive/DataSet_Voice/sad/YAF_join_sad.wav,sad,5
/content/drive/MyDrive/DataSet_Voice/sad/YAF_jar_sad.wav,sad,5
/content/drive/MyDrive/DataSet_Voice/sad/YAF_hit_sad.wav,sad,5
/content/drive/MyDrive/DataSet_Voice/sad/OAF_road_sad.wav,sad,5
/content/drive/MyDrive/DataSet_Voice/sad/OAF_nice_sad.wav,sad,5
/content/drive/MyDrive/DataSet_Voice/sad/OAF_raise_sad.wav,sad,5
/content/drive/MyDrive/DataSet_Voice/sad/YAF_hate_sad.wav,sad,5
/content/drive/MyDrive/DataSet_Voice/sad/OAF_wife_sad.wav,sad,5
/content/drive/MyDrive/DataSet_Voice/sad/YAF_chief_sad.wav,sad,5
/content/drive/MyDrive/DataSet_Voice/sad/OAF_rag_sad.wav,sad,5
/content/drive/MyDrive/DataSet_Voice/sad/OAF_wheat_sad.wav,sad,5
/content/drive/MyDrive/DataSet_Voice/sad/OAF_seize_sad.wav,sad,5
/content/drive/MyDrive/DataSet_Voice/sad/OAF_shack_sad.wav,sad,5
/content/drive/MyDrive/DataSet_Voice/sad/OAF_shout_sad.wav,sad,5
/content/drive/MyDrive/DataSet_Voice/sad/YAF_food_sad.wav,sad,5
/content/drive/MyDrive/DataSet_Voice/sad/YAF_cool_sad.wav,sad,5
/content/drive/MyDrive/DataSet_Voice/sad/OAF_yes_sad.wav,sad,5
/content/drive/MyDrive/DataSet_Voice/sad/OAF_thought_sad.wav,sad,5
/content/drive/MyDrive/DataSet_Voice/sad/OAF_team_sad.wav,sad,5
/content/drive/MyDrive/DataSet_Voice/sad/YAF_fat_sad.wav,sad,5
/content/drive/MyDrive/DataSet_Voice/sad/OAF_room_sad.wav,sad,5
/content/drive/MyDrive/DataSet_Voice/sad/YAF_dog_sad.wav,sad,5
/content/drive/MyDrive/DataSet_Voice/sad/OAF_thin_sad.wav,sad,5
/content/drive/MyDrive/DataSet_Voice/sad/YAF_back_sad.wav,sad,5
/content/drive/MyDrive/DataSet_Voice/sad/OAF_phone_sad.wav,sad,5
/content/drive/MyDrive/DataSet_Voice/sad/YAF_gap_sad.wav,sad,5
/content/drive/MyDrive/DataSet_Voice/sad/OAF_note_sad.wav,sad,5
/content/drive/MyDrive/DataSet_Voice/sad/OAF_search_sad.wav,sad,5
/content/drive/MyDrive/DataSet_Voice/sad/OAF_tip_sad.wav,sad,5
/content/drive/MyDrive/DataSet_Voice/sad/OAF_youth_sad.wav,sad,5
/content/drive/MyDrive/DataSet_Voice/sad/OAF_third_sad.wav,sad,5
/content/drive/MyDrive/DataSet_Voice/sad/YAF_judge_sad.wav,sad,5
/content/drive/MyDrive/DataSet_Voice/sad/OAF_such_sad.wav,sad,5
/content/drive/MyDrive/DataSet_Voice/sad/OAF_name_sad.wav,sad,5
/content/drive/MyDrive/DataSet_Voice/sad/YAF_boat_sad.wav,sad,5
/content/drive/MyDrive/DataSet_Voice/sad/OAF_week_sad.wav,sad,5
/content/drive/MyDrive/DataSet_Voice/sad/YAF_bar_sad.wav,sad,5
/content/drive/MyDrive/DataSet_Voice/sad/OAF_tool_sad.wav,sad,5
/content/drive/MyDrive/DataSet_Voice/sad/OAF_soap_sad.wav,sad,5
/content/drive/MyDrive/DataSet_Voice/sad/OAF_sail_sad.wav,sad,5
/content/drive/MyDrive/DataSet_Voice/sad/OAF_vine_sad.wav,sad,5
/content/drive/MyDrive/DataSet_Voice/sad/YAF_date_sad.wav,sad,5
/content/drive/MyDrive/DataSet_Voice/sad/OAF_thumb_sad.wav,sad,5
/content/drive/MyDrive/DataSet_Voice/sad/YAF_hire_sad.wav,sad,5
/content/drive/MyDrive/DataSet_Voice/sad/OAF_sheep_sad.wav,sad,5
/content/drive/MyDrive/DataSet_Voice/sad/YAF_fail_sad.wav,sad,5
/content/drive/MyDrive/DataSet_Voice/sad/OAF_near_sad.wav,sad,5
/content/drive/MyDrive/DataSet_Voice/sad/OAF_time_sad.wav,sad,5
/content/drive/MyDrive/DataSet_Voice/sad/YAF_get_sad.wav,sad,5
/content/drive/MyDrive/DataSet_Voice/sad/YAF_cheek_sad.wav,sad,5
/content/drive/MyDrive/DataSet_Voice/sad/OAF_said_sad.wav,sad,5
/content/drive/MyDrive/DataSet_Voice/sad/YAF_chalk_sad.wav,sad,5
/content/drive/MyDrive/DataSet_Voice/sad/OAF_puff_sad.wav,sad,5
/content/drive/MyDrive/DataSet_Voice/sad/OAF_pole_sad.wav,sad,5
/content/drive/MyDrive/DataSet_Voice/sad/YAF_dime_sad.wav,sad,5
/content/drive/MyDrive/DataSet_Voice/sad/OAF_yearn_sad.wav,sad,5
/content/drive/MyDrive/DataSet_Voice/sad/YAF_chat_sad.wav,sad,5
/content/drive/MyDrive/DataSet_Voice/sad/YAF_gin_sad.wav,sad,5
/content/drive/MyDrive/DataSet_Voice/sad/YAF_fall_sad.wav,sad,5
/content/drive/MyDrive/DataSet_Voice/sad/YAF_beg_sad.wav,sad,5
/content/drive/MyDrive/DataSet_Voice/sad/YAF_half_sad.wav,sad,5
/content/drive/MyDrive/DataSet_Voice/sad/OAF_void_sad.wav,sad,5
/content/drive/MyDrive/DataSet_Voice/sad/OAF_pick_sad.wav,sad,5
/content/drive/MyDrive/DataSet_Voice/sad/OAF_pain_sad.wav,sad,5
/content/drive/MyDrive/DataSet_Voice/sad/YAF_bath_sad.wav,sad,5
/content/drive/MyDrive/DataSet_Voice/sad/OAF_raid_sad.wav,sad,5
/content/drive/MyDrive/DataSet_Voice/sad/YAF_fit_sad.wav,sad,5
/content/drive/MyDrive/DataSet_Voice/sad/OAF_which_sad.wav,sad,5
/content/drive/MyDrive/DataSet_Voice/sad/YAF_cause_sad.wav,sad,5
/content/drive/MyDrive/DataSet_Voice/sad/OAF_white_sad.wav,sad,5
/content/drive/MyDrive/DataSet_Voice/sad/YAF_dead_sad.wav,sad,5
/content/drive/MyDrive/DataSet_Voice/sad/YAF_bite_sad.wav,sad,5
/content/drive/MyDrive/DataSet_Voice/sad/YAF_dab_sad.wav,sad,5
/content/drive/MyDrive/DataSet_Voice/sad/OAF_when_sad.wav,sad,5
/content/drive/MyDrive/DataSet_Voice/sad/OAF_young_sad.wav,sad,5
/content/drive/MyDrive/DataSet_Voice/sad/OAF_south_sad.wav,sad,5
/content/drive/MyDrive/DataSet_Voice/sad/YAF_cab_sad.wav,sad,5
/content/drive/MyDrive/DataSet_Voice/sad/YAF_death_sad.wav,sad,5
/content/drive/MyDrive/DataSet_Voice/sad/YAF_jug_sad.wav,sad,5
/content/drive/MyDrive/DataSet_Voice/sad/OAF_mouse_sad.wav,sad,5
/content/drive/MyDrive/DataSet_Voice/sad/OAF_wire_sad.wav,sad,5
/content/drive/MyDrive/DataSet_Voice/sad/OAF_vote_sad.wav,sad,5
/content/drive/MyDrive/DataSet_Voice/sad/OAF_rose_sad.wav,sad,5
/content/drive/MyDrive/DataSet_Voice/sad/OAF_wash_sad.wav,sad,5
/content/drive/MyDrive/DataSet_Voice/sad/OAF_ton_sad.wav,sad,5
/content/drive/MyDrive/DataSet_Voice/sad/OAF_nag_sad.wav,sad,5
/content/drive/MyDrive/DataSet_Voice/sad/YAF_haze_sad.wav,sad,5
/content/drive/MyDrive/DataSet_Voice/sad/OAF_perch_sad.wav,sad,5
/content/drive/MyDrive/DataSet_Voice/sad/OAF_peg_sad.wav,sad,5
/content/drive/MyDrive/DataSet_Voice/sad/OAF_pass_sad.wav,sad,5
/content/drive/MyDrive/DataSet_Voice/sad/OAF_tape_sad.wav,sad,5
/content/drive/MyDrive/DataSet_Voice/sad/YAF_bean_sad.wav,sad,5
/content/drive/MyDrive/DataSet_Voice/sad/OAF_wag_sad.wav,sad,5
/content/drive/MyDrive/DataSet_Voice/sad/OAF_rat_sad.wav,sad,5
/content/drive/MyDrive/DataSet_Voice/sad/OAF_rot_sad.wav,sad,5
/content/drive/MyDrive/DataSet_Voice/sad/YAF_check_sad.wav,sad,5
/content/drive/MyDrive/DataSet_Voice/sad/YAF_choice_sad.wav,sad,5
/content/drive/MyDrive/DataSet_Voice/sad/OAF_red_sad.wav,sad,5
/content/drive/MyDrive/DataSet_Voice/sad/YAF_hall_sad.wav,sad,5
/content/drive/MyDrive/DataSet_Voice/sad/OAF_witch_sad.wav,sad,5
/content/drive/MyDrive/DataSet_Voice/sad/OAF_whip_sad.wav,sad,5
/content/drive/MyDrive/DataSet_Voice/sad/OAF_ripe_sad.wav,sad,5
/content/drive/MyDrive/DataSet_Voice/sad/YAF_jail_sad.wav,sad,5
/content/drive/MyDrive/DataSet_Voice/sad/YAF_gaze_sad.wav,sad,5
/content/drive/MyDrive/DataSet_Voice/sad/YAF_deep_sad.wav,sad,5
/content/drive/MyDrive/DataSet_Voice/sad/OAF_pad_sad.wav,sad,5
/content/drive/MyDrive/DataSet_Voice/sad/OAF_voice_sad.wav,sad,5
/content/drive/MyDrive/DataSet_Voice/sad/YAF_good_sad.wav,sad,5
/content/drive/MyDrive/DataSet_Voice/sad/OAF_rough_sad.wav,sad,5
/content/drive/MyDrive/DataSet_Voice/sad/OAF_should_sad.wav,sad,5
/content/drive/MyDrive/DataSet_Voice/sad/YAF_came_sad.wav,sad,5
/content/drive/MyDrive/DataSet_Voice/sad/YAF_gas_sad.wav,sad,5
/content/drive/MyDrive/DataSet_Voice/sad/YAF_juice_sad.wav,sad,5
/content/drive/MyDrive/DataSet_Voice/sad/OAF_tire_sad.wav,sad,5
/content/drive/MyDrive/DataSet_Voice/sad/OAF_talk_sad.wav,sad,5
/content/drive/MyDrive/DataSet_Voice/sad/OAF_shirt_sad.wav,sad,5
/content/drive/MyDrive/DataSet_Voice/sad/OAF_ring_sad.wav,sad,5
/content/drive/MyDrive/DataSet_Voice/sad/OAF_take_sad.wav,sad,5
/content/drive/MyDrive/DataSet_Voice/sad/YAF_dip_sad.wav,sad,5
/content/drive/MyDrive/DataSet_Voice/sad/YAF_door_sad.wav,sad,5
/content/drive/MyDrive/DataSet_Voice/sad/OAF_sour_sad.wav,sad,5
/content/drive/MyDrive/DataSet_Voice/sad/YAF_doll_sad.wav,sad,5
/content/drive/MyDrive/DataSet_Voice/sad/OAF_pool_sad.wav,sad,5
/content/drive/MyDrive/DataSet_Voice/sad/YAF_dodge_sad.wav,sad,5
/content/drive/MyDrive/DataSet_Voice/sad/YAF_hole_sad.wav,sad,5
/content/drive/MyDrive/DataSet_Voice/sad/OAF_rain_sad.wav,sad,5
/content/drive/MyDrive/DataSet_Voice/sad/YAF_have_sad.wav,sad,5
/content/drive/MyDrive/DataSet_Voice/sad/OAF_sub_sad.wav,sad,5
/content/drive/MyDrive/DataSet_Voice/sad/YAF_hush_sad.wav,sad,5
/content/drive/MyDrive/DataSet_Voice/sad/YAF_burn_sad.wav,sad,5
/content/drive/MyDrive/DataSet_Voice/sad/OAF_numb_sad.wav,sad,5
/content/drive/MyDrive/DataSet_Voice/sad/YAF_base_sad.wav,sad,5
/content/drive/MyDrive/DataSet_Voice/sad/OAF_page_sad.wav,sad,5
/content/drive/MyDrive/DataSet_Voice/sad/YAF_book_sad.wav,sad,5
/content/drive/MyDrive/DataSet_Voice/sad/YAF_bought_sad.wav,sad,5
/content/drive/MyDrive/DataSet_Voice/sad/OAF_sure_sad.wav,sad,5
/content/drive/MyDrive/DataSet_Voice/sad/OAF_walk_sad.wav,sad,5
/content/drive/MyDrive/DataSet_Voice/sad/YAF_chair_sad.wav,sad,5
/content/drive/MyDrive/DataSet_Voice/sad/YAF_five_sad.wav,sad,5
/content/drive/MyDrive/DataSet_Voice/sad/YAF_goal_sad.wav,sad,5
/content/drive/MyDrive/DataSet_Voice/sad/YAF_far_sad.wav,sad,5
/content/drive/MyDrive/DataSet_Voice/sad/YAF_hurl_sad.wav,sad,5
/content/drive/MyDrive/DataSet_Voice/sad/OAF_turn_sad.wav,sad,5
/content/drive/MyDrive/DataSet_Voice/sad/OAF_reach_sad.wav,sad,5
/content/drive/MyDrive/DataSet_Voice/sad/OAF_neat_sad.wav,sad,5
/content/drive/MyDrive/DataSet_Voice/sad/YAF_hash_sad.wav,sad,5
/content/drive/MyDrive/DataSet_Voice/sad/OAF_pearl_sad.wav,sad,5
/content/drive/MyDrive/DataSet_Voice/sad/YAF_gun_sad.wav,sad,5
/content/drive/MyDrive/DataSet_Voice/sad/OAF_tell_sad.wav,sad,5
/content/drive/MyDrive/DataSet_Voice/sad/YAF_chain_sad.wav,sad,5
/content/drive/MyDrive/DataSet_Voice/sad/OAF_read_sad.wav,sad,5
/content/drive/MyDrive/DataSet_Voice/sad/OAF_pike_sad.wav,sad,5
/content/drive/MyDrive/DataSet_Voice/sad/OAF_size_sad.wav,sad,5
/content/drive/MyDrive/DataSet_Voice/sad/OAF_shawl_sad.wav,sad,5
/content/drive/MyDrive/DataSet_Voice/sad/OAF_rush_sad.wav,sad,5
/content/drive/MyDrive/DataSet_Voice/sad/YAF_germ_sad.wav,sad,5
/content/drive/MyDrive/DataSet_Voice/sad/OAF_soup_sad.wav,sad,5
/content/drive/MyDrive/DataSet_Voice/sad/OAF_shall_sad.wav,sad,5
/content/drive/MyDrive/DataSet_Voice/sad/YAF_home_sad.wav,sad,5
/content/drive/MyDrive/DataSet_Voice/sad/YAF_ditch_sad.wav,sad,5
/content/drive/MyDrive/DataSet_Voice/sad/YAF_calm_sad.wav,sad,5
/content/drive/MyDrive/DataSet_Voice/sad/YAF_mill_sad.wav,sad,5
/content/drive/MyDrive/DataSet_Voice/sad/YAF_pole_sad.wav,sad,5
/content/drive/MyDrive/DataSet_Voice/sad/YAF_make_sad.wav,sad,5
/content/drive/MyDrive/DataSet_Voice/sad/YAF_soap_sad.wav,sad,5
/content/drive/MyDrive/DataSet_Voice/sad/YAF_raid_sad.wav,sad,5
/content/drive/MyDrive/DataSet_Voice/sad/YAF_mood_sad.wav,sad,5
/content/drive/MyDrive/DataSet_Voice/sad/YAF_late_sad.wav,sad,5
/content/drive/MyDrive/DataSet_Voice/sad/YAF_met_sad.wav,sad,5
/content/drive/MyDrive/DataSet_Voice/sad/YAF_team_sad.wav,sad,5
/content/drive/MyDrive/DataSet_Voice/sad/YAF_third_sad.wav,sad,5
/content/drive/MyDrive/DataSet_Voice/sad/YAF_keg_sad.wav,sad,5
/content/drive/MyDrive/DataSet_Voice/sad/YAF_white_sad.wav,sad,5
/content/drive/MyDrive/DataSet_Voice/sad/YAF_read_sad.wav,sad,5
/content/drive/MyDrive/DataSet_Voice/sad/YAF_rough_sad.wav,sad,5
/content/drive/MyDrive/DataSet_Voice/sad/YAF_rag_sad.wav,sad,5
/content/drive/MyDrive/DataSet_Voice/sad/YAF_lease_sad.wav,sad,5
/content/drive/MyDrive/DataSet_Voice/sad/YAF_pike_sad.wav,sad,5
/content/drive/MyDrive/DataSet_Voice/sad/YAF_thought_sad.wav,sad,5
/content/drive/MyDrive/DataSet_Voice/sad/YAF_thumb_sad.wav,sad,5
/content/drive/MyDrive/DataSet_Voice/sad/YAF_tell_sad.wav,sad,5
/content/drive/MyDrive/DataSet_Voice/sad/YAF_pearl_sad.wav,sad,5
/content/drive/MyDrive/DataSet_Voice/sad/YAF_long_sad.wav,sad,5
/content/drive/MyDrive/DataSet_Voice/sad/YAF_mess_sad.wav,sad,5
/content/drive/MyDrive/DataSet_Voice/sad/YAF_young_sad.wav,sad,5
/content/drive/MyDrive/DataSet_Voice/sad/YAF_neat_sad.wav,sad,5
/content/drive/MyDrive/DataSet_Voice/sad/YAF_match_sad.wav,sad,5
/content/drive/MyDrive/DataSet_Voice/sad/YAF_take_sad.wav,sad,5
/content/drive/MyDrive/DataSet_Voice/sad/YAF_shall_sad.wav,sad,5
/content/drive/MyDrive/DataSet_Voice/sad/YAF_ring_sad.wav,sad,5
/content/drive/MyDrive/DataSet_Voice/sad/YAF_tire_sad.wav,sad,5
/content/drive/MyDrive/DataSet_Voice/sad/YAF_yearn_sad.wav,sad,5
/content/drive/MyDrive/DataSet_Voice/sad/YAF_voice_sad.wav,sad,5
/content/drive/MyDrive/DataSet_Voice/sad/YAF_numb_sad.wav,sad,5
/content/drive/MyDrive/DataSet_Voice/sad/YAF_mode_sad.wav,sad,5
/content/drive/MyDrive/DataSet_Voice/sad/YAF_sheep_sad.wav,sad,5
/content/drive/MyDrive/DataSet_Voice/sad/YAF_learn_sad.wav,sad,5
/content/drive/MyDrive/DataSet_Voice/sad/YAF_life_sad.wav,sad,5
/content/drive/MyDrive/DataSet_Voice/sad/YAF_shout_sad.wav,sad,5
/content/drive/MyDrive/DataSet_Voice/sad/YAF_youth_sad.wav,sad,5
/content/drive/MyDrive/DataSet_Voice/sad/YAF_lot_sad.wav,sad,5
/content/drive/MyDrive/DataSet_Voice/sad/YAF_pain_sad.wav,sad,5
/content/drive/MyDrive/DataSet_Voice/sad/YAF_peg_sad.wav,sad,5
/content/drive/MyDrive/DataSet_Voice/sad/YAF_pass_sad.wav,sad,5
/content/drive/MyDrive/DataSet_Voice/sad/YAF_ripe_sad.wav,sad,5
/content/drive/MyDrive/DataSet_Voice/sad/YAF_note_sad.wav,sad,5
/content/drive/MyDrive/DataSet_Voice/sad/YAF_luck_sad.wav,sad,5
/content/drive/MyDrive/DataSet_Voice/sad/YAF_lean_sad.wav,sad,5
/content/drive/MyDrive/DataSet_Voice/sad/YAF_keen_sad.wav,sad,5
/content/drive/MyDrive/DataSet_Voice/sad/YAF_name_sad.wav,sad,5
/content/drive/MyDrive/DataSet_Voice/sad/YAF_puff_sad.wav,sad,5
/content/drive/MyDrive/DataSet_Voice/sad/YAF_witch_sad.wav,sad,5
/content/drive/MyDrive/DataSet_Voice/sad/YAF_pick_sad.wav,sad,5
/content/drive/MyDrive/DataSet_Voice/sad/YAF_shawl_sad.wav,sad,5
/content/drive/MyDrive/DataSet_Voice/sad/YAF_sour_sad.wav,sad,5
/content/drive/MyDrive/DataSet_Voice/sad/YAF_week_sad.wav,sad,5
/content/drive/MyDrive/DataSet_Voice/sad/YAF_rot_sad.wav,sad,5
/content/drive/MyDrive/DataSet_Voice/sad/YAF_rain_sad.wav,sad,5
/content/drive/MyDrive/DataSet_Voice/sad/YAF_lose_sad.wav,sad,5
/content/drive/MyDrive/DataSet_Voice/sad/YAF_thin_sad.wav,sad,5
/content/drive/MyDrive/DataSet_Voice/sad/YAF_wash_sad.wav,sad,5
/content/drive/MyDrive/DataSet_Voice/sad/YAF_wire_sad.wav,sad,5
/content/drive/MyDrive/DataSet_Voice/sad/YAF_near_sad.wav,sad,5
/content/drive/MyDrive/DataSet_Voice/sad/YAF_rat_sad.wav,sad,5
/content/drive/MyDrive/DataSet_Voice/sad/YAF_live_sad.wav,sad,5
/content/drive/MyDrive/DataSet_Voice/sad/YAF_lore_sad.wav,sad,5
/content/drive/MyDrive/DataSet_Voice/sad/YAF_loaf_sad.wav,sad,5
/content/drive/MyDrive/DataSet_Voice/sad/YAF_lid_sad.wav,sad,5
/content/drive/MyDrive/DataSet_Voice/sad/YAF_page_sad.wav,sad,5
/content/drive/MyDrive/DataSet_Voice/sad/YAF_yes_sad.wav,sad,5
/content/drive/MyDrive/DataSet_Voice/sad/YAF_shack_sad.wav,sad,5
/content/drive/MyDrive/DataSet_Voice/sad/YAF_room_sad.wav,sad,5
/content/drive/MyDrive/DataSet_Voice/sad/YAF_sell_sad.wav,sad,5
/content/drive/MyDrive/DataSet_Voice/sad/YAF_kick_sad.wav,sad,5
/content/drive/MyDrive/DataSet_Voice/sad/YAF_void_sad.wav,sad,5
/content/drive/MyDrive/DataSet_Voice/sad/YAF_walk_sad.wav,sad,5
/content/drive/MyDrive/DataSet_Voice/sad/YAF_moon_sad.wav,sad,5
/content/drive/MyDrive/DataSet_Voice/sad/YAF_nag_sad.wav,sad,5
/content/drive/MyDrive/DataSet_Voice/sad/YAF_limb_sad.wav,sad,5
/content/drive/MyDrive/DataSet_Voice/sad/YAF_mop_sad.wav,sad,5
/content/drive/MyDrive/DataSet_Voice/sad/YAF_tough_sad.wav,sad,5
/content/drive/MyDrive/DataSet_Voice/sad/YAF_ton_sad.wav,sad,5
/content/drive/MyDrive/DataSet_Voice/sad/YAF_rose_sad.wav,sad,5
/content/drive/MyDrive/DataSet_Voice/sad/YAF_keep_sad.wav,sad,5
/content/drive/MyDrive/DataSet_Voice/sad/YAF_reach_sad.wav,sad,5
/content/drive/MyDrive/DataSet_Voice/sad/YAF_vote_sad.wav,sad,5
/content/drive/MyDrive/DataSet_Voice/sad/YAF_nice_sad.wav,sad,5
/content/drive/MyDrive/DataSet_Voice/sad/YAF_shirt_sad.wav,sad,5
/content/drive/MyDrive/DataSet_Voice/sad/YAF_phone_sad.wav,sad,5
/content/drive/MyDrive/DataSet_Voice/sad/YAF_kill_sad.wav,sad,5
/content/drive/MyDrive/DataSet_Voice/sad/YAF_said_sad.wav,sad,5
/content/drive/MyDrive/DataSet_Voice/sad/YAF_seize_sad.wav,sad,5
/content/drive/MyDrive/DataSet_Voice/sad/YAF_love_sad.wav,sad,5
/content/drive/MyDrive/DataSet_Voice/sad/YAF_time_sad.wav,sad,5
/content/drive/MyDrive/DataSet_Voice/sad/YAF_whip_sad.wav,sad,5
/content/drive/MyDrive/DataSet_Voice/sad/YAF_laud_sad.wav,sad,5
/content/drive/MyDrive/DataSet_Voice/sad/YAF_wag_sad.wav,sad,5
/content/drive/MyDrive/DataSet_Voice/sad/YAF_mouse_sad.wav,sad,5
/content/drive/MyDrive/DataSet_Voice/sad/YAF_king_sad.wav,sad,5
/content/drive/MyDrive/DataSet_Voice/sad/YAF_when_sad.wav,sad,5
/content/drive/MyDrive/DataSet_Voice/sad/YAF_kite_sad.wav,sad,5
/content/drive/MyDrive/DataSet_Voice/sad/YAF_vine_sad.wav,sad,5
/content/drive/MyDrive/DataSet_Voice/sad/YAF_sub_sad.wav,sad,5
/content/drive/MyDrive/DataSet_Voice/sad/YAF_merge_sad.wav,sad,5
/content/drive/MyDrive/DataSet_Voice/sad/YAF_sure_sad.wav,sad,5
/content/drive/MyDrive/DataSet_Voice/sad/YAF_tip_sad.wav,sad,5
/content/drive/MyDrive/DataSet_Voice/sad/YAF_talk_sad.wav,sad,5
/content/drive/MyDrive/DataSet_Voice/sad/YAF_search_sad.wav,sad,5
/content/drive/MyDrive/DataSet_Voice/sad/YAF_mob_sad.wav,sad,5
/content/drive/MyDrive/DataSet_Voice/sad/YAF_pad_sad.wav,sad,5
/content/drive/MyDrive/DataSet_Voice/sad/YAF_tape_sad.wav,sad,5
/content/drive/MyDrive/DataSet_Voice/sad/YAF_pool_sad.wav,sad,5
/content/drive/MyDrive/DataSet_Voice/sad/YAF_perch_sad.wav,sad,5
/content/drive/MyDrive/DataSet_Voice/sad/YAF_wife_sad.wav,sad,5
/content/drive/MyDrive/DataSet_Voice/sad/YAF_raise_sad.wav,sad,5
/content/drive/MyDrive/DataSet_Voice/sad/YAF_which_sad.wav,sad,5
/content/drive/MyDrive/DataSet_Voice/sad/YAF_tool_sad.wav,sad,5
/content/drive/MyDrive/DataSet_Voice/sad/YAF_should_sad.wav,sad,5
/content/drive/MyDrive/DataSet_Voice/sad/YAF_rush_sad.wav,sad,5
/content/drive/MyDrive/DataSet_Voice/sad/YAF_red_sad.wav,sad,5
/content/drive/MyDrive/DataSet_Voice/sad/YAF_road_sad.wav,sad,5
/content/drive/MyDrive/DataSet_Voice/sad/YAF_turn_sad.wav,sad,5
/content/drive/MyDrive/DataSet_Voice/sad/YAF_sail_sad.wav,sad,5
/content/drive/MyDrive/DataSet_Voice/sad/YAF_south_sad.wav,sad,5
/content/drive/MyDrive/DataSet_Voice/sad/YAF_soup_sad.wav,sad,5
/content/drive/MyDrive/DataSet_Voice/sad/YAF_such_sad.wav,sad,5
/content/drive/MyDrive/DataSet_Voice/sad/YAF_wheat_sad.wav,sad,5
/content/drive/MyDrive/DataSet_Voice/sad/YAF_knock_sad.wav,sad,5
/content/drive/MyDrive/DataSet_Voice/sad/YAF_size_sad.wav,sad,5
/content/drive/MyDrive/DataSet_Voice/sad/1008_IEO_SAD_MD.wav,sad,5
/content/drive/MyDrive/DataSet_Voice/sad/1006_WSI_SAD_XX.wav,sad,5
/content/drive/MyDrive/DataSet_Voice/sad/1008_TAI_SAD_XX.wav,sad,5
/content/drive/MyDrive/DataSet_Voice/sad/1003_MTI_SAD_XX.wav,sad,5
/content/drive/MyDrive/DataSet_Voice/sad/1006_IEO_SAD_HI.wav,sad,5
/content/drive/MyDrive/DataSet_Voice/sad/1006_IWL_SAD_XX.wav,sad,5
/content/drive/MyDrive/DataSet_Voice/sad/1004_IEO_SAD_MD.wav,sad,5
/content/drive/MyDrive/DataSet_Voice/sad/1006_IEO_SAD_MD.wav,sad,5
/content/drive/MyDrive/DataSet_Voice/sad/1003_ITS_SAD_XX.wav,sad,5
/content/drive/MyDrive/DataSet_Voice/sad/1006_IOM_SAD_XX.wav,sad,5
/content/drive/MyDrive/DataSet_Voice/sad/1005_MTI_SAD_XX.wav,sad,5
/content/drive/MyDrive/DataSet_Voice/sad/1004_IEO_SAD_HI.wav,sad,5
/content/drive/MyDrive/DataSet_Voice/sad/1002_ITH_SAD_XX.wav,sad,5
/content/drive/MyDrive/DataSet_Voice/sad/1006_MTI_SAD_XX.wav,sad,5
/content/drive/MyDrive/DataSet_Voice/sad/1007_TSI_SAD_XX.wav,sad,5
/content/drive/MyDrive/DataSet_Voice/sad/1005_ITS_SAD_XX.wav,sad,5
/content/drive/MyDrive/DataSet_Voice/sad/1008_MTI_SAD_XX.wav,sad,5
/content/drive/MyDrive/DataSet_Voice/sad/1007_ITS_SAD_XX.wav,sad,5
/content/drive/MyDrive/DataSet_Voice/sad/1001_IWW_SAD_XX.wav,sad,5
/content/drive/MyDrive/DataSet_Voice/sad/1005_IEO_SAD_LO.wav,sad,5
/content/drive/MyDrive/DataSet_Voice/sad/1002_ITS_SAD_XX.wav,sad,5
/content/drive/MyDrive/DataSet_Voice/sad/1007_TAI_SAD_XX.wav,sad,5
/content/drive/MyDrive/DataSet_Voice/sad/1007_IEO_SAD_MD.wav,sad,5
/content/drive/MyDrive/DataSet_Voice/sad/1004_IWL_SAD_XX.wav,sad,5
/content/drive/MyDrive/DataSet_Voice/sad/1002_WSI_SAD_XX.wav,sad,5
/content/drive/MyDrive/DataSet_Voice/sad/1007_IWW_SAD_XX.wav,sad,5
/content/drive/MyDrive/DataSet_Voice/sad/1006_ITS_SAD_XX.wav,sad,5
/content/drive/MyDrive/DataSet_Voice/sad/1006_IWW_SAD_XX.wav,sad,5
/content/drive/MyDrive/DataSet_Voice/sad/1005_IOM_SAD_XX.wav,sad,5
/content/drive/MyDrive/DataSet_Voice/sad/1002_TSI_SAD_XX.wav,sad,5
/content/drive/MyDrive/DataSet_Voice/sad/1008_ITS_SAD_XX.wav,sad,5
/content/drive/MyDrive/DataSet_Voice/sad/1001_TSI_SAD_XX.wav,sad,5
/content/drive/MyDrive/DataSet_Voice/sad/1008_TIE_SAD_XX.wav,sad,5
/content/drive/MyDrive/DataSet_Voice/sad/1006_IEO_SAD_LO.wav,sad,5
/content/drive/MyDrive/DataSet_Voice/sad/1004_TIE_SAD_XX.wav,sad,5
/content/drive/MyDrive/DataSet_Voice/sad/1003_DFA_SAD_XX.wav,sad,5
/content/drive/MyDrive/DataSet_Voice/sad/1002_TIE_SAD_XX.wav,sad,5
/content/drive/MyDrive/DataSet_Voice/sad/1007_IWL_SAD_XX.wav,sad,5
/content/drive/MyDrive/DataSet_Voice/sad/1008_DFA_SAD_XX.wav,sad,5
/content/drive/MyDrive/DataSet_Voice/sad/1003_IEO_SAD_HI.wav,sad,5
/content/drive/MyDrive/DataSet_Voice/sad/1002_IOM_SAD_XX.wav,sad,5
/content/drive/MyDrive/DataSet_Voice/sad/1001_TAI_SAD_XX.wav,sad,5
/content/drive/MyDrive/DataSet_Voice/sad/1004_MTI_SAD_XX.wav,sad,5
/content/drive/MyDrive/DataSet_Voice/sad/1008_IWL_SAD_XX.wav,sad,5
/content/drive/MyDrive/DataSet_Voice/sad/1008_IWW_SAD_XX.wav,sad,5
/content/drive/MyDrive/DataSet_Voice/sad/1007_MTI_SAD_XX.wav,sad,5
/content/drive/MyDrive/DataSet_Voice/sad/1002_IEO_SAD_HI.wav,sad,5
/content/drive/MyDrive/DataSet_Voice/sad/1001_TIE_SAD_XX.wav,sad,5
/content/drive/MyDrive/DataSet_Voice/sad/1003_IWL_SAD_XX.wav,sad,5
/content/drive/MyDrive/DataSet_Voice/sad/1004_WSI_SAD_XX.wav,sad,5
/content/drive/MyDrive/DataSet_Voice/sad/1002_DFA_SAD_XX.wav,sad,5
/content/drive/MyDrive/DataSet_Voice/sad/1003_IWW_SAD_XX.wav,sad,5
/content/drive/MyDrive/DataSet_Voice/sad/1005_IEO_SAD_HI.wav,sad,5
/content/drive/MyDrive/DataSet_Voice/sad/1007_IEO_SAD_LO.wav,sad,5
/content/drive/MyDrive/DataSet_Voice/sad/1004_DFA_SAD_XX.wav,sad,5
/content/drive/MyDrive/DataSet_Voice/sad/1008_TSI_SAD_XX.wav,sad,5
/content/drive/MyDrive/DataSet_Voice/sad/1001_ITH_SAD_XX.wav,sad,5
/content/drive/MyDrive/DataSet_Voice/sad/1003_ITH_SAD_XX.wav,sad,5
/content/drive/MyDrive/DataSet_Voice/sad/1003_TSI_SAD_XX.wav,sad,5
/content/drive/MyDrive/DataSet_Voice/sad/1006_ITH_SAD_XX.wav,sad,5
/content/drive/MyDrive/DataSet_Voice/sad/1005_IWW_SAD_XX.wav,sad,5
/content/drive/MyDrive/DataSet_Voice/sad/1003_TAI_SAD_XX.wav,sad,5
/content/drive/MyDrive/DataSet_Voice/sad/1004_ITH_SAD_XX.wav,sad,5
/content/drive/MyDrive/DataSet_Voice/sad/1004_TSI_SAD_XX.wav,sad,5
/content/drive/MyDrive/DataSet_Voice/sad/1004_IWW_SAD_XX.wav,sad,5
/content/drive/MyDrive/DataSet_Voice/sad/1007_IOM_SAD_XX.wav,sad,5
/content/drive/MyDrive/DataSet_Voice/sad/1005_TAI_SAD_XX.wav,sad,5
/content/drive/MyDrive/DataSet_Voice/sad/1007_ITH_SAD_XX.wav,sad,5
/content/drive/MyDrive/DataSet_Voice/sad/1001_IOM_SAD_XX.wav,sad,5
/content/drive/MyDrive/DataSet_Voice/sad/1008_IOM_SAD_XX.wav,sad,5
/content/drive/MyDrive/DataSet_Voice/sad/1006_TIE_SAD_XX.wav,sad,5
/content/drive/MyDrive/DataSet_Voice/sad/1001_IEO_SAD_LO.wav,sad,5
/content/drive/MyDrive/DataSet_Voice/sad/1002_IEO_SAD_MD.wav,sad,5
/content/drive/MyDrive/DataSet_Voice/sad/1001_MTI_SAD_XX.wav,sad,5
/content/drive/MyDrive/DataSet_Voice/sad/1006_DFA_SAD_XX.wav,sad,5
/content/drive/MyDrive/DataSet_Voice/sad/1004_IOM_SAD_XX.wav,sad,5
/content/drive/MyDrive/DataSet_Voice/sad/1002_IEO_SAD_LO.wav,sad,5
/content/drive/MyDrive/DataSet_Voice/sad/1003_IEO_SAD_MD.wav,sad,5
/content/drive/MyDrive/DataSet_Voice/sad/1003_TIE_SAD_XX.wav,sad,5
/content/drive/MyDrive/DataSet_Voice/sad/1005_TSI_SAD_XX.wav,sad,5
/content/drive/MyDrive/DataSet_Voice/sad/1005_TIE_SAD_XX.wav,sad,5
/content/drive/MyDrive/DataSet_Voice/sad/1001_ITS_SAD_XX.wav,sad,5
/content/drive/MyDrive/DataSet_Voice/sad/1007_IEO_SAD_HI.wav,sad,5
/content/drive/MyDrive/DataSet_Voice/sad/1001_IWL_SAD_XX.wav,sad,5
/content/drive/MyDrive/DataSet_Voice/sad/1003_IEO_SAD_LO.wav,sad,5
/content/drive/MyDrive/DataSet_Voice/sad/1004_ITS_SAD_XX.wav,sad,5
/content/drive/MyDrive/DataSet_Voice/sad/1004_TAI_SAD_XX.wav,sad,5
/content/drive/MyDrive/DataSet_Voice/sad/1008_IEO_SAD_HI.wav,sad,5
/content/drive/MyDrive/DataSet_Voice/sad/1001_IEO_SAD_HI.wav,sad,5
/content/drive/MyDrive/DataSet_Voice/sad/1005_IWL_SAD_XX.wav,sad,5
/content/drive/MyDrive/DataSet_Voice/sad/1008_ITH_SAD_XX.wav,sad,5
/content/drive/MyDrive/DataSet_Voice/sad/1005_ITH_SAD_XX.wav,sad,5
/content/drive/MyDrive/DataSet_Voice/sad/1005_WSI_SAD_XX.wav,sad,5
/content/drive/MyDrive/DataSet_Voice/sad/1003_WSI_SAD_XX.wav,sad,5
/content/drive/MyDrive/DataSet_Voice/sad/1007_TIE_SAD_XX.wav,sad,5
/content/drive/MyDrive/DataSet_Voice/sad/1002_IWW_SAD_XX.wav,sad,5
/content/drive/MyDrive/DataSet_Voice/sad/1001_DFA_SAD_XX.wav,sad,5
/content/drive/MyDrive/DataSet_Voice/sad/1003_IOM_SAD_XX.wav,sad,5
/content/drive/MyDrive/DataSet_Voice/sad/1007_DFA_SAD_XX.wav,sad,5
/content/drive/MyDrive/DataSet_Voice/sad/1002_MTI_SAD_XX.wav,sad,5
/content/drive/MyDrive/DataSet_Voice/sad/1005_IEO_SAD_MD.wav,sad,5
/content/drive/MyDrive/DataSet_Voice/sad/1001_IEO_SAD_MD.wav,sad,5
/content/drive/MyDrive/DataSet_Voice/sad/1002_TAI_SAD_XX.wav,sad,5
/content/drive/MyDrive/DataSet_Voice/sad/1008_IEO_SAD_LO.wav,sad,5
/content/drive/MyDrive/DataSet_Voice/sad/1004_IEO_SAD_LO.wav,sad,5
/content/drive/MyDrive/DataSet_Voice/sad/1001_WSI_SAD_XX.wav,sad,5
/content/drive/MyDrive/DataSet_Voice/sad/1007_WSI_SAD_XX.wav,sad,5
/content/drive/MyDrive/DataSet_Voice/sad/1005_DFA_SAD_XX.wav,sad,5
/content/drive/MyDrive/DataSet_Voice/sad/1006_TAI_SAD_XX.wav,sad,5
/content/drive/MyDrive/DataSet_Voice/sad/1006_TSI_SAD_XX.wav,sad,5
/content/drive/MyDrive/DataSet_Voice/sad/1002_IWL_SAD_XX.wav,sad,5
/content/drive/MyDrive/DataSet_Voice/sad/1014_TAI_SAD_XX.wav,sad,5
/content/drive/MyDrive/DataSet_Voice/sad/1018_TSI_SAD_XX.wav,sad,5
/content/drive/MyDrive/DataSet_Voice/sad/1015_WSI_SAD_XX.wav,sad,5
/content/drive/MyDrive/DataSet_Voice/sad/1009_IEO_SAD_MD.wav,sad,5
/content/drive/MyDrive/DataSet_Voice/sad/1016_ITH_SAD_XX.wav,sad,5
/content/drive/MyDrive/DataSet_Voice/sad/1011_IOM_SAD_XX.wav,sad,5
/content/drive/MyDrive/DataSet_Voice/sad/1026_MTI_SAD_XX.wav,sad,5
/content/drive/MyDrive/DataSet_Voice/sad/1013_TAI_SAD_XX.wav,sad,5
/content/drive/MyDrive/DataSet_Voice/sad/1022_IEO_SAD_LO.wav,sad,5
/content/drive/MyDrive/DataSet_Voice/sad/1016_TAI_SAD_XX.wav,sad,5
/content/drive/MyDrive/DataSet_Voice/sad/1022_ITS_SAD_XX.wav,sad,5
/content/drive/MyDrive/DataSet_Voice/sad/1022_TAI_SAD_XX.wav,sad,5
/content/drive/MyDrive/DataSet_Voice/sad/1013_ITS_SAD_XX.wav,sad,5
/content/drive/MyDrive/DataSet_Voice/sad/1023_TAI_SAD_XX.wav,sad,5
/content/drive/MyDrive/DataSet_Voice/sad/1018_TIE_SAD_XX.wav,sad,5
/content/drive/MyDrive/DataSet_Voice/sad/1017_IEO_SAD_HI.wav,sad,5
/content/drive/MyDrive/DataSet_Voice/sad/1020_IEO_SAD_MD.wav,sad,5
/content/drive/MyDrive/DataSet_Voice/sad/1016_TIE_SAD_XX.wav,sad,5
/content/drive/MyDrive/DataSet_Voice/sad/1021_WSI_SAD_XX.wav,sad,5
/content/drive/MyDrive/DataSet_Voice/sad/1014_WSI_SAD_XX.wav,sad,5
/content/drive/MyDrive/DataSet_Voice/sad/1023_ITH_SAD_XX.wav,sad,5
/content/drive/MyDrive/DataSet_Voice/sad/1026_ITH_SAD_XX.wav,sad,5
/content/drive/MyDrive/DataSet_Voice/sad/1016_DFA_SAD_XX.wav,sad,5
/content/drive/MyDrive/DataSet_Voice/sad/1010_ITH_SAD_XX.wav,sad,5
/content/drive/MyDrive/DataSet_Voice/sad/1023_DFA_SAD_XX.wav,sad,5
/content/drive/MyDrive/DataSet_Voice/sad/1015_IEO_SAD_HI.wav,sad,5
/content/drive/MyDrive/DataSet_Voice/sad/1013_IWL_SAD_XX.wav,sad,5
/content/drive/MyDrive/DataSet_Voice/sad/1020_TAI_SAD_XX.wav,sad,5
/content/drive/MyDrive/DataSet_Voice/sad/1013_IEO_SAD_MD.wav,sad,5
/content/drive/MyDrive/DataSet_Voice/sad/1025_MTI_SAD_XX.wav,sad,5
/content/drive/MyDrive/DataSet_Voice/sad/1022_WSI_SAD_XX.wav,sad,5
/content/drive/MyDrive/DataSet_Voice/sad/1025_TSI_SAD_XX.wav,sad,5
/content/drive/MyDrive/DataSet_Voice/sad/1014_IEO_SAD_MD.wav,sad,5
/content/drive/MyDrive/DataSet_Voice/sad/1017_TSI_SAD_XX.wav,sad,5
/content/drive/MyDrive/DataSet_Voice/sad/1013_TSI_SAD_XX.wav,sad,5
/content/drive/MyDrive/DataSet_Voice/sad/1025_ITH_SAD_XX.wav,sad,5
/content/drive/MyDrive/DataSet_Voice/sad/1022_IWL_SAD_XX.wav,sad,5
/content/drive/MyDrive/DataSet_Voice/sad/1021_IWW_SAD_XX.wav,sad,5
/content/drive/MyDrive/DataSet_Voice/sad/1020_MTI_SAD_XX.wav,sad,5
/content/drive/MyDrive/DataSet_Voice/sad/1020_IWL_SAD_XX.wav,sad,5
/content/drive/MyDrive/DataSet_Voice/sad/1020_ITH_SAD_XX.wav,sad,5
/content/drive/MyDrive/DataSet_Voice/sad/1018_ITS_SAD_XX.wav,sad,5
/content/drive/MyDrive/DataSet_Voice/sad/1012_IEO_SAD_LO.wav,sad,5
/content/drive/MyDrive/DataSet_Voice/sad/1014_DFA_SAD_XX.wav,sad,5
/content/drive/MyDrive/DataSet_Voice/sad/1019_IWL_SAD_XX.wav,sad,5
/content/drive/MyDrive/DataSet_Voice/sad/1028_IEO_SAD_HI.wav,sad,5
/content/drive/MyDrive/DataSet_Voice/sad/1027_TIE_SAD_XX.wav,sad,5
/content/drive/MyDrive/DataSet_Voice/sad/1017_IEO_SAD_MD.wav,sad,5
/content/drive/MyDrive/DataSet_Voice/sad/1013_IEO_SAD_LO.wav,sad,5
/content/drive/MyDrive/DataSet_Voice/sad/1009_WSI_SAD_XX.wav,sad,5
/content/drive/MyDrive/DataSet_Voice/sad/1022_DFA_SAD_XX.wav,sad,5
/content/drive/MyDrive/DataSet_Voice/sad/1015_TAI_SAD_XX.wav,sad,5
/content/drive/MyDrive/DataSet_Voice/sad/1016_ITS_SAD_XX.wav,sad,5
/content/drive/MyDrive/DataSet_Voice/sad/1010_TIE_SAD_XX.wav,sad,5
/content/drive/MyDrive/DataSet_Voice/sad/1018_IEO_SAD_LO.wav,sad,5
/content/drive/MyDrive/DataSet_Voice/sad/1019_IEO_SAD_HI.wav,sad,5
/content/drive/MyDrive/DataSet_Voice/sad/1012_ITH_SAD_XX.wav,sad,5
/content/drive/MyDrive/DataSet_Voice/sad/1019_MTI_SAD_XX.wav,sad,5
/content/drive/MyDrive/DataSet_Voice/sad/1025_WSI_SAD_XX.wav,sad,5
/content/drive/MyDrive/DataSet_Voice/sad/1024_TSI_SAD_XX.wav,sad,5
/content/drive/MyDrive/DataSet_Voice/sad/1019_TIE_SAD_XX.wav,sad,5
/content/drive/MyDrive/DataSet_Voice/sad/1021_ITS_SAD_XX.wav,sad,5
/content/drive/MyDrive/DataSet_Voice/sad/1009_TSI_SAD_XX.wav,sad,5
/content/drive/MyDrive/DataSet_Voice/sad/1016_TSI_SAD_XX.wav,sad,5
/content/drive/MyDrive/DataSet_Voice/sad/1024_IEO_SAD_HI.wav,sad,5
/content/drive/MyDrive/DataSet_Voice/sad/1027_TAI_SAD_XX.wav,sad,5
/content/drive/MyDrive/DataSet_Voice/sad/1013_IEO_SAD_HI.wav,sad,5
/content/drive/MyDrive/DataSet_Voice/sad/1020_ITS_SAD_XX.wav,sad,5
/content/drive/MyDrive/DataSet_Voice/sad/1023_IEO_SAD_MD.wav,sad,5
/content/drive/MyDrive/DataSet_Voice/sad/1016_WSI_SAD_XX.wav,sad,5
/content/drive/MyDrive/DataSet_Voice/sad/1019_WSI_SAD_XX.wav,sad,5
/content/drive/MyDrive/DataSet_Voice/sad/1009_ITH_SAD_XX.wav,sad,5
/content/drive/MyDrive/DataSet_Voice/sad/1023_WSI_SAD_XX.wav,sad,5
/content/drive/MyDrive/DataSet_Voice/sad/1018_IOM_SAD_XX.wav,sad,5
/content/drive/MyDrive/DataSet_Voice/sad/1013_IOM_SAD_XX.wav,sad,5
/content/drive/MyDrive/DataSet_Voice/sad/1024_MTI_SAD_XX.wav,sad,5
/content/drive/MyDrive/DataSet_Voice/sad/1026_TSI_SAD_XX.wav,sad,5
/content/drive/MyDrive/DataSet_Voice/sad/1013_WSI_SAD_XX.wav,sad,5
/content/drive/MyDrive/DataSet_Voice/sad/1014_IWL_SAD_XX.wav,sad,5
/content/drive/MyDrive/DataSet_Voice/sad/1015_IOM_SAD_XX.wav,sad,5
/content/drive/MyDrive/DataSet_Voice/sad/1020_WSI_SAD_XX.wav,sad,5
/content/drive/MyDrive/DataSet_Voice/sad/1018_IEO_SAD_MD.wav,sad,5
/content/drive/MyDrive/DataSet_Voice/sad/1024_ITH_SAD_XX.wav,sad,5
/content/drive/MyDrive/DataSet_Voice/sad/1018_TAI_SAD_XX.wav,sad,5
/content/drive/MyDrive/DataSet_Voice/sad/1012_IWW_SAD_XX.wav,sad,5
/content/drive/MyDrive/DataSet_Voice/sad/1022_IOM_SAD_XX.wav,sad,5
/content/drive/MyDrive/DataSet_Voice/sad/1012_DFA_SAD_XX.wav,sad,5
/content/drive/MyDrive/DataSet_Voice/sad/1025_IEO_SAD_LO.wav,sad,5
/content/drive/MyDrive/DataSet_Voice/sad/1011_DFA_SAD_XX.wav,sad,5
/content/drive/MyDrive/DataSet_Voice/sad/1024_ITS_SAD_XX.wav,sad,5
/content/drive/MyDrive/DataSet_Voice/sad/1016_IEO_SAD_LO.wav,sad,5
/content/drive/MyDrive/DataSet_Voice/sad/1027_IWL_SAD_XX.wav,sad,5
/content/drive/MyDrive/DataSet_Voice/sad/1025_TIE_SAD_XX.wav,sad,5
/content/drive/MyDrive/DataSet_Voice/sad/1020_IEO_SAD_HI.wav,sad,5
/content/drive/MyDrive/DataSet_Voice/sad/1021_IEO_SAD_MD.wav,sad,5
/content/drive/MyDrive/DataSet_Voice/sad/1020_IEO_SAD_LO.wav,sad,5
/content/drive/MyDrive/DataSet_Voice/sad/1021_IEO_SAD_LO.wav,sad,5
/content/drive/MyDrive/DataSet_Voice/sad/1025_IOM_SAD_XX.wav,sad,5
/content/drive/MyDrive/DataSet_Voice/sad/1011_TAI_SAD_XX.wav,sad,5
/content/drive/MyDrive/DataSet_Voice/sad/1017_IWL_SAD_XX.wav,sad,5
/content/drive/MyDrive/DataSet_Voice/sad/1022_IEO_SAD_HI.wav,sad,5
/content/drive/MyDrive/DataSet_Voice/sad/1012_TSI_SAD_XX.wav,sad,5
/content/drive/MyDrive/DataSet_Voice/sad/1017_DFA_SAD_XX.wav,sad,5
/content/drive/MyDrive/DataSet_Voice/sad/1016_MTI_SAD_XX.wav,sad,5
/content/drive/MyDrive/DataSet_Voice/sad/1016_IEO_SAD_MD.wav,sad,5
/content/drive/MyDrive/DataSet_Voice/sad/1021_IOM_SAD_XX.wav,sad,5
/content/drive/MyDrive/DataSet_Voice/sad/1012_TIE_SAD_XX.wav,sad,5
/content/drive/MyDrive/DataSet_Voice/sad/1024_IOM_SAD_XX.wav,sad,5
/content/drive/MyDrive/DataSet_Voice/sad/1023_IEO_SAD_LO.wav,sad,5
/content/drive/MyDrive/DataSet_Voice/sad/1015_ITS_SAD_XX.wav,sad,5
/content/drive/MyDrive/DataSet_Voice/sad/1025_TAI_SAD_XX.wav,sad,5
/content/drive/MyDrive/DataSet_Voice/sad/1012_MTI_SAD_XX.wav,sad,5
/content/drive/MyDrive/DataSet_Voice/sad/1011_IWL_SAD_XX.wav,sad,5
/content/drive/MyDrive/DataSet_Voice/sad/1024_IEO_SAD_MD.wav,sad,5
/content/drive/MyDrive/DataSet_Voice/sad/1012_WSI_SAD_XX.wav,sad,5
/content/drive/MyDrive/DataSet_Voice/sad/1010_WSI_SAD_XX.wav,sad,5
/content/drive/MyDrive/DataSet_Voice/sad/1015_DFA_SAD_XX.wav,sad,5
/content/drive/MyDrive/DataSet_Voice/sad/1010_IOM_SAD_XX.wav,sad,5
/content/drive/MyDrive/DataSet_Voice/sad/1015_IWW_SAD_XX.wav,sad,5
/content/drive/MyDrive/DataSet_Voice/sad/1020_TIE_SAD_XX.wav,sad,5
/content/drive/MyDrive/DataSet_Voice/sad/1024_IWL_SAD_XX.wav,sad,5
/content/drive/MyDrive/DataSet_Voice/sad/1014_IWW_SAD_XX.wav,sad,5
/content/drive/MyDrive/DataSet_Voice/sad/1010_IEO_SAD_MD.wav,sad,5
/content/drive/MyDrive/DataSet_Voice/sad/1024_TAI_SAD_XX.wav,sad,5
/content/drive/MyDrive/DataSet_Voice/sad/1019_DFA_SAD_XX.wav,sad,5
/content/drive/MyDrive/DataSet_Voice/sad/1010_IWL_SAD_XX.wav,sad,5
/content/drive/MyDrive/DataSet_Voice/sad/1010_TSI_SAD_XX.wav,sad,5
/content/drive/MyDrive/DataSet_Voice/sad/1015_IEO_SAD_MD.wav,sad,5
/content/drive/MyDrive/DataSet_Voice/sad/1026_IEO_SAD_LO.wav,sad,5
/content/drive/MyDrive/DataSet_Voice/sad/1022_TIE_SAD_XX.wav,sad,5
/content/drive/MyDrive/DataSet_Voice/sad/1027_MTI_SAD_XX.wav,sad,5
/content/drive/MyDrive/DataSet_Voice/sad/1019_TSI_SAD_XX.wav,sad,5
/content/drive/MyDrive/DataSet_Voice/sad/1027_IEO_SAD_LO.wav,sad,5
/content/drive/MyDrive/DataSet_Voice/sad/1015_IWL_SAD_XX.wav,sad,5
/content/drive/MyDrive/DataSet_Voice/sad/1022_TSI_SAD_XX.wav,sad,5
/content/drive/MyDrive/DataSet_Voice/sad/1009_IWW_SAD_XX.wav,sad,5
/content/drive/MyDrive/DataSet_Voice/sad/1010_IWW_SAD_XX.wav,sad,5
/content/drive/MyDrive/DataSet_Voice/sad/1021_IWL_SAD_XX.wav,sad,5
/content/drive/MyDrive/DataSet_Voice/sad/1026_WSI_SAD_XX.wav,sad,5
/content/drive/MyDrive/DataSet_Voice/sad/1015_IEO_SAD_LO.wav,sad,5
/content/drive/MyDrive/DataSet_Voice/sad/1014_ITH_SAD_XX.wav,sad,5
/content/drive/MyDrive/DataSet_Voice/sad/1012_IOM_SAD_XX.wav,sad,5
/content/drive/MyDrive/DataSet_Voice/sad/1020_IOM_SAD_XX.wav,sad,5
/content/drive/MyDrive/DataSet_Voice/sad/1027_TSI_SAD_XX.wav,sad,5
/content/drive/MyDrive/DataSet_Voice/sad/1026_IEO_SAD_HI.wav,sad,5
/content/drive/MyDrive/DataSet_Voice/sad/1017_MTI_SAD_XX.wav,sad,5
/content/drive/MyDrive/DataSet_Voice/sad/1009_TIE_SAD_XX.wav,sad,5
/content/drive/MyDrive/DataSet_Voice/sad/1019_IEO_SAD_MD.wav,sad,5
/content/drive/MyDrive/DataSet_Voice/sad/1011_IEO_SAD_MD.wav,sad,5
/content/drive/MyDrive/DataSet_Voice/sad/1014_IEO_SAD_LO.wav,sad,5
/content/drive/MyDrive/DataSet_Voice/sad/1014_MTI_SAD_XX.wav,sad,5
/content/drive/MyDrive/DataSet_Voice/sad/1015_MTI_SAD_XX.wav,sad,5
/content/drive/MyDrive/DataSet_Voice/sad/1009_IWL_SAD_XX.wav,sad,5
/content/drive/MyDrive/DataSet_Voice/sad/1015_ITH_SAD_XX.wav,sad,5
/content/drive/MyDrive/DataSet_Voice/sad/1011_ITS_SAD_XX.wav,sad,5
/content/drive/MyDrive/DataSet_Voice/sad/1021_MTI_SAD_XX.wav,sad,5
/content/drive/MyDrive/DataSet_Voice/sad/1024_IEO_SAD_LO.wav,sad,5
/content/drive/MyDrive/DataSet_Voice/sad/1010_IEO_SAD_LO.wav,sad,5
/content/drive/MyDrive/DataSet_Voice/sad/1021_IEO_SAD_HI.wav,sad,5
/content/drive/MyDrive/DataSet_Voice/sad/1013_MTI_SAD_XX.wav,sad,5
/content/drive/MyDrive/DataSet_Voice/sad/1014_TIE_SAD_XX.wav,sad,5
/content/drive/MyDrive/DataSet_Voice/sad/1019_IOM_SAD_XX.wav,sad,5
/content/drive/MyDrive/DataSet_Voice/sad/1026_IWL_SAD_XX.wav,sad,5
/content/drive/MyDrive/DataSet_Voice/sad/1025_ITS_SAD_XX.wav,sad,5
/content/drive/MyDrive/DataSet_Voice/sad/1023_IWL_SAD_XX.wav,sad,5
/content/drive/MyDrive/DataSet_Voice/sad/1011_IEO_SAD_LO.wav,sad,5
/content/drive/MyDrive/DataSet_Voice/sad/1027_ITH_SAD_XX.wav,sad,5
/content/drive/MyDrive/DataSet_Voice/sad/1017_IWW_SAD_XX.wav,sad,5
/content/drive/MyDrive/DataSet_Voice/sad/1016_IWW_SAD_XX.wav,sad,5
/content/drive/MyDrive/DataSet_Voice/sad/1026_IWW_SAD_XX.wav,sad,5
/content/drive/MyDrive/DataSet_Voice/sad/1020_IWW_SAD_XX.wav,sad,5
/content/drive/MyDrive/DataSet_Voice/sad/1013_TIE_SAD_XX.wav,sad,5
/content/drive/MyDrive/DataSet_Voice/sad/1026_ITS_SAD_XX.wav,sad,5
/content/drive/MyDrive/DataSet_Voice/sad/1021_DFA_SAD_XX.wav,sad,5
/content/drive/MyDrive/DataSet_Voice/sad/1024_IWW_SAD_XX.wav,sad,5
/content/drive/MyDrive/DataSet_Voice/sad/1024_TIE_SAD_XX.wav,sad,5
/content/drive/MyDrive/DataSet_Voice/sad/1009_IEO_SAD_HI.wav,sad,5
/content/drive/MyDrive/DataSet_Voice/sad/1019_ITS_SAD_XX.wav,sad,5
/content/drive/MyDrive/DataSet_Voice/sad/1020_DFA_SAD_XX.wav,sad,5
/content/drive/MyDrive/DataSet_Voice/sad/1027_WSI_SAD_XX.wav,sad,5
/content/drive/MyDrive/DataSet_Voice/sad/1011_MTI_SAD_XX.wav,sad,5
/content/drive/MyDrive/DataSet_Voice/sad/1026_TAI_SAD_XX.wav,sad,5
/content/drive/MyDrive/DataSet_Voice/sad/1021_TIE_SAD_XX.wav,sad,5
/content/drive/MyDrive/DataSet_Voice/sad/1026_TIE_SAD_XX.wav,sad,5
/content/drive/MyDrive/DataSet_Voice/sad/1013_IWW_SAD_XX.wav,sad,5
/content/drive/MyDrive/DataSet_Voice/sad/1024_WSI_SAD_XX.wav,sad,5
/content/drive/MyDrive/DataSet_Voice/sad/1010_TAI_SAD_XX.wav,sad,5
/content/drive/MyDrive/DataSet_Voice/sad/1027_IEO_SAD_HI.wav,sad,5
/content/drive/MyDrive/DataSet_Voice/sad/1023_ITS_SAD_XX.wav,sad,5
/content/drive/MyDrive/DataSet_Voice/sad/1017_ITS_SAD_XX.wav,sad,5
/content/drive/MyDrive/DataSet_Voice/sad/1010_DFA_SAD_XX.wav,sad,5
/content/drive/MyDrive/DataSet_Voice/sad/1021_ITH_SAD_XX.wav,sad,5
/content/drive/MyDrive/DataSet_Voice/sad/1014_TSI_SAD_XX.wav,sad,5
/content/drive/MyDrive/DataSet_Voice/sad/1018_IWW_SAD_XX.wav,sad,5
/content/drive/MyDrive/DataSet_Voice/sad/1025_DFA_SAD_XX.wav,sad,5
/content/drive/MyDrive/DataSet_Voice/sad/1017_IEO_SAD_LO.wav,sad,5
/content/drive/MyDrive/DataSet_Voice/sad/1009_ITS_SAD_XX.wav,sad,5
/content/drive/MyDrive/DataSet_Voice/sad/1017_TAI_SAD_XX.wav,sad,5
/content/drive/MyDrive/DataSet_Voice/sad/1023_TSI_SAD_XX.wav,sad,5
/content/drive/MyDrive/DataSet_Voice/sad/1023_IWW_SAD_XX.wav,sad,5
/content/drive/MyDrive/DataSet_Voice/sad/1021_TSI_SAD_XX.wav,sad,5
/content/drive/MyDrive/DataSet_Voice/sad/1027_DFA_SAD_XX.wav,sad,5
/content/drive/MyDrive/DataSet_Voice/sad/1026_DFA_SAD_XX.wav,sad,5
/content/drive/MyDrive/DataSet_Voice/sad/1024_DFA_SAD_XX.wav,sad,5
/content/drive/MyDrive/DataSet_Voice/sad/1018_ITH_SAD_XX.wav,sad,5
/content/drive/MyDrive/DataSet_Voice/sad/1025_IEO_SAD_MD.wav,sad,5
/content/drive/MyDrive/DataSet_Voice/sad/1017_IOM_SAD_XX.wav,sad,5
/content/drive/MyDrive/DataSet_Voice/sad/1027_IOM_SAD_XX.wav,sad,5
/content/drive/MyDrive/DataSet_Voice/sad/1017_ITH_SAD_XX.wav,sad,5
/content/drive/MyDrive/DataSet_Voice/sad/1027_IEO_SAD_MD.wav,sad,5
/content/drive/MyDrive/DataSet_Voice/sad/1017_WSI_SAD_XX.wav,sad,5
/content/drive/MyDrive/DataSet_Voice/sad/1009_DFA_SAD_XX.wav,sad,5
/content/drive/MyDrive/DataSet_Voice/sad/1016_IEO_SAD_HI.wav,sad,5
/content/drive/MyDrive/DataSet_Voice/sad/1025_IWW_SAD_XX.wav,sad,5
/content/drive/MyDrive/DataSet_Voice/sad/1023_MTI_SAD_XX.wav,sad,5
/content/drive/MyDrive/DataSet_Voice/sad/1018_DFA_SAD_XX.wav,sad,5
/content/drive/MyDrive/DataSet_Voice/sad/1018_IEO_SAD_HI.wav,sad,5
/content/drive/MyDrive/DataSet_Voice/sad/1015_TSI_SAD_XX.wav,sad,5
/content/drive/MyDrive/DataSet_Voice/sad/1023_TIE_SAD_XX.wav,sad,5
/content/drive/MyDrive/DataSet_Voice/sad/1011_IEO_SAD_HI.wav,sad,5
/content/drive/MyDrive/DataSet_Voice/sad/1027_ITS_SAD_XX.wav,sad,5
/content/drive/MyDrive/DataSet_Voice/sad/1017_TIE_SAD_XX.wav,sad,5
/content/drive/MyDrive/DataSet_Voice/sad/1018_IWL_SAD_XX.wav,sad,5
/content/drive/MyDrive/DataSet_Voice/sad/1014_IOM_SAD_XX.wav,sad,5
/content/drive/MyDrive/DataSet_Voice/sad/1020_TSI_SAD_XX.wav,sad,5
/content/drive/MyDrive/DataSet_Voice/sad/1019_TAI_SAD_XX.wav,sad,5
/content/drive/MyDrive/DataSet_Voice/sad/1023_IOM_SAD_XX.wav,sad,5
/content/drive/MyDrive/DataSet_Voice/sad/1026_IOM_SAD_XX.wav,sad,5
/content/drive/MyDrive/DataSet_Voice/sad/1025_IWL_SAD_XX.wav,sad,5
/content/drive/MyDrive/DataSet_Voice/sad/1010_MTI_SAD_XX.wav,sad,5
/content/drive/MyDrive/DataSet_Voice/sad/1026_IEO_SAD_MD.wav,sad,5
/content/drive/MyDrive/DataSet_Voice/sad/1022_IEO_SAD_MD.wav,sad,5
/content/drive/MyDrive/DataSet_Voice/sad/1012_IWL_SAD_XX.wav,sad,5
/content/drive/MyDrive/DataSet_Voice/sad/1022_ITH_SAD_XX.wav,sad,5
/content/drive/MyDrive/DataSet_Voice/sad/1021_TAI_SAD_XX.wav,sad,5
/content/drive/MyDrive/DataSet_Voice/sad/1016_IWL_SAD_XX.wav,sad,5
/content/drive/MyDrive/DataSet_Voice/sad/1022_MTI_SAD_XX.wav,sad,5
/content/drive/MyDrive/DataSet_Voice/sad/1010_IEO_SAD_HI.wav,sad,5
/content/drive/MyDrive/DataSet_Voice/sad/1018_MTI_SAD_XX.wav,sad,5
/content/drive/MyDrive/DataSet_Voice/sad/1016_IOM_SAD_XX.wav,sad,5
/content/drive/MyDrive/DataSet_Voice/sad/1015_TIE_SAD_XX.wav,sad,5
/content/drive/MyDrive/DataSet_Voice/sad/1009_TAI_SAD_XX.wav,sad,5
/content/drive/MyDrive/DataSet_Voice/sad/1025_IEO_SAD_HI.wav,sad,5
/content/drive/MyDrive/DataSet_Voice/sad/1009_IOM_SAD_XX.wav,sad,5
/content/drive/MyDrive/DataSet_Voice/sad/1028_DFA_SAD_XX.wav,sad,5
/content/drive/MyDrive/DataSet_Voice/sad/1011_WSI_SAD_XX.wav,sad,5
/content/drive/MyDrive/DataSet_Voice/sad/1012_IEO_SAD_MD.wav,sad,5
/content/drive/MyDrive/DataSet_Voice/sad/1014_ITS_SAD_XX.wav,sad,5
/content/drive/MyDrive/DataSet_Voice/sad/1013_DFA_SAD_XX.wav,sad,5
/content/drive/MyDrive/DataSet_Voice/sad/1019_IWW_SAD_XX.wav,sad,5
/content/drive/MyDrive/DataSet_Voice/sad/1013_ITH_SAD_XX.wav,sad,5
/content/drive/MyDrive/DataSet_Voice/sad/1027_IWW_SAD_XX.wav,sad,5
/content/drive/MyDrive/DataSet_Voice/sad/1011_TSI_SAD_XX.wav,sad,5
/content/drive/MyDrive/DataSet_Voice/sad/1010_ITS_SAD_XX.wav,sad,5
/content/drive/MyDrive/DataSet_Voice/sad/1011_IWW_SAD_XX.wav,sad,5
/content/drive/MyDrive/DataSet_Voice/sad/1022_IWW_SAD_XX.wav,sad,5
/content/drive/MyDrive/DataSet_Voice/sad/1018_WSI_SAD_XX.wav,sad,5
/content/drive/MyDrive/DataSet_Voice/sad/1019_IEO_SAD_LO.wav,sad,5
/content/drive/MyDrive/DataSet_Voice/sad/1014_IEO_SAD_HI.wav,sad,5
/content/drive/MyDrive/DataSet_Voice/sad/1011_TIE_SAD_XX.wav,sad,5
/content/drive/MyDrive/DataSet_Voice/sad/1011_ITH_SAD_XX.wav,sad,5
/content/drive/MyDrive/DataSet_Voice/sad/1012_ITS_SAD_XX.wav,sad,5
/content/drive/MyDrive/DataSet_Voice/sad/1023_IEO_SAD_HI.wav,sad,5
/content/drive/MyDrive/DataSet_Voice/sad/1009_IEO_SAD_LO.wav,sad,5
/content/drive/MyDrive/DataSet_Voice/sad/1012_TAI_SAD_XX.wav,sad,5
/content/drive/MyDrive/DataSet_Voice/sad/1012_IEO_SAD_HI.wav,sad,5
/content/drive/MyDrive/DataSet_Voice/sad/1033_IEO_SAD_MD.wav,sad,5
/content/drive/MyDrive/DataSet_Voice/sad/1038_IEO_SAD_LO.wav,sad,5
/content/drive/MyDrive/DataSet_Voice/sad/1031_TSI_SAD_XX.wav,sad,5
/content/drive/MyDrive/DataSet_Voice/sad/1042_WSI_SAD_XX.wav,sad,5
/content/drive/MyDrive/DataSet_Voice/sad/1036_IEO_SAD_HI.wav,sad,5
/content/drive/MyDrive/DataSet_Voice/sad/1034_WSI_SAD_XX.wav,sad,5
/content/drive/MyDrive/DataSet_Voice/sad/1044_DFA_SAD_XX.wav,sad,5
/content/drive/MyDrive/DataSet_Voice/sad/1036_TSI_SAD_XX.wav,sad,5
/content/drive/MyDrive/DataSet_Voice/sad/1035_TAI_SAD_XX.wav,sad,5
/content/drive/MyDrive/DataSet_Voice/sad/1031_IEO_SAD_LO.wav,sad,5
/content/drive/MyDrive/DataSet_Voice/sad/1043_TSI_SAD_XX.wav,sad,5
/content/drive/MyDrive/DataSet_Voice/sad/1036_MTI_SAD_XX.wav,sad,5
/content/drive/MyDrive/DataSet_Voice/sad/1031_IWW_SAD_XX.wav,sad,5
/content/drive/MyDrive/DataSet_Voice/sad/1045_DFA_SAD_XX.wav,sad,5
/content/drive/MyDrive/DataSet_Voice/sad/1029_DFA_SAD_XX.wav,sad,5
/content/drive/MyDrive/DataSet_Voice/sad/1030_IEO_SAD_HI.wav,sad,5
/content/drive/MyDrive/DataSet_Voice/sad/1041_TAI_SAD_XX.wav,sad,5
/content/drive/MyDrive/DataSet_Voice/sad/1032_MTI_SAD_XX.wav,sad,5
/content/drive/MyDrive/DataSet_Voice/sad/1042_TIE_SAD_XX.wav,sad,5
/content/drive/MyDrive/DataSet_Voice/sad/1046_ITS_SAD_XX.wav,sad,5
/content/drive/MyDrive/DataSet_Voice/sad/1044_ITH_SAD_XX.wav,sad,5
/content/drive/MyDrive/DataSet_Voice/sad/1029_IEO_SAD_HI.wav,sad,5
/content/drive/MyDrive/DataSet_Voice/sad/1040_ITS_SAD_XX.wav,sad,5
/content/drive/MyDrive/DataSet_Voice/sad/1043_ITS_SAD_XX.wav,sad,5
/content/drive/MyDrive/DataSet_Voice/sad/1036_WSI_SAD_XX.wav,sad,5
/content/drive/MyDrive/DataSet_Voice/sad/1041_ITH_SAD_XX.wav,sad,5
/content/drive/MyDrive/DataSet_Voice/sad/1041_IEO_SAD_MD.wav,sad,5
/content/drive/MyDrive/DataSet_Voice/sad/1042_IWL_SAD_XX.wav,sad,5
/content/drive/MyDrive/DataSet_Voice/sad/1030_IEO_SAD_LO.wav,sad,5
/content/drive/MyDrive/DataSet_Voice/sad/1042_TSI_SAD_XX.wav,sad,5
/content/drive/MyDrive/DataSet_Voice/sad/1031_DFA_SAD_XX.wav,sad,5
/content/drive/MyDrive/DataSet_Voice/sad/1040_TSI_SAD_XX.wav,sad,5
/content/drive/MyDrive/DataSet_Voice/sad/1042_MTI_SAD_XX.wav,sad,5
/content/drive/MyDrive/DataSet_Voice/sad/1033_TAI_SAD_XX.wav,sad,5
/content/drive/MyDrive/DataSet_Voice/sad/1028_WSI_SAD_XX.wav,sad,5
/content/drive/MyDrive/DataSet_Voice/sad/1043_TAI_SAD_XX.wav,sad,5
/content/drive/MyDrive/DataSet_Voice/sad/1039_IEO_SAD_MD.wav,sad,5
/content/drive/MyDrive/DataSet_Voice/sad/1045_TIE_SAD_XX.wav,sad,5
/content/drive/MyDrive/DataSet_Voice/sad/1031_IEO_SAD_MD.wav,sad,5
/content/drive/MyDrive/DataSet_Voice/sad/1038_IEO_SAD_MD.wav,sad,5
/content/drive/MyDrive/DataSet_Voice/sad/1040_WSI_SAD_XX.wav,sad,5
/content/drive/MyDrive/DataSet_Voice/sad/1029_IOM_SAD_XX.wav,sad,5
/content/drive/MyDrive/DataSet_Voice/sad/1037_IWL_SAD_XX.wav,sad,5
/content/drive/MyDrive/DataSet_Voice/sad/1045_IOM_SAD_XX.wav,sad,5
/content/drive/MyDrive/DataSet_Voice/sad/1038_TIE_SAD_XX.wav,sad,5
/content/drive/MyDrive/DataSet_Voice/sad/1045_IWL_SAD_XX.wav,sad,5
/content/drive/MyDrive/DataSet_Voice/sad/1037_TIE_SAD_XX.wav,sad,5
/content/drive/MyDrive/DataSet_Voice/sad/1036_TAI_SAD_XX.wav,sad,5
/content/drive/MyDrive/DataSet_Voice/sad/1044_IWL_SAD_XX.wav,sad,5
/content/drive/MyDrive/DataSet_Voice/sad/1030_MTI_SAD_XX.wav,sad,5
/content/drive/MyDrive/DataSet_Voice/sad/1044_IWW_SAD_XX.wav,sad,5
/content/drive/MyDrive/DataSet_Voice/sad/1041_IEO_SAD_LO.wav,sad,5
/content/drive/MyDrive/DataSet_Voice/sad/1035_MTI_SAD_XX.wav,sad,5
/content/drive/MyDrive/DataSet_Voice/sad/1042_TAI_SAD_XX.wav,sad,5
/content/drive/MyDrive/DataSet_Voice/sad/1030_TIE_SAD_XX.wav,sad,5
/content/drive/MyDrive/DataSet_Voice/sad/1041_DFA_SAD_XX.wav,sad,5
/content/drive/MyDrive/DataSet_Voice/sad/1029_ITH_SAD_XX.wav,sad,5
/content/drive/MyDrive/DataSet_Voice/sad/1040_IEO_SAD_MD.wav,sad,5
/content/drive/MyDrive/DataSet_Voice/sad/1040_MTI_SAD_XX.wav,sad,5
/content/drive/MyDrive/DataSet_Voice/sad/1046_IWW_SAD_XX.wav,sad,5
/content/drive/MyDrive/DataSet_Voice/sad/1038_DFA_SAD_XX.wav,sad,5
/content/drive/MyDrive/DataSet_Voice/sad/1038_IEO_SAD_HI.wav,sad,5
/content/drive/MyDrive/DataSet_Voice/sad/1033_IWL_SAD_XX.wav,sad,5
/content/drive/MyDrive/DataSet_Voice/sad/1028_IWL_SAD_XX.wav,sad,5
/content/drive/MyDrive/DataSet_Voice/sad/1038_MTI_SAD_XX.wav,sad,5
/content/drive/MyDrive/DataSet_Voice/sad/1045_IEO_SAD_HI.wav,sad,5
/content/drive/MyDrive/DataSet_Voice/sad/1036_TIE_SAD_XX.wav,sad,5
/content/drive/MyDrive/DataSet_Voice/sad/1040_ITH_SAD_X.wav,sad,5
/content/drive/MyDrive/DataSet_Voice/sad/1030_IOM_SAD_XX.wav,sad,5
/content/drive/MyDrive/DataSet_Voice/sad/1030_IWL_SAD_XX.wav,sad,5
/content/drive/MyDrive/DataSet_Voice/sad/1045_MTI_SAD_XX.wav,sad,5
/content/drive/MyDrive/DataSet_Voice/sad/1043_MTI_SAD_XX.wav,sad,5
/content/drive/MyDrive/DataSet_Voice/sad/1035_ITS_SAD_XX.wav,sad,5
/content/drive/MyDrive/DataSet_Voice/sad/1033_IWW_SAD_XX.wav,sad,5
/content/drive/MyDrive/DataSet_Voice/sad/1045_TAI_SAD_XX.wav,sad,5
/content/drive/MyDrive/DataSet_Voice/sad/1028_ITH_SAD_XX.wav,sad,5
/content/drive/MyDrive/DataSet_Voice/sad/1029_TIE_SAD_XX.wav,sad,5
/content/drive/MyDrive/DataSet_Voice/sad/1029_IEO_SAD_LO.wav,sad,5
/content/drive/MyDrive/DataSet_Voice/sad/1044_TSI_SAD_XX.wav,sad,5
/content/drive/MyDrive/DataSet_Voice/sad/1032_IEO_SAD_HI.wav,sad,5
/content/drive/MyDrive/DataSet_Voice/sad/1031_IWL_SAD_XX.wav,sad,5
/content/drive/MyDrive/DataSet_Voice/sad/1038_WSI_SAD_XX.wav,sad,5
/content/drive/MyDrive/DataSet_Voice/sad/1040_TAI_SAD_XX.wav,sad,5
/content/drive/MyDrive/DataSet_Voice/sad/1037_IEO_SAD_LO.wav,sad,5
/content/drive/MyDrive/DataSet_Voice/sad/1043_IOM_SAD_XX.wav,sad,5
/content/drive/MyDrive/DataSet_Voice/sad/1043_TIE_SAD_XX.wav,sad,5
/content/drive/MyDrive/DataSet_Voice/sad/1036_IEO_SAD_MD.wav,sad,5
/content/drive/MyDrive/DataSet_Voice/sad/1040_IEO_SAD_HI.wav,sad,5
/content/drive/MyDrive/DataSet_Voice/sad/1045_IEO_SAD_MD.wav,sad,5
/content/drive/MyDrive/DataSet_Voice/sad/1029_MTI_SAD_XX.wav,sad,5
/content/drive/MyDrive/DataSet_Voice/sad/1039_WSI_SAD_XX.wav,sad,5
/content/drive/MyDrive/DataSet_Voice/sad/1028_IEO_SAD_MD.wav,sad,5
/content/drive/MyDrive/DataSet_Voice/sad/1029_IEO_SAD_MD.wav,sad,5
/content/drive/MyDrive/DataSet_Voice/sad/1028_MTI_SAD_XX.wav,sad,5
/content/drive/MyDrive/DataSet_Voice/sad/1042_ITS_SAD_XX.wav,sad,5
/content/drive/MyDrive/DataSet_Voice/sad/1035_DFA_SAD_XX.wav,sad,5
/content/drive/MyDrive/DataSet_Voice/sad/1034_TSI_SAD_XX.wav,sad,5
/content/drive/MyDrive/DataSet_Voice/sad/1042_IEO_SAD_MD.wav,sad,5
/content/drive/MyDrive/DataSet_Voice/sad/1037_TAI_SAD_XX.wav,sad,5
/content/drive/MyDrive/DataSet_Voice/sad/1034_ITH_SAD_XX.wav,sad,5
/content/drive/MyDrive/DataSet_Voice/sad/1031_TAI_SAD_XX.wav,sad,5
/content/drive/MyDrive/DataSet_Voice/sad/1030_ITS_SAD_XX.wav,sad,5
/content/drive/MyDrive/DataSet_Voice/sad/1028_TIE_SAD_XX.wav,sad,5
/content/drive/MyDrive/DataSet_Voice/sad/1031_WSI_SAD_XX.wav,sad,5
/content/drive/MyDrive/DataSet_Voice/sad/1035_IOM_SAD_XX.wav,sad,5
/content/drive/MyDrive/DataSet_Voice/sad/1033_IEO_SAD_LO.wav,sad,5
/content/drive/MyDrive/DataSet_Voice/sad/1041_ITS_SAD_XX.wav,sad,5
/content/drive/MyDrive/DataSet_Voice/sad/1036_IWL_SAD_XX.wav,sad,5
/content/drive/MyDrive/DataSet_Voice/sad/1040_DFA_SAD_XX.wav,sad,5
/content/drive/MyDrive/DataSet_Voice/sad/1033_IOM_SAD_XX.wav,sad,5
/content/drive/MyDrive/DataSet_Voice/sad/1030_WSI_SAD_XX.wav,sad,5
/content/drive/MyDrive/DataSet_Voice/sad/1046_IEO_SAD_MD.wav,sad,5
/content/drive/MyDrive/DataSet_Voice/sad/1039_IOM_SAD_XX.wav,sad,5
/content/drive/MyDrive/DataSet_Voice/sad/1045_WSI_SAD_XX.wav,sad,5
/content/drive/MyDrive/DataSet_Voice/sad/1038_TAI_SAD_XX.wav,sad,5
/content/drive/MyDrive/DataSet_Voice/sad/1042_IWW_SAD_XX.wav,sad,5
/content/drive/MyDrive/DataSet_Voice/sad/1035_IEO_SAD_MD.wav,sad,5
/content/drive/MyDrive/DataSet_Voice/sad/1035_WSI_SAD_XX.wav,sad,5
/content/drive/MyDrive/DataSet_Voice/sad/1034_TIE_SAD_XX.wav,sad,5
/content/drive/MyDrive/DataSet_Voice/sad/1046_IEO_SAD_HI.wav,sad,5
/content/drive/MyDrive/DataSet_Voice/sad/1033_TSI_SAD_XX.wav,sad,5
/content/drive/MyDrive/DataSet_Voice/sad/1030_DFA_SAD_XX.wav,sad,5
/content/drive/MyDrive/DataSet_Voice/sad/1039_TIE_SAD_XX.wav,sad,5
/content/drive/MyDrive/DataSet_Voice/sad/1028_IEO_SAD_LO.wav,sad,5
/content/drive/MyDrive/DataSet_Voice/sad/1041_IWW_SAD_XX.wav,sad,5
/content/drive/MyDrive/DataSet_Voice/sad/1038_IWL_SAD_XX.wav,sad,5
/content/drive/MyDrive/DataSet_Voice/sad/1033_DFA_SAD_XX.wav,sad,5
/content/drive/MyDrive/DataSet_Voice/sad/1030_TSI_SAD_XX.wav,sad,5
/content/drive/MyDrive/DataSet_Voice/sad/1030_IWW_SAD_XX.wav,sad,5
/content/drive/MyDrive/DataSet_Voice/sad/1041_IWL_SAD_XX.wav,sad,5
/content/drive/MyDrive/DataSet_Voice/sad/1036_IOM_SAD_XX.wav,sad,5
/content/drive/MyDrive/DataSet_Voice/sad/1043_WSI_SAD_XX.wav,sad,5
/content/drive/MyDrive/DataSet_Voice/sad/1039_IEO_SAD_HI.wav,sad,5
/content/drive/MyDrive/DataSet_Voice/sad/1035_TSI_SAD_XX.wav,sad,5
/content/drive/MyDrive/DataSet_Voice/sad/1029_IWL_SAD_XX.wav,sad,5
/content/drive/MyDrive/DataSet_Voice/sad/1045_IEO_SAD_LO.wav,sad,5
/content/drive/MyDrive/DataSet_Voice/sad/1035_IEO_SAD_LO.wav,sad,5
/content/drive/MyDrive/DataSet_Voice/sad/1035_ITH_SAD_XX.wav,sad,5
/content/drive/MyDrive/DataSet_Voice/sad/1037_IOM_SAD_XX.wav,sad,5
/content/drive/MyDrive/DataSet_Voice/sad/1041_TSI_SAD_XX.wav,sad,5
/content/drive/MyDrive/DataSet_Voice/sad/1036_ITH_SAD_XX.wav,sad,5
/content/drive/MyDrive/DataSet_Voice/sad/1044_TAI_SAD_XX.wav,sad,5
/content/drive/MyDrive/DataSet_Voice/sad/1044_IEO_SAD_HI.wav,sad,5
/content/drive/MyDrive/DataSet_Voice/sad/1044_IEO_SAD_MD.wav,sad,5
/content/drive/MyDrive/DataSet_Voice/sad/1036_IEO_SAD_LO.wav,sad,5
/content/drive/MyDrive/DataSet_Voice/sad/1046_DFA_SAD_XX.wav,sad,5
/content/drive/MyDrive/DataSet_Voice/sad/1045_IWW_SAD_XX.wav,sad,5
/content/drive/MyDrive/DataSet_Voice/sad/1032_IWL_SAD_XX.wav,sad,5
/content/drive/MyDrive/DataSet_Voice/sad/1037_IEO_SAD_HI.wav,sad,5
/content/drive/MyDrive/DataSet_Voice/sad/1032_IWW_SAD_XX.wav,sad,5
/content/drive/MyDrive/DataSet_Voice/sad/1033_TIE_SAD_XX.wav,sad,5
/content/drive/MyDrive/DataSet_Voice/sad/1038_TSI_SAD_XX.wav,sad,5
/content/drive/MyDrive/DataSet_Voice/sad/1042_IEO_SAD_LO.wav,sad,5
/content/drive/MyDrive/DataSet_Voice/sad/1034_IEO_SAD_HI.wav,sad,5
/content/drive/MyDrive/DataSet_Voice/sad/1033_IEO_SAD_HI.wav,sad,5
/content/drive/MyDrive/DataSet_Voice/sad/1038_ITH_SAD_XX.wav,sad,5
/content/drive/MyDrive/DataSet_Voice/sad/1046_TIE_SAD_XX.wav,sad,5
/content/drive/MyDrive/DataSet_Voice/sad/1034_ITS_SAD_XX.wav,sad,5
/content/drive/MyDrive/DataSet_Voice/sad/1037_IEO_SAD_MD.wav,sad,5
/content/drive/MyDrive/DataSet_Voice/sad/1030_ITH_SAD_XX.wav,sad,5
/content/drive/MyDrive/DataSet_Voice/sad/1031_ITS_SAD_XX.wav,sad,5
/content/drive/MyDrive/DataSet_Voice/sad/1032_TAI_SAD_XX.wav,sad,5
/content/drive/MyDrive/DataSet_Voice/sad/1046_TAI_SAD_XX.wav,sad,5
/content/drive/MyDrive/DataSet_Voice/sad/1044_IEO_SAD_LO.wav,sad,5
/content/drive/MyDrive/DataSet_Voice/sad/1032_IEO_SAD_MD.wav,sad,5
/content/drive/MyDrive/DataSet_Voice/sad/1031_ITH_SAD_XX.wav,sad,5
/content/drive/MyDrive/DataSet_Voice/sad/1035_IEO_SAD_HI.wav,sad,5
/content/drive/MyDrive/DataSet_Voice/sad/1045_ITH_SAD_XX.wav,sad,5
/content/drive/MyDrive/DataSet_Voice/sad/1034_IEO_SAD_MD.wav,sad,5
/content/drive/MyDrive/DataSet_Voice/sad/1047_DFA_SAD_XX.wav,sad,5
/content/drive/MyDrive/DataSet_Voice/sad/1033_WSI_SAD_XX.wav,sad,5
/content/drive/MyDrive/DataSet_Voice/sad/1039_IWL_SAD_XX.wav,sad,5
/content/drive/MyDrive/DataSet_Voice/sad/1044_ITS_SAD_XX.wav,sad,5
/content/drive/MyDrive/DataSet_Voice/sad/1034_TAI_SAD_XX.wav,sad,5
/content/drive/MyDrive/DataSet_Voice/sad/1039_IWW_SAD_XX.wav,sad,5
/content/drive/MyDrive/DataSet_Voice/sad/1046_ITH_SAD_XX.wav,sad,5
/content/drive/MyDrive/DataSet_Voice/sad/1030_IEO_SAD_MD.wav,sad,5
/content/drive/MyDrive/DataSet_Voice/sad/1034_IEO_SAD_LO.wav,sad,5
/content/drive/MyDrive/DataSet_Voice/sad/1046_IEO_SAD_LO.wav,sad,5
/content/drive/MyDrive/DataSet_Voice/sad/1031_MTI_SAD_XX.wav,sad,5
/content/drive/MyDrive/DataSet_Voice/sad/1040_IWL_SAD_XX.wav,sad,5
/content/drive/MyDrive/DataSet_Voice/sad/1043_IWL_SAD_XX.wav,sad,5
/content/drive/MyDrive/DataSet_Voice/sad/1033_ITS_SAD_XX.wav,sad,5
/content/drive/MyDrive/DataSet_Voice/sad/1038_IOM_SAD_XX.wav,sad,5
/content/drive/MyDrive/DataSet_Voice/sad/1037_MTI_SAD_XX.wav,sad,5
/content/drive/MyDrive/DataSet_Voice/sad/1046_MTI_SAD_XX.wav,sad,5
/content/drive/MyDrive/DataSet_Voice/sad/1028_IOM_SAD_XX.wav,sad,5
/content/drive/MyDrive/DataSet_Voice/sad/1040_TIE_SAD_XX.wav,sad,5
/content/drive/MyDrive/DataSet_Voice/sad/1031_IOM_SAD_XX.wav,sad,5
/content/drive/MyDrive/DataSet_Voice/sad/1039_ITH_SAD_XX.wav,sad,5
/content/drive/MyDrive/DataSet_Voice/sad/1041_TIE_SAD_XX.wav,sad,5
/content/drive/MyDrive/DataSet_Voice/sad/1034_IOM_SAD_XX.wav,sad,5
/content/drive/MyDrive/DataSet_Voice/sad/1029_IWW_SAD_XX.wav,sad,5
/content/drive/MyDrive/DataSet_Voice/sad/1037_ITH_SAD_XX.wav,sad,5
/content/drive/MyDrive/DataSet_Voice/sad/1046_TSI_SAD_XX.wav,sad,5
/content/drive/MyDrive/DataSet_Voice/sad/1041_WSI_SAD_XX.wav,sad,5
/content/drive/MyDrive/DataSet_Voice/sad/1032_IEO_SAD_LO.wav,sad,5
/content/drive/MyDrive/DataSet_Voice/sad/1042_DFA_SAD_XX.wav,sad,5
/content/drive/MyDrive/DataSet_Voice/sad/1041_IEO_SAD_HI.wav,sad,5
/content/drive/MyDrive/DataSet_Voice/sad/1043_IEO_SAD_MD.wav,sad,5
/content/drive/MyDrive/DataSet_Voice/sad/1044_IOM_SAD_XX.wav,sad,5
/content/drive/MyDrive/DataSet_Voice/sad/1032_WSI_SAD_XX.wav,sad,5
/content/drive/MyDrive/DataSet_Voice/sad/1038_IWW_SAD_XX.wav,sad,5
/content/drive/MyDrive/DataSet_Voice/sad/1032_DFA_SAD_XX.wav,sad,5
/content/drive/MyDrive/DataSet_Voice/sad/1041_MTI_SAD_XX.wav,sad,5
/content/drive/MyDrive/DataSet_Voice/sad/1045_TSI_SAD_XX.wav,sad,5
/content/drive/MyDrive/DataSet_Voice/sad/1036_DFA_SAD_XX.wav,sad,5
/content/drive/MyDrive/DataSet_Voice/sad/1038_ITS_SAD_XX.wav,sad,5
/content/drive/MyDrive/DataSet_Voice/sad/1035_IWW_SAD_XX.wav,sad,5
/content/drive/MyDrive/DataSet_Voice/sad/1040_IOM_SAD_XX.wav,sad,5
/content/drive/MyDrive/DataSet_Voice/sad/1030_TAI_SAD_XX.wav,sad,5
/content/drive/MyDrive/DataSet_Voice/sad/1039_ITS_SAD_XX.wav,sad,5
/content/drive/MyDrive/DataSet_Voice/sad/1041_IOM_SAD_XX.wav,sad,5
/content/drive/MyDrive/DataSet_Voice/sad/1037_DFA_SAD_XX.wav,sad,5
/content/drive/MyDrive/DataSet_Voice/sad/1031_TIE_SAD_XX.wav,sad,5
/content/drive/MyDrive/DataSet_Voice/sad/1037_WSI_SAD_XX.wav,sad,5
/content/drive/MyDrive/DataSet_Voice/sad/1032_TIE_SAD_XX.wav,sad,5
/content/drive/MyDrive/DataSet_Voice/sad/1039_TSI_SAD_XX.wav,sad,5
/content/drive/MyDrive/DataSet_Voice/sad/1028_TSI_SAD_XX.wav,sad,5
/content/drive/MyDrive/DataSet_Voice/sad/1029_ITS_SAD_XX.wav,sad,5
/content/drive/MyDrive/DataSet_Voice/sad/1028_IWW_SAD_XX.wav,sad,5
/content/drive/MyDrive/DataSet_Voice/sad/1039_DFA_SAD_XX.wav,sad,5
/content/drive/MyDrive/DataSet_Voice/sad/1031_IEO_SAD_HI.wav,sad,5
/content/drive/MyDrive/DataSet_Voice/sad/1029_TAI_SAD_XX.wav,sad,5
/content/drive/MyDrive/DataSet_Voice/sad/1044_WSI_SAD_XX.wav,sad,5
/content/drive/MyDrive/DataSet_Voice/sad/1046_IOM_SAD_XX.wav,sad,5
/content/drive/MyDrive/DataSet_Voice/sad/1036_ITS_SAD_XX.wav,sad,5
/content/drive/MyDrive/DataSet_Voice/sad/1039_IEO_SAD_LO.wav,sad,5
/content/drive/MyDrive/DataSet_Voice/sad/1035_IWL_SAD_XX.wav,sad,5
/content/drive/MyDrive/DataSet_Voice/sad/1034_MTI_SAD_XX.wav,sad,5
/content/drive/MyDrive/DataSet_Voice/sad/1029_WSI_SAD_XX.wav,sad,5
/content/drive/MyDrive/DataSet_Voice/sad/1043_IEO_SAD_HI.wav,sad,5
/content/drive/MyDrive/DataSet_Voice/sad/1033_MTI_SAD_XX.wav,sad,5
/content/drive/MyDrive/DataSet_Voice/sad/1043_ITH_SAD_XX.wav,sad,5
/content/drive/MyDrive/DataSet_Voice/sad/1032_TSI_SAD_XX.wav,sad,5
/content/drive/MyDrive/DataSet_Voice/sad/1046_IWL_SAD_XX.wav,sad,5
/content/drive/MyDrive/DataSet_Voice/sad/1039_MTI_SAD_XX.wav,sad,5
/content/drive/MyDrive/DataSet_Voice/sad/1032_IOM_SAD_XX.wav,sad,5
/content/drive/MyDrive/DataSet_Voice/sad/1040_IWW_SAD_XX.wav,sad,5
/content/drive/MyDrive/DataSet_Voice/sad/1033_ITH_SAD_XX.wav,sad,5
/content/drive/MyDrive/DataSet_Voice/sad/1044_TIE_SAD_XX.wav,sad,5
/content/drive/MyDrive/DataSet_Voice/sad/1040_IEO_SAD_LO.wav,sad,5
/content/drive/MyDrive/DataSet_Voice/sad/1042_IEO_SAD_HI.wav,sad,5
/content/drive/MyDrive/DataSet_Voice/sad/1034_IWW_SAD_XX.wav,sad,5
/content/drive/MyDrive/DataSet_Voice/sad/1028_ITS_SAD_XX.wav,sad,5
/content/drive/MyDrive/DataSet_Voice/sad/1032_ITS_SAD_XX.wav,sad,5
/content/drive/MyDrive/DataSet_Voice/sad/1037_TSI_SAD_XX.wav,sad,5
/content/drive/MyDrive/DataSet_Voice/sad/1037_IWW_SAD_XX.wav,sad,5
/content/drive/MyDrive/DataSet_Voice/sad/1046_WSI_SAD_XX.wav,sad,5
/content/drive/MyDrive/DataSet_Voice/sad/1037_ITS_SAD_XX.wav,sad,5
/content/drive/MyDrive/DataSet_Voice/sad/1045_ITS_SAD_XX.wav,sad,5
/content/drive/MyDrive/DataSet_Voice/sad/1028_TAI_SAD_XX.wav,sad,5
/content/drive/MyDrive/DataSet_Voice/sad/1043_IWW_SAD_XX.wav,sad,5
/content/drive/MyDrive/DataSet_Voice/sad/1034_DFA_SAD_XX.wav,sad,5
/content/drive/MyDrive/DataSet_Voice/sad/1042_ITH_SAD_XX.wav,sad,5
/content/drive/MyDrive/DataSet_Voice/sad/1043_IEO_SAD_LO.wav,sad,5
/content/drive/MyDrive/DataSet_Voice/sad/1029_TSI_SAD_XX.wav,sad,5
/content/drive/MyDrive/DataSet_Voice/sad/1036_IWW_SAD_XX.wav,sad,5
/content/drive/MyDrive/DataSet_Voice/sad/1032_ITH_SAD_XX.wav,sad,5
/content/drive/MyDrive/DataSet_Voice/sad/1034_IWL_SAD_XX.wav,sad,5
/content/drive/MyDrive/DataSet_Voice/sad/1035_TIE_SAD_XX.wav,sad,5
/content/drive/MyDrive/DataSet_Voice/sad/1043_DFA_SAD_XX.wav,sad,5
/content/drive/MyDrive/DataSet_Voice/sad/1042_IOM_SAD_XX.wav,sad,5
/content/drive/MyDrive/DataSet_Voice/sad/1039_TAI_SAD_XX.wav,sad,5
/content/drive/MyDrive/DataSet_Voice/sad/1044_MTI_SAD_XX.wav,sad,5
/content/drive/MyDrive/DataSet_Voice/sad/1056_IWL_SAD_XX.wav,sad,5
/content/drive/MyDrive/DataSet_Voice/sad/1063_ITS_SAD_XX.wav,sad,5
/content/drive/MyDrive/DataSet_Voice/sad/1057_IEO_SAD_HI.wav,sad,5
/content/drive/MyDrive/DataSet_Voice/sad/1061_DFA_SAD_XX.wav,sad,5
/content/drive/MyDrive/DataSet_Voice/sad/1048_IEO_SAD_LO.wav,sad,5
/content/drive/MyDrive/DataSet_Voice/sad/1048_IOM_SAD_XX.wav,sad,5
/content/drive/MyDrive/DataSet_Voice/sad/1052_WSI_SAD_XX.wav,sad,5
/content/drive/MyDrive/DataSet_Voice/sad/1057_TAI_SAD_XX.wav,sad,5
/content/drive/MyDrive/DataSet_Voice/sad/1054_MTI_SAD_XX.wav,sad,5
/content/drive/MyDrive/DataSet_Voice/sad/1057_TIE_SAD_XX.wav,sad,5
/content/drive/MyDrive/DataSet_Voice/sad/1058_IWW_SAD_XX.wav,sad,5
/content/drive/MyDrive/DataSet_Voice/sad/1051_ITH_SAD_XX.wav,sad,5
/content/drive/MyDrive/DataSet_Voice/sad/1061_TAI_SAD_XX.wav,sad,5
/content/drive/MyDrive/DataSet_Voice/sad/1049_MTI_SAD_XX.wav,sad,5
/content/drive/MyDrive/DataSet_Voice/sad/1062_MTI_SAD_XX.wav,sad,5
/content/drive/MyDrive/DataSet_Voice/sad/1056_IWW_SAD_XX.wav,sad,5
/content/drive/MyDrive/DataSet_Voice/sad/1054_ITS_SAD_XX.wav,sad,5
/content/drive/MyDrive/DataSet_Voice/sad/1057_DFA_SAD_XX.wav,sad,5
/content/drive/MyDrive/DataSet_Voice/sad/1048_DFA_SAD_XX.wav,sad,5
/content/drive/MyDrive/DataSet_Voice/sad/1047_TIE_SAD_XX.wav,sad,5
/content/drive/MyDrive/DataSet_Voice/sad/1055_IEO_SAD_HI.wav,sad,5
/content/drive/MyDrive/DataSet_Voice/sad/1050_ITH_SAD_XX.wav,sad,5
/content/drive/MyDrive/DataSet_Voice/sad/1050_TIE_SAD_XX.wav,sad,5
/content/drive/MyDrive/DataSet_Voice/sad/1056_IEO_SAD_HI.wav,sad,5
/content/drive/MyDrive/DataSet_Voice/sad/1062_TIE_SAD_XX.wav,sad,5
/content/drive/MyDrive/DataSet_Voice/sad/1051_DFA_SAD_XX.wav,sad,5
/content/drive/MyDrive/DataSet_Voice/sad/1058_WSI_SAD_XX.wav,sad,5
/content/drive/MyDrive/DataSet_Voice/sad/1056_WSI_SAD_XX.wav,sad,5
/content/drive/MyDrive/DataSet_Voice/sad/1053_TAI_SAD_XX.wav,sad,5
/content/drive/MyDrive/DataSet_Voice/sad/1060_IEO_SAD_LO.wav,sad,5
/content/drive/MyDrive/DataSet_Voice/sad/1056_MTI_SAD_XX.wav,sad,5
/content/drive/MyDrive/DataSet_Voice/sad/1058_IOM_SAD_XX.wav,sad,5
/content/drive/MyDrive/DataSet_Voice/sad/1048_IWL_SAD_XX.wav,sad,5
/content/drive/MyDrive/DataSet_Voice/sad/1056_DFA_SAD_XX.wav,sad,5
/content/drive/MyDrive/DataSet_Voice/sad/1052_IEO_SAD_LO.wav,sad,5
/content/drive/MyDrive/DataSet_Voice/sad/1052_IEO_SAD_MD.wav,sad,5
/content/drive/MyDrive/DataSet_Voice/sad/1047_TSI_SAD_XX.wav,sad,5
/content/drive/MyDrive/DataSet_Voice/sad/1062_ITH_SAD_XX.wav,sad,5
/content/drive/MyDrive/DataSet_Voice/sad/1051_IEO_SAD_HI.wav,sad,5
/content/drive/MyDrive/DataSet_Voice/sad/1057_TSI_SAD_XX.wav,sad,5
/content/drive/MyDrive/DataSet_Voice/sad/1048_WSI_SAD_XX.wav,sad,5
/content/drive/MyDrive/DataSet_Voice/sad/1050_DFA_SAD_XX.wav,sad,5
/content/drive/MyDrive/DataSet_Voice/sad/1047_IOM_SAD_XX.wav,sad,5
/content/drive/MyDrive/DataSet_Voice/sad/1054_ITH_SAD_XX.wav,sad,5
/content/drive/MyDrive/DataSet_Voice/sad/1053_IOM_SAD_XX.wav,sad,5
/content/drive/MyDrive/DataSet_Voice/sad/1047_ITH_SAD_XX.wav,sad,5
/content/drive/MyDrive/DataSet_Voice/sad/1061_TIE_SAD_XX.wav,sad,5
/content/drive/MyDrive/DataSet_Voice/sad/1060_IEO_SAD_HI.wav,sad,5
/content/drive/MyDrive/DataSet_Voice/sad/1053_ITS_SAD_XX.wav,sad,5
/content/drive/MyDrive/DataSet_Voice/sad/1048_ITS_SAD_XX.wav,sad,5
/content/drive/MyDrive/DataSet_Voice/sad/1062_IEO_SAD_LO.wav,sad,5
/content/drive/MyDrive/DataSet_Voice/sad/1056_IOM_SAD_XX.wav,sad,5
/content/drive/MyDrive/DataSet_Voice/sad/1056_IEO_SAD_MD.wav,sad,5
/content/drive/MyDrive/DataSet_Voice/sad/1062_ITS_SAD_XX.wav,sad,5
/content/drive/MyDrive/DataSet_Voice/sad/1051_TSI_SAD_XX.wav,sad,5
/content/drive/MyDrive/DataSet_Voice/sad/1063_IWL_SAD_XX.wav,sad,5
/content/drive/MyDrive/DataSet_Voice/sad/1053_TSI_SAD_XX.wav,sad,5
/content/drive/MyDrive/DataSet_Voice/sad/1049_TIE_SAD_XX.wav,sad,5
/content/drive/MyDrive/DataSet_Voice/sad/1054_IWW_SAD_XX.wav,sad,5
/content/drive/MyDrive/DataSet_Voice/sad/1058_TSI_SAD_XX.wav,sad,5
/content/drive/MyDrive/DataSet_Voice/sad/1054_IEO_SAD_LO.wav,sad,5
/content/drive/MyDrive/DataSet_Voice/sad/1058_IEO_SAD_HI.wav,sad,5
/content/drive/MyDrive/DataSet_Voice/sad/1047_IWL_SAD_XX.wav,sad,5
/content/drive/MyDrive/DataSet_Voice/sad/1048_TAI_SAD_XX.wav,sad,5
/content/drive/MyDrive/DataSet_Voice/sad/1055_ITH_SAD_XX.wav,sad,5
/content/drive/MyDrive/DataSet_Voice/sad/1053_DFA_SAD_XX.wav,sad,5
/content/drive/MyDrive/DataSet_Voice/sad/1048_MTI_SAD_XX.wav,sad,5
/content/drive/MyDrive/DataSet_Voice/sad/1059_IEO_SAD_HI.wav,sad,5
/content/drive/MyDrive/DataSet_Voice/sad/1063_IOM_SAD_XX.wav,sad,5
/content/drive/MyDrive/DataSet_Voice/sad/1049_DFA_SAD_XX.wav,sad,5
/content/drive/MyDrive/DataSet_Voice/sad/1053_WSI_SAD_XX.wav,sad,5
/content/drive/MyDrive/DataSet_Voice/sad/1050_IEO_SAD_MD.wav,sad,5
/content/drive/MyDrive/DataSet_Voice/sad/1058_DFA_SAD_XX.wav,sad,5
/content/drive/MyDrive/DataSet_Voice/sad/1060_IWL_SAD_XX.wav,sad,5
/content/drive/MyDrive/DataSet_Voice/sad/1060_TIE_SAD_XX.wav,sad,5
/content/drive/MyDrive/DataSet_Voice/sad/1057_MTI_SAD_XX.wav,sad,5
/content/drive/MyDrive/DataSet_Voice/sad/1060_DFA_SAD_XX.wav,sad,5
/content/drive/MyDrive/DataSet_Voice/sad/1061_TSI_SAD_XX.wav,sad,5
/content/drive/MyDrive/DataSet_Voice/sad/1062_IWW_SAD_XX.wav,sad,5
/content/drive/MyDrive/DataSet_Voice/sad/1059_IEO_SAD_LO.wav,sad,5
/content/drive/MyDrive/DataSet_Voice/sad/1060_IOM_SAD_XX.wav,sad,5
/content/drive/MyDrive/DataSet_Voice/sad/1052_ITH_SAD_XX.wav,sad,5
/content/drive/MyDrive/DataSet_Voice/sad/1053_TIE_SAD_XX.wav,sad,5
/content/drive/MyDrive/DataSet_Voice/sad/1052_ITS_SAD_XX.wav,sad,5
/content/drive/MyDrive/DataSet_Voice/sad/1050_IOM_SAD_XX.wav,sad,5
/content/drive/MyDrive/DataSet_Voice/sad/1051_IOM_SAD_XX.wav,sad,5
/content/drive/MyDrive/DataSet_Voice/sad/1053_IWL_SAD_XX.wav,sad,5
/content/drive/MyDrive/DataSet_Voice/sad/1049_IEO_SAD_HI.wav,sad,5
/content/drive/MyDrive/DataSet_Voice/sad/1058_TIE_SAD_XX.wav,sad,5
/content/drive/MyDrive/DataSet_Voice/sad/1050_MTI_SAD_XX.wav,sad,5
/content/drive/MyDrive/DataSet_Voice/sad/1063_IEO_SAD_LO.wav,sad,5
/content/drive/MyDrive/DataSet_Voice/sad/1055_ITS_SAD_XX.wav,sad,5
/content/drive/MyDrive/DataSet_Voice/sad/1054_WSI_SAD_XX.wav,sad,5
/content/drive/MyDrive/DataSet_Voice/sad/1059_TAI_SAD_XX.wav,sad,5
/content/drive/MyDrive/DataSet_Voice/sad/1062_TAI_SAD_XX.wav,sad,5
/content/drive/MyDrive/DataSet_Voice/sad/1055_IWW_SAD_XX.wav,sad,5
/content/drive/MyDrive/DataSet_Voice/sad/1058_MTI_SAD_XX.wav,sad,5
/content/drive/MyDrive/DataSet_Voice/sad/1047_IWW_SAD_XX.wav,sad,5
/content/drive/MyDrive/DataSet_Voice/sad/1054_DFA_SAD_XX.wav,sad,5
/content/drive/MyDrive/DataSet_Voice/sad/1061_ITH_SAD_XX.wav,sad,5
/content/drive/MyDrive/DataSet_Voice/sad/1061_IEO_SAD_HI.wav,sad,5
/content/drive/MyDrive/DataSet_Voice/sad/1062_IEO_SAD_MD.wav,sad,5
/content/drive/MyDrive/DataSet_Voice/sad/1053_IWW_SAD_XX.wav,sad,5
/content/drive/MyDrive/DataSet_Voice/sad/1054_IOM_SAD_XX.wav,sad,5
/content/drive/MyDrive/DataSet_Voice/sad/1059_IEO_SAD_MD.wav,sad,5
/content/drive/MyDrive/DataSet_Voice/sad/1050_IWW_SAD_XX.wav,sad,5
/content/drive/MyDrive/DataSet_Voice/sad/1060_MTI_SAD_XX.wav,sad,5
/content/drive/MyDrive/DataSet_Voice/sad/1053_IEO_SAD_MD.wav,sad,5
/content/drive/MyDrive/DataSet_Voice/sad/1057_WSI_SAD_XX.wav,sad,5
/content/drive/MyDrive/DataSet_Voice/sad/1049_TAI_SAD_XX.wav,sad,5
/content/drive/MyDrive/DataSet_Voice/sad/1050_WSI_SAD_XX.wav,sad,5
/content/drive/MyDrive/DataSet_Voice/sad/1061_WSI_SAD_XX.wav,sad,5
/content/drive/MyDrive/DataSet_Voice/sad/1056_TIE_SAD_XX.wav,sad,5
/content/drive/MyDrive/DataSet_Voice/sad/1059_WSI_SAD_XX.wav,sad,5
/content/drive/MyDrive/DataSet_Voice/sad/1055_IWL_SAD_XX.wav,sad,5
/content/drive/MyDrive/DataSet_Voice/sad/1057_IEO_SAD_MD.wav,sad,5
/content/drive/MyDrive/DataSet_Voice/sad/1060_WSI_SAD_XX.wav,sad,5
/content/drive/MyDrive/DataSet_Voice/sad/1058_IEO_SAD_LO.wav,sad,5
/content/drive/MyDrive/DataSet_Voice/sad/1055_TSI_SAD_XX.wav,sad,5
/content/drive/MyDrive/DataSet_Voice/sad/1052_IEO_SAD_HI.wav,sad,5
/content/drive/MyDrive/DataSet_Voice/sad/1051_IEO_SAD_LO.wav,sad,5
/content/drive/MyDrive/DataSet_Voice/sad/1061_IWW_SAD_XX.wav,sad,5
/content/drive/MyDrive/DataSet_Voice/sad/1062_IWL_SAD_XX.wav,sad,5
/content/drive/MyDrive/DataSet_Voice/sad/1052_DFA_SAD_XX.wav,sad,5
/content/drive/MyDrive/DataSet_Voice/sad/1049_ITH_SAD_XX.wav,sad,5
/content/drive/MyDrive/DataSet_Voice/sad/1047_IEO_SAD_LO.wav,sad,5
/content/drive/MyDrive/DataSet_Voice/sad/1056_IEO_SAD_LO.wav,sad,5
/content/drive/MyDrive/DataSet_Voice/sad/1060_IEO_SAD_MD.wav,sad,5
/content/drive/MyDrive/DataSet_Voice/sad/1056_ITS_SAD_XX.wav,sad,5
/content/drive/MyDrive/DataSet_Voice/sad/1053_IEO_SAD_LO.wav,sad,5
/content/drive/MyDrive/DataSet_Voice/sad/1052_MTI_SAD_XX.wav,sad,5
/content/drive/MyDrive/DataSet_Voice/sad/1047_ITS_SAD_XX.wav,sad,5
/content/drive/MyDrive/DataSet_Voice/sad/1054_IEO_SAD_HI.wav,sad,5
/content/drive/MyDrive/DataSet_Voice/sad/1055_WSI_SAD_XX.wav,sad,5
/content/drive/MyDrive/DataSet_Voice/sad/1053_IEO_SAD_HI.wav,sad,5
/content/drive/MyDrive/DataSet_Voice/sad/1054_TAI_SAD_XX.wav,sad,5
/content/drive/MyDrive/DataSet_Voice/sad/1052_TIE_SAD_XX.wav,sad,5
/content/drive/MyDrive/DataSet_Voice/sad/1053_ITH_SAD_XX.wav,sad,5
/content/drive/MyDrive/DataSet_Voice/sad/1059_IWL_SAD_XX.wav,sad,5
/content/drive/MyDrive/DataSet_Voice/sad/1059_DFA_SAD_XX.wav,sad,5
/content/drive/MyDrive/DataSet_Voice/sad/1063_DFA_SAD_XX.wav,sad,5
/content/drive/MyDrive/DataSet_Voice/sad/1052_TAI_SAD_XX.wav,sad,5
/content/drive/MyDrive/DataSet_Voice/sad/1049_IEO_SAD_LO.wav,sad,5
/content/drive/MyDrive/DataSet_Voice/sad/1062_WSI_SAD_XX.wav,sad,5
/content/drive/MyDrive/DataSet_Voice/sad/1047_IEO_SAD_MD.wav,sad,5
/content/drive/MyDrive/DataSet_Voice/sad/1051_ITS_SAD_XX.wav,sad,5
/content/drive/MyDrive/DataSet_Voice/sad/1060_TAI_SAD_XX.wav,sad,5
/content/drive/MyDrive/DataSet_Voice/sad/1054_TSI_SAD_XX.wav,sad,5
/content/drive/MyDrive/DataSet_Voice/sad/1059_MTI_SAD_XX.wav,sad,5
/content/drive/MyDrive/DataSet_Voice/sad/1062_DFA_SAD_XX.wav,sad,5
/content/drive/MyDrive/DataSet_Voice/sad/1051_IEO_SAD_MD.wav,sad,5
/content/drive/MyDrive/DataSet_Voice/sad/1063_IEO_SAD_MD.wav,sad,5
/content/drive/MyDrive/DataSet_Voice/sad/1061_IWL_SAD_XX.wav,sad,5
/content/drive/MyDrive/DataSet_Voice/sad/1051_TAI_SAD_XX.wav,sad,5
/content/drive/MyDrive/DataSet_Voice/sad/1047_TAI_SAD_XX.wav,sad,5
/content/drive/MyDrive/DataSet_Voice/sad/1055_MTI_SAD_XX.wav,sad,5
/content/drive/MyDrive/DataSet_Voice/sad/1061_IOM_SAD_XX.wav,sad,5
/content/drive/MyDrive/DataSet_Voice/sad/1054_TIE_SAD_XX.wav,sad,5
/content/drive/MyDrive/DataSet_Voice/sad/1059_IOM_SAD_XX.wav,sad,5
/content/drive/MyDrive/DataSet_Voice/sad/1048_IEO_SAD_MD.wav,sad,5
/content/drive/MyDrive/DataSet_Voice/sad/1060_TSI_SAD_XX.wav,sad,5
/content/drive/MyDrive/DataSet_Voice/sad/1059_ITH_SAD_XX.wav,sad,5
/content/drive/MyDrive/DataSet_Voice/sad/1048_ITH_SAD_XX.wav,sad,5
/content/drive/MyDrive/DataSet_Voice/sad/1062_IEO_SAD_HI.wav,sad,5
/content/drive/MyDrive/DataSet_Voice/sad/1047_WSI_SAD_XX.wav,sad,5
/content/drive/MyDrive/DataSet_Voice/sad/1050_IEO_SAD_LO.wav,sad,5
/content/drive/MyDrive/DataSet_Voice/sad/1062_TSI_SAD_XX.wav,sad,5
/content/drive/MyDrive/DataSet_Voice/sad/1061_ITS_SAD_XX.wav,sad,5
/content/drive/MyDrive/DataSet_Voice/sad/1057_IEO_SAD_LO.wav,sad,5
/content/drive/MyDrive/DataSet_Voice/sad/1050_ITS_SAD_XX.wav,sad,5
/content/drive/MyDrive/DataSet_Voice/sad/1054_IWL_SAD_XX.wav,sad,5
/content/drive/MyDrive/DataSet_Voice/sad/1052_TSI_SAD_XX.wav,sad,5
/content/drive/MyDrive/DataSet_Voice/sad/1061_IEO_SAD_LO.wav,sad,5
/content/drive/MyDrive/DataSet_Voice/sad/1048_IEO_SAD_HI.wav,sad,5
/content/drive/MyDrive/DataSet_Voice/sad/1049_IWW_SAD_XX.wav,sad,5
/content/drive/MyDrive/DataSet_Voice/sad/1055_TAI_SAD_XX.wav,sad,5
/content/drive/MyDrive/DataSet_Voice/sad/1051_IWL_SAD_XX.wav,sad,5
/content/drive/MyDrive/DataSet_Voice/sad/1049_WSI_SAD_XX.wav,sad,5
/content/drive/MyDrive/DataSet_Voice/sad/1061_MTI_SAD_XX.wav,sad,5
/content/drive/MyDrive/DataSet_Voice/sad/1059_TSI_SAD_XX.wav,sad,5
/content/drive/MyDrive/DataSet_Voice/sad/1061_IEO_SAD_MD.wav,sad,5
/content/drive/MyDrive/DataSet_Voice/sad/1058_TAI_SAD_XX.wav,sad,5
/content/drive/MyDrive/DataSet_Voice/sad/1057_IOM_SAD_XX.wav,sad,5
/content/drive/MyDrive/DataSet_Voice/sad/1053_MTI_SAD_XX.wav,sad,5
/content/drive/MyDrive/DataSet_Voice/sad/1052_IWW_SAD_XX.wav,sad,5
/content/drive/MyDrive/DataSet_Voice/sad/1049_ITS_SAD_XX.wav,sad,5
/content/drive/MyDrive/DataSet_Voice/sad/1052_IWL_SAD_XX.wav,sad,5
/content/drive/MyDrive/DataSet_Voice/sad/1051_TIE_SAD_XX.wav,sad,5
/content/drive/MyDrive/DataSet_Voice/sad/1057_IWW_SAD_XX.wav,sad,5
/content/drive/MyDrive/DataSet_Voice/sad/1063_ITH_SAD_XX.wav,sad,5
/content/drive/MyDrive/DataSet_Voice/sad/1056_TAI_SAD_XX.wav,sad,5
/content/drive/MyDrive/DataSet_Voice/sad/1055_DFA_SAD_XX.wav,sad,5
/content/drive/MyDrive/DataSet_Voice/sad/1059_TIE_SAD_XX.wav,sad,5
/content/drive/MyDrive/DataSet_Voice/sad/1056_TSI_SAD_XX.wav,sad,5
/content/drive/MyDrive/DataSet_Voice/sad/1058_IEO_SAD_MD.wav,sad,5
/content/drive/MyDrive/DataSet_Voice/sad/1055_IEO_SAD_MD.wav,sad,5
/content/drive/MyDrive/DataSet_Voice/sad/1050_TAI_SAD_XX.wav,sad,5
/content/drive/MyDrive/DataSet_Voice/sad/1058_IWL_SAD_XX.wav,sad,5
/content/drive/MyDrive/DataSet_Voice/sad/1050_IWL_SAD_XX.wav,sad,5
/content/drive/MyDrive/DataSet_Voice/sad/1048_IWW_SAD_XX.wav,sad,5
/content/drive/MyDrive/DataSet_Voice/sad/1060_IWW_SAD_XX.wav,sad,5
/content/drive/MyDrive/DataSet_Voice/sad/1062_IOM_SAD_XX.wav,sad,5
/content/drive/MyDrive/DataSet_Voice/sad/1060_ITH_SAD_XX.wav,sad,5
/content/drive/MyDrive/DataSet_Voice/sad/1057_IWL_SAD_XX.wav,sad,5
/content/drive/MyDrive/DataSet_Voice/sad/1049_IOM_SAD_XX.wav,sad,5
/content/drive/MyDrive/DataSet_Voice/sad/1052_IOM_SAD_XX.wav,sad,5
/content/drive/MyDrive/DataSet_Voice/sad/1055_IEO_SAD_LO.wav,sad,5
/content/drive/MyDrive/DataSet_Voice/sad/1055_TIE_SAD_XX.wav,sad,5
/content/drive/MyDrive/DataSet_Voice/sad/1060_ITS_SAD_XX.wav,sad,5
/content/drive/MyDrive/DataSet_Voice/sad/1054_IEO_SAD_MD.wav,sad,5
/content/drive/MyDrive/DataSet_Voice/sad/1049_IEO_SAD_MD.wav,sad,5
/content/drive/MyDrive/DataSet_Voice/sad/1048_TSI_SAD_XX.wav,sad,5
/content/drive/MyDrive/DataSet_Voice/sad/1063_IEO_SAD_HI.wav,sad,5
/content/drive/MyDrive/DataSet_Voice/sad/1051_WSI_SAD_XX.wav,sad,5
/content/drive/MyDrive/DataSet_Voice/sad/1058_ITS_SAD_XX.wav,sad,5
/content/drive/MyDrive/DataSet_Voice/sad/1056_ITH_SAD_XX.wav,sad,5
/content/drive/MyDrive/DataSet_Voice/sad/1047_IEO_SAD_HI.wav,sad,5
/content/drive/MyDrive/DataSet_Voice/sad/1057_ITH_SAD_XX.wav,sad,5
/content/drive/MyDrive/DataSet_Voice/sad/1059_IWW_SAD_XX.wav,sad,5
/content/drive/MyDrive/DataSet_Voice/sad/1051_MTI_SAD_XX.wav,sad,5
/content/drive/MyDrive/DataSet_Voice/sad/1057_ITS_SAD_XX.wav,sad,5
/content/drive/MyDrive/DataSet_Voice/surprise/03-01-08-01-02-01-01.wav,surprise,6
/content/drive/MyDrive/DataSet_Voice/surprise/03-01-08-01-01-02-01.wav,surprise,6
/content/drive/MyDrive/DataSet_Voice/surprise/03-01-08-02-02-02-01.wav,surprise,6
/content/drive/MyDrive/DataSet_Voice/surprise/03-01-08-02-02-01-01.wav,surprise,6
/content/drive/MyDrive/DataSet_Voice/surprise/03-01-08-01-01-01-01.wav,surprise,6
/content/drive/MyDrive/DataSet_Voice/surprise/03-01-08-01-02-02-01.wav,surprise,6
/content/drive/MyDrive/DataSet_Voice/surprise/03-01-08-02-01-01-01.wav,surprise,6
/content/drive/MyDrive/DataSet_Voice/surprise/03-01-08-02-01-02-01.wav,surprise,6
/content/drive/MyDrive/DataSet_Voice/surprise/03-01-08-02-02-02-17.wav,surprise,6
/content/drive/MyDrive/DataSet_Voice/surprise/03-01-08-01-02-02-08.wav,surprise,6
/content/drive/MyDrive/DataSet_Voice/surprise/03-01-08-01-02-01-09.wav,surprise,6
/content/drive/MyDrive/DataSet_Voice/surprise/03-01-08-02-02-01-16.wav,surprise,6
/content/drive/MyDrive/DataSet_Voice/surprise/03-01-08-02-01-01-13.wav,surprise,6
/content/drive/MyDrive/DataSet_Voice/surprise/03-01-08-01-01-01-15.wav,surprise,6
/content/drive/MyDrive/DataSet_Voice/surprise/03-01-08-02-01-01-15.wav,surprise,6
/content/drive/MyDrive/DataSet_Voice/surprise/03-01-08-02-02-02-07.wav,surprise,6
/content/drive/MyDrive/DataSet_Voice/surprise/03-01-08-01-01-01-05.wav,surprise,6
/content/drive/MyDrive/DataSet_Voice/surprise/03-01-08-01-01-02-13.wav,surprise,6
/content/drive/MyDrive/DataSet_Voice/surprise/03-01-08-01-02-02-03.wav,surprise,6
/content/drive/MyDrive/DataSet_Voice/surprise/03-01-08-01-01-01-17.wav,surprise,6
/content/drive/MyDrive/DataSet_Voice/surprise/03-01-08-02-01-02-16.wav,surprise,6
/content/drive/MyDrive/DataSet_Voice/surprise/03-01-08-01-02-01-15.wav,surprise,6
/content/drive/MyDrive/DataSet_Voice/surprise/03-01-08-02-01-02-15.wav,surprise,6
/content/drive/MyDrive/DataSet_Voice/surprise/03-01-08-02-01-02-11.wav,surprise,6
/content/drive/MyDrive/DataSet_Voice/surprise/03-01-08-02-01-01-02.wav,surprise,6
/content/drive/MyDrive/DataSet_Voice/surprise/03-01-08-01-01-02-09.wav,surprise,6
/content/drive/MyDrive/DataSet_Voice/surprise/03-01-08-01-02-01-08.wav,surprise,6
/content/drive/MyDrive/DataSet_Voice/surprise/03-01-08-01-01-01-04.wav,surprise,6
/content/drive/MyDrive/DataSet_Voice/surprise/03-01-08-02-02-01-10.wav,surprise,6
/content/drive/MyDrive/DataSet_Voice/surprise/03-01-08-02-02-02-15.wav,surprise,6
/content/drive/MyDrive/DataSet_Voice/surprise/03-01-08-02-01-01-17.wav,surprise,6
/content/drive/MyDrive/DataSet_Voice/surprise/03-01-08-02-02-01-03.wav,surprise,6
/content/drive/MyDrive/DataSet_Voice/surprise/03-01-08-02-01-02-13.wav,surprise,6
/content/drive/MyDrive/DataSet_Voice/surprise/03-01-08-01-01-01-13.wav,surprise,6
/content/drive/MyDrive/DataSet_Voice/surprise/03-01-08-01-02-01-10.wav,surprise,6
/content/drive/MyDrive/DataSet_Voice/surprise/03-01-08-01-01-02-07.wav,surprise,6
/content/drive/MyDrive/DataSet_Voice/surprise/03-01-08-02-01-01-11.wav,surprise,6
/content/drive/MyDrive/DataSet_Voice/surprise/03-01-08-02-01-02-10.wav,surprise,6
/content/drive/MyDrive/DataSet_Voice/surprise/03-01-08-01-01-01-07.wav,surprise,6
/content/drive/MyDrive/DataSet_Voice/surprise/03-01-08-02-02-02-09.wav,surprise,6
/content/drive/MyDrive/DataSet_Voice/surprise/03-01-08-01-01-02-14.wav,surprise,6
/content/drive/MyDrive/DataSet_Voice/surprise/03-01-08-01-01-02-12.wav,surprise,6
/content/drive/MyDrive/DataSet_Voice/surprise/03-01-08-02-02-02-12.wav,surprise,6
/content/drive/MyDrive/DataSet_Voice/surprise/03-01-08-02-02-01-12.wav,surprise,6
/content/drive/MyDrive/DataSet_Voice/surprise/03-01-08-02-02-01-05.wav,surprise,6
/content/drive/MyDrive/DataSet_Voice/surprise/03-01-08-02-01-01-07.wav,surprise,6
/content/drive/MyDrive/DataSet_Voice/surprise/03-01-08-02-02-02-02.wav,surprise,6
/content/drive/MyDrive/DataSet_Voice/surprise/03-01-08-02-01-02-06.wav,surprise,6
/content/drive/MyDrive/DataSet_Voice/surprise/03-01-08-01-01-01-08.wav,surprise,6
/content/drive/MyDrive/DataSet_Voice/surprise/03-01-08-01-01-02-05.wav,surprise,6
/content/drive/MyDrive/DataSet_Voice/surprise/03-01-08-02-01-02-14.wav,surprise,6
/content/drive/MyDrive/DataSet_Voice/surprise/03-01-08-02-01-01-04.wav,surprise,6
/content/drive/MyDrive/DataSet_Voice/surprise/03-01-08-01-02-01-11.wav,surprise,6
/content/drive/MyDrive/DataSet_Voice/surprise/03-01-08-01-01-01-06.wav,surprise,6
/content/drive/MyDrive/DataSet_Voice/surprise/03-01-08-02-01-01-12.wav,surprise,6
/content/drive/MyDrive/DataSet_Voice/surprise/03-01-08-01-01-02-06.wav,surprise,6
/content/drive/MyDrive/DataSet_Voice/surprise/03-01-08-02-02-01-13.wav,surprise,6
/content/drive/MyDrive/DataSet_Voice/surprise/03-01-08-02-01-01-06.wav,surprise,6
/content/drive/MyDrive/DataSet_Voice/surprise/03-01-08-02-02-02-06.wav,surprise,6
/content/drive/MyDrive/DataSet_Voice/surprise/03-01-08-01-01-01-02.wav,surprise,6
/content/drive/MyDrive/DataSet_Voice/surprise/03-01-08-02-02-02-08.wav,surprise,6
/content/drive/MyDrive/DataSet_Voice/surprise/03-01-08-01-01-02-16.wav,surprise,6
/content/drive/MyDrive/DataSet_Voice/surprise/03-01-08-01-02-02-06.wav,surprise,6
/content/drive/MyDrive/DataSet_Voice/surprise/03-01-08-02-01-01-08.wav,surprise,6
/content/drive/MyDrive/DataSet_Voice/surprise/03-01-08-01-02-01-13.wav,surprise,6
/content/drive/MyDrive/DataSet_Voice/surprise/03-01-08-01-02-01-06.wav,surprise,6
/content/drive/MyDrive/DataSet_Voice/surprise/03-01-08-01-01-01-11.wav,surprise,6
/content/drive/MyDrive/DataSet_Voice/surprise/03-01-08-02-01-02-17.wav,surprise,6
/content/drive/MyDrive/DataSet_Voice/surprise/03-01-08-02-02-02-04.wav,surprise,6
/content/drive/MyDrive/DataSet_Voice/surprise/03-01-08-01-02-01-03.wav,surprise,6
/content/drive/MyDrive/DataSet_Voice/surprise/03-01-08-01-02-01-16.wav,surprise,6
/content/drive/MyDrive/DataSet_Voice/surprise/03-01-08-02-02-01-09.wav,surprise,6
/content/drive/MyDrive/DataSet_Voice/surprise/03-01-08-01-01-01-10.wav,surprise,6
/content/drive/MyDrive/DataSet_Voice/surprise/03-01-08-01-01-02-08.wav,surprise,6
/content/drive/MyDrive/DataSet_Voice/surprise/03-01-08-01-01-02-04.wav,surprise,6
/content/drive/MyDrive/DataSet_Voice/surprise/03-01-08-02-02-02-03.wav,surprise,6
/content/drive/MyDrive/DataSet_Voice/surprise/03-01-08-02-01-01-05.wav,surprise,6
/content/drive/MyDrive/DataSet_Voice/surprise/03-01-08-01-02-01-02.wav,surprise,6
/content/drive/MyDrive/DataSet_Voice/surprise/03-01-08-01-01-02-11.wav,surprise,6
/content/drive/MyDrive/DataSet_Voice/surprise/03-01-08-01-01-02-03.wav,surprise,6
/content/drive/MyDrive/DataSet_Voice/surprise/03-01-08-02-01-01-14.wav,surprise,6
/content/drive/MyDrive/DataSet_Voice/surprise/03-01-08-02-02-01-08.wav,surprise,6
/content/drive/MyDrive/DataSet_Voice/surprise/03-01-08-01-01-02-10.wav,surprise,6
/content/drive/MyDrive/DataSet_Voice/surprise/03-01-08-01-02-02-09.wav,surprise,6
/content/drive/MyDrive/DataSet_Voice/surprise/03-01-08-01-02-01-14.wav,surprise,6
/content/drive/MyDrive/DataSet_Voice/surprise/03-01-08-01-02-02-13.wav,surprise,6
/content/drive/MyDrive/DataSet_Voice/surprise/03-01-08-01-02-02-04.wav,surprise,6
/content/drive/MyDrive/DataSet_Voice/surprise/03-01-08-01-01-01-16.wav,surprise,6
/content/drive/MyDrive/DataSet_Voice/surprise/03-01-08-02-02-02-11.wav,surprise,6
/content/drive/MyDrive/DataSet_Voice/surprise/03-01-08-01-01-01-14.wav,surprise,6
/content/drive/MyDrive/DataSet_Voice/surprise/03-01-08-02-02-01-14.wav,surprise,6
/content/drive/MyDrive/DataSet_Voice/surprise/03-01-08-02-01-02-05.wav,surprise,6
/content/drive/MyDrive/DataSet_Voice/surprise/03-01-08-01-02-02-16.wav,surprise,6
/content/drive/MyDrive/DataSet_Voice/surprise/03-01-08-01-02-02-17.wav,surprise,6
/content/drive/MyDrive/DataSet_Voice/surprise/03-01-08-01-02-01-17.wav,surprise,6
/content/drive/MyDrive/DataSet_Voice/surprise/03-01-08-02-01-02-07.wav,surprise,6
/content/drive/MyDrive/DataSet_Voice/surprise/03-01-08-01-02-01-07.wav,surprise,6
/content/drive/MyDrive/DataSet_Voice/surprise/03-01-08-02-02-01-11.wav,surprise,6
/content/drive/MyDrive/DataSet_Voice/surprise/03-01-08-02-02-02-10.wav,surprise,6
/content/drive/MyDrive/DataSet_Voice/surprise/03-01-08-01-01-01-09.wav,surprise,6
/content/drive/MyDrive/DataSet_Voice/surprise/03-01-08-01-01-02-17.wav,surprise,6
/content/drive/MyDrive/DataSet_Voice/surprise/03-01-08-02-02-01-07.wav,surprise,6
/content/drive/MyDrive/DataSet_Voice/surprise/03-01-08-02-01-02-04.wav,surprise,6
/content/drive/MyDrive/DataSet_Voice/surprise/03-01-08-01-02-02-02.wav,surprise,6
/content/drive/MyDrive/DataSet_Voice/surprise/03-01-08-01-02-01-05.wav,surprise,6
/content/drive/MyDrive/DataSet_Voice/surprise/03-01-08-02-01-01-10.wav,surprise,6
/content/drive/MyDrive/DataSet_Voice/surprise/03-01-08-02-01-01-16.wav,surprise,6
/content/drive/MyDrive/DataSet_Voice/surprise/03-01-08-01-01-02-02.wav,surprise,6
/content/drive/MyDrive/DataSet_Voice/surprise/03-01-08-01-02-01-12.wav,surprise,6
/content/drive/MyDrive/DataSet_Voice/surprise/03-01-08-01-02-02-15.wav,surprise,6
/content/drive/MyDrive/DataSet_Voice/surprise/03-01-08-01-02-02-12.wav,surprise,6
/content/drive/MyDrive/DataSet_Voice/surprise/03-01-08-02-02-01-04.wav,surprise,6
/content/drive/MyDrive/DataSet_Voice/surprise/03-01-08-01-01-01-03.wav,surprise,6
/content/drive/MyDrive/DataSet_Voice/surprise/03-01-08-01-02-02-11.wav,surprise,6
/content/drive/MyDrive/DataSet_Voice/surprise/03-01-08-02-02-01-02.wav,surprise,6
/content/drive/MyDrive/DataSet_Voice/surprise/03-01-08-01-02-02-14.wav,surprise,6
/content/drive/MyDrive/DataSet_Voice/surprise/03-01-08-02-01-01-09.wav,surprise,6
/content/drive/MyDrive/DataSet_Voice/surprise/03-01-08-02-02-01-15.wav,surprise,6
/content/drive/MyDrive/DataSet_Voice/surprise/03-01-08-02-02-02-16.wav,surprise,6
/content/drive/MyDrive/DataSet_Voice/surprise/03-01-08-02-01-02-12.wav,surprise,6
/content/drive/MyDrive/DataSet_Voice/surprise/03-01-08-01-02-01-04.wav,surprise,6
/content/drive/MyDrive/DataSet_Voice/surprise/03-01-08-01-02-02-10.wav,surprise,6
/content/drive/MyDrive/DataSet_Voice/surprise/03-01-08-02-01-02-08.wav,surprise,6
/content/drive/MyDrive/DataSet_Voice/surprise/03-01-08-02-02-01-17.wav,surprise,6
/content/drive/MyDrive/DataSet_Voice/surprise/03-01-08-01-02-02-05.wav,surprise,6
/content/drive/MyDrive/DataSet_Voice/surprise/03-01-08-02-02-02-05.wav,surprise,6
/content/drive/MyDrive/DataSet_Voice/surprise/03-01-08-02-02-01-06.wav,surprise,6
/content/drive/MyDrive/DataSet_Voice/surprise/03-01-08-01-01-01-12.wav,surprise,6
/content/drive/MyDrive/DataSet_Voice/surprise/03-01-08-02-01-02-03.wav,surprise,6
/content/drive/MyDrive/DataSet_Voice/surprise/03-01-08-02-02-02-13.wav,surprise,6
/content/drive/MyDrive/DataSet_Voice/surprise/03-01-08-01-02-02-07.wav,surprise,6
/content/drive/MyDrive/DataSet_Voice/surprise/03-01-08-02-01-01-03.wav,surprise,6
/content/drive/MyDrive/DataSet_Voice/surprise/03-01-08-01-01-02-15.wav,surprise,6
/content/drive/MyDrive/DataSet_Voice/surprise/03-01-08-02-01-02-02.wav,surprise,6
/content/drive/MyDrive/DataSet_Voice/surprise/03-01-08-02-02-02-14.wav,surprise,6
/content/drive/MyDrive/DataSet_Voice/surprise/03-01-08-02-01-02-09.wav,surprise,6
/content/drive/MyDrive/DataSet_Voice/surprise/OAF_long_ps.wav,surprise,6
/content/drive/MyDrive/DataSet_Voice/surprise/OAF_lease_ps.wav,surprise,6
/content/drive/MyDrive/DataSet_Voice/surprise/OAF_cool_ps.wav,surprise,6
/content/drive/MyDrive/DataSet_Voice/surprise/OAF_fall_ps.wav,surprise,6
/content/drive/MyDrive/DataSet_Voice/surprise/OAF_mode_ps.wav,surprise,6
/content/drive/MyDrive/DataSet_Voice/surprise/OAF_lore_ps.wav,surprise,6
/content/drive/MyDrive/DataSet_Voice/surprise/OAF_live_ps.wav,surprise,6
/content/drive/MyDrive/DataSet_Voice/surprise/03-01-08-01-02-01-21.wav,surprise,6
/content/drive/MyDrive/DataSet_Voice/surprise/03-01-08-02-01-01-19.wav,surprise,6
/content/drive/MyDrive/DataSet_Voice/surprise/03-01-08-01-02-02-23.wav,surprise,6
/content/drive/MyDrive/DataSet_Voice/surprise/OAF_bar_ps.wav,surprise,6
/content/drive/MyDrive/DataSet_Voice/surprise/OAF_jug_ps.wav,surprise,6
/content/drive/MyDrive/DataSet_Voice/surprise/OAF_kill_ps.wav,surprise,6
/content/drive/MyDrive/DataSet_Voice/surprise/OAF_luck_ps.wav,surprise,6
/content/drive/MyDrive/DataSet_Voice/surprise/OAF_late_ps.wav,surprise,6
/content/drive/MyDrive/DataSet_Voice/surprise/OAF_lose_ps.wav,surprise,6
/content/drive/MyDrive/DataSet_Voice/surprise/03-01-08-02-02-02-22.wav,surprise,6
/content/drive/MyDrive/DataSet_Voice/surprise/03-01-08-02-01-02-21.wav,surprise,6
/content/drive/MyDrive/DataSet_Voice/surprise/OAF_dime_ps.wav,surprise,6
/content/drive/MyDrive/DataSet_Voice/surprise/03-01-08-02-02-02-20.wav,surprise,6
/content/drive/MyDrive/DataSet_Voice/surprise/OAF_moon_ps.wav,surprise,6
/content/drive/MyDrive/DataSet_Voice/surprise/03-01-08-02-01-02-24.wav,surprise,6
/content/drive/MyDrive/DataSet_Voice/surprise/03-01-08-01-02-01-20.wav,surprise,6
/content/drive/MyDrive/DataSet_Voice/surprise/OAF_hire_ps.wav,surprise,6
/content/drive/MyDrive/DataSet_Voice/surprise/OAF_mop_ps.wav,surprise,6
/content/drive/MyDrive/DataSet_Voice/surprise/OAF_chain_ps.wav,surprise,6
/content/drive/MyDrive/DataSet_Voice/surprise/OAF_chalk_ps.wav,surprise,6
/content/drive/MyDrive/DataSet_Voice/surprise/OAF_gin_ps.wav,surprise,6
/content/drive/MyDrive/DataSet_Voice/surprise/OAF_hall_ps.wav,surprise,6
/content/drive/MyDrive/DataSet_Voice/surprise/OAF_cause_ps.wav,surprise,6
/content/drive/MyDrive/DataSet_Voice/surprise/OAF_lean_ps.wav,surprise,6
/content/drive/MyDrive/DataSet_Voice/surprise/OAF_dab_ps.wav,surprise,6
/content/drive/MyDrive/DataSet_Voice/surprise/OAF_haze_ps.wav,surprise,6
/content/drive/MyDrive/DataSet_Voice/surprise/OAF_food_ps.wav,surprise,6
/content/drive/MyDrive/DataSet_Voice/surprise/OAF_five_ps.wav,surprise,6
/content/drive/MyDrive/DataSet_Voice/surprise/OAF_bite_ps.wav,surprise,6
/content/drive/MyDrive/DataSet_Voice/surprise/OAF_keen_ps.wav,surprise,6
/content/drive/MyDrive/DataSet_Voice/surprise/03-01-08-02-02-01-22.wav,surprise,6
/content/drive/MyDrive/DataSet_Voice/surprise/OAF_deep_ps.wav,surprise,6
/content/drive/MyDrive/DataSet_Voice/surprise/03-01-08-01-01-02-18.wav,surprise,6
/content/drive/MyDrive/DataSet_Voice/surprise/03-01-08-02-02-02-19.wav,surprise,6
/content/drive/MyDrive/DataSet_Voice/surprise/OAF_ditch_ps.wav,surprise,6
/content/drive/MyDrive/DataSet_Voice/surprise/03-01-08-02-02-01-24.wav,surprise,6
/content/drive/MyDrive/DataSet_Voice/surprise/OAF_kick_ps.wav,surprise,6
/content/drive/MyDrive/DataSet_Voice/surprise/OAF_back_ps.wav,surprise,6
/content/drive/MyDrive/DataSet_Voice/surprise/OAF_have_ps.wav,surprise,6
/content/drive/MyDrive/DataSet_Voice/surprise/OAF_boat_ps.wav,surprise,6
/content/drive/MyDrive/DataSet_Voice/surprise/OAF_door_ps.wav,surprise,6
/content/drive/MyDrive/DataSet_Voice/surprise/OAF_judge_ps.wav,surprise,6
/content/drive/MyDrive/DataSet_Voice/surprise/03-01-08-02-02-01-20.wav,surprise,6
/content/drive/MyDrive/DataSet_Voice/surprise/OAF_hush_ps.wav,surprise,6
/content/drive/MyDrive/DataSet_Voice/surprise/OAF_dip_ps.wav,surprise,6
/content/drive/MyDrive/DataSet_Voice/surprise/OAF_choice_ps.wav,surprise,6
/content/drive/MyDrive/DataSet_Voice/surprise/OAF_cab_ps.wav,surprise,6
/content/drive/MyDrive/DataSet_Voice/surprise/OAF_king_ps.wav,surprise,6
/content/drive/MyDrive/DataSet_Voice/surprise/OAF_home_ps.wav,surprise,6
/content/drive/MyDrive/DataSet_Voice/surprise/03-01-08-02-01-02-20.wav,surprise,6
/content/drive/MyDrive/DataSet_Voice/surprise/OAF_laud_ps.wav,surprise,6
/content/drive/MyDrive/DataSet_Voice/surprise/03-01-08-02-01-01-20.wav,surprise,6
/content/drive/MyDrive/DataSet_Voice/surprise/03-01-08-01-02-01-19.wav,surprise,6
/content/drive/MyDrive/DataSet_Voice/surprise/03-01-08-01-01-01-18.wav,surprise,6
/content/drive/MyDrive/DataSet_Voice/surprise/OAF_beg_ps.wav,surprise,6
/content/drive/MyDrive/DataSet_Voice/surprise/OAF_get_ps.wav,surprise,6
/content/drive/MyDrive/DataSet_Voice/surprise/OAF_bought_ps.wav,surprise,6
/content/drive/MyDrive/DataSet_Voice/surprise/OAF_lid_ps.wav,surprise,6
/content/drive/MyDrive/DataSet_Voice/surprise/OAF_mood_ps.wav,surprise,6
/content/drive/MyDrive/DataSet_Voice/surprise/OAF_kite_ps.wav,surprise,6
/content/drive/MyDrive/DataSet_Voice/surprise/OAF_learn_ps.wav,surprise,6
/content/drive/MyDrive/DataSet_Voice/surprise/OAF_half_ps.wav,surprise,6
/content/drive/MyDrive/DataSet_Voice/surprise/03-01-08-01-02-02-24.wav,surprise,6
/content/drive/MyDrive/DataSet_Voice/surprise/OAF_calm_ps.wav,surprise,6
/content/drive/MyDrive/DataSet_Voice/surprise/OAF_goose_ps.wav,surprise,6
/content/drive/MyDrive/DataSet_Voice/surprise/03-01-08-01-01-02-22.wav,surprise,6
/content/drive/MyDrive/DataSet_Voice/surprise/03-01-08-01-01-01-19.wav,surprise,6
/content/drive/MyDrive/DataSet_Voice/surprise/OAF_germ_ps.wav,surprise,6
/content/drive/MyDrive/DataSet_Voice/surprise/03-01-08-02-01-02-22.wav,surprise,6
/content/drive/MyDrive/DataSet_Voice/surprise/OAF_mill_ps.wav,surprise,6
/content/drive/MyDrive/DataSet_Voice/surprise/03-01-08-02-01-01-23.wav,surprise,6
/content/drive/MyDrive/DataSet_Voice/surprise/03-01-08-01-02-01-18.wav,surprise,6
/content/drive/MyDrive/DataSet_Voice/surprise/OAF_keep_ps.wav,surprise,6
/content/drive/MyDrive/DataSet_Voice/surprise/OAF_gun_ps.wav,surprise,6
/content/drive/MyDrive/DataSet_Voice/surprise/OAF_hash_ps.wav,surprise,6
/content/drive/MyDrive/DataSet_Voice/surprise/03-01-08-02-01-01-18.wav,surprise,6
/content/drive/MyDrive/DataSet_Voice/surprise/03-01-08-01-02-02-20.wav,surprise,6
/content/drive/MyDrive/DataSet_Voice/surprise/03-01-08-02-01-01-21.wav,surprise,6
/content/drive/MyDrive/DataSet_Voice/surprise/OAF_base_ps.wav,surprise,6
/content/drive/MyDrive/DataSet_Voice/surprise/03-01-08-01-01-01-24.wav,surprise,6
/content/drive/MyDrive/DataSet_Voice/surprise/03-01-08-02-02-01-19.wav,surprise,6
/content/drive/MyDrive/DataSet_Voice/surprise/03-01-08-01-01-01-21.wav,surprise,6
/content/drive/MyDrive/DataSet_Voice/surprise/OAF_hit_ps.wav,surprise,6
/content/drive/MyDrive/DataSet_Voice/surprise/OAF_cheek_ps.wav,surprise,6
/content/drive/MyDrive/DataSet_Voice/surprise/OAF_fat_ps.wav,surprise,6
/content/drive/MyDrive/DataSet_Voice/surprise/OAF_mess_ps.wav,surprise,6
/content/drive/MyDrive/DataSet_Voice/surprise/03-01-08-01-02-02-21.wav,surprise,6
/content/drive/MyDrive/DataSet_Voice/surprise/OAF_loaf_ps.wav,surprise,6
/content/drive/MyDrive/DataSet_Voice/surprise/OAF_fail_ps.wav,surprise,6
/content/drive/MyDrive/DataSet_Voice/surprise/OAF_gap_ps.wav,surprise,6
/content/drive/MyDrive/DataSet_Voice/surprise/03-01-08-01-01-02-23.wav,surprise,6
/content/drive/MyDrive/DataSet_Voice/surprise/03-01-08-02-01-01-22.wav,surprise,6
/content/drive/MyDrive/DataSet_Voice/surprise/OAF_love_ps.wav,surprise,6
/content/drive/MyDrive/DataSet_Voice/surprise/OAF_hole_ps.wav,surprise,6
/content/drive/MyDrive/DataSet_Voice/surprise/03-01-08-02-02-02-21.wav,surprise,6
/content/drive/MyDrive/DataSet_Voice/surprise/OAF_juice_ps.wav,surprise,6
/content/drive/MyDrive/DataSet_Voice/surprise/OAF_doll_ps.wav,surprise,6
/content/drive/MyDrive/DataSet_Voice/surprise/OAF_bath_ps.wav,surprise,6
/content/drive/MyDrive/DataSet_Voice/surprise/03-01-08-02-02-02-18.wav,surprise,6
/content/drive/MyDrive/DataSet_Voice/surprise/03-01-08-01-02-02-18.wav,surprise,6
/content/drive/MyDrive/DataSet_Voice/surprise/OAF_goal_ps.wav,surprise,6
/content/drive/MyDrive/DataSet_Voice/surprise/03-01-08-01-01-01-23.wav,surprise,6
/content/drive/MyDrive/DataSet_Voice/surprise/OAF_limb_ps.wav,surprise,6
/content/drive/MyDrive/DataSet_Voice/surprise/OAF_chief_ps.wav,surprise,6
/content/drive/MyDrive/DataSet_Voice/surprise/03-01-08-01-01-01-22.wav,surprise,6
/content/drive/MyDrive/DataSet_Voice/surprise/OAF_lot_ps.wav,surprise,6
/content/drive/MyDrive/DataSet_Voice/surprise/03-01-08-02-02-02-23.wav,surprise,6
/content/drive/MyDrive/DataSet_Voice/surprise/OAF_check_ps.wav,surprise,6
/content/drive/MyDrive/DataSet_Voice/surprise/03-01-08-02-02-01-21.wav,surprise,6
/content/drive/MyDrive/DataSet_Voice/surprise/03-01-08-01-01-01-20.wav,surprise,6
/content/drive/MyDrive/DataSet_Voice/surprise/03-01-08-01-02-01-22.wav,surprise,6
/content/drive/MyDrive/DataSet_Voice/surprise/OAF_mob_ps.wav,surprise,6
/content/drive/MyDrive/DataSet_Voice/surprise/03-01-08-01-02-01-24.wav,surprise,6
/content/drive/MyDrive/DataSet_Voice/surprise/03-01-08-02-02-01-18.wav,surprise,6
/content/drive/MyDrive/DataSet_Voice/surprise/OAF_gas_ps.wav,surprise,6
/content/drive/MyDrive/DataSet_Voice/surprise/OAF_met_ps.wav,surprise,6
/content/drive/MyDrive/DataSet_Voice/surprise/03-01-08-02-02-01-23.wav,surprise,6
/content/drive/MyDrive/DataSet_Voice/surprise/OAF_date_ps.wav,surprise,6
/content/drive/MyDrive/DataSet_Voice/surprise/OAF_bone_ps.wav,surprise,6
/content/drive/MyDrive/DataSet_Voice/surprise/OAF_chat_ps.wav,surprise,6
/content/drive/MyDrive/DataSet_Voice/surprise/OAF_book_ps.wav,surprise,6
/content/drive/MyDrive/DataSet_Voice/surprise/03-01-08-01-02-02-22.wav,surprise,6
/content/drive/MyDrive/DataSet_Voice/surprise/OAF_jar_ps.wav,surprise,6
/content/drive/MyDrive/DataSet_Voice/surprise/03-01-08-01-01-02-20.wav,surprise,6
/content/drive/MyDrive/DataSet_Voice/surprise/OAF_make_ps.wav,surprise,6
/content/drive/MyDrive/DataSet_Voice/surprise/OAF_join_ps.wav,surprise,6
/content/drive/MyDrive/DataSet_Voice/surprise/03-01-08-01-01-02-21.wav,surprise,6
/content/drive/MyDrive/DataSet_Voice/surprise/03-01-08-02-01-02-23.wav,surprise,6
/content/drive/MyDrive/DataSet_Voice/surprise/OAF_jail_ps.wav,surprise,6
/content/drive/MyDrive/DataSet_Voice/surprise/OAF_hate_ps.wav,surprise,6
/content/drive/MyDrive/DataSet_Voice/surprise/03-01-08-02-01-02-18.wav,surprise,6
/content/drive/MyDrive/DataSet_Voice/surprise/OAF_burn_ps.wav,surprise,6
/content/drive/MyDrive/DataSet_Voice/surprise/03-01-08-02-01-02-19.wav,surprise,6
/content/drive/MyDrive/DataSet_Voice/surprise/OAF_fit_ps.wav,surprise,6
/content/drive/MyDrive/DataSet_Voice/surprise/OAF_good_ps.wav,surprise,6
/content/drive/MyDrive/DataSet_Voice/surprise/OAF_knock_ps.wav,surprise,6
/content/drive/MyDrive/DataSet_Voice/surprise/OAF_came_ps.wav,surprise,6
/content/drive/MyDrive/DataSet_Voice/surprise/OAF_dead_ps.wav,surprise,6
/content/drive/MyDrive/DataSet_Voice/surprise/03-01-08-01-02-02-19.wav,surprise,6
/content/drive/MyDrive/DataSet_Voice/surprise/OAF_match_ps.wav,surprise,6
/content/drive/MyDrive/DataSet_Voice/surprise/OAF_far_ps.wav,surprise,6
/content/drive/MyDrive/DataSet_Voice/surprise/OAF_chair_ps.wav,surprise,6
/content/drive/MyDrive/DataSet_Voice/surprise/OAF_gaze_ps.wav,surprise,6
/content/drive/MyDrive/DataSet_Voice/surprise/03-01-08-01-01-02-19.wav,surprise,6
/content/drive/MyDrive/DataSet_Voice/surprise/03-01-08-02-01-01-24.wav,surprise,6
/content/drive/MyDrive/DataSet_Voice/surprise/OAF_bean_ps.wav,surprise,6
/content/drive/MyDrive/DataSet_Voice/surprise/OAF_merge_ps.wav,surprise,6
/content/drive/MyDrive/DataSet_Voice/surprise/03-01-08-02-02-02-24.wav,surprise,6
/content/drive/MyDrive/DataSet_Voice/surprise/OAF_dodge_ps.wav,surprise,6
/content/drive/MyDrive/DataSet_Voice/surprise/OAF_hurl_ps.wav,surprise,6
/content/drive/MyDrive/DataSet_Voice/surprise/03-01-08-01-01-02-24.wav,surprise,6
/content/drive/MyDrive/DataSet_Voice/surprise/OAF_dog_ps.wav,surprise,6
/content/drive/MyDrive/DataSet_Voice/surprise/OAF_keg_ps.wav,surprise,6
/content/drive/MyDrive/DataSet_Voice/surprise/OAF_death_ps.wav,surprise,6
/content/drive/MyDrive/DataSet_Voice/surprise/03-01-08-01-02-01-23.wav,surprise,6
/content/drive/MyDrive/DataSet_Voice/surprise/OAF_life_ps.wav,surprise,6
/content/drive/MyDrive/DataSet_Voice/surprise/YAF_haze_ps.wav,surprise,6
/content/drive/MyDrive/DataSet_Voice/surprise/OAF_young_ps.wav,surprise,6
/content/drive/MyDrive/DataSet_Voice/surprise/OAF_when_ps.wav,surprise,6
/content/drive/MyDrive/DataSet_Voice/surprise/OAF_nice_ps.wav,surprise,6
/content/drive/MyDrive/DataSet_Voice/surprise/OAF_whip_ps.wav,surprise,6
/content/drive/MyDrive/DataSet_Voice/surprise/OAF_sure_ps.wav,surprise,6
/content/drive/MyDrive/DataSet_Voice/surprise/YAF_cab_ps.wav,surprise,6
/content/drive/MyDrive/DataSet_Voice/surprise/OAF_seize_ps.wav,surprise,6
/content/drive/MyDrive/DataSet_Voice/surprise/YAF_hurl_ps.wav,surprise,6
/content/drive/MyDrive/DataSet_Voice/surprise/YAF_judge_ps.wav,surprise,6
/content/drive/MyDrive/DataSet_Voice/surprise/YAF_dip_ps.wav,surprise,6
/content/drive/MyDrive/DataSet_Voice/surprise/YAF_bath_ps.wav,surprise,6
/content/drive/MyDrive/DataSet_Voice/surprise/YAF_cheek_ps.wav,surprise,6
/content/drive/MyDrive/DataSet_Voice/surprise/OAF_third_ps.wav,surprise,6
/content/drive/MyDrive/DataSet_Voice/surprise/OAF_shout_ps.wav,surprise,6
/content/drive/MyDrive/DataSet_Voice/surprise/OAF_shirt_ps.wav,surprise,6
/content/drive/MyDrive/DataSet_Voice/surprise/OAF_south_ps.wav,surprise,6
/content/drive/MyDrive/DataSet_Voice/surprise/OAF_mouse_ps.wav,surprise,6
/content/drive/MyDrive/DataSet_Voice/surprise/OAF_yes_ps.wav,surprise,6
/content/drive/MyDrive/DataSet_Voice/surprise/YAF_gaze_ps.wav,surprise,6
/content/drive/MyDrive/DataSet_Voice/surprise/YAF_bean_ps.wav,surprise,6
/content/drive/MyDrive/DataSet_Voice/surprise/OAF_shawl_ps.wav,surprise,6
/content/drive/MyDrive/DataSet_Voice/surprise/OAF_pool_ps.wav,surprise,6
/content/drive/MyDrive/DataSet_Voice/surprise/OAF_tough_ps.wav,surprise,6
/content/drive/MyDrive/DataSet_Voice/surprise/YAF_doll_ps.wav,surprise,6
/content/drive/MyDrive/DataSet_Voice/surprise/OAF_void_ps.wav,surprise,6
/content/drive/MyDrive/DataSet_Voice/surprise/OAF_neat_ps.wav,surprise,6
/content/drive/MyDrive/DataSet_Voice/surprise/YAF_hire_ps.wav,surprise,6
/content/drive/MyDrive/DataSet_Voice/surprise/OAF_such_ps.wav,surprise,6
/content/drive/MyDrive/DataSet_Voice/surprise/OAF_peg_ps.wav,surprise,6
/content/drive/MyDrive/DataSet_Voice/surprise/YAF_choice_ps.wav,surprise,6
/content/drive/MyDrive/DataSet_Voice/surprise/YAF_beg_ps.wav,surprise,6
/content/drive/MyDrive/DataSet_Voice/surprise/OAF_which_ps.wav,surprise,6
/content/drive/MyDrive/DataSet_Voice/surprise/YAF_back_ps.wav,surprise,6
/content/drive/MyDrive/DataSet_Voice/surprise/YAF_boat_ps.wav,surprise,6
/content/drive/MyDrive/DataSet_Voice/surprise/OAF_tape_ps.wav,surprise,6
/content/drive/MyDrive/DataSet_Voice/surprise/YAF_calm_ps.wav,surprise,6
/content/drive/MyDrive/DataSet_Voice/surprise/OAF_pole_ps.wav,surprise,6
/content/drive/MyDrive/DataSet_Voice/surprise/OAF_youth_ps.wav,surprise,6
/content/drive/MyDrive/DataSet_Voice/surprise/YAF_hall_ps.wav,surprise,6
/content/drive/MyDrive/DataSet_Voice/surprise/YAF_jail_ps.wav,surprise,6
/content/drive/MyDrive/DataSet_Voice/surprise/YAF_ditch_ps.wav,surprise,6
/content/drive/MyDrive/DataSet_Voice/surprise/YAF_bite_ps.wav,surprise,6
/content/drive/MyDrive/DataSet_Voice/surprise/YAF_cause_ps.wav,surprise,6
/content/drive/MyDrive/DataSet_Voice/surprise/YAF_base_ps.wav,surprise,6
/content/drive/MyDrive/DataSet_Voice/surprise/YAF_chalk_ps.wav,surprise,6
/content/drive/MyDrive/DataSet_Voice/surprise/YAF_far_ps.wav,surprise,6
/content/drive/MyDrive/DataSet_Voice/surprise/OAF_near_ps.wav,surprise,6
/content/drive/MyDrive/DataSet_Voice/surprise/OAF_raise_ps.wav,surprise,6
/content/drive/MyDrive/DataSet_Voice/surprise/OAF_rot_ps.wav,surprise,6
/content/drive/MyDrive/DataSet_Voice/surprise/OAF_vine_ps.wav,surprise,6
/content/drive/MyDrive/DataSet_Voice/surprise/YAF_dead_ps.wav,surprise,6
/content/drive/MyDrive/DataSet_Voice/surprise/YAF_date_ps.wav,surprise,6
/content/drive/MyDrive/DataSet_Voice/surprise/YAF_dab_ps.wav,surprise,6
/content/drive/MyDrive/DataSet_Voice/surprise/OAF_white_ps.wav,surprise,6
/content/drive/MyDrive/DataSet_Voice/surprise/OAF_thought_ps.wav,surprise,6
/content/drive/MyDrive/DataSet_Voice/surprise/OAF_walk_ps.wav,surprise,6
/content/drive/MyDrive/DataSet_Voice/surprise/YAF_germ_ps.wav,surprise,6
/content/drive/MyDrive/DataSet_Voice/surprise/OAF_wash_ps.wav,surprise,6
/content/drive/MyDrive/DataSet_Voice/surprise/OAF_search_ps.wav,surprise,6
/content/drive/MyDrive/DataSet_Voice/surprise/YAF_chat_ps.wav,surprise,6
/content/drive/MyDrive/DataSet_Voice/surprise/OAF_numb_ps.wav,surprise,6
/content/drive/MyDrive/DataSet_Voice/surprise/OAF_rose_ps.wav,surprise,6
/content/drive/MyDrive/DataSet_Voice/surprise/YAF_hole_ps.wav,surprise,6
/content/drive/MyDrive/DataSet_Voice/surprise/YAF_gin_ps.wav,surprise,6
/content/drive/MyDrive/DataSet_Voice/surprise/OAF_vote_ps.wav,surprise,6
/content/drive/MyDrive/DataSet_Voice/surprise/YAF_came_ps.wav,surprise,6
/content/drive/MyDrive/DataSet_Voice/surprise/OAF_nag_ps.wav,surprise,6
/content/drive/MyDrive/DataSet_Voice/surprise/OAF_shall_ps.wav,surprise,6
/content/drive/MyDrive/DataSet_Voice/surprise/YAF_gap_ps.wav,surprise,6
/content/drive/MyDrive/DataSet_Voice/surprise/OAF_soap_ps.wav,surprise,6
/content/drive/MyDrive/DataSet_Voice/surprise/OAF_red_ps.wav,surprise,6
/content/drive/MyDrive/DataSet_Voice/surprise/YAF_have_ps.wav,surprise,6
/content/drive/MyDrive/DataSet_Voice/surprise/OAF_voice_ps.wav,surprise,6
/content/drive/MyDrive/DataSet_Voice/surprise/YAF_jug_ps.wav,surprise,6
/content/drive/MyDrive/DataSet_Voice/surprise/OAF_wag_ps.wav,surprise,6
/content/drive/MyDrive/DataSet_Voice/surprise/YAF_fall_ps.wav,surprise,6
/content/drive/MyDrive/DataSet_Voice/surprise/OAF_ton_ps.wav,surprise,6
/content/drive/MyDrive/DataSet_Voice/surprise/YAF_fit_ps.wav,surprise,6
/content/drive/MyDrive/DataSet_Voice/surprise/OAF_rain_ps.wav,surprise,6
/content/drive/MyDrive/DataSet_Voice/surprise/OAF_rag_ps.wav,surprise,6
/content/drive/MyDrive/DataSet_Voice/surprise/YAF_hush_ps.wav,surprise,6
/content/drive/MyDrive/DataSet_Voice/surprise/OAF_soup_ps.wav,surprise,6
/content/drive/MyDrive/DataSet_Voice/surprise/OAF_page_ps.wav,surprise,6
/content/drive/MyDrive/DataSet_Voice/surprise/OAF_yearn_ps.wav,surprise,6
/content/drive/MyDrive/DataSet_Voice/surprise/OAF_ring_ps.wav,surprise,6
/content/drive/MyDrive/DataSet_Voice/surprise/YAF_good_ps.wav,surprise,6
/content/drive/MyDrive/DataSet_Voice/surprise/YAF_get_ps.wav,surprise,6
/content/drive/MyDrive/DataSet_Voice/surprise/YAF_chair_ps.wav,surprise,6
/content/drive/MyDrive/DataSet_Voice/surprise/YAF_bone_ps.wav,surprise,6
/content/drive/MyDrive/DataSet_Voice/surprise/OAF_pick_ps.wav,surprise,6
/content/drive/MyDrive/DataSet_Voice/surprise/OAF_should_ps.wav,surprise,6
/content/drive/MyDrive/DataSet_Voice/surprise/OAF_ripe_ps.wav,surprise,6
/content/drive/MyDrive/DataSet_Voice/surprise/OAF_shack_ps.wav,surprise,6
/content/drive/MyDrive/DataSet_Voice/surprise/OAF_pass_ps.wav,surprise,6
/content/drive/MyDrive/DataSet_Voice/surprise/YAF_five_ps.wav,surprise,6
/content/drive/MyDrive/DataSet_Voice/surprise/OAF_name_ps.wav,surprise,6
/content/drive/MyDrive/DataSet_Voice/surprise/OAF_sail_ps.wav,surprise,6
/content/drive/MyDrive/DataSet_Voice/surprise/YAF_half_ps.wav,surprise,6
/content/drive/MyDrive/DataSet_Voice/surprise/OAF_time_ps.wav,surprise,6
/content/drive/MyDrive/DataSet_Voice/surprise/OAF_tip_ps.wav,surprise,6
/content/drive/MyDrive/DataSet_Voice/surprise/OAF_said_ps.wav,surprise,6
/content/drive/MyDrive/DataSet_Voice/surprise/OAF_road_ps.wav,surprise,6
/content/drive/MyDrive/DataSet_Voice/surprise/YAF_fail_ps.wav,surprise,6
/content/drive/MyDrive/DataSet_Voice/surprise/YAF_hate_ps.wav,surprise,6
/content/drive/MyDrive/DataSet_Voice/surprise/OAF_raid_ps.wav,surprise,6
/content/drive/MyDrive/DataSet_Voice/surprise/YAF_burn_ps.wav,surprise,6
/content/drive/MyDrive/DataSet_Voice/surprise/YAF_check_ps.wav,surprise,6
/content/drive/MyDrive/DataSet_Voice/surprise/YAF_hit_ps.wav,surprise,6
/content/drive/MyDrive/DataSet_Voice/surprise/OAF_puff_ps.wav,surprise,6
/content/drive/MyDrive/DataSet_Voice/surprise/YAF_food_ps.wav,surprise,6
/content/drive/MyDrive/DataSet_Voice/surprise/OAF_rough_ps.wav,surprise,6
/content/drive/MyDrive/DataSet_Voice/surprise/YAF_gun_ps.wav,surprise,6
/content/drive/MyDrive/DataSet_Voice/surprise/OAF_wire_ps.wav,surprise,6
/content/drive/MyDrive/DataSet_Voice/surprise/OAF_sell_ps.wav,surprise,6
/content/drive/MyDrive/DataSet_Voice/surprise/OAF_sub_ps.wav,surprise,6
/content/drive/MyDrive/DataSet_Voice/surprise/OAF_thin_ps.wav,surprise,6
/content/drive/MyDrive/DataSet_Voice/surprise/YAF_bought_ps.wav,surprise,6
/content/drive/MyDrive/DataSet_Voice/surprise/YAF_join_ps.wav,surprise,6
/content/drive/MyDrive/DataSet_Voice/surprise/YAF_death_ps.wav,surprise,6
/content/drive/MyDrive/DataSet_Voice/surprise/YAF_deep_ps.wav,surprise,6
/content/drive/MyDrive/DataSet_Voice/surprise/OAF_pike_ps.wav,surprise,6
/content/drive/MyDrive/DataSet_Voice/surprise/OAF_rat_ps.wav,surprise,6
/content/drive/MyDrive/DataSet_Voice/surprise/OAF_team_ps.wav,surprise,6
/content/drive/MyDrive/DataSet_Voice/surprise/OAF_room_ps.wav,surprise,6
/content/drive/MyDrive/DataSet_Voice/surprise/OAF_sheep_ps.wav,surprise,6
/content/drive/MyDrive/DataSet_Voice/surprise/YAF_gas_ps.wav,surprise,6
/content/drive/MyDrive/DataSet_Voice/surprise/YAF_dodge_ps.wav,surprise,6
/content/drive/MyDrive/DataSet_Voice/surprise/YAF_jar_ps.wav,surprise,6
/content/drive/MyDrive/DataSet_Voice/surprise/YAF_dog_ps.wav,surprise,6
/content/drive/MyDrive/DataSet_Voice/surprise/YAF_book_ps.wav,surprise,6
/content/drive/MyDrive/DataSet_Voice/surprise/OAF_read_ps.wav,surprise,6
/content/drive/MyDrive/DataSet_Voice/surprise/YAF_dime_ps.wav,surprise,6
/content/drive/MyDrive/DataSet_Voice/surprise/OAF_size_ps.wav,surprise,6
/content/drive/MyDrive/DataSet_Voice/surprise/OAF_witch_ps.wav,surprise,6
/content/drive/MyDrive/DataSet_Voice/surprise/YAF_juice_ps.wav,surprise,6
/content/drive/MyDrive/DataSet_Voice/surprise/YAF_door_ps.wav,surprise,6
/content/drive/MyDrive/DataSet_Voice/surprise/YAF_home_ps.wav,surprise,6
/content/drive/MyDrive/DataSet_Voice/surprise/YAF_chief_ps.wav,surprise,6
/content/drive/MyDrive/DataSet_Voice/surprise/YAF_fat_ps.wav,surprise,6
/content/drive/MyDrive/DataSet_Voice/surprise/OAF_rush_ps.wav,surprise,6
/content/drive/MyDrive/DataSet_Voice/surprise/OAF_pad_ps.wav,surprise,6
/content/drive/MyDrive/DataSet_Voice/surprise/OAF_tell_ps.wav,surprise,6
/content/drive/MyDrive/DataSet_Voice/surprise/YAF_hash_ps.wav,surprise,6
/content/drive/MyDrive/DataSet_Voice/surprise/OAF_tire_ps.wav,surprise,6
/content/drive/MyDrive/DataSet_Voice/surprise/OAF_phone_ps.wav,surprise,6
/content/drive/MyDrive/DataSet_Voice/surprise/YAF_chain_ps.wav,surprise,6
/content/drive/MyDrive/DataSet_Voice/surprise/OAF_take_ps.wav,surprise,6
/content/drive/MyDrive/DataSet_Voice/surprise/OAF_wheat_ps.wav,surprise,6
/content/drive/MyDrive/DataSet_Voice/surprise/OAF_talk_ps.wav,surprise,6
/content/drive/MyDrive/DataSet_Voice/surprise/YAF_goal_ps.wav,surprise,6
/content/drive/MyDrive/DataSet_Voice/surprise/OAF_turn_ps.wav,surprise,6
/content/drive/MyDrive/DataSet_Voice/surprise/OAF_pain_ps.wav,surprise,6
/content/drive/MyDrive/DataSet_Voice/surprise/YAF_cool_ps.wav,surprise,6
/content/drive/MyDrive/DataSet_Voice/surprise/OAF_perch_ps.wav,surprise,6
/content/drive/MyDrive/DataSet_Voice/surprise/OAF_sour_ps.wav,surprise,6
/content/drive/MyDrive/DataSet_Voice/surprise/OAF_thumb_ps.wav,surprise,6
/content/drive/MyDrive/DataSet_Voice/surprise/YAF_goose_ps.wav,surprise,6
/content/drive/MyDrive/DataSet_Voice/surprise/OAF_tool_ps.wav,surprise,6
/content/drive/MyDrive/DataSet_Voice/surprise/OAF_week_ps.wav,surprise,6
/content/drive/MyDrive/DataSet_Voice/surprise/OAF_reach_ps.wav,surprise,6
/content/drive/MyDrive/DataSet_Voice/surprise/OAF_wife_ps.wav,surprise,6
/content/drive/MyDrive/DataSet_Voice/surprise/OAF_note_ps.wav,surprise,6
/content/drive/MyDrive/DataSet_Voice/surprise/YAF_bar_ps.wav,surprise,6
/content/drive/MyDrive/DataSet_Voice/surprise/OAF_pearl_ps.wav,surprise,6
/content/drive/MyDrive/DataSet_Voice/surprise/YAF_rag_ps.wav,surprise,6
/content/drive/MyDrive/DataSet_Voice/surprise/YAF_kick_ps.wav,surprise,6
/content/drive/MyDrive/DataSet_Voice/surprise/YAF_puff_ps.wav,surprise,6
/content/drive/MyDrive/DataSet_Voice/surprise/YAF_young_ps.wav,surprise,6
/content/drive/MyDrive/DataSet_Voice/surprise/YAF_ring_ps.wav,surprise,6
/content/drive/MyDrive/DataSet_Voice/surprise/YAF_pool_ps.wav,surprise,6
/content/drive/MyDrive/DataSet_Voice/surprise/YAF_love_ps.wav,surprise,6
/content/drive/MyDrive/DataSet_Voice/surprise/YAF_numb_ps.wav,surprise,6
/content/drive/MyDrive/DataSet_Voice/surprise/YAF_vote_ps.wav,surprise,6
/content/drive/MyDrive/DataSet_Voice/surprise/YAF_laud_ps.wav,surprise,6
/content/drive/MyDrive/DataSet_Voice/surprise/YAF_learn_ps.wav,surprise,6
/content/drive/MyDrive/DataSet_Voice/surprise/YAF_seize_ps.wav,surprise,6
/content/drive/MyDrive/DataSet_Voice/surprise/YAF_ton_ps.wav,surprise,6
/content/drive/MyDrive/DataSet_Voice/surprise/YAF_moon_ps.wav,surprise,6
/content/drive/MyDrive/DataSet_Voice/surprise/YAF_life_ps.wav,surprise,6
/content/drive/MyDrive/DataSet_Voice/surprise/YAF_sail_ps.wav,surprise,6
/content/drive/MyDrive/DataSet_Voice/surprise/YAF_match_ps.wav,surprise,6
/content/drive/MyDrive/DataSet_Voice/surprise/YAF_lose_ps.wav,surprise,6
/content/drive/MyDrive/DataSet_Voice/surprise/YAF_south_ps.wav,surprise,6
/content/drive/MyDrive/DataSet_Voice/surprise/YAF_yes_ps.wav,surprise,6
/content/drive/MyDrive/DataSet_Voice/surprise/YAF_tool_ps.wav,surprise,6
/content/drive/MyDrive/DataSet_Voice/surprise/YAF_tape_ps.wav,surprise,6
/content/drive/MyDrive/DataSet_Voice/surprise/YAF_take_ps.wav,surprise,6
/content/drive/MyDrive/DataSet_Voice/surprise/YAF_note_ps.wav,surprise,6
/content/drive/MyDrive/DataSet_Voice/surprise/YAF_ripe_ps.wav,surprise,6
/content/drive/MyDrive/DataSet_Voice/surprise/YAF_rat_ps.wav,surprise,6
/content/drive/MyDrive/DataSet_Voice/surprise/YAF_thought_ps.wav,surprise,6
/content/drive/MyDrive/DataSet_Voice/surprise/YAF_peg_ps.wav,surprise,6
/content/drive/MyDrive/DataSet_Voice/surprise/YAF_loaf_ps.wav,surprise,6
/content/drive/MyDrive/DataSet_Voice/surprise/YAF_soup_ps.wav,surprise,6
/content/drive/MyDrive/DataSet_Voice/surprise/YAF_rot_ps.wav,surprise,6
/content/drive/MyDrive/DataSet_Voice/surprise/YAF_lean_ps.wav,surprise,6
/content/drive/MyDrive/DataSet_Voice/surprise/YAF_met_ps.wav,surprise,6
/content/drive/MyDrive/DataSet_Voice/surprise/YAF_team_ps.wav,surprise,6
/content/drive/MyDrive/DataSet_Voice/surprise/YAF_mess_ps.wav,surprise,6
/content/drive/MyDrive/DataSet_Voice/surprise/YAF_luck_ps.wav,surprise,6
/content/drive/MyDrive/DataSet_Voice/surprise/YAF_knock_ps.wav,surprise,6
/content/drive/MyDrive/DataSet_Voice/surprise/YAF_make_ps.wav,surprise,6
/content/drive/MyDrive/DataSet_Voice/surprise/YAF_walk_ps.wav,surprise,6
/content/drive/MyDrive/DataSet_Voice/surprise/YAF_lease_ps.wav,surprise,6
/content/drive/MyDrive/DataSet_Voice/surprise/YAF_keep_ps.wav,surprise,6
/content/drive/MyDrive/DataSet_Voice/surprise/YAF_pain_ps.wav,surprise,6
/content/drive/MyDrive/DataSet_Voice/surprise/YAF_wheat_ps.wav,surprise,6
/content/drive/MyDrive/DataSet_Voice/surprise/YAF_wag_ps.wav,surprise,6
/content/drive/MyDrive/DataSet_Voice/surprise/YAF_whip_ps.wav,surprise,6
/content/drive/MyDrive/DataSet_Voice/surprise/YAF_live_ps.wav,surprise,6
/content/drive/MyDrive/DataSet_Voice/surprise/YAF_shack_ps.wav,surprise,6
/content/drive/MyDrive/DataSet_Voice/surprise/YAF_sell_ps.wav,surprise,6
/content/drive/MyDrive/DataSet_Voice/surprise/YAF_shawl_ps.wav,surprise,6
/content/drive/MyDrive/DataSet_Voice/surprise/YAF_shall_ps.wav,surprise,6
/content/drive/MyDrive/DataSet_Voice/surprise/YAF_raid_ps.wav,surprise,6
/content/drive/MyDrive/DataSet_Voice/surprise/YAF_time_ps.wav,surprise,6
/content/drive/MyDrive/DataSet_Voice/surprise/YAF_sour_ps.wav,surprise,6
/content/drive/MyDrive/DataSet_Voice/surprise/YAF_tough_ps.wav,surprise,6
/content/drive/MyDrive/DataSet_Voice/surprise/YAF_sheep_ps.wav,surprise,6
/content/drive/MyDrive/DataSet_Voice/surprise/YAF_page_ps.wav,surprise,6
/content/drive/MyDrive/DataSet_Voice/surprise/YAF_such_ps.wav,surprise,6
/content/drive/MyDrive/DataSet_Voice/surprise/YAF_tell_ps.wav,surprise,6
/content/drive/MyDrive/DataSet_Voice/surprise/YAF_king_ps.wav,surprise,6
/content/drive/MyDrive/DataSet_Voice/surprise/YAF_mood_ps.wav,surprise,6
/content/drive/MyDrive/DataSet_Voice/surprise/YAF_witch_ps.wav,surprise,6
/content/drive/MyDrive/DataSet_Voice/surprise/YAF_sure_ps.wav,surprise,6
/content/drive/MyDrive/DataSet_Voice/surprise/YAF_pearl_ps.wav,surprise,6
/content/drive/MyDrive/DataSet_Voice/surprise/YAF_rough_ps.wav,surprise,6
/content/drive/MyDrive/DataSet_Voice/surprise/YAF_when_ps.wav,surprise,6
/content/drive/MyDrive/DataSet_Voice/surprise/YAF_lid_ps.wav,surprise,6
/content/drive/MyDrive/DataSet_Voice/surprise/YAF_red_ps.wav,surprise,6
/content/drive/MyDrive/DataSet_Voice/surprise/YAF_lot_ps.wav,surprise,6
/content/drive/MyDrive/DataSet_Voice/surprise/YAF_mop_ps.wav,surprise,6
/content/drive/MyDrive/DataSet_Voice/surprise/YAF_limb_ps.wav,surprise,6
/content/drive/MyDrive/DataSet_Voice/surprise/YAF_perch_ps.wav,surprise,6
/content/drive/MyDrive/DataSet_Voice/surprise/YAF_pass_ps.wav,surprise,6
/content/drive/MyDrive/DataSet_Voice/surprise/YAF_thumb_ps.wav,surprise,6
/content/drive/MyDrive/DataSet_Voice/surprise/YAF_voice_ps.wav,surprise,6
/content/drive/MyDrive/DataSet_Voice/surprise/YAF_pike_ps.wav,surprise,6
/content/drive/MyDrive/DataSet_Voice/surprise/YAF_pick_ps.wav,surprise,6
/content/drive/MyDrive/DataSet_Voice/surprise/YAF_kite_ps.wav,surprise,6
/content/drive/MyDrive/DataSet_Voice/surprise/YAF_nag_ps.wav,surprise,6
/content/drive/MyDrive/DataSet_Voice/surprise/YAF_mob_ps.wav,surprise,6
/content/drive/MyDrive/DataSet_Voice/surprise/YAF_near_ps.wav,surprise,6
/content/drive/MyDrive/DataSet_Voice/surprise/YAF_read_ps.wav,surprise,6
/content/drive/MyDrive/DataSet_Voice/surprise/YAF_mill_ps.wav,surprise,6
/content/drive/MyDrive/DataSet_Voice/surprise/YAF_pole_ps.wav,surprise,6
/content/drive/MyDrive/DataSet_Voice/surprise/YAF_reach_ps.wav,surprise,6
/content/drive/MyDrive/DataSet_Voice/surprise/YAF_sub_ps.wav,surprise,6
/content/drive/MyDrive/DataSet_Voice/surprise/YAF_mouse_ps.wav,surprise,6
/content/drive/MyDrive/DataSet_Voice/surprise/YAF_which_ps.wav,surprise,6
/content/drive/MyDrive/DataSet_Voice/surprise/YAF_long_ps.wav,surprise,6
/content/drive/MyDrive/DataSet_Voice/surprise/YAF_wife_ps.wav,surprise,6
/content/drive/MyDrive/DataSet_Voice/surprise/YAF_kill_ps.wav,surprise,6
/content/drive/MyDrive/DataSet_Voice/surprise/YAF_lore_ps.wav,surprise,6
/content/drive/MyDrive/DataSet_Voice/surprise/YAF_mode_ps.wav,surprise,6
/content/drive/MyDrive/DataSet_Voice/surprise/YAF_keen_ps.wav,surprise,6
/content/drive/MyDrive/DataSet_Voice/surprise/YAF_should_ps.wav,surprise,6
/content/drive/MyDrive/DataSet_Voice/surprise/YAF_yearn_ps.wav,surprise,6
/content/drive/MyDrive/DataSet_Voice/surprise/YAF_late_ps.wav,surprise,6
/content/drive/MyDrive/DataSet_Voice/surprise/YAF_rush_ps.wav,surprise,6
/content/drive/MyDrive/DataSet_Voice/surprise/YAF_phone_ps.wav,surprise,6
/content/drive/MyDrive/DataSet_Voice/surprise/YAF_wire_ps.wav,surprise,6
/content/drive/MyDrive/DataSet_Voice/surprise/YAF_week_ps.wav,surprise,6
/content/drive/MyDrive/DataSet_Voice/surprise/YAF_raise_ps.wav,surprise,6
/content/drive/MyDrive/DataSet_Voice/surprise/YAF_vine_ps.wav,surprise,6
/content/drive/MyDrive/DataSet_Voice/surprise/YAF_third_ps.wav,surprise,6
/content/drive/MyDrive/DataSet_Voice/surprise/YAF_youth_ps.wav,surprise,6
/content/drive/MyDrive/DataSet_Voice/surprise/YAF_rain_ps.wav,surprise,6
/content/drive/MyDrive/DataSet_Voice/surprise/YAF_neat_ps.wav,surprise,6
/content/drive/MyDrive/DataSet_Voice/surprise/YAF_shout_ps.wav,surprise,6
/content/drive/MyDrive/DataSet_Voice/surprise/YAF_said_ps.wav,surprise,6
/content/drive/MyDrive/DataSet_Voice/surprise/YAF_white_ps.wav,surprise,6
/content/drive/MyDrive/DataSet_Voice/surprise/YAF_room_ps.wav,surprise,6
/content/drive/MyDrive/DataSet_Voice/surprise/YAF_size_ps.wav,surprise,6
/content/drive/MyDrive/DataSet_Voice/surprise/YAF_void_ps.wav,surprise,6
/content/drive/MyDrive/DataSet_Voice/surprise/YAF_thin_ps.wav,surprise,6
/content/drive/MyDrive/DataSet_Voice/surprise/YAF_merge_ps.wav,surprise,6
/content/drive/MyDrive/DataSet_Voice/surprise/YAF_search_ps.wav,surprise,6
/content/drive/MyDrive/DataSet_Voice/surprise/YAF_name_ps.wav,surprise,6
/content/drive/MyDrive/DataSet_Voice/surprise/YAF_shirt_ps.wav,surprise,6
/content/drive/MyDrive/DataSet_Voice/surprise/YAF_tip_ps.wav,surprise,6
/content/drive/MyDrive/DataSet_Voice/surprise/YAF_pad_ps.wav,surprise,6
/content/drive/MyDrive/DataSet_Voice/surprise/YAF_wash_ps.wav,surprise,6
/content/drive/MyDrive/DataSet_Voice/surprise/YAF_keg_ps.wav,surprise,6
/content/drive/MyDrive/DataSet_Voice/surprise/YAF_rose_ps.wav,surprise,6
/content/drive/MyDrive/DataSet_Voice/surprise/YAF_soap_ps.wav,surprise,6
/content/drive/MyDrive/DataSet_Voice/surprise/YAF_nice_ps.wav,surprise,6
/content/drive/MyDrive/DataSet_Voice/surprise/YAF_tire_ps.wav,surprise,6
/content/drive/MyDrive/DataSet_Voice/surprise/YAF_turn_ps.wav,surprise,6
/content/drive/MyDrive/DataSet_Voice/surprise/YAF_talk_ps.wav,surprise,6
/content/drive/MyDrive/DataSet_Voice/surprise/YAF_road_ps.wav,surprise,6
